ISO-10303-21;
HEADER;
FILE_DESCRIPTION(('KiCad electronic assembly'),'2;1');
FILE_NAME('anthracite-footswitch.step','2026-09-15T23:03:45',('Pcbnew'),
  ('Kicad'),'Open CASCADE STEP processor 7.9','KiCad to STEP converter',
  'Unknown');
FILE_SCHEMA(('AUTOMOTIVE_DESIGN { 1 0 10303 214 1 1 1 1 }'));
ENDSEC;
DATA;
#1 = APPLICATION_PROTOCOL_DEFINITION('international standard',
  'automotive_design',2000,#2);
#2 = APPLICATION_CONTEXT(
  'core data for automotive mechanical design processes');
#3 = SHAPE_DEFINITION_REPRESENTATION(#4,#10);
#4 = PRODUCT_DEFINITION_SHAPE('','',#5);
#5 = PRODUCT_DEFINITION('design','',#6,#9);
#6 = PRODUCT_DEFINITION_FORMATION('','',#7);
#7 = PRODUCT('anthracite-footswitch 1','anthracite-footswitch 1','',(#8)
  );
#8 = PRODUCT_CONTEXT('',#2,'mechanical');
#9 = PRODUCT_DEFINITION_CONTEXT('part definition',#2,'design');
#10 = SHAPE_REPRESENTATION('',(#11,#15,#19,#23,#27,#31),#35);
#11 = AXIS2_PLACEMENT_3D('',#12,#13,#14);
#12 = CARTESIAN_POINT('',(0.,0.,0.));
#13 = DIRECTION('',(0.,0.,1.));
#14 = DIRECTION('',(1.,0.,-0.));
#15 = AXIS2_PLACEMENT_3D('',#16,#17,#18);
#16 = CARTESIAN_POINT('',(31.,-24.45,1.595));
#17 = DIRECTION('',(0.,0.,1.));
#18 = DIRECTION('',(1.,0.,0.));
#19 = AXIS2_PLACEMENT_3D('',#20,#21,#22);
#20 = CARTESIAN_POINT('',(33.,-32.,-1.085));
#21 = DIRECTION('',(1.499759782662E-32,1.224646799147E-16,-1.));
#22 = DIRECTION('',(1.,0.,1.499759782662E-32));
#23 = AXIS2_PLACEMENT_3D('',#24,#25,#26);
#24 = CARTESIAN_POINT('',(0.,0.,0.));
#25 = DIRECTION('',(0.,0.,1.));
#26 = DIRECTION('',(1.,0.,-0.));
#27 = AXIS2_PLACEMENT_3D('',#28,#29,#30);
#28 = CARTESIAN_POINT('',(0.,0.,0.));
#29 = DIRECTION('',(0.,0.,1.));
#30 = DIRECTION('',(1.,0.,-0.));
#31 = AXIS2_PLACEMENT_3D('',#32,#33,#34);
#32 = CARTESIAN_POINT('',(0.,0.,0.));
#33 = DIRECTION('',(0.,0.,1.));
#34 = DIRECTION('',(1.,0.,-0.));
#35 = ( GEOMETRIC_REPRESENTATION_CONTEXT(3) 
GLOBAL_UNCERTAINTY_ASSIGNED_CONTEXT((#39)) GLOBAL_UNIT_ASSIGNED_CONTEXT(
(#36,#37,#38)) REPRESENTATION_CONTEXT('Context #1',
  '3D Context with UNIT and UNCERTAINTY') );
#36 = ( LENGTH_UNIT() NAMED_UNIT(*) SI_UNIT(.MILLI.,.METRE.) );
#37 = ( NAMED_UNIT(*) PLANE_ANGLE_UNIT() SI_UNIT($,.RADIAN.) );
#38 = ( NAMED_UNIT(*) SI_UNIT($,.STERADIAN.) SOLID_ANGLE_UNIT() );
#39 = UNCERTAINTY_MEASURE_WITH_UNIT(LENGTH_MEASURE(2.E-04),#36,
  'distance_accuracy_value','confusion accuracy');
#40 = PRODUCT_RELATED_PRODUCT_CATEGORY('part',$,(#7));
#41 = SHAPE_DEFINITION_REPRESENTATION(#42,#48);
#42 = PRODUCT_DEFINITION_SHAPE('','',#43);
#43 = PRODUCT_DEFINITION('design','',#44,#47);
#44 = PRODUCT_DEFINITION_FORMATION('','',#45);
#45 = PRODUCT('JST_PH_B3B-PH-K_1x03_P2.00mm_Vertical',
  'JST_PH_B3B-PH-K_1x03_P2.00mm_Vertical','',(#46));
#46 = PRODUCT_CONTEXT('',#2,'mechanical');
#47 = PRODUCT_DEFINITION_CONTEXT('part definition',#2,'design');
#48 = ADVANCED_BREP_SHAPE_REPRESENTATION('',(#11,#49),#3747);
#49 = MANIFOLD_SOLID_BREP('',#50);
#50 = CLOSED_SHELL('',(#51,#91,#155,#275,#315,#558,#598,#622,#647,#671,
    #720,#742,#775,#799,#830,#847,#880,#904,#935,#952,#985,#1002,#1045,
    #1062,#1108,#1125,#1142,#1205,#1229,#1276,#1300,#1324,#1341,#1358,
    #1382,#1406,#1423,#1454,#1478,#1502,#1519,#1554,#1594,#1618,#1659,
    #1740,#1786,#1832,#1849,#1861,#1924,#1948,#2004,#2021,#2033,#2193,
    #2217,#2241,#2258,#2282,#2306,#2323,#2386,#2410,#2466,#2483,#2514,
    #2538,#2562,#2579,#2626,#2657,#2669,#2686,#2712,#2745,#2757,#2769,
    #2800,#2824,#2848,#2865,#2896,#2920,#2944,#2961,#2992,#3016,#3040,
    #3057,#3104,#3135,#3147,#3164,#3190,#3223,#3254,#3278,#3302,#3319,
    #3336,#3353,#3365,#3396,#3420,#3444,#3461,#3492,#3516,#3540,#3557,
    #3588,#3612,#3636,#3653,#3670,#3687,#3699,#3711,#3723,#3735));
#51 = ADVANCED_FACE('',(#52),#86,.F.);
#52 = FACE_BOUND('',#53,.F.);
#53 = EDGE_LOOP('',(#54,#64,#72,#80));
#54 = ORIENTED_EDGE('',*,*,#55,.T.);
#55 = EDGE_CURVE('',#56,#58,#60,.T.);
#56 = VERTEX_POINT('',#57);
#57 = CARTESIAN_POINT('',(5.95,-2.8,0.));
#58 = VERTEX_POINT('',#59);
#59 = CARTESIAN_POINT('',(5.95,1.7,0.));
#60 = LINE('',#61,#62);
#61 = CARTESIAN_POINT('',(5.95,-2.8,0.));
#62 = VECTOR('',#63,1.);
#63 = DIRECTION('',(1.224646799147E-16,1.,0.));
#64 = ORIENTED_EDGE('',*,*,#65,.T.);
#65 = EDGE_CURVE('',#58,#66,#68,.T.);
#66 = VERTEX_POINT('',#67);
#67 = CARTESIAN_POINT('',(4.75,1.7,0.));
#68 = LINE('',#69,#70);
#69 = CARTESIAN_POINT('',(5.95,1.7,0.));
#70 = VECTOR('',#71,1.);
#71 = DIRECTION('',(-1.,1.224646799147E-16,0.));
#72 = ORIENTED_EDGE('',*,*,#73,.F.);
#73 = EDGE_CURVE('',#74,#66,#76,.T.);
#74 = VERTEX_POINT('',#75);
#75 = CARTESIAN_POINT('',(4.75,-2.8,0.));
#76 = LINE('',#77,#78);
#77 = CARTESIAN_POINT('',(4.75,-2.8,0.));
#78 = VECTOR('',#79,1.);
#79 = DIRECTION('',(1.224646799147E-16,1.,0.));
#80 = ORIENTED_EDGE('',*,*,#81,.T.);
#81 = EDGE_CURVE('',#74,#56,#82,.T.);
#82 = LINE('',#83,#84);
#83 = CARTESIAN_POINT('',(-1.95,-2.8,0.));
#84 = VECTOR('',#85,1.);
#85 = DIRECTION('',(1.,-1.224646799147E-16,0.));
#86 = PLANE('',#87);
#87 = AXIS2_PLACEMENT_3D('',#88,#89,#90);
#88 = CARTESIAN_POINT('',(2.,-0.55,0.));
#89 = DIRECTION('',(0.,0.,1.));
#90 = DIRECTION('',(-1.,1.224646799147E-16,0.));
#91 = ADVANCED_FACE('',(#92),#150,.F.);
#92 = FACE_BOUND('',#93,.F.);
#93 = EDGE_LOOP('',(#94,#95,#103,#111,#119,#128,#136,#144));
#94 = ORIENTED_EDGE('',*,*,#55,.F.);
#95 = ORIENTED_EDGE('',*,*,#96,.T.);
#96 = EDGE_CURVE('',#56,#97,#99,.T.);
#97 = VERTEX_POINT('',#98);
#98 = CARTESIAN_POINT('',(5.95,-2.8,6.));
#99 = LINE('',#100,#101);
#100 = CARTESIAN_POINT('',(5.95,-2.8,0.));
#101 = VECTOR('',#102,1.);
#102 = DIRECTION('',(0.,0.,1.));
#103 = ORIENTED_EDGE('',*,*,#104,.T.);
#104 = EDGE_CURVE('',#97,#105,#107,.T.);
#105 = VERTEX_POINT('',#106);
#106 = CARTESIAN_POINT('',(5.95,-0.6,6.));
#107 = LINE('',#108,#109);
#108 = CARTESIAN_POINT('',(5.95,-2.8,6.));
#109 = VECTOR('',#110,1.);
#110 = DIRECTION('',(1.224646799147E-16,1.,0.));
#111 = ORIENTED_EDGE('',*,*,#112,.F.);
#112 = EDGE_CURVE('',#113,#105,#115,.T.);
#113 = VERTEX_POINT('',#114);
#114 = CARTESIAN_POINT('',(5.95,-0.6,4.4));
#115 = LINE('',#116,#117);
#116 = CARTESIAN_POINT('',(5.95,-0.6,4.4));
#117 = VECTOR('',#118,1.);
#118 = DIRECTION('',(0.,0.,1.));
#119 = ORIENTED_EDGE('',*,*,#120,.F.);
#120 = EDGE_CURVE('',#121,#113,#123,.T.);
#121 = VERTEX_POINT('',#122);
#122 = CARTESIAN_POINT('',(5.95,0.2,4.4));
#123 = CIRCLE('',#124,0.4);
#124 = AXIS2_PLACEMENT_3D('',#125,#126,#127);
#125 = CARTESIAN_POINT('',(5.95,-0.2,4.4));
#126 = DIRECTION('',(-1.,1.224646799147E-16,0.));
#127 = DIRECTION('',(1.224646799147E-16,1.,0.));
#128 = ORIENTED_EDGE('',*,*,#129,.F.);
#129 = EDGE_CURVE('',#130,#121,#132,.T.);
#130 = VERTEX_POINT('',#131);
#131 = CARTESIAN_POINT('',(5.95,0.2,6.));
#132 = LINE('',#133,#134);
#133 = CARTESIAN_POINT('',(5.95,0.2,6.));
#134 = VECTOR('',#135,1.);
#135 = DIRECTION('',(-0.,0.,-1.));
#136 = ORIENTED_EDGE('',*,*,#137,.T.);
#137 = EDGE_CURVE('',#130,#138,#140,.T.);
#138 = VERTEX_POINT('',#139);
#139 = CARTESIAN_POINT('',(5.95,1.7,6.));
#140 = LINE('',#141,#142);
#141 = CARTESIAN_POINT('',(5.95,-2.8,6.));
#142 = VECTOR('',#143,1.);
#143 = DIRECTION('',(1.224646799147E-16,1.,0.));
#144 = ORIENTED_EDGE('',*,*,#145,.F.);
#145 = EDGE_CURVE('',#58,#138,#146,.T.);
#146 = LINE('',#147,#148);
#147 = CARTESIAN_POINT('',(5.95,1.7,0.));
#148 = VECTOR('',#149,1.);
#149 = DIRECTION('',(0.,0.,1.));
#150 = PLANE('',#151);
#151 = AXIS2_PLACEMENT_3D('',#152,#153,#154);
#152 = CARTESIAN_POINT('',(5.95,-2.8,0.));
#153 = DIRECTION('',(-1.,1.224646799147E-16,0.));
#154 = DIRECTION('',(1.224646799147E-16,1.,0.));
#155 = ADVANCED_FACE('',(#156),#270,.F.);
#156 = FACE_BOUND('',#157,.F.);
#157 = EDGE_LOOP('',(#158,#168,#176,#182,#183,#184,#192,#200,#208,#216,
    #224,#232,#240,#248,#256,#264));
#158 = ORIENTED_EDGE('',*,*,#159,.F.);
#159 = EDGE_CURVE('',#160,#162,#164,.T.);
#160 = VERTEX_POINT('',#161);
#161 = CARTESIAN_POINT('',(-1.95,-2.8,0.));
#162 = VERTEX_POINT('',#163);
#163 = CARTESIAN_POINT('',(-0.75,-2.8,0.));
#164 = LINE('',#165,#166);
#165 = CARTESIAN_POINT('',(-1.95,-2.8,0.));
#166 = VECTOR('',#167,1.);
#167 = DIRECTION('',(1.,-1.224646799147E-16,0.));
#168 = ORIENTED_EDGE('',*,*,#169,.T.);
#169 = EDGE_CURVE('',#160,#170,#172,.T.);
#170 = VERTEX_POINT('',#171);
#171 = CARTESIAN_POINT('',(-1.95,-2.8,6.));
#172 = LINE('',#173,#174);
#173 = CARTESIAN_POINT('',(-1.95,-2.8,0.));
#174 = VECTOR('',#175,1.);
#175 = DIRECTION('',(0.,0.,1.));
#176 = ORIENTED_EDGE('',*,*,#177,.T.);
#177 = EDGE_CURVE('',#170,#97,#178,.T.);
#178 = LINE('',#179,#180);
#179 = CARTESIAN_POINT('',(-1.95,-2.8,6.));
#180 = VECTOR('',#181,1.);
#181 = DIRECTION('',(1.,-1.224646799147E-16,0.));
#182 = ORIENTED_EDGE('',*,*,#96,.F.);
#183 = ORIENTED_EDGE('',*,*,#81,.F.);
#184 = ORIENTED_EDGE('',*,*,#185,.F.);
#185 = EDGE_CURVE('',#186,#74,#188,.T.);
#186 = VERTEX_POINT('',#187);
#187 = CARTESIAN_POINT('',(4.75,-2.8,0.2));
#188 = LINE('',#189,#190);
#189 = CARTESIAN_POINT('',(4.75,-2.8,0.2));
#190 = VECTOR('',#191,1.);
#191 = DIRECTION('',(-0.,0.,-1.));
#192 = ORIENTED_EDGE('',*,*,#193,.T.);
#193 = EDGE_CURVE('',#186,#194,#196,.T.);
#194 = VERTEX_POINT('',#195);
#195 = CARTESIAN_POINT('',(3.25,-2.8,0.2));
#196 = LINE('',#197,#198);
#197 = CARTESIAN_POINT('',(4.75,-2.8,0.2));
#198 = VECTOR('',#199,1.);
#199 = DIRECTION('',(-1.,1.224646799147E-16,0.));
#200 = ORIENTED_EDGE('',*,*,#201,.T.);
#201 = EDGE_CURVE('',#194,#202,#204,.T.);
#202 = VERTEX_POINT('',#203);
#203 = CARTESIAN_POINT('',(3.25,-2.8,0.));
#204 = LINE('',#205,#206);
#205 = CARTESIAN_POINT('',(3.25,-2.8,0.2));
#206 = VECTOR('',#207,1.);
#207 = DIRECTION('',(-0.,0.,-1.));
#208 = ORIENTED_EDGE('',*,*,#209,.F.);
#209 = EDGE_CURVE('',#210,#202,#212,.T.);
#210 = VERTEX_POINT('',#211);
#211 = CARTESIAN_POINT('',(2.75,-2.8,0.));
#212 = LINE('',#213,#214);
#213 = CARTESIAN_POINT('',(-1.95,-2.8,0.));
#214 = VECTOR('',#215,1.);
#215 = DIRECTION('',(1.,-1.224646799147E-16,0.));
#216 = ORIENTED_EDGE('',*,*,#217,.F.);
#217 = EDGE_CURVE('',#218,#210,#220,.T.);
#218 = VERTEX_POINT('',#219);
#219 = CARTESIAN_POINT('',(2.75,-2.8,0.2));
#220 = LINE('',#221,#222);
#221 = CARTESIAN_POINT('',(2.75,-2.8,0.2));
#222 = VECTOR('',#223,1.);
#223 = DIRECTION('',(-0.,0.,-1.));
#224 = ORIENTED_EDGE('',*,*,#225,.T.);
#225 = EDGE_CURVE('',#218,#226,#228,.T.);
#226 = VERTEX_POINT('',#227);
#227 = CARTESIAN_POINT('',(1.25,-2.8,0.2));
#228 = LINE('',#229,#230);
#229 = CARTESIAN_POINT('',(2.75,-2.8,0.2));
#230 = VECTOR('',#231,1.);
#231 = DIRECTION('',(-1.,1.224646799147E-16,0.));
#232 = ORIENTED_EDGE('',*,*,#233,.T.);
#233 = EDGE_CURVE('',#226,#234,#236,.T.);
#234 = VERTEX_POINT('',#235);
#235 = CARTESIAN_POINT('',(1.25,-2.8,0.));
#236 = LINE('',#237,#238);
#237 = CARTESIAN_POINT('',(1.25,-2.8,0.2));
#238 = VECTOR('',#239,1.);
#239 = DIRECTION('',(-0.,0.,-1.));
#240 = ORIENTED_EDGE('',*,*,#241,.F.);
#241 = EDGE_CURVE('',#242,#234,#244,.T.);
#242 = VERTEX_POINT('',#243);
#243 = CARTESIAN_POINT('',(0.75,-2.8,0.));
#244 = LINE('',#245,#246);
#245 = CARTESIAN_POINT('',(-1.95,-2.8,0.));
#246 = VECTOR('',#247,1.);
#247 = DIRECTION('',(1.,-1.224646799147E-16,0.));
#248 = ORIENTED_EDGE('',*,*,#249,.F.);
#249 = EDGE_CURVE('',#250,#242,#252,.T.);
#250 = VERTEX_POINT('',#251);
#251 = CARTESIAN_POINT('',(0.75,-2.8,0.2));
#252 = LINE('',#253,#254);
#253 = CARTESIAN_POINT('',(0.75,-2.8,0.2));
#254 = VECTOR('',#255,1.);
#255 = DIRECTION('',(-0.,0.,-1.));
#256 = ORIENTED_EDGE('',*,*,#257,.T.);
#257 = EDGE_CURVE('',#250,#258,#260,.T.);
#258 = VERTEX_POINT('',#259);
#259 = CARTESIAN_POINT('',(-0.75,-2.8,0.2));
#260 = LINE('',#261,#262);
#261 = CARTESIAN_POINT('',(0.75,-2.8,0.2));
#262 = VECTOR('',#263,1.);
#263 = DIRECTION('',(-1.,1.224646799147E-16,0.));
#264 = ORIENTED_EDGE('',*,*,#265,.T.);
#265 = EDGE_CURVE('',#258,#162,#266,.T.);
#266 = LINE('',#267,#268);
#267 = CARTESIAN_POINT('',(-0.75,-2.8,0.2));
#268 = VECTOR('',#269,1.);
#269 = DIRECTION('',(-0.,0.,-1.));
#270 = PLANE('',#271);
#271 = AXIS2_PLACEMENT_3D('',#272,#273,#274);
#272 = CARTESIAN_POINT('',(-1.95,-2.8,0.));
#273 = DIRECTION('',(1.224646799147E-16,1.,0.));
#274 = DIRECTION('',(1.,-1.224646799147E-16,0.));
#275 = ADVANCED_FACE('',(#276),#310,.F.);
#276 = FACE_BOUND('',#277,.F.);
#277 = EDGE_LOOP('',(#278,#286,#294,#302,#308,#309));
#278 = ORIENTED_EDGE('',*,*,#279,.T.);
#279 = EDGE_CURVE('',#66,#280,#282,.T.);
#280 = VERTEX_POINT('',#281);
#281 = CARTESIAN_POINT('',(4.75,1.7,0.2));
#282 = LINE('',#283,#284);
#283 = CARTESIAN_POINT('',(4.75,1.7,0.));
#284 = VECTOR('',#285,1.);
#285 = DIRECTION('',(0.,0.,1.));
#286 = ORIENTED_EDGE('',*,*,#287,.T.);
#287 = EDGE_CURVE('',#280,#288,#290,.T.);
#288 = VERTEX_POINT('',#289);
#289 = CARTESIAN_POINT('',(4.75,0.5,0.1));
#290 = LINE('',#291,#292);
#291 = CARTESIAN_POINT('',(4.75,1.7,0.2));
#292 = VECTOR('',#293,1.);
#293 = DIRECTION('',(-1.220416573038E-16,-0.996545758245,
    -8.304547985373E-02));
#294 = ORIENTED_EDGE('',*,*,#295,.T.);
#295 = EDGE_CURVE('',#288,#296,#298,.T.);
#296 = VERTEX_POINT('',#297);
#297 = CARTESIAN_POINT('',(4.75,-0.5,0.1));
#298 = LINE('',#299,#300);
#299 = CARTESIAN_POINT('',(4.75,0.5,0.1));
#300 = VECTOR('',#301,1.);
#301 = DIRECTION('',(-1.224646799147E-16,-1.,0.));
#302 = ORIENTED_EDGE('',*,*,#303,.T.);
#303 = EDGE_CURVE('',#296,#186,#304,.T.);
#304 = LINE('',#305,#306);
#305 = CARTESIAN_POINT('',(4.75,-0.5,0.1));
#306 = VECTOR('',#307,1.);
#307 = DIRECTION('',(-1.223490926498E-16,-0.999056158355,
    4.343722427631E-02));
#308 = ORIENTED_EDGE('',*,*,#185,.T.);
#309 = ORIENTED_EDGE('',*,*,#73,.T.);
#310 = PLANE('',#311);
#311 = AXIS2_PLACEMENT_3D('',#312,#313,#314);
#312 = CARTESIAN_POINT('',(4.75,-0.549524476701,7.07980355453E-02));
#313 = DIRECTION('',(1.,-1.224646799147E-16,-0.));
#314 = DIRECTION('',(-0.,0.,-1.));
#315 = ADVANCED_FACE('',(#316,#519),#553,.F.);
#316 = FACE_BOUND('',#317,.F.);
#317 = EDGE_LOOP('',(#318,#319,#320,#328,#336,#344,#352,#360,#368,#376,
    #384,#392,#400,#408,#416,#424,#432,#440,#448,#456,#464,#472,#480,
    #488,#496,#504,#512,#518));
#318 = ORIENTED_EDGE('',*,*,#65,.F.);
#319 = ORIENTED_EDGE('',*,*,#145,.T.);
#320 = ORIENTED_EDGE('',*,*,#321,.T.);
#321 = EDGE_CURVE('',#138,#322,#324,.T.);
#322 = VERTEX_POINT('',#323);
#323 = CARTESIAN_POINT('',(3.45,1.7,6.));
#324 = LINE('',#325,#326);
#325 = CARTESIAN_POINT('',(5.95,1.7,6.));
#326 = VECTOR('',#327,1.);
#327 = DIRECTION('',(-1.,1.224646799147E-16,0.));
#328 = ORIENTED_EDGE('',*,*,#329,.T.);
#329 = EDGE_CURVE('',#322,#330,#332,.T.);
#330 = VERTEX_POINT('',#331);
#331 = CARTESIAN_POINT('',(3.45,1.7,2.1));
#332 = LINE('',#333,#334);
#333 = CARTESIAN_POINT('',(3.45,1.7,6.));
#334 = VECTOR('',#335,1.);
#335 = DIRECTION('',(-6.972467043317E-33,-5.693451408334E-17,-1.));
#336 = ORIENTED_EDGE('',*,*,#337,.T.);
#337 = EDGE_CURVE('',#330,#338,#340,.T.);
#338 = VERTEX_POINT('',#339);
#339 = CARTESIAN_POINT('',(0.55,1.7,2.1));
#340 = LINE('',#341,#342);
#341 = CARTESIAN_POINT('',(3.45,1.7,2.1));
#342 = VECTOR('',#343,1.);
#343 = DIRECTION('',(-1.,1.224646799147E-16,-1.531342102931E-16));
#344 = ORIENTED_EDGE('',*,*,#345,.T.);
#345 = EDGE_CURVE('',#338,#346,#348,.T.);
#346 = VERTEX_POINT('',#347);
#347 = CARTESIAN_POINT('',(0.55,1.7,6.));
#348 = LINE('',#349,#350);
#349 = CARTESIAN_POINT('',(0.55,1.7,2.1));
#350 = VECTOR('',#351,1.);
#351 = DIRECTION('',(0.,0.,1.));
#352 = ORIENTED_EDGE('',*,*,#353,.T.);
#353 = EDGE_CURVE('',#346,#354,#356,.T.);
#354 = VERTEX_POINT('',#355);
#355 = CARTESIAN_POINT('',(-0.45,1.7,6.));
#356 = LINE('',#357,#358);
#357 = CARTESIAN_POINT('',(5.95,1.7,6.));
#358 = VECTOR('',#359,1.);
#359 = DIRECTION('',(-1.,1.224646799147E-16,0.));
#360 = ORIENTED_EDGE('',*,*,#361,.F.);
#361 = EDGE_CURVE('',#362,#354,#364,.T.);
#362 = VERTEX_POINT('',#363);
#363 = CARTESIAN_POINT('',(-0.45,1.7,4.2));
#364 = LINE('',#365,#366);
#365 = CARTESIAN_POINT('',(-0.45,1.7,4.2));
#366 = VECTOR('',#367,1.);
#367 = DIRECTION('',(0.,0.,1.));
#368 = ORIENTED_EDGE('',*,*,#369,.F.);
#369 = EDGE_CURVE('',#370,#362,#372,.T.);
#370 = VERTEX_POINT('',#371);
#371 = CARTESIAN_POINT('',(-0.4,1.7,4.2));
#372 = LINE('',#373,#374);
#373 = CARTESIAN_POINT('',(-0.4,1.7,4.2));
#374 = VECTOR('',#375,1.);
#375 = DIRECTION('',(-1.,1.224646799147E-16,0.));
#376 = ORIENTED_EDGE('',*,*,#377,.F.);
#377 = EDGE_CURVE('',#378,#370,#380,.T.);
#378 = VERTEX_POINT('',#379);
#379 = CARTESIAN_POINT('',(-0.4,1.7,2.4));
#380 = LINE('',#381,#382);
#381 = CARTESIAN_POINT('',(-0.4,1.7,2.4));
#382 = VECTOR('',#383,1.);
#383 = DIRECTION('',(0.,0.,1.));
#384 = ORIENTED_EDGE('',*,*,#385,.F.);
#385 = EDGE_CURVE('',#386,#378,#388,.T.);
#386 = VERTEX_POINT('',#387);
#387 = CARTESIAN_POINT('',(-1.4,1.7,2.4));
#388 = LINE('',#389,#390);
#389 = CARTESIAN_POINT('',(-1.4,1.7,2.4));
#390 = VECTOR('',#391,1.);
#391 = DIRECTION('',(1.,-1.224646799147E-16,0.));
#392 = ORIENTED_EDGE('',*,*,#393,.F.);
#393 = EDGE_CURVE('',#394,#386,#396,.T.);
#394 = VERTEX_POINT('',#395);
#395 = CARTESIAN_POINT('',(-1.4,1.7,4.2));
#396 = LINE('',#397,#398);
#397 = CARTESIAN_POINT('',(-1.4,1.7,4.2));
#398 = VECTOR('',#399,1.);
#399 = DIRECTION('',(-0.,0.,-1.));
#400 = ORIENTED_EDGE('',*,*,#401,.F.);
#401 = EDGE_CURVE('',#402,#394,#404,.T.);
#402 = VERTEX_POINT('',#403);
#403 = CARTESIAN_POINT('',(-0.95,1.7,4.2));
#404 = LINE('',#405,#406);
#405 = CARTESIAN_POINT('',(-0.4,1.7,4.2));
#406 = VECTOR('',#407,1.);
#407 = DIRECTION('',(-1.,1.224646799147E-16,0.));
#408 = ORIENTED_EDGE('',*,*,#409,.T.);
#409 = EDGE_CURVE('',#402,#410,#412,.T.);
#410 = VERTEX_POINT('',#411);
#411 = CARTESIAN_POINT('',(-0.95,1.7,6.));
#412 = LINE('',#413,#414);
#413 = CARTESIAN_POINT('',(-0.95,1.7,4.2));
#414 = VECTOR('',#415,1.);
#415 = DIRECTION('',(0.,0.,1.));
#416 = ORIENTED_EDGE('',*,*,#417,.T.);
#417 = EDGE_CURVE('',#410,#418,#420,.T.);
#418 = VERTEX_POINT('',#419);
#419 = CARTESIAN_POINT('',(-1.95,1.7,6.));
#420 = LINE('',#421,#422);
#421 = CARTESIAN_POINT('',(5.95,1.7,6.));
#422 = VECTOR('',#423,1.);
#423 = DIRECTION('',(-1.,1.224646799147E-16,0.));
#424 = ORIENTED_EDGE('',*,*,#425,.F.);
#425 = EDGE_CURVE('',#426,#418,#428,.T.);
#426 = VERTEX_POINT('',#427);
#427 = CARTESIAN_POINT('',(-1.95,1.7,0.));
#428 = LINE('',#429,#430);
#429 = CARTESIAN_POINT('',(-1.95,1.7,0.));
#430 = VECTOR('',#431,1.);
#431 = DIRECTION('',(0.,0.,1.));
#432 = ORIENTED_EDGE('',*,*,#433,.F.);
#433 = EDGE_CURVE('',#434,#426,#436,.T.);
#434 = VERTEX_POINT('',#435);
#435 = CARTESIAN_POINT('',(-0.75,1.7,0.));
#436 = LINE('',#437,#438);
#437 = CARTESIAN_POINT('',(5.95,1.7,0.));
#438 = VECTOR('',#439,1.);
#439 = DIRECTION('',(-1.,1.224646799147E-16,0.));
#440 = ORIENTED_EDGE('',*,*,#441,.T.);
#441 = EDGE_CURVE('',#434,#442,#444,.T.);
#442 = VERTEX_POINT('',#443);
#443 = CARTESIAN_POINT('',(-0.75,1.7,0.2));
#444 = LINE('',#445,#446);
#445 = CARTESIAN_POINT('',(-0.75,1.7,0.));
#446 = VECTOR('',#447,1.);
#447 = DIRECTION('',(0.,0.,1.));
#448 = ORIENTED_EDGE('',*,*,#449,.F.);
#449 = EDGE_CURVE('',#450,#442,#452,.T.);
#450 = VERTEX_POINT('',#451);
#451 = CARTESIAN_POINT('',(0.75,1.7,0.2));
#452 = LINE('',#453,#454);
#453 = CARTESIAN_POINT('',(0.75,1.7,0.2));
#454 = VECTOR('',#455,1.);
#455 = DIRECTION('',(-1.,1.224646799147E-16,0.));
#456 = ORIENTED_EDGE('',*,*,#457,.F.);
#457 = EDGE_CURVE('',#458,#450,#460,.T.);
#458 = VERTEX_POINT('',#459);
#459 = CARTESIAN_POINT('',(0.75,1.7,0.));
#460 = LINE('',#461,#462);
#461 = CARTESIAN_POINT('',(0.75,1.7,0.));
#462 = VECTOR('',#463,1.);
#463 = DIRECTION('',(0.,0.,1.));
#464 = ORIENTED_EDGE('',*,*,#465,.F.);
#465 = EDGE_CURVE('',#466,#458,#468,.T.);
#466 = VERTEX_POINT('',#467);
#467 = CARTESIAN_POINT('',(1.25,1.7,0.));
#468 = LINE('',#469,#470);
#469 = CARTESIAN_POINT('',(5.95,1.7,0.));
#470 = VECTOR('',#471,1.);
#471 = DIRECTION('',(-1.,1.224646799147E-16,0.));
#472 = ORIENTED_EDGE('',*,*,#473,.T.);
#473 = EDGE_CURVE('',#466,#474,#476,.T.);
#474 = VERTEX_POINT('',#475);
#475 = CARTESIAN_POINT('',(1.25,1.7,0.2));
#476 = LINE('',#477,#478);
#477 = CARTESIAN_POINT('',(1.25,1.7,0.));
#478 = VECTOR('',#479,1.);
#479 = DIRECTION('',(0.,0.,1.));
#480 = ORIENTED_EDGE('',*,*,#481,.F.);
#481 = EDGE_CURVE('',#482,#474,#484,.T.);
#482 = VERTEX_POINT('',#483);
#483 = CARTESIAN_POINT('',(2.75,1.7,0.2));
#484 = LINE('',#485,#486);
#485 = CARTESIAN_POINT('',(2.75,1.7,0.2));
#486 = VECTOR('',#487,1.);
#487 = DIRECTION('',(-1.,1.224646799147E-16,0.));
#488 = ORIENTED_EDGE('',*,*,#489,.F.);
#489 = EDGE_CURVE('',#490,#482,#492,.T.);
#490 = VERTEX_POINT('',#491);
#491 = CARTESIAN_POINT('',(2.75,1.7,0.));
#492 = LINE('',#493,#494);
#493 = CARTESIAN_POINT('',(2.75,1.7,0.));
#494 = VECTOR('',#495,1.);
#495 = DIRECTION('',(0.,0.,1.));
#496 = ORIENTED_EDGE('',*,*,#497,.F.);
#497 = EDGE_CURVE('',#498,#490,#500,.T.);
#498 = VERTEX_POINT('',#499);
#499 = CARTESIAN_POINT('',(3.25,1.7,0.));
#500 = LINE('',#501,#502);
#501 = CARTESIAN_POINT('',(5.95,1.7,0.));
#502 = VECTOR('',#503,1.);
#503 = DIRECTION('',(-1.,1.224646799147E-16,0.));
#504 = ORIENTED_EDGE('',*,*,#505,.T.);
#505 = EDGE_CURVE('',#498,#506,#508,.T.);
#506 = VERTEX_POINT('',#507);
#507 = CARTESIAN_POINT('',(3.25,1.7,0.2));
#508 = LINE('',#509,#510);
#509 = CARTESIAN_POINT('',(3.25,1.7,0.));
#510 = VECTOR('',#511,1.);
#511 = DIRECTION('',(0.,0.,1.));
#512 = ORIENTED_EDGE('',*,*,#513,.F.);
#513 = EDGE_CURVE('',#280,#506,#514,.T.);
#514 = LINE('',#515,#516);
#515 = CARTESIAN_POINT('',(4.75,1.7,0.2));
#516 = VECTOR('',#517,1.);
#517 = DIRECTION('',(-1.,1.224646799147E-16,0.));
#518 = ORIENTED_EDGE('',*,*,#279,.F.);
#519 = FACE_BOUND('',#520,.F.);
#520 = EDGE_LOOP('',(#521,#531,#539,#547));
#521 = ORIENTED_EDGE('',*,*,#522,.T.);
#522 = EDGE_CURVE('',#523,#525,#527,.T.);
#523 = VERTEX_POINT('',#524);
#524 = CARTESIAN_POINT('',(4.4,1.7,4.2));
#525 = VERTEX_POINT('',#526);
#526 = CARTESIAN_POINT('',(5.4,1.7,4.2));
#527 = LINE('',#528,#529);
#528 = CARTESIAN_POINT('',(4.4,1.7,4.2));
#529 = VECTOR('',#530,1.);
#530 = DIRECTION('',(1.,-1.224646799147E-16,0.));
#531 = ORIENTED_EDGE('',*,*,#532,.T.);
#532 = EDGE_CURVE('',#525,#533,#535,.T.);
#533 = VERTEX_POINT('',#534);
#534 = CARTESIAN_POINT('',(5.4,1.7,2.4));
#535 = LINE('',#536,#537);
#536 = CARTESIAN_POINT('',(5.4,1.7,4.2));
#537 = VECTOR('',#538,1.);
#538 = DIRECTION('',(-0.,0.,-1.));
#539 = ORIENTED_EDGE('',*,*,#540,.T.);
#540 = EDGE_CURVE('',#533,#541,#543,.T.);
#541 = VERTEX_POINT('',#542);
#542 = CARTESIAN_POINT('',(4.4,1.7,2.4));
#543 = LINE('',#544,#545);
#544 = CARTESIAN_POINT('',(5.4,1.7,2.4));
#545 = VECTOR('',#546,1.);
#546 = DIRECTION('',(-1.,1.224646799147E-16,0.));
#547 = ORIENTED_EDGE('',*,*,#548,.T.);
#548 = EDGE_CURVE('',#541,#523,#549,.T.);
#549 = LINE('',#550,#551);
#550 = CARTESIAN_POINT('',(4.4,1.7,2.4));
#551 = VECTOR('',#552,1.);
#552 = DIRECTION('',(0.,0.,1.));
#553 = PLANE('',#554);
#554 = AXIS2_PLACEMENT_3D('',#555,#556,#557);
#555 = CARTESIAN_POINT('',(5.95,1.7,0.));
#556 = DIRECTION('',(-1.224646799147E-16,-1.,0.));
#557 = DIRECTION('',(-1.,1.224646799147E-16,0.));
#558 = ADVANCED_FACE('',(#559),#593,.T.);
#559 = FACE_BOUND('',#560,.T.);
#560 = EDGE_LOOP('',(#561,#569,#570,#571,#579,#587));
#561 = ORIENTED_EDGE('',*,*,#562,.F.);
#562 = EDGE_CURVE('',#130,#563,#565,.T.);
#563 = VERTEX_POINT('',#564);
#564 = CARTESIAN_POINT('',(5.45,0.2,6.));
#565 = LINE('',#566,#567);
#566 = CARTESIAN_POINT('',(5.95,0.2,6.));
#567 = VECTOR('',#568,1.);
#568 = DIRECTION('',(-1.,1.224646799147E-16,0.));
#569 = ORIENTED_EDGE('',*,*,#137,.T.);
#570 = ORIENTED_EDGE('',*,*,#321,.T.);
#571 = ORIENTED_EDGE('',*,*,#572,.T.);
#572 = EDGE_CURVE('',#322,#573,#575,.T.);
#573 = VERTEX_POINT('',#574);
#574 = CARTESIAN_POINT('',(3.45,1.1,6.));
#575 = LINE('',#576,#577);
#576 = CARTESIAN_POINT('',(3.45,1.7,6.));
#577 = VECTOR('',#578,1.);
#578 = DIRECTION('',(-1.224646799147E-16,-1.,0.));
#579 = ORIENTED_EDGE('',*,*,#580,.F.);
#580 = EDGE_CURVE('',#581,#573,#583,.T.);
#581 = VERTEX_POINT('',#582);
#582 = CARTESIAN_POINT('',(5.45,1.1,6.));
#583 = LINE('',#584,#585);
#584 = CARTESIAN_POINT('',(5.45,1.1,6.));
#585 = VECTOR('',#586,1.);
#586 = DIRECTION('',(-1.,1.224646799147E-16,0.));
#587 = ORIENTED_EDGE('',*,*,#588,.F.);
#588 = EDGE_CURVE('',#563,#581,#589,.T.);
#589 = LINE('',#590,#591);
#590 = CARTESIAN_POINT('',(5.45,-2.3,6.));
#591 = VECTOR('',#592,1.);
#592 = DIRECTION('',(1.224646799147E-16,1.,0.));
#593 = PLANE('',#594);
#594 = AXIS2_PLACEMENT_3D('',#595,#596,#597);
#595 = CARTESIAN_POINT('',(2.,-0.55,6.));
#596 = DIRECTION('',(0.,0.,1.));
#597 = DIRECTION('',(-1.,1.224646799147E-16,0.));
#598 = ADVANCED_FACE('',(#599),#617,.T.);
#599 = FACE_BOUND('',#600,.T.);
#600 = EDGE_LOOP('',(#601,#602,#603,#611));
#601 = ORIENTED_EDGE('',*,*,#129,.F.);
#602 = ORIENTED_EDGE('',*,*,#562,.T.);
#603 = ORIENTED_EDGE('',*,*,#604,.T.);
#604 = EDGE_CURVE('',#563,#605,#607,.T.);
#605 = VERTEX_POINT('',#606);
#606 = CARTESIAN_POINT('',(5.45,0.2,4.4));
#607 = LINE('',#608,#609);
#608 = CARTESIAN_POINT('',(5.45,0.2,6.));
#609 = VECTOR('',#610,1.);
#610 = DIRECTION('',(-0.,0.,-1.));
#611 = ORIENTED_EDGE('',*,*,#612,.F.);
#612 = EDGE_CURVE('',#121,#605,#613,.T.);
#613 = LINE('',#614,#615);
#614 = CARTESIAN_POINT('',(5.95,0.2,4.4));
#615 = VECTOR('',#616,1.);
#616 = DIRECTION('',(-1.,1.224646799147E-16,0.));
#617 = PLANE('',#618);
#618 = AXIS2_PLACEMENT_3D('',#619,#620,#621);
#619 = CARTESIAN_POINT('',(5.95,0.2,6.));
#620 = DIRECTION('',(-1.224646799147E-16,-1.,0.));
#621 = DIRECTION('',(-0.,0.,-1.));
#622 = ADVANCED_FACE('',(#623),#642,.F.);
#623 = FACE_BOUND('',#624,.F.);
#624 = EDGE_LOOP('',(#625,#633,#640,#641));
#625 = ORIENTED_EDGE('',*,*,#626,.T.);
#626 = EDGE_CURVE('',#113,#627,#629,.T.);
#627 = VERTEX_POINT('',#628);
#628 = CARTESIAN_POINT('',(5.45,-0.6,4.4));
#629 = LINE('',#630,#631);
#630 = CARTESIAN_POINT('',(5.95,-0.6,4.4));
#631 = VECTOR('',#632,1.);
#632 = DIRECTION('',(-1.,1.224646799147E-16,0.));
#633 = ORIENTED_EDGE('',*,*,#634,.T.);
#634 = EDGE_CURVE('',#627,#605,#635,.T.);
#635 = CIRCLE('',#636,0.4);
#636 = AXIS2_PLACEMENT_3D('',#637,#638,#639);
#637 = CARTESIAN_POINT('',(5.45,-0.2,4.4));
#638 = DIRECTION('',(1.,-1.224646799147E-16,0.));
#639 = DIRECTION('',(1.224646799147E-16,1.,0.));
#640 = ORIENTED_EDGE('',*,*,#612,.F.);
#641 = ORIENTED_EDGE('',*,*,#120,.T.);
#642 = CYLINDRICAL_SURFACE('',#643,0.4);
#643 = AXIS2_PLACEMENT_3D('',#644,#645,#646);
#644 = CARTESIAN_POINT('',(5.95,-0.2,4.4));
#645 = DIRECTION('',(1.,-1.224646799147E-16,-0.));
#646 = DIRECTION('',(1.224646799147E-16,1.,0.));
#647 = ADVANCED_FACE('',(#648),#666,.T.);
#648 = FACE_BOUND('',#649,.T.);
#649 = EDGE_LOOP('',(#650,#651,#652,#660));
#650 = ORIENTED_EDGE('',*,*,#112,.F.);
#651 = ORIENTED_EDGE('',*,*,#626,.T.);
#652 = ORIENTED_EDGE('',*,*,#653,.T.);
#653 = EDGE_CURVE('',#627,#654,#656,.T.);
#654 = VERTEX_POINT('',#655);
#655 = CARTESIAN_POINT('',(5.45,-0.6,6.));
#656 = LINE('',#657,#658);
#657 = CARTESIAN_POINT('',(5.45,-0.6,5.2));
#658 = VECTOR('',#659,1.);
#659 = DIRECTION('',(0.,0.,1.));
#660 = ORIENTED_EDGE('',*,*,#661,.F.);
#661 = EDGE_CURVE('',#105,#654,#662,.T.);
#662 = LINE('',#663,#664);
#663 = CARTESIAN_POINT('',(5.95,-0.6,6.));
#664 = VECTOR('',#665,1.);
#665 = DIRECTION('',(-1.,1.224646799147E-16,0.));
#666 = PLANE('',#667);
#667 = AXIS2_PLACEMENT_3D('',#668,#669,#670);
#668 = CARTESIAN_POINT('',(5.95,-0.6,4.4));
#669 = DIRECTION('',(1.224646799147E-16,1.,0.));
#670 = DIRECTION('',(0.,-0.,1.));
#671 = ADVANCED_FACE('',(#672),#715,.T.);
#672 = FACE_BOUND('',#673,.T.);
#673 = EDGE_LOOP('',(#674,#675,#676,#684,#692,#700,#708,#714));
#674 = ORIENTED_EDGE('',*,*,#104,.T.);
#675 = ORIENTED_EDGE('',*,*,#661,.T.);
#676 = ORIENTED_EDGE('',*,*,#677,.F.);
#677 = EDGE_CURVE('',#678,#654,#680,.T.);
#678 = VERTEX_POINT('',#679);
#679 = CARTESIAN_POINT('',(5.45,-2.3,6.));
#680 = LINE('',#681,#682);
#681 = CARTESIAN_POINT('',(5.45,-2.3,6.));
#682 = VECTOR('',#683,1.);
#683 = DIRECTION('',(1.224646799147E-16,1.,0.));
#684 = ORIENTED_EDGE('',*,*,#685,.F.);
#685 = EDGE_CURVE('',#686,#678,#688,.T.);
#686 = VERTEX_POINT('',#687);
#687 = CARTESIAN_POINT('',(-1.45,-2.3,6.));
#688 = LINE('',#689,#690);
#689 = CARTESIAN_POINT('',(-1.45,-2.3,6.));
#690 = VECTOR('',#691,1.);
#691 = DIRECTION('',(1.,-1.224646799147E-16,0.));
#692 = ORIENTED_EDGE('',*,*,#693,.F.);
#693 = EDGE_CURVE('',#694,#686,#696,.T.);
#694 = VERTEX_POINT('',#695);
#695 = CARTESIAN_POINT('',(-1.45,-0.6,6.));
#696 = LINE('',#697,#698);
#697 = CARTESIAN_POINT('',(-1.45,1.1,6.));
#698 = VECTOR('',#699,1.);
#699 = DIRECTION('',(-1.224646799147E-16,-1.,0.));
#700 = ORIENTED_EDGE('',*,*,#701,.T.);
#701 = EDGE_CURVE('',#694,#702,#704,.T.);
#702 = VERTEX_POINT('',#703);
#703 = CARTESIAN_POINT('',(-1.95,-0.6,6.));
#704 = LINE('',#705,#706);
#705 = CARTESIAN_POINT('',(5.95,-0.6,6.));
#706 = VECTOR('',#707,1.);
#707 = DIRECTION('',(-1.,1.224646799147E-16,0.));
#708 = ORIENTED_EDGE('',*,*,#709,.T.);
#709 = EDGE_CURVE('',#702,#170,#710,.T.);
#710 = LINE('',#711,#712);
#711 = CARTESIAN_POINT('',(-1.95,1.7,6.));
#712 = VECTOR('',#713,1.);
#713 = DIRECTION('',(-1.224646799147E-16,-1.,0.));
#714 = ORIENTED_EDGE('',*,*,#177,.T.);
#715 = PLANE('',#716);
#716 = AXIS2_PLACEMENT_3D('',#717,#718,#719);
#717 = CARTESIAN_POINT('',(2.,-0.55,6.));
#718 = DIRECTION('',(0.,0.,1.));
#719 = DIRECTION('',(-1.,1.224646799147E-16,0.));
#720 = ADVANCED_FACE('',(#721),#737,.F.);
#721 = FACE_BOUND('',#722,.F.);
#722 = EDGE_LOOP('',(#723,#729,#730,#736));
#723 = ORIENTED_EDGE('',*,*,#724,.T.);
#724 = EDGE_CURVE('',#426,#160,#725,.T.);
#725 = LINE('',#726,#727);
#726 = CARTESIAN_POINT('',(-1.95,1.7,0.));
#727 = VECTOR('',#728,1.);
#728 = DIRECTION('',(-1.224646799147E-16,-1.,0.));
#729 = ORIENTED_EDGE('',*,*,#159,.T.);
#730 = ORIENTED_EDGE('',*,*,#731,.T.);
#731 = EDGE_CURVE('',#162,#434,#732,.T.);
#732 = LINE('',#733,#734);
#733 = CARTESIAN_POINT('',(-0.75,-2.8,0.));
#734 = VECTOR('',#735,1.);
#735 = DIRECTION('',(1.224646799147E-16,1.,0.));
#736 = ORIENTED_EDGE('',*,*,#433,.T.);
#737 = PLANE('',#738);
#738 = AXIS2_PLACEMENT_3D('',#739,#740,#741);
#739 = CARTESIAN_POINT('',(2.,-0.55,0.));
#740 = DIRECTION('',(0.,0.,1.));
#741 = DIRECTION('',(-1.,1.224646799147E-16,0.));
#742 = ADVANCED_FACE('',(#743),#770,.T.);
#743 = FACE_BOUND('',#744,.T.);
#744 = EDGE_LOOP('',(#745,#746,#754,#762,#768,#769));
#745 = ORIENTED_EDGE('',*,*,#441,.T.);
#746 = ORIENTED_EDGE('',*,*,#747,.T.);
#747 = EDGE_CURVE('',#442,#748,#750,.T.);
#748 = VERTEX_POINT('',#749);
#749 = CARTESIAN_POINT('',(-0.75,0.5,0.1));
#750 = LINE('',#751,#752);
#751 = CARTESIAN_POINT('',(-0.75,1.7,0.2));
#752 = VECTOR('',#753,1.);
#753 = DIRECTION('',(-1.220416573038E-16,-0.996545758245,
    -8.304547985373E-02));
#754 = ORIENTED_EDGE('',*,*,#755,.T.);
#755 = EDGE_CURVE('',#748,#756,#758,.T.);
#756 = VERTEX_POINT('',#757);
#757 = CARTESIAN_POINT('',(-0.75,-0.5,0.1));
#758 = LINE('',#759,#760);
#759 = CARTESIAN_POINT('',(-0.75,0.5,0.1));
#760 = VECTOR('',#761,1.);
#761 = DIRECTION('',(-1.224646799147E-16,-1.,0.));
#762 = ORIENTED_EDGE('',*,*,#763,.T.);
#763 = EDGE_CURVE('',#756,#258,#764,.T.);
#764 = LINE('',#765,#766);
#765 = CARTESIAN_POINT('',(-0.75,-0.5,0.1));
#766 = VECTOR('',#767,1.);
#767 = DIRECTION('',(-1.223490926498E-16,-0.999056158355,
    4.343722427631E-02));
#768 = ORIENTED_EDGE('',*,*,#265,.T.);
#769 = ORIENTED_EDGE('',*,*,#731,.T.);
#770 = PLANE('',#771);
#771 = AXIS2_PLACEMENT_3D('',#772,#773,#774);
#772 = CARTESIAN_POINT('',(-0.75,-0.549524476701,7.07980355453E-02));
#773 = DIRECTION('',(1.,-1.224646799147E-16,-0.));
#774 = DIRECTION('',(-0.,0.,-1.));
#775 = ADVANCED_FACE('',(#776),#794,.F.);
#776 = FACE_BOUND('',#777,.F.);
#777 = EDGE_LOOP('',(#778,#786,#787,#788));
#778 = ORIENTED_EDGE('',*,*,#779,.T.);
#779 = EDGE_CURVE('',#780,#756,#782,.T.);
#780 = VERTEX_POINT('',#781);
#781 = CARTESIAN_POINT('',(0.75,-0.5,0.1));
#782 = LINE('',#783,#784);
#783 = CARTESIAN_POINT('',(0.75,-0.5,0.1));
#784 = VECTOR('',#785,1.);
#785 = DIRECTION('',(-1.,1.224646799147E-16,0.));
#786 = ORIENTED_EDGE('',*,*,#763,.T.);
#787 = ORIENTED_EDGE('',*,*,#257,.F.);
#788 = ORIENTED_EDGE('',*,*,#789,.F.);
#789 = EDGE_CURVE('',#780,#250,#790,.T.);
#790 = LINE('',#791,#792);
#791 = CARTESIAN_POINT('',(0.75,-0.5,0.1));
#792 = VECTOR('',#793,1.);
#793 = DIRECTION('',(-1.223490926498E-16,-0.999056158355,
    4.343722427631E-02));
#794 = PLANE('',#795);
#795 = AXIS2_PLACEMENT_3D('',#796,#797,#798);
#796 = CARTESIAN_POINT('',(0.75,-0.5,0.1));
#797 = DIRECTION('',(5.319525767383E-18,4.343722427631E-02,
    0.999056158355));
#798 = DIRECTION('',(-1.223490926498E-16,-0.999056158355,
    4.343722427631E-02));
#799 = ADVANCED_FACE('',(#800),#825,.F.);
#800 = FACE_BOUND('',#801,.F.);
#801 = EDGE_LOOP('',(#802,#803,#811,#817,#818,#819));
#802 = ORIENTED_EDGE('',*,*,#457,.T.);
#803 = ORIENTED_EDGE('',*,*,#804,.T.);
#804 = EDGE_CURVE('',#450,#805,#807,.T.);
#805 = VERTEX_POINT('',#806);
#806 = CARTESIAN_POINT('',(0.75,0.5,0.1));
#807 = LINE('',#808,#809);
#808 = CARTESIAN_POINT('',(0.75,1.7,0.2));
#809 = VECTOR('',#810,1.);
#810 = DIRECTION('',(-1.220416573038E-16,-0.996545758245,
    -8.304547985373E-02));
#811 = ORIENTED_EDGE('',*,*,#812,.T.);
#812 = EDGE_CURVE('',#805,#780,#813,.T.);
#813 = LINE('',#814,#815);
#814 = CARTESIAN_POINT('',(0.75,0.5,0.1));
#815 = VECTOR('',#816,1.);
#816 = DIRECTION('',(-1.224646799147E-16,-1.,0.));
#817 = ORIENTED_EDGE('',*,*,#789,.T.);
#818 = ORIENTED_EDGE('',*,*,#249,.T.);
#819 = ORIENTED_EDGE('',*,*,#820,.T.);
#820 = EDGE_CURVE('',#242,#458,#821,.T.);
#821 = LINE('',#822,#823);
#822 = CARTESIAN_POINT('',(0.75,-2.8,0.));
#823 = VECTOR('',#824,1.);
#824 = DIRECTION('',(1.224646799147E-16,1.,0.));
#825 = PLANE('',#826);
#826 = AXIS2_PLACEMENT_3D('',#827,#828,#829);
#827 = CARTESIAN_POINT('',(0.75,-0.549524476701,7.07980355453E-02));
#828 = DIRECTION('',(1.,-1.224646799147E-16,-0.));
#829 = DIRECTION('',(-0.,0.,-1.));
#830 = ADVANCED_FACE('',(#831),#842,.F.);
#831 = FACE_BOUND('',#832,.F.);
#832 = EDGE_LOOP('',(#833,#834,#835,#841));
#833 = ORIENTED_EDGE('',*,*,#820,.F.);
#834 = ORIENTED_EDGE('',*,*,#241,.T.);
#835 = ORIENTED_EDGE('',*,*,#836,.T.);
#836 = EDGE_CURVE('',#234,#466,#837,.T.);
#837 = LINE('',#838,#839);
#838 = CARTESIAN_POINT('',(1.25,-2.8,0.));
#839 = VECTOR('',#840,1.);
#840 = DIRECTION('',(1.224646799147E-16,1.,0.));
#841 = ORIENTED_EDGE('',*,*,#465,.T.);
#842 = PLANE('',#843);
#843 = AXIS2_PLACEMENT_3D('',#844,#845,#846);
#844 = CARTESIAN_POINT('',(2.,-0.55,0.));
#845 = DIRECTION('',(0.,0.,1.));
#846 = DIRECTION('',(-1.,1.224646799147E-16,0.));
#847 = ADVANCED_FACE('',(#848),#875,.T.);
#848 = FACE_BOUND('',#849,.T.);
#849 = EDGE_LOOP('',(#850,#851,#859,#867,#873,#874));
#850 = ORIENTED_EDGE('',*,*,#473,.T.);
#851 = ORIENTED_EDGE('',*,*,#852,.T.);
#852 = EDGE_CURVE('',#474,#853,#855,.T.);
#853 = VERTEX_POINT('',#854);
#854 = CARTESIAN_POINT('',(1.25,0.5,0.1));
#855 = LINE('',#856,#857);
#856 = CARTESIAN_POINT('',(1.25,1.7,0.2));
#857 = VECTOR('',#858,1.);
#858 = DIRECTION('',(-1.220416573038E-16,-0.996545758245,
    -8.304547985373E-02));
#859 = ORIENTED_EDGE('',*,*,#860,.T.);
#860 = EDGE_CURVE('',#853,#861,#863,.T.);
#861 = VERTEX_POINT('',#862);
#862 = CARTESIAN_POINT('',(1.25,-0.5,0.1));
#863 = LINE('',#864,#865);
#864 = CARTESIAN_POINT('',(1.25,0.5,0.1));
#865 = VECTOR('',#866,1.);
#866 = DIRECTION('',(-1.224646799147E-16,-1.,0.));
#867 = ORIENTED_EDGE('',*,*,#868,.T.);
#868 = EDGE_CURVE('',#861,#226,#869,.T.);
#869 = LINE('',#870,#871);
#870 = CARTESIAN_POINT('',(1.25,-0.5,0.1));
#871 = VECTOR('',#872,1.);
#872 = DIRECTION('',(-1.223490926498E-16,-0.999056158355,
    4.343722427631E-02));
#873 = ORIENTED_EDGE('',*,*,#233,.T.);
#874 = ORIENTED_EDGE('',*,*,#836,.T.);
#875 = PLANE('',#876);
#876 = AXIS2_PLACEMENT_3D('',#877,#878,#879);
#877 = CARTESIAN_POINT('',(1.25,-0.549524476701,7.07980355453E-02));
#878 = DIRECTION('',(1.,-1.224646799147E-16,-0.));
#879 = DIRECTION('',(-0.,0.,-1.));
#880 = ADVANCED_FACE('',(#881),#899,.F.);
#881 = FACE_BOUND('',#882,.F.);
#882 = EDGE_LOOP('',(#883,#891,#892,#893));
#883 = ORIENTED_EDGE('',*,*,#884,.T.);
#884 = EDGE_CURVE('',#885,#861,#887,.T.);
#885 = VERTEX_POINT('',#886);
#886 = CARTESIAN_POINT('',(2.75,-0.5,0.1));
#887 = LINE('',#888,#889);
#888 = CARTESIAN_POINT('',(2.75,-0.5,0.1));
#889 = VECTOR('',#890,1.);
#890 = DIRECTION('',(-1.,1.224646799147E-16,0.));
#891 = ORIENTED_EDGE('',*,*,#868,.T.);
#892 = ORIENTED_EDGE('',*,*,#225,.F.);
#893 = ORIENTED_EDGE('',*,*,#894,.F.);
#894 = EDGE_CURVE('',#885,#218,#895,.T.);
#895 = LINE('',#896,#897);
#896 = CARTESIAN_POINT('',(2.75,-0.5,0.1));
#897 = VECTOR('',#898,1.);
#898 = DIRECTION('',(-1.223490926498E-16,-0.999056158355,
    4.343722427631E-02));
#899 = PLANE('',#900);
#900 = AXIS2_PLACEMENT_3D('',#901,#902,#903);
#901 = CARTESIAN_POINT('',(2.75,-0.5,0.1));
#902 = DIRECTION('',(5.319525767383E-18,4.343722427631E-02,
    0.999056158355));
#903 = DIRECTION('',(-1.223490926498E-16,-0.999056158355,
    4.343722427631E-02));
#904 = ADVANCED_FACE('',(#905),#930,.F.);
#905 = FACE_BOUND('',#906,.F.);
#906 = EDGE_LOOP('',(#907,#908,#916,#922,#923,#924));
#907 = ORIENTED_EDGE('',*,*,#489,.T.);
#908 = ORIENTED_EDGE('',*,*,#909,.T.);
#909 = EDGE_CURVE('',#482,#910,#912,.T.);
#910 = VERTEX_POINT('',#911);
#911 = CARTESIAN_POINT('',(2.75,0.5,0.1));
#912 = LINE('',#913,#914);
#913 = CARTESIAN_POINT('',(2.75,1.7,0.2));
#914 = VECTOR('',#915,1.);
#915 = DIRECTION('',(-1.220416573038E-16,-0.996545758245,
    -8.304547985373E-02));
#916 = ORIENTED_EDGE('',*,*,#917,.T.);
#917 = EDGE_CURVE('',#910,#885,#918,.T.);
#918 = LINE('',#919,#920);
#919 = CARTESIAN_POINT('',(2.75,0.5,0.1));
#920 = VECTOR('',#921,1.);
#921 = DIRECTION('',(-1.224646799147E-16,-1.,0.));
#922 = ORIENTED_EDGE('',*,*,#894,.T.);
#923 = ORIENTED_EDGE('',*,*,#217,.T.);
#924 = ORIENTED_EDGE('',*,*,#925,.T.);
#925 = EDGE_CURVE('',#210,#490,#926,.T.);
#926 = LINE('',#927,#928);
#927 = CARTESIAN_POINT('',(2.75,-2.8,0.));
#928 = VECTOR('',#929,1.);
#929 = DIRECTION('',(1.224646799147E-16,1.,0.));
#930 = PLANE('',#931);
#931 = AXIS2_PLACEMENT_3D('',#932,#933,#934);
#932 = CARTESIAN_POINT('',(2.75,-0.549524476701,7.07980355453E-02));
#933 = DIRECTION('',(1.,-1.224646799147E-16,-0.));
#934 = DIRECTION('',(-0.,0.,-1.));
#935 = ADVANCED_FACE('',(#936),#947,.F.);
#936 = FACE_BOUND('',#937,.F.);
#937 = EDGE_LOOP('',(#938,#939,#945,#946));
#938 = ORIENTED_EDGE('',*,*,#209,.T.);
#939 = ORIENTED_EDGE('',*,*,#940,.T.);
#940 = EDGE_CURVE('',#202,#498,#941,.T.);
#941 = LINE('',#942,#943);
#942 = CARTESIAN_POINT('',(3.25,-2.8,0.));
#943 = VECTOR('',#944,1.);
#944 = DIRECTION('',(1.224646799147E-16,1.,0.));
#945 = ORIENTED_EDGE('',*,*,#497,.T.);
#946 = ORIENTED_EDGE('',*,*,#925,.F.);
#947 = PLANE('',#948);
#948 = AXIS2_PLACEMENT_3D('',#949,#950,#951);
#949 = CARTESIAN_POINT('',(2.,-0.55,0.));
#950 = DIRECTION('',(0.,0.,1.));
#951 = DIRECTION('',(-1.,1.224646799147E-16,0.));
#952 = ADVANCED_FACE('',(#953),#980,.T.);
#953 = FACE_BOUND('',#954,.T.);
#954 = EDGE_LOOP('',(#955,#956,#964,#972,#978,#979));
#955 = ORIENTED_EDGE('',*,*,#505,.T.);
#956 = ORIENTED_EDGE('',*,*,#957,.T.);
#957 = EDGE_CURVE('',#506,#958,#960,.T.);
#958 = VERTEX_POINT('',#959);
#959 = CARTESIAN_POINT('',(3.25,0.5,0.1));
#960 = LINE('',#961,#962);
#961 = CARTESIAN_POINT('',(3.25,1.7,0.2));
#962 = VECTOR('',#963,1.);
#963 = DIRECTION('',(-1.220416573038E-16,-0.996545758245,
    -8.304547985373E-02));
#964 = ORIENTED_EDGE('',*,*,#965,.T.);
#965 = EDGE_CURVE('',#958,#966,#968,.T.);
#966 = VERTEX_POINT('',#967);
#967 = CARTESIAN_POINT('',(3.25,-0.5,0.1));
#968 = LINE('',#969,#970);
#969 = CARTESIAN_POINT('',(3.25,0.5,0.1));
#970 = VECTOR('',#971,1.);
#971 = DIRECTION('',(-1.224646799147E-16,-1.,0.));
#972 = ORIENTED_EDGE('',*,*,#973,.T.);
#973 = EDGE_CURVE('',#966,#194,#974,.T.);
#974 = LINE('',#975,#976);
#975 = CARTESIAN_POINT('',(3.25,-0.5,0.1));
#976 = VECTOR('',#977,1.);
#977 = DIRECTION('',(-1.223490926498E-16,-0.999056158355,
    4.343722427631E-02));
#978 = ORIENTED_EDGE('',*,*,#201,.T.);
#979 = ORIENTED_EDGE('',*,*,#940,.T.);
#980 = PLANE('',#981);
#981 = AXIS2_PLACEMENT_3D('',#982,#983,#984);
#982 = CARTESIAN_POINT('',(3.25,-0.549524476701,7.07980355453E-02));
#983 = DIRECTION('',(1.,-1.224646799147E-16,-0.));
#984 = DIRECTION('',(-0.,0.,-1.));
#985 = ADVANCED_FACE('',(#986),#997,.F.);
#986 = FACE_BOUND('',#987,.F.);
#987 = EDGE_LOOP('',(#988,#994,#995,#996));
#988 = ORIENTED_EDGE('',*,*,#989,.T.);
#989 = EDGE_CURVE('',#296,#966,#990,.T.);
#990 = LINE('',#991,#992);
#991 = CARTESIAN_POINT('',(4.75,-0.5,0.1));
#992 = VECTOR('',#993,1.);
#993 = DIRECTION('',(-1.,1.224646799147E-16,0.));
#994 = ORIENTED_EDGE('',*,*,#973,.T.);
#995 = ORIENTED_EDGE('',*,*,#193,.F.);
#996 = ORIENTED_EDGE('',*,*,#303,.F.);
#997 = PLANE('',#998);
#998 = AXIS2_PLACEMENT_3D('',#999,#1000,#1001);
#999 = CARTESIAN_POINT('',(4.75,-0.5,0.1));
#1000 = DIRECTION('',(5.319525767383E-18,4.343722427631E-02,
    0.999056158355));
#1001 = DIRECTION('',(-1.223490926498E-16,-0.999056158355,
    4.343722427631E-02));
#1002 = ADVANCED_FACE('',(#1003),#1040,.F.);
#1003 = FACE_BOUND('',#1004,.F.);
#1004 = EDGE_LOOP('',(#1005,#1006,#1007,#1015,#1023,#1032,#1038,#1039));
#1005 = ORIENTED_EDGE('',*,*,#724,.F.);
#1006 = ORIENTED_EDGE('',*,*,#425,.T.);
#1007 = ORIENTED_EDGE('',*,*,#1008,.T.);
#1008 = EDGE_CURVE('',#418,#1009,#1011,.T.);
#1009 = VERTEX_POINT('',#1010);
#1010 = CARTESIAN_POINT('',(-1.95,0.2,6.));
#1011 = LINE('',#1012,#1013);
#1012 = CARTESIAN_POINT('',(-1.95,1.7,6.));
#1013 = VECTOR('',#1014,1.);
#1014 = DIRECTION('',(-1.224646799147E-16,-1.,0.));
#1015 = ORIENTED_EDGE('',*,*,#1016,.T.);
#1016 = EDGE_CURVE('',#1009,#1017,#1019,.T.);
#1017 = VERTEX_POINT('',#1018);
#1018 = CARTESIAN_POINT('',(-1.95,0.2,4.4));
#1019 = LINE('',#1020,#1021);
#1020 = CARTESIAN_POINT('',(-1.95,0.2,3.));
#1021 = VECTOR('',#1022,1.);
#1022 = DIRECTION('',(-0.,0.,-1.));
#1023 = ORIENTED_EDGE('',*,*,#1024,.F.);
#1024 = EDGE_CURVE('',#1025,#1017,#1027,.T.);
#1025 = VERTEX_POINT('',#1026);
#1026 = CARTESIAN_POINT('',(-1.95,-0.6,4.4));
#1027 = CIRCLE('',#1028,0.4);
#1028 = AXIS2_PLACEMENT_3D('',#1029,#1030,#1031);
#1029 = CARTESIAN_POINT('',(-1.95,-0.2,4.4));
#1030 = DIRECTION('',(1.,-1.224646799147E-16,0.));
#1031 = DIRECTION('',(1.224646799147E-16,1.,0.));
#1032 = ORIENTED_EDGE('',*,*,#1033,.T.);
#1033 = EDGE_CURVE('',#1025,#702,#1034,.T.);
#1034 = LINE('',#1035,#1036);
#1035 = CARTESIAN_POINT('',(-1.95,-0.6,2.2));
#1036 = VECTOR('',#1037,1.);
#1037 = DIRECTION('',(0.,0.,1.));
#1038 = ORIENTED_EDGE('',*,*,#709,.T.);
#1039 = ORIENTED_EDGE('',*,*,#169,.F.);
#1040 = PLANE('',#1041);
#1041 = AXIS2_PLACEMENT_3D('',#1042,#1043,#1044);
#1042 = CARTESIAN_POINT('',(-1.95,1.7,0.));
#1043 = DIRECTION('',(1.,-1.224646799147E-16,0.));
#1044 = DIRECTION('',(-1.224646799147E-16,-1.,0.));
#1045 = ADVANCED_FACE('',(#1046),#1057,.F.);
#1046 = FACE_BOUND('',#1047,.F.);
#1047 = EDGE_LOOP('',(#1048,#1049,#1050,#1056));
#1048 = ORIENTED_EDGE('',*,*,#513,.T.);
#1049 = ORIENTED_EDGE('',*,*,#957,.T.);
#1050 = ORIENTED_EDGE('',*,*,#1051,.F.);
#1051 = EDGE_CURVE('',#288,#958,#1052,.T.);
#1052 = LINE('',#1053,#1054);
#1053 = CARTESIAN_POINT('',(4.75,0.5,0.1));
#1054 = VECTOR('',#1055,1.);
#1055 = DIRECTION('',(-1.,1.224646799147E-16,0.));
#1056 = ORIENTED_EDGE('',*,*,#287,.F.);
#1057 = PLANE('',#1058);
#1058 = AXIS2_PLACEMENT_3D('',#1059,#1060,#1061);
#1059 = CARTESIAN_POINT('',(4.75,1.7,0.2));
#1060 = DIRECTION('',(-1.017013810865E-17,-8.304547985373E-02,
    0.996545758245));
#1061 = DIRECTION('',(-1.220416573038E-16,-0.996545758245,
    -8.304547985373E-02));
#1062 = ADVANCED_FACE('',(#1063,#1069),#1103,.F.);
#1063 = FACE_BOUND('',#1064,.F.);
#1064 = EDGE_LOOP('',(#1065,#1066,#1067,#1068));
#1065 = ORIENTED_EDGE('',*,*,#1051,.T.);
#1066 = ORIENTED_EDGE('',*,*,#965,.T.);
#1067 = ORIENTED_EDGE('',*,*,#989,.F.);
#1068 = ORIENTED_EDGE('',*,*,#295,.F.);
#1069 = FACE_BOUND('',#1070,.F.);
#1070 = EDGE_LOOP('',(#1071,#1081,#1089,#1097));
#1071 = ORIENTED_EDGE('',*,*,#1072,.F.);
#1072 = EDGE_CURVE('',#1073,#1075,#1077,.T.);
#1073 = VERTEX_POINT('',#1074);
#1074 = CARTESIAN_POINT('',(3.75,0.25,0.1));
#1075 = VERTEX_POINT('',#1076);
#1076 = CARTESIAN_POINT('',(3.75,-0.25,0.1));
#1077 = LINE('',#1078,#1079);
#1078 = CARTESIAN_POINT('',(3.75,0.271633216363,0.1));
#1079 = VECTOR('',#1080,1.);
#1080 = DIRECTION('',(-1.224646799147E-16,-1.,0.));
#1081 = ORIENTED_EDGE('',*,*,#1082,.T.);
#1082 = EDGE_CURVE('',#1073,#1083,#1085,.T.);
#1083 = VERTEX_POINT('',#1084);
#1084 = CARTESIAN_POINT('',(4.25,0.25,0.1));
#1085 = LINE('',#1086,#1087);
#1086 = CARTESIAN_POINT('',(4.5,0.25,0.1));
#1087 = VECTOR('',#1088,1.);
#1088 = DIRECTION('',(1.,-1.224646799147E-16,0.));
#1089 = ORIENTED_EDGE('',*,*,#1090,.T.);
#1090 = EDGE_CURVE('',#1083,#1091,#1093,.T.);
#1091 = VERTEX_POINT('',#1092);
#1092 = CARTESIAN_POINT('',(4.25,-0.25,0.1));
#1093 = LINE('',#1094,#1095);
#1094 = CARTESIAN_POINT('',(4.25,0.271633216363,0.1));
#1095 = VECTOR('',#1096,1.);
#1096 = DIRECTION('',(-1.224646799147E-16,-1.,0.));
#1097 = ORIENTED_EDGE('',*,*,#1098,.T.);
#1098 = EDGE_CURVE('',#1091,#1075,#1099,.T.);
#1099 = LINE('',#1100,#1101);
#1100 = CARTESIAN_POINT('',(4.5,-0.25,0.1));
#1101 = VECTOR('',#1102,1.);
#1102 = DIRECTION('',(-1.,1.224646799147E-16,0.));
#1103 = PLANE('',#1104);
#1104 = AXIS2_PLACEMENT_3D('',#1105,#1106,#1107);
#1105 = CARTESIAN_POINT('',(4.75,0.5,0.1));
#1106 = DIRECTION('',(0.,0.,1.));
#1107 = DIRECTION('',(-1.224646799147E-16,-1.,0.));
#1108 = ADVANCED_FACE('',(#1109),#1120,.F.);
#1109 = FACE_BOUND('',#1110,.F.);
#1110 = EDGE_LOOP('',(#1111,#1112,#1113,#1119));
#1111 = ORIENTED_EDGE('',*,*,#481,.T.);
#1112 = ORIENTED_EDGE('',*,*,#852,.T.);
#1113 = ORIENTED_EDGE('',*,*,#1114,.F.);
#1114 = EDGE_CURVE('',#910,#853,#1115,.T.);
#1115 = LINE('',#1116,#1117);
#1116 = CARTESIAN_POINT('',(2.75,0.5,0.1));
#1117 = VECTOR('',#1118,1.);
#1118 = DIRECTION('',(-1.,1.224646799147E-16,0.));
#1119 = ORIENTED_EDGE('',*,*,#909,.F.);
#1120 = PLANE('',#1121);
#1121 = AXIS2_PLACEMENT_3D('',#1122,#1123,#1124);
#1122 = CARTESIAN_POINT('',(2.75,1.7,0.2));
#1123 = DIRECTION('',(-1.017013810865E-17,-8.304547985373E-02,
    0.996545758245));
#1124 = DIRECTION('',(-1.220416573038E-16,-0.996545758245,
    -8.304547985373E-02));
#1125 = ADVANCED_FACE('',(#1126),#1137,.F.);
#1126 = FACE_BOUND('',#1127,.F.);
#1127 = EDGE_LOOP('',(#1128,#1129,#1130,#1136));
#1128 = ORIENTED_EDGE('',*,*,#449,.T.);
#1129 = ORIENTED_EDGE('',*,*,#747,.T.);
#1130 = ORIENTED_EDGE('',*,*,#1131,.F.);
#1131 = EDGE_CURVE('',#805,#748,#1132,.T.);
#1132 = LINE('',#1133,#1134);
#1133 = CARTESIAN_POINT('',(0.75,0.5,0.1));
#1134 = VECTOR('',#1135,1.);
#1135 = DIRECTION('',(-1.,1.224646799147E-16,0.));
#1136 = ORIENTED_EDGE('',*,*,#804,.F.);
#1137 = PLANE('',#1138);
#1138 = AXIS2_PLACEMENT_3D('',#1139,#1140,#1141);
#1139 = CARTESIAN_POINT('',(0.75,1.7,0.2));
#1140 = DIRECTION('',(-1.017013810865E-17,-8.304547985373E-02,
    0.996545758245));
#1141 = DIRECTION('',(-1.220416573038E-16,-0.996545758245,
    -8.304547985373E-02));
#1142 = ADVANCED_FACE('',(#1143),#1200,.T.);
#1143 = FACE_BOUND('',#1144,.T.);
#1144 = EDGE_LOOP('',(#1145,#1153,#1154,#1162,#1170,#1176,#1177,#1178,
    #1186,#1194));
#1145 = ORIENTED_EDGE('',*,*,#1146,.F.);
#1146 = EDGE_CURVE('',#346,#1147,#1149,.T.);
#1147 = VERTEX_POINT('',#1148);
#1148 = CARTESIAN_POINT('',(0.55,1.1,6.));
#1149 = LINE('',#1150,#1151);
#1150 = CARTESIAN_POINT('',(0.55,1.7,6.));
#1151 = VECTOR('',#1152,1.);
#1152 = DIRECTION('',(-1.224646799147E-16,-1.,0.));
#1153 = ORIENTED_EDGE('',*,*,#353,.T.);
#1154 = ORIENTED_EDGE('',*,*,#1155,.T.);
#1155 = EDGE_CURVE('',#354,#1156,#1158,.T.);
#1156 = VERTEX_POINT('',#1157);
#1157 = CARTESIAN_POINT('',(-0.45,1.75,6.));
#1158 = LINE('',#1159,#1160);
#1159 = CARTESIAN_POINT('',(-0.45,1.7,6.));
#1160 = VECTOR('',#1161,1.);
#1161 = DIRECTION('',(1.224646799147E-16,1.,0.));
#1162 = ORIENTED_EDGE('',*,*,#1163,.T.);
#1163 = EDGE_CURVE('',#1156,#1164,#1166,.T.);
#1164 = VERTEX_POINT('',#1165);
#1165 = CARTESIAN_POINT('',(-0.95,1.75,6.));
#1166 = LINE('',#1167,#1168);
#1167 = CARTESIAN_POINT('',(-0.45,1.75,6.));
#1168 = VECTOR('',#1169,1.);
#1169 = DIRECTION('',(-1.,1.224646799147E-16,0.));
#1170 = ORIENTED_EDGE('',*,*,#1171,.T.);
#1171 = EDGE_CURVE('',#1164,#410,#1172,.T.);
#1172 = LINE('',#1173,#1174);
#1173 = CARTESIAN_POINT('',(-0.95,1.75,6.));
#1174 = VECTOR('',#1175,1.);
#1175 = DIRECTION('',(-1.224646799147E-16,-1.,0.));
#1176 = ORIENTED_EDGE('',*,*,#417,.T.);
#1177 = ORIENTED_EDGE('',*,*,#1008,.T.);
#1178 = ORIENTED_EDGE('',*,*,#1179,.F.);
#1179 = EDGE_CURVE('',#1180,#1009,#1182,.T.);
#1180 = VERTEX_POINT('',#1181);
#1181 = CARTESIAN_POINT('',(-1.45,0.2,6.));
#1182 = LINE('',#1183,#1184);
#1183 = CARTESIAN_POINT('',(5.95,0.2,6.));
#1184 = VECTOR('',#1185,1.);
#1185 = DIRECTION('',(-1.,1.224646799147E-16,0.));
#1186 = ORIENTED_EDGE('',*,*,#1187,.F.);
#1187 = EDGE_CURVE('',#1188,#1180,#1190,.T.);
#1188 = VERTEX_POINT('',#1189);
#1189 = CARTESIAN_POINT('',(-1.45,1.1,6.));
#1190 = LINE('',#1191,#1192);
#1191 = CARTESIAN_POINT('',(-1.45,1.1,6.));
#1192 = VECTOR('',#1193,1.);
#1193 = DIRECTION('',(-1.224646799147E-16,-1.,0.));
#1194 = ORIENTED_EDGE('',*,*,#1195,.F.);
#1195 = EDGE_CURVE('',#1147,#1188,#1196,.T.);
#1196 = LINE('',#1197,#1198);
#1197 = CARTESIAN_POINT('',(5.45,1.1,6.));
#1198 = VECTOR('',#1199,1.);
#1199 = DIRECTION('',(-1.,1.224646799147E-16,0.));
#1200 = PLANE('',#1201);
#1201 = AXIS2_PLACEMENT_3D('',#1202,#1203,#1204);
#1202 = CARTESIAN_POINT('',(-0.922222222222,1.18487654321,6.));
#1203 = DIRECTION('',(2.080607309926E-16,-2.42450020189E-17,1.));
#1204 = DIRECTION('',(-1.,1.224646799147E-16,2.080607309926E-16));
#1205 = ADVANCED_FACE('',(#1206),#1224,.F.);
#1206 = FACE_BOUND('',#1207,.F.);
#1207 = EDGE_LOOP('',(#1208,#1216,#1217,#1218));
#1208 = ORIENTED_EDGE('',*,*,#1209,.T.);
#1209 = EDGE_CURVE('',#1210,#1164,#1212,.T.);
#1210 = VERTEX_POINT('',#1211);
#1211 = CARTESIAN_POINT('',(-0.95,1.75,4.2));
#1212 = LINE('',#1213,#1214);
#1213 = CARTESIAN_POINT('',(-0.95,1.75,4.2));
#1214 = VECTOR('',#1215,1.);
#1215 = DIRECTION('',(0.,0.,1.));
#1216 = ORIENTED_EDGE('',*,*,#1171,.T.);
#1217 = ORIENTED_EDGE('',*,*,#409,.F.);
#1218 = ORIENTED_EDGE('',*,*,#1219,.F.);
#1219 = EDGE_CURVE('',#1210,#402,#1220,.T.);
#1220 = LINE('',#1221,#1222);
#1221 = CARTESIAN_POINT('',(-0.95,1.75,4.2));
#1222 = VECTOR('',#1223,1.);
#1223 = DIRECTION('',(-1.224646799147E-16,-1.,0.));
#1224 = PLANE('',#1225);
#1225 = AXIS2_PLACEMENT_3D('',#1226,#1227,#1228);
#1226 = CARTESIAN_POINT('',(-0.95,1.75,4.2));
#1227 = DIRECTION('',(1.,-1.224646799147E-16,0.));
#1228 = DIRECTION('',(-1.224646799147E-16,-1.,0.));
#1229 = ADVANCED_FACE('',(#1230),#1271,.T.);
#1230 = FACE_BOUND('',#1231,.T.);
#1231 = EDGE_LOOP('',(#1232,#1233,#1241,#1249,#1255,#1256,#1257,#1265));
#1232 = ORIENTED_EDGE('',*,*,#369,.F.);
#1233 = ORIENTED_EDGE('',*,*,#1234,.T.);
#1234 = EDGE_CURVE('',#370,#1235,#1237,.T.);
#1235 = VERTEX_POINT('',#1236);
#1236 = CARTESIAN_POINT('',(-0.4,1.1,4.2));
#1237 = LINE('',#1238,#1239);
#1238 = CARTESIAN_POINT('',(-0.4,1.7,4.2));
#1239 = VECTOR('',#1240,1.);
#1240 = DIRECTION('',(-1.224646799147E-16,-1.,0.));
#1241 = ORIENTED_EDGE('',*,*,#1242,.T.);
#1242 = EDGE_CURVE('',#1235,#1243,#1245,.T.);
#1243 = VERTEX_POINT('',#1244);
#1244 = CARTESIAN_POINT('',(-1.4,1.1,4.2));
#1245 = LINE('',#1246,#1247);
#1246 = CARTESIAN_POINT('',(2.525,1.1,4.2));
#1247 = VECTOR('',#1248,1.);
#1248 = DIRECTION('',(-1.,1.224646799147E-16,0.));
#1249 = ORIENTED_EDGE('',*,*,#1250,.F.);
#1250 = EDGE_CURVE('',#394,#1243,#1251,.T.);
#1251 = LINE('',#1252,#1253);
#1252 = CARTESIAN_POINT('',(-1.4,1.7,4.2));
#1253 = VECTOR('',#1254,1.);
#1254 = DIRECTION('',(-1.224646799147E-16,-1.,0.));
#1255 = ORIENTED_EDGE('',*,*,#401,.F.);
#1256 = ORIENTED_EDGE('',*,*,#1219,.F.);
#1257 = ORIENTED_EDGE('',*,*,#1258,.F.);
#1258 = EDGE_CURVE('',#1259,#1210,#1261,.T.);
#1259 = VERTEX_POINT('',#1260);
#1260 = CARTESIAN_POINT('',(-0.45,1.75,4.2));
#1261 = LINE('',#1262,#1263);
#1262 = CARTESIAN_POINT('',(-0.45,1.75,4.2));
#1263 = VECTOR('',#1264,1.);
#1264 = DIRECTION('',(-1.,1.224646799147E-16,0.));
#1265 = ORIENTED_EDGE('',*,*,#1266,.F.);
#1266 = EDGE_CURVE('',#362,#1259,#1267,.T.);
#1267 = LINE('',#1268,#1269);
#1268 = CARTESIAN_POINT('',(-0.45,1.7,4.2));
#1269 = VECTOR('',#1270,1.);
#1270 = DIRECTION('',(1.224646799147E-16,1.,0.));
#1271 = PLANE('',#1272);
#1272 = AXIS2_PLACEMENT_3D('',#1273,#1274,#1275);
#1273 = CARTESIAN_POINT('',(-0.893939393939,1.417424242424,4.2));
#1274 = DIRECTION('',(1.401806801592E-29,-3.080079177876E-30,-1.));
#1275 = DIRECTION('',(1.,-1.224646799147E-16,1.401806801592E-29));
#1276 = ADVANCED_FACE('',(#1277),#1295,.T.);
#1277 = FACE_BOUND('',#1278,.T.);
#1278 = EDGE_LOOP('',(#1279,#1280,#1281,#1289));
#1279 = ORIENTED_EDGE('',*,*,#393,.F.);
#1280 = ORIENTED_EDGE('',*,*,#1250,.T.);
#1281 = ORIENTED_EDGE('',*,*,#1282,.T.);
#1282 = EDGE_CURVE('',#1243,#1283,#1285,.T.);
#1283 = VERTEX_POINT('',#1284);
#1284 = CARTESIAN_POINT('',(-1.4,1.1,2.4));
#1285 = LINE('',#1286,#1287);
#1286 = CARTESIAN_POINT('',(-1.4,1.1,5.1));
#1287 = VECTOR('',#1288,1.);
#1288 = DIRECTION('',(-0.,0.,-1.));
#1289 = ORIENTED_EDGE('',*,*,#1290,.F.);
#1290 = EDGE_CURVE('',#386,#1283,#1291,.T.);
#1291 = LINE('',#1292,#1293);
#1292 = CARTESIAN_POINT('',(-1.4,1.7,2.4));
#1293 = VECTOR('',#1294,1.);
#1294 = DIRECTION('',(-1.224646799147E-16,-1.,0.));
#1295 = PLANE('',#1296);
#1296 = AXIS2_PLACEMENT_3D('',#1297,#1298,#1299);
#1297 = CARTESIAN_POINT('',(-1.4,1.7,4.2));
#1298 = DIRECTION('',(1.,-1.224646799147E-16,-0.));
#1299 = DIRECTION('',(-0.,0.,-1.));
#1300 = ADVANCED_FACE('',(#1301),#1319,.T.);
#1301 = FACE_BOUND('',#1302,.T.);
#1302 = EDGE_LOOP('',(#1303,#1304,#1305,#1313));
#1303 = ORIENTED_EDGE('',*,*,#385,.F.);
#1304 = ORIENTED_EDGE('',*,*,#1290,.T.);
#1305 = ORIENTED_EDGE('',*,*,#1306,.T.);
#1306 = EDGE_CURVE('',#1283,#1307,#1309,.T.);
#1307 = VERTEX_POINT('',#1308);
#1308 = CARTESIAN_POINT('',(-0.4,1.1,2.4));
#1309 = LINE('',#1310,#1311);
#1310 = CARTESIAN_POINT('',(2.025,1.1,2.4));
#1311 = VECTOR('',#1312,1.);
#1312 = DIRECTION('',(1.,-1.224646799147E-16,0.));
#1313 = ORIENTED_EDGE('',*,*,#1314,.F.);
#1314 = EDGE_CURVE('',#378,#1307,#1315,.T.);
#1315 = LINE('',#1316,#1317);
#1316 = CARTESIAN_POINT('',(-0.4,1.7,2.4));
#1317 = VECTOR('',#1318,1.);
#1318 = DIRECTION('',(-1.224646799147E-16,-1.,0.));
#1319 = PLANE('',#1320);
#1320 = AXIS2_PLACEMENT_3D('',#1321,#1322,#1323);
#1321 = CARTESIAN_POINT('',(-1.4,1.7,2.4));
#1322 = DIRECTION('',(0.,0.,1.));
#1323 = DIRECTION('',(1.,-1.224646799147E-16,0.));
#1324 = ADVANCED_FACE('',(#1325),#1336,.T.);
#1325 = FACE_BOUND('',#1326,.T.);
#1326 = EDGE_LOOP('',(#1327,#1328,#1329,#1335));
#1327 = ORIENTED_EDGE('',*,*,#377,.F.);
#1328 = ORIENTED_EDGE('',*,*,#1314,.T.);
#1329 = ORIENTED_EDGE('',*,*,#1330,.T.);
#1330 = EDGE_CURVE('',#1307,#1235,#1331,.T.);
#1331 = LINE('',#1332,#1333);
#1332 = CARTESIAN_POINT('',(-0.4,1.1,4.2));
#1333 = VECTOR('',#1334,1.);
#1334 = DIRECTION('',(0.,0.,1.));
#1335 = ORIENTED_EDGE('',*,*,#1234,.F.);
#1336 = PLANE('',#1337);
#1337 = AXIS2_PLACEMENT_3D('',#1338,#1339,#1340);
#1338 = CARTESIAN_POINT('',(-0.4,1.7,2.4));
#1339 = DIRECTION('',(-1.,1.224646799147E-16,0.));
#1340 = DIRECTION('',(0.,0.,1.));
#1341 = ADVANCED_FACE('',(#1342),#1353,.F.);
#1342 = FACE_BOUND('',#1343,.F.);
#1343 = EDGE_LOOP('',(#1344,#1345,#1346,#1352));
#1344 = ORIENTED_EDGE('',*,*,#361,.T.);
#1345 = ORIENTED_EDGE('',*,*,#1155,.T.);
#1346 = ORIENTED_EDGE('',*,*,#1347,.F.);
#1347 = EDGE_CURVE('',#1259,#1156,#1348,.T.);
#1348 = LINE('',#1349,#1350);
#1349 = CARTESIAN_POINT('',(-0.45,1.75,4.2));
#1350 = VECTOR('',#1351,1.);
#1351 = DIRECTION('',(0.,0.,1.));
#1352 = ORIENTED_EDGE('',*,*,#1266,.F.);
#1353 = PLANE('',#1354);
#1354 = AXIS2_PLACEMENT_3D('',#1355,#1356,#1357);
#1355 = CARTESIAN_POINT('',(-0.45,1.7,4.2));
#1356 = DIRECTION('',(-1.,1.224646799147E-16,0.));
#1357 = DIRECTION('',(1.224646799147E-16,1.,0.));
#1358 = ADVANCED_FACE('',(#1359),#1377,.F.);
#1359 = FACE_BOUND('',#1360,.F.);
#1360 = EDGE_LOOP('',(#1361,#1362,#1370,#1376));
#1361 = ORIENTED_EDGE('',*,*,#345,.F.);
#1362 = ORIENTED_EDGE('',*,*,#1363,.T.);
#1363 = EDGE_CURVE('',#338,#1364,#1366,.T.);
#1364 = VERTEX_POINT('',#1365);
#1365 = CARTESIAN_POINT('',(0.55,1.1,2.1));
#1366 = LINE('',#1367,#1368);
#1367 = CARTESIAN_POINT('',(0.55,1.7,2.1));
#1368 = VECTOR('',#1369,1.);
#1369 = DIRECTION('',(-1.224646799147E-16,-1.,0.));
#1370 = ORIENTED_EDGE('',*,*,#1371,.T.);
#1371 = EDGE_CURVE('',#1364,#1147,#1372,.T.);
#1372 = LINE('',#1373,#1374);
#1373 = CARTESIAN_POINT('',(0.55,1.1,4.05));
#1374 = VECTOR('',#1375,1.);
#1375 = DIRECTION('',(0.,0.,1.));
#1376 = ORIENTED_EDGE('',*,*,#1146,.F.);
#1377 = PLANE('',#1378);
#1378 = AXIS2_PLACEMENT_3D('',#1379,#1380,#1381);
#1379 = CARTESIAN_POINT('',(0.55,1.7,2.1));
#1380 = DIRECTION('',(-1.,1.224646799147E-16,0.));
#1381 = DIRECTION('',(0.,0.,1.));
#1382 = ADVANCED_FACE('',(#1383),#1401,.F.);
#1383 = FACE_BOUND('',#1384,.F.);
#1384 = EDGE_LOOP('',(#1385,#1386,#1394,#1400));
#1385 = ORIENTED_EDGE('',*,*,#337,.F.);
#1386 = ORIENTED_EDGE('',*,*,#1387,.T.);
#1387 = EDGE_CURVE('',#330,#1388,#1390,.T.);
#1388 = VERTEX_POINT('',#1389);
#1389 = CARTESIAN_POINT('',(3.45,1.1,2.1));
#1390 = LINE('',#1391,#1392);
#1391 = CARTESIAN_POINT('',(3.45,1.7,2.1));
#1392 = VECTOR('',#1393,1.);
#1393 = DIRECTION('',(-1.224646799147E-16,-1.,0.));
#1394 = ORIENTED_EDGE('',*,*,#1395,.T.);
#1395 = EDGE_CURVE('',#1388,#1364,#1396,.T.);
#1396 = LINE('',#1397,#1398);
#1397 = CARTESIAN_POINT('',(4.45,1.1,2.1));
#1398 = VECTOR('',#1399,1.);
#1399 = DIRECTION('',(-1.,1.224646799147E-16,-1.531342102931E-16));
#1400 = ORIENTED_EDGE('',*,*,#1363,.F.);
#1401 = PLANE('',#1402);
#1402 = AXIS2_PLACEMENT_3D('',#1403,#1404,#1405);
#1403 = CARTESIAN_POINT('',(3.45,1.7,2.1));
#1404 = DIRECTION('',(1.531342102931E-16,-1.875353204754E-32,-1.));
#1405 = DIRECTION('',(-1.,1.224646799147E-16,-1.531342102931E-16));
#1406 = ADVANCED_FACE('',(#1407),#1418,.F.);
#1407 = FACE_BOUND('',#1408,.F.);
#1408 = EDGE_LOOP('',(#1409,#1410,#1411,#1417));
#1409 = ORIENTED_EDGE('',*,*,#329,.F.);
#1410 = ORIENTED_EDGE('',*,*,#572,.T.);
#1411 = ORIENTED_EDGE('',*,*,#1412,.T.);
#1412 = EDGE_CURVE('',#573,#1388,#1413,.T.);
#1413 = LINE('',#1414,#1415);
#1414 = CARTESIAN_POINT('',(3.45,1.1,6.));
#1415 = VECTOR('',#1416,1.);
#1416 = DIRECTION('',(-0.,0.,-1.));
#1417 = ORIENTED_EDGE('',*,*,#1387,.F.);
#1418 = PLANE('',#1419);
#1419 = AXIS2_PLACEMENT_3D('',#1420,#1421,#1422);
#1420 = CARTESIAN_POINT('',(3.45,1.7,6.));
#1421 = DIRECTION('',(1.,-1.224646799147E-16,0.));
#1422 = DIRECTION('',(-6.972467043315E-33,-5.693451408334E-17,-1.));
#1423 = ADVANCED_FACE('',(#1424),#1449,.F.);
#1424 = FACE_BOUND('',#1425,.F.);
#1425 = EDGE_LOOP('',(#1426,#1427,#1435,#1443));
#1426 = ORIENTED_EDGE('',*,*,#522,.F.);
#1427 = ORIENTED_EDGE('',*,*,#1428,.T.);
#1428 = EDGE_CURVE('',#523,#1429,#1431,.T.);
#1429 = VERTEX_POINT('',#1430);
#1430 = CARTESIAN_POINT('',(4.4,1.1,4.2));
#1431 = LINE('',#1432,#1433);
#1432 = CARTESIAN_POINT('',(4.4,1.7,4.2));
#1433 = VECTOR('',#1434,1.);
#1434 = DIRECTION('',(-1.224646799147E-16,-1.,0.));
#1435 = ORIENTED_EDGE('',*,*,#1436,.T.);
#1436 = EDGE_CURVE('',#1429,#1437,#1439,.T.);
#1437 = VERTEX_POINT('',#1438);
#1438 = CARTESIAN_POINT('',(5.4,1.1,4.2));
#1439 = LINE('',#1440,#1441);
#1440 = CARTESIAN_POINT('',(4.925,1.1,4.2));
#1441 = VECTOR('',#1442,1.);
#1442 = DIRECTION('',(1.,-1.224646799147E-16,0.));
#1443 = ORIENTED_EDGE('',*,*,#1444,.F.);
#1444 = EDGE_CURVE('',#525,#1437,#1445,.T.);
#1445 = LINE('',#1446,#1447);
#1446 = CARTESIAN_POINT('',(5.4,1.7,4.2));
#1447 = VECTOR('',#1448,1.);
#1448 = DIRECTION('',(-1.224646799147E-16,-1.,0.));
#1449 = PLANE('',#1450);
#1450 = AXIS2_PLACEMENT_3D('',#1451,#1452,#1453);
#1451 = CARTESIAN_POINT('',(4.4,1.7,4.2));
#1452 = DIRECTION('',(0.,0.,1.));
#1453 = DIRECTION('',(1.,-1.224646799147E-16,0.));
#1454 = ADVANCED_FACE('',(#1455),#1473,.F.);
#1455 = FACE_BOUND('',#1456,.F.);
#1456 = EDGE_LOOP('',(#1457,#1458,#1466,#1472));
#1457 = ORIENTED_EDGE('',*,*,#548,.F.);
#1458 = ORIENTED_EDGE('',*,*,#1459,.T.);
#1459 = EDGE_CURVE('',#541,#1460,#1462,.T.);
#1460 = VERTEX_POINT('',#1461);
#1461 = CARTESIAN_POINT('',(4.4,1.1,2.4));
#1462 = LINE('',#1463,#1464);
#1463 = CARTESIAN_POINT('',(4.4,1.7,2.4));
#1464 = VECTOR('',#1465,1.);
#1465 = DIRECTION('',(-1.224646799147E-16,-1.,0.));
#1466 = ORIENTED_EDGE('',*,*,#1467,.T.);
#1467 = EDGE_CURVE('',#1460,#1429,#1468,.T.);
#1468 = LINE('',#1469,#1470);
#1469 = CARTESIAN_POINT('',(4.4,1.1,4.2));
#1470 = VECTOR('',#1471,1.);
#1471 = DIRECTION('',(0.,0.,1.));
#1472 = ORIENTED_EDGE('',*,*,#1428,.F.);
#1473 = PLANE('',#1474);
#1474 = AXIS2_PLACEMENT_3D('',#1475,#1476,#1477);
#1475 = CARTESIAN_POINT('',(4.4,1.7,2.4));
#1476 = DIRECTION('',(-1.,1.224646799147E-16,0.));
#1477 = DIRECTION('',(0.,0.,1.));
#1478 = ADVANCED_FACE('',(#1479),#1497,.F.);
#1479 = FACE_BOUND('',#1480,.F.);
#1480 = EDGE_LOOP('',(#1481,#1482,#1483,#1491));
#1481 = ORIENTED_EDGE('',*,*,#532,.F.);
#1482 = ORIENTED_EDGE('',*,*,#1444,.T.);
#1483 = ORIENTED_EDGE('',*,*,#1484,.T.);
#1484 = EDGE_CURVE('',#1437,#1485,#1487,.T.);
#1485 = VERTEX_POINT('',#1486);
#1486 = CARTESIAN_POINT('',(5.4,1.1,2.4));
#1487 = LINE('',#1488,#1489);
#1488 = CARTESIAN_POINT('',(5.4,1.1,5.1));
#1489 = VECTOR('',#1490,1.);
#1490 = DIRECTION('',(-0.,0.,-1.));
#1491 = ORIENTED_EDGE('',*,*,#1492,.F.);
#1492 = EDGE_CURVE('',#533,#1485,#1493,.T.);
#1493 = LINE('',#1494,#1495);
#1494 = CARTESIAN_POINT('',(5.4,1.7,2.4));
#1495 = VECTOR('',#1496,1.);
#1496 = DIRECTION('',(-1.224646799147E-16,-1.,0.));
#1497 = PLANE('',#1498);
#1498 = AXIS2_PLACEMENT_3D('',#1499,#1500,#1501);
#1499 = CARTESIAN_POINT('',(5.4,1.7,4.2));
#1500 = DIRECTION('',(1.,-1.224646799147E-16,-0.));
#1501 = DIRECTION('',(-0.,0.,-1.));
#1502 = ADVANCED_FACE('',(#1503),#1514,.F.);
#1503 = FACE_BOUND('',#1504,.F.);
#1504 = EDGE_LOOP('',(#1505,#1506,#1507,#1513));
#1505 = ORIENTED_EDGE('',*,*,#540,.F.);
#1506 = ORIENTED_EDGE('',*,*,#1492,.T.);
#1507 = ORIENTED_EDGE('',*,*,#1508,.T.);
#1508 = EDGE_CURVE('',#1485,#1460,#1509,.T.);
#1509 = LINE('',#1510,#1511);
#1510 = CARTESIAN_POINT('',(5.425,1.1,2.4));
#1511 = VECTOR('',#1512,1.);
#1512 = DIRECTION('',(-1.,1.224646799147E-16,0.));
#1513 = ORIENTED_EDGE('',*,*,#1459,.F.);
#1514 = PLANE('',#1515);
#1515 = AXIS2_PLACEMENT_3D('',#1516,#1517,#1518);
#1516 = CARTESIAN_POINT('',(5.4,1.7,2.4));
#1517 = DIRECTION('',(-0.,0.,-1.));
#1518 = DIRECTION('',(-1.,1.224646799147E-16,0.));
#1519 = ADVANCED_FACE('',(#1520),#1549,.F.);
#1520 = FACE_BOUND('',#1521,.F.);
#1521 = EDGE_LOOP('',(#1522,#1523,#1531,#1539,#1545,#1546,#1547,#1548));
#1522 = ORIENTED_EDGE('',*,*,#677,.F.);
#1523 = ORIENTED_EDGE('',*,*,#1524,.T.);
#1524 = EDGE_CURVE('',#678,#1525,#1527,.T.);
#1525 = VERTEX_POINT('',#1526);
#1526 = CARTESIAN_POINT('',(5.45,-2.3,1.8));
#1527 = LINE('',#1528,#1529);
#1528 = CARTESIAN_POINT('',(5.45,-2.3,6.));
#1529 = VECTOR('',#1530,1.);
#1530 = DIRECTION('',(0.,0.,-1.));
#1531 = ORIENTED_EDGE('',*,*,#1532,.T.);
#1532 = EDGE_CURVE('',#1525,#1533,#1535,.T.);
#1533 = VERTEX_POINT('',#1534);
#1534 = CARTESIAN_POINT('',(5.45,1.1,1.8));
#1535 = LINE('',#1536,#1537);
#1536 = CARTESIAN_POINT('',(5.45,-2.3,1.8));
#1537 = VECTOR('',#1538,1.);
#1538 = DIRECTION('',(1.224646799147E-16,1.,0.));
#1539 = ORIENTED_EDGE('',*,*,#1540,.F.);
#1540 = EDGE_CURVE('',#581,#1533,#1541,.T.);
#1541 = LINE('',#1542,#1543);
#1542 = CARTESIAN_POINT('',(5.45,1.1,6.));
#1543 = VECTOR('',#1544,1.);
#1544 = DIRECTION('',(0.,0.,-1.));
#1545 = ORIENTED_EDGE('',*,*,#588,.F.);
#1546 = ORIENTED_EDGE('',*,*,#604,.T.);
#1547 = ORIENTED_EDGE('',*,*,#634,.F.);
#1548 = ORIENTED_EDGE('',*,*,#653,.T.);
#1549 = PLANE('',#1550);
#1550 = AXIS2_PLACEMENT_3D('',#1551,#1552,#1553);
#1551 = CARTESIAN_POINT('',(5.45,-2.3,6.));
#1552 = DIRECTION('',(1.,-1.224646799147E-16,0.));
#1553 = DIRECTION('',(1.224646799147E-16,1.,0.));
#1554 = ADVANCED_FACE('',(#1555,#1577,#1583),#1589,.F.);
#1555 = FACE_BOUND('',#1556,.F.);
#1556 = EDGE_LOOP('',(#1557,#1558,#1559,#1567,#1573,#1574,#1575,#1576));
#1557 = ORIENTED_EDGE('',*,*,#580,.F.);
#1558 = ORIENTED_EDGE('',*,*,#1540,.T.);
#1559 = ORIENTED_EDGE('',*,*,#1560,.T.);
#1560 = EDGE_CURVE('',#1533,#1561,#1563,.T.);
#1561 = VERTEX_POINT('',#1562);
#1562 = CARTESIAN_POINT('',(-1.45,1.1,1.8));
#1563 = LINE('',#1564,#1565);
#1564 = CARTESIAN_POINT('',(5.45,1.1,1.8));
#1565 = VECTOR('',#1566,1.);
#1566 = DIRECTION('',(-1.,1.224646799147E-16,0.));
#1567 = ORIENTED_EDGE('',*,*,#1568,.F.);
#1568 = EDGE_CURVE('',#1188,#1561,#1569,.T.);
#1569 = LINE('',#1570,#1571);
#1570 = CARTESIAN_POINT('',(-1.45,1.1,6.));
#1571 = VECTOR('',#1572,1.);
#1572 = DIRECTION('',(0.,0.,-1.));
#1573 = ORIENTED_EDGE('',*,*,#1195,.F.);
#1574 = ORIENTED_EDGE('',*,*,#1371,.F.);
#1575 = ORIENTED_EDGE('',*,*,#1395,.F.);
#1576 = ORIENTED_EDGE('',*,*,#1412,.F.);
#1577 = FACE_BOUND('',#1578,.F.);
#1578 = EDGE_LOOP('',(#1579,#1580,#1581,#1582));
#1579 = ORIENTED_EDGE('',*,*,#1282,.T.);
#1580 = ORIENTED_EDGE('',*,*,#1306,.T.);
#1581 = ORIENTED_EDGE('',*,*,#1330,.T.);
#1582 = ORIENTED_EDGE('',*,*,#1242,.T.);
#1583 = FACE_BOUND('',#1584,.F.);
#1584 = EDGE_LOOP('',(#1585,#1586,#1587,#1588));
#1585 = ORIENTED_EDGE('',*,*,#1508,.F.);
#1586 = ORIENTED_EDGE('',*,*,#1484,.F.);
#1587 = ORIENTED_EDGE('',*,*,#1436,.F.);
#1588 = ORIENTED_EDGE('',*,*,#1467,.F.);
#1589 = PLANE('',#1590);
#1590 = AXIS2_PLACEMENT_3D('',#1591,#1592,#1593);
#1591 = CARTESIAN_POINT('',(5.45,1.1,6.));
#1592 = DIRECTION('',(1.224646799147E-16,1.,0.));
#1593 = DIRECTION('',(-1.,1.224646799147E-16,0.));
#1594 = ADVANCED_FACE('',(#1595),#1613,.T.);
#1595 = FACE_BOUND('',#1596,.T.);
#1596 = EDGE_LOOP('',(#1597,#1605,#1611,#1612));
#1597 = ORIENTED_EDGE('',*,*,#1598,.T.);
#1598 = EDGE_CURVE('',#694,#1599,#1601,.T.);
#1599 = VERTEX_POINT('',#1600);
#1600 = CARTESIAN_POINT('',(-1.45,-0.6,4.4));
#1601 = LINE('',#1602,#1603);
#1602 = CARTESIAN_POINT('',(-1.45,-0.6,5.2));
#1603 = VECTOR('',#1604,1.);
#1604 = DIRECTION('',(-0.,0.,-1.));
#1605 = ORIENTED_EDGE('',*,*,#1606,.T.);
#1606 = EDGE_CURVE('',#1599,#1025,#1607,.T.);
#1607 = LINE('',#1608,#1609);
#1608 = CARTESIAN_POINT('',(5.95,-0.6,4.4));
#1609 = VECTOR('',#1610,1.);
#1610 = DIRECTION('',(-1.,1.224646799147E-16,0.));
#1611 = ORIENTED_EDGE('',*,*,#1033,.T.);
#1612 = ORIENTED_EDGE('',*,*,#701,.F.);
#1613 = PLANE('',#1614);
#1614 = AXIS2_PLACEMENT_3D('',#1615,#1616,#1617);
#1615 = CARTESIAN_POINT('',(5.95,-0.6,4.4));
#1616 = DIRECTION('',(1.224646799147E-16,1.,0.));
#1617 = DIRECTION('',(0.,-0.,1.));
#1618 = ADVANCED_FACE('',(#1619),#1654,.F.);
#1619 = FACE_BOUND('',#1620,.F.);
#1620 = EDGE_LOOP('',(#1621,#1622,#1623,#1631,#1637,#1638,#1639,#1648));
#1621 = ORIENTED_EDGE('',*,*,#1187,.F.);
#1622 = ORIENTED_EDGE('',*,*,#1568,.T.);
#1623 = ORIENTED_EDGE('',*,*,#1624,.T.);
#1624 = EDGE_CURVE('',#1561,#1625,#1627,.T.);
#1625 = VERTEX_POINT('',#1626);
#1626 = CARTESIAN_POINT('',(-1.45,-2.3,1.8));
#1627 = LINE('',#1628,#1629);
#1628 = CARTESIAN_POINT('',(-1.45,1.1,1.8));
#1629 = VECTOR('',#1630,1.);
#1630 = DIRECTION('',(-1.224646799147E-16,-1.,0.));
#1631 = ORIENTED_EDGE('',*,*,#1632,.F.);
#1632 = EDGE_CURVE('',#686,#1625,#1633,.T.);
#1633 = LINE('',#1634,#1635);
#1634 = CARTESIAN_POINT('',(-1.45,-2.3,6.));
#1635 = VECTOR('',#1636,1.);
#1636 = DIRECTION('',(0.,0.,-1.));
#1637 = ORIENTED_EDGE('',*,*,#693,.F.);
#1638 = ORIENTED_EDGE('',*,*,#1598,.T.);
#1639 = ORIENTED_EDGE('',*,*,#1640,.T.);
#1640 = EDGE_CURVE('',#1599,#1641,#1643,.T.);
#1641 = VERTEX_POINT('',#1642);
#1642 = CARTESIAN_POINT('',(-1.45,0.2,4.4));
#1643 = CIRCLE('',#1644,0.4);
#1644 = AXIS2_PLACEMENT_3D('',#1645,#1646,#1647);
#1645 = CARTESIAN_POINT('',(-1.45,-0.2,4.4));
#1646 = DIRECTION('',(1.,-1.224646799147E-16,0.));
#1647 = DIRECTION('',(1.224646799147E-16,1.,0.));
#1648 = ORIENTED_EDGE('',*,*,#1649,.T.);
#1649 = EDGE_CURVE('',#1641,#1180,#1650,.T.);
#1650 = LINE('',#1651,#1652);
#1651 = CARTESIAN_POINT('',(-1.45,0.2,6.));
#1652 = VECTOR('',#1653,1.);
#1653 = DIRECTION('',(0.,0.,1.));
#1654 = PLANE('',#1655);
#1655 = AXIS2_PLACEMENT_3D('',#1656,#1657,#1658);
#1656 = CARTESIAN_POINT('',(-1.45,1.1,6.));
#1657 = DIRECTION('',(-1.,1.224646799147E-16,0.));
#1658 = DIRECTION('',(-1.224646799147E-16,-1.,0.));
#1659 = ADVANCED_FACE('',(#1660),#1735,.F.);
#1660 = FACE_BOUND('',#1661,.F.);
#1661 = EDGE_LOOP('',(#1662,#1663,#1664,#1672,#1680,#1688,#1696,#1704,
    #1712,#1720,#1728,#1734));
#1662 = ORIENTED_EDGE('',*,*,#685,.F.);
#1663 = ORIENTED_EDGE('',*,*,#1632,.T.);
#1664 = ORIENTED_EDGE('',*,*,#1665,.T.);
#1665 = EDGE_CURVE('',#1625,#1666,#1668,.T.);
#1666 = VERTEX_POINT('',#1667);
#1667 = CARTESIAN_POINT('',(0.8,-2.3,1.8));
#1668 = LINE('',#1669,#1670);
#1669 = CARTESIAN_POINT('',(-1.45,-2.3,1.8));
#1670 = VECTOR('',#1671,1.);
#1671 = DIRECTION('',(1.,-1.224646799147E-16,0.));
#1672 = ORIENTED_EDGE('',*,*,#1673,.T.);
#1673 = EDGE_CURVE('',#1666,#1674,#1676,.T.);
#1674 = VERTEX_POINT('',#1675);
#1675 = CARTESIAN_POINT('',(0.8,-2.3,3.7));
#1676 = LINE('',#1677,#1678);
#1677 = CARTESIAN_POINT('',(0.8,-2.3,1.8));
#1678 = VECTOR('',#1679,1.);
#1679 = DIRECTION('',(0.,0.,1.));
#1680 = ORIENTED_EDGE('',*,*,#1681,.T.);
#1681 = EDGE_CURVE('',#1674,#1682,#1684,.T.);
#1682 = VERTEX_POINT('',#1683);
#1683 = CARTESIAN_POINT('',(1.2,-2.3,3.7));
#1684 = LINE('',#1685,#1686);
#1685 = CARTESIAN_POINT('',(0.8,-2.3,3.7));
#1686 = VECTOR('',#1687,1.);
#1687 = DIRECTION('',(1.,-1.224646799147E-16,0.));
#1688 = ORIENTED_EDGE('',*,*,#1689,.F.);
#1689 = EDGE_CURVE('',#1690,#1682,#1692,.T.);
#1690 = VERTEX_POINT('',#1691);
#1691 = CARTESIAN_POINT('',(1.2,-2.3,1.8));
#1692 = LINE('',#1693,#1694);
#1693 = CARTESIAN_POINT('',(1.2,-2.3,1.8));
#1694 = VECTOR('',#1695,1.);
#1695 = DIRECTION('',(0.,0.,1.));
#1696 = ORIENTED_EDGE('',*,*,#1697,.T.);
#1697 = EDGE_CURVE('',#1690,#1698,#1700,.T.);
#1698 = VERTEX_POINT('',#1699);
#1699 = CARTESIAN_POINT('',(2.8,-2.3,1.8));
#1700 = LINE('',#1701,#1702);
#1701 = CARTESIAN_POINT('',(-1.45,-2.3,1.8));
#1702 = VECTOR('',#1703,1.);
#1703 = DIRECTION('',(1.,-1.224646799147E-16,0.));
#1704 = ORIENTED_EDGE('',*,*,#1705,.T.);
#1705 = EDGE_CURVE('',#1698,#1706,#1708,.T.);
#1706 = VERTEX_POINT('',#1707);
#1707 = CARTESIAN_POINT('',(2.8,-2.3,3.7));
#1708 = LINE('',#1709,#1710);
#1709 = CARTESIAN_POINT('',(2.8,-2.3,1.8));
#1710 = VECTOR('',#1711,1.);
#1711 = DIRECTION('',(0.,0.,1.));
#1712 = ORIENTED_EDGE('',*,*,#1713,.T.);
#1713 = EDGE_CURVE('',#1706,#1714,#1716,.T.);
#1714 = VERTEX_POINT('',#1715);
#1715 = CARTESIAN_POINT('',(3.2,-2.3,3.7));
#1716 = LINE('',#1717,#1718);
#1717 = CARTESIAN_POINT('',(2.8,-2.3,3.7));
#1718 = VECTOR('',#1719,1.);
#1719 = DIRECTION('',(1.,-1.224646799147E-16,0.));
#1720 = ORIENTED_EDGE('',*,*,#1721,.F.);
#1721 = EDGE_CURVE('',#1722,#1714,#1724,.T.);
#1722 = VERTEX_POINT('',#1723);
#1723 = CARTESIAN_POINT('',(3.2,-2.3,1.8));
#1724 = LINE('',#1725,#1726);
#1725 = CARTESIAN_POINT('',(3.2,-2.3,1.8));
#1726 = VECTOR('',#1727,1.);
#1727 = DIRECTION('',(0.,0.,1.));
#1728 = ORIENTED_EDGE('',*,*,#1729,.T.);
#1729 = EDGE_CURVE('',#1722,#1525,#1730,.T.);
#1730 = LINE('',#1731,#1732);
#1731 = CARTESIAN_POINT('',(-1.45,-2.3,1.8));
#1732 = VECTOR('',#1733,1.);
#1733 = DIRECTION('',(1.,-1.224646799147E-16,0.));
#1734 = ORIENTED_EDGE('',*,*,#1524,.F.);
#1735 = PLANE('',#1736);
#1736 = AXIS2_PLACEMENT_3D('',#1737,#1738,#1739);
#1737 = CARTESIAN_POINT('',(-1.45,-2.3,6.));
#1738 = DIRECTION('',(-1.224646799147E-16,-1.,0.));
#1739 = DIRECTION('',(1.,-1.224646799147E-16,0.));
#1740 = ADVANCED_FACE('',(#1741,#1747),#1781,.F.);
#1741 = FACE_BOUND('',#1742,.F.);
#1742 = EDGE_LOOP('',(#1743,#1744,#1745,#1746));
#1743 = ORIENTED_EDGE('',*,*,#1131,.T.);
#1744 = ORIENTED_EDGE('',*,*,#755,.T.);
#1745 = ORIENTED_EDGE('',*,*,#779,.F.);
#1746 = ORIENTED_EDGE('',*,*,#812,.F.);
#1747 = FACE_BOUND('',#1748,.F.);
#1748 = EDGE_LOOP('',(#1749,#1759,#1767,#1775));
#1749 = ORIENTED_EDGE('',*,*,#1750,.F.);
#1750 = EDGE_CURVE('',#1751,#1753,#1755,.T.);
#1751 = VERTEX_POINT('',#1752);
#1752 = CARTESIAN_POINT('',(-0.25,0.25,0.1));
#1753 = VERTEX_POINT('',#1754);
#1754 = CARTESIAN_POINT('',(-0.25,-0.25,0.1));
#1755 = LINE('',#1756,#1757);
#1756 = CARTESIAN_POINT('',(-0.25,0.271633216363,0.1));
#1757 = VECTOR('',#1758,1.);
#1758 = DIRECTION('',(-1.224646799147E-16,-1.,0.));
#1759 = ORIENTED_EDGE('',*,*,#1760,.T.);
#1760 = EDGE_CURVE('',#1751,#1761,#1763,.T.);
#1761 = VERTEX_POINT('',#1762);
#1762 = CARTESIAN_POINT('',(0.25,0.25,0.1));
#1763 = LINE('',#1764,#1765);
#1764 = CARTESIAN_POINT('',(0.5,0.25,0.1));
#1765 = VECTOR('',#1766,1.);
#1766 = DIRECTION('',(1.,-1.224646799147E-16,0.));
#1767 = ORIENTED_EDGE('',*,*,#1768,.T.);
#1768 = EDGE_CURVE('',#1761,#1769,#1771,.T.);
#1769 = VERTEX_POINT('',#1770);
#1770 = CARTESIAN_POINT('',(0.25,-0.25,0.1));
#1771 = LINE('',#1772,#1773);
#1772 = CARTESIAN_POINT('',(0.25,0.271633216363,0.1));
#1773 = VECTOR('',#1774,1.);
#1774 = DIRECTION('',(-1.224646799147E-16,-1.,0.));
#1775 = ORIENTED_EDGE('',*,*,#1776,.T.);
#1776 = EDGE_CURVE('',#1769,#1753,#1777,.T.);
#1777 = LINE('',#1778,#1779);
#1778 = CARTESIAN_POINT('',(0.5,-0.25,0.1));
#1779 = VECTOR('',#1780,1.);
#1780 = DIRECTION('',(-1.,1.224646799147E-16,0.));
#1781 = PLANE('',#1782);
#1782 = AXIS2_PLACEMENT_3D('',#1783,#1784,#1785);
#1783 = CARTESIAN_POINT('',(0.75,0.5,0.1));
#1784 = DIRECTION('',(0.,0.,1.));
#1785 = DIRECTION('',(-1.224646799147E-16,-1.,0.));
#1786 = ADVANCED_FACE('',(#1787,#1793),#1827,.F.);
#1787 = FACE_BOUND('',#1788,.F.);
#1788 = EDGE_LOOP('',(#1789,#1790,#1791,#1792));
#1789 = ORIENTED_EDGE('',*,*,#1114,.T.);
#1790 = ORIENTED_EDGE('',*,*,#860,.T.);
#1791 = ORIENTED_EDGE('',*,*,#884,.F.);
#1792 = ORIENTED_EDGE('',*,*,#917,.F.);
#1793 = FACE_BOUND('',#1794,.F.);
#1794 = EDGE_LOOP('',(#1795,#1805,#1813,#1821));
#1795 = ORIENTED_EDGE('',*,*,#1796,.F.);
#1796 = EDGE_CURVE('',#1797,#1799,#1801,.T.);
#1797 = VERTEX_POINT('',#1798);
#1798 = CARTESIAN_POINT('',(1.75,0.25,0.1));
#1799 = VERTEX_POINT('',#1800);
#1800 = CARTESIAN_POINT('',(1.75,-0.25,0.1));
#1801 = LINE('',#1802,#1803);
#1802 = CARTESIAN_POINT('',(1.75,0.25,0.1));
#1803 = VECTOR('',#1804,1.);
#1804 = DIRECTION('',(-1.224646799147E-16,-1.,0.));
#1805 = ORIENTED_EDGE('',*,*,#1806,.T.);
#1806 = EDGE_CURVE('',#1797,#1807,#1809,.T.);
#1807 = VERTEX_POINT('',#1808);
#1808 = CARTESIAN_POINT('',(2.25,0.25,0.1));
#1809 = LINE('',#1810,#1811);
#1810 = CARTESIAN_POINT('',(2.5,0.25,0.1));
#1811 = VECTOR('',#1812,1.);
#1812 = DIRECTION('',(1.,-1.224646799147E-16,0.));
#1813 = ORIENTED_EDGE('',*,*,#1814,.T.);
#1814 = EDGE_CURVE('',#1807,#1815,#1817,.T.);
#1815 = VERTEX_POINT('',#1816);
#1816 = CARTESIAN_POINT('',(2.25,-0.25,0.1));
#1817 = LINE('',#1818,#1819);
#1818 = CARTESIAN_POINT('',(2.25,0.25,0.1));
#1819 = VECTOR('',#1820,1.);
#1820 = DIRECTION('',(-1.224646799147E-16,-1.,0.));
#1821 = ORIENTED_EDGE('',*,*,#1822,.T.);
#1822 = EDGE_CURVE('',#1815,#1799,#1823,.T.);
#1823 = LINE('',#1824,#1825);
#1824 = CARTESIAN_POINT('',(2.5,-0.25,0.1));
#1825 = VECTOR('',#1826,1.);
#1826 = DIRECTION('',(-1.,1.224646799147E-16,0.));
#1827 = PLANE('',#1828);
#1828 = AXIS2_PLACEMENT_3D('',#1829,#1830,#1831);
#1829 = CARTESIAN_POINT('',(2.75,0.5,0.1));
#1830 = DIRECTION('',(0.,0.,1.));
#1831 = DIRECTION('',(-1.224646799147E-16,-1.,0.));
#1832 = ADVANCED_FACE('',(#1833),#1844,.F.);
#1833 = FACE_BOUND('',#1834,.F.);
#1834 = EDGE_LOOP('',(#1835,#1836,#1837,#1843));
#1835 = ORIENTED_EDGE('',*,*,#1606,.T.);
#1836 = ORIENTED_EDGE('',*,*,#1024,.T.);
#1837 = ORIENTED_EDGE('',*,*,#1838,.F.);
#1838 = EDGE_CURVE('',#1641,#1017,#1839,.T.);
#1839 = LINE('',#1840,#1841);
#1840 = CARTESIAN_POINT('',(5.95,0.2,4.4));
#1841 = VECTOR('',#1842,1.);
#1842 = DIRECTION('',(-1.,1.224646799147E-16,0.));
#1843 = ORIENTED_EDGE('',*,*,#1640,.F.);
#1844 = CYLINDRICAL_SURFACE('',#1845,0.4);
#1845 = AXIS2_PLACEMENT_3D('',#1846,#1847,#1848);
#1846 = CARTESIAN_POINT('',(5.95,-0.2,4.4));
#1847 = DIRECTION('',(1.,-1.224646799147E-16,-0.));
#1848 = DIRECTION('',(1.224646799147E-16,1.,0.));
#1849 = ADVANCED_FACE('',(#1850),#1856,.T.);
#1850 = FACE_BOUND('',#1851,.T.);
#1851 = EDGE_LOOP('',(#1852,#1853,#1854,#1855));
#1852 = ORIENTED_EDGE('',*,*,#1649,.T.);
#1853 = ORIENTED_EDGE('',*,*,#1179,.T.);
#1854 = ORIENTED_EDGE('',*,*,#1016,.T.);
#1855 = ORIENTED_EDGE('',*,*,#1838,.F.);
#1856 = PLANE('',#1857);
#1857 = AXIS2_PLACEMENT_3D('',#1858,#1859,#1860);
#1858 = CARTESIAN_POINT('',(5.95,0.2,6.));
#1859 = DIRECTION('',(-1.224646799147E-16,-1.,0.));
#1860 = DIRECTION('',(-0.,0.,-1.));
#1861 = ADVANCED_FACE('',(#1862),#1919,.T.);
#1862 = FACE_BOUND('',#1863,.T.);
#1863 = EDGE_LOOP('',(#1864,#1874,#1882,#1890,#1896,#1897,#1905,#1913));
#1864 = ORIENTED_EDGE('',*,*,#1865,.T.);
#1865 = EDGE_CURVE('',#1866,#1868,#1870,.T.);
#1866 = VERTEX_POINT('',#1867);
#1867 = CARTESIAN_POINT('',(3.75,0.281578947368,-3.2));
#1868 = VERTEX_POINT('',#1869);
#1869 = CARTESIAN_POINT('',(3.75,-0.218421052632,-3.2));
#1870 = LINE('',#1871,#1872);
#1871 = CARTESIAN_POINT('',(3.75,0.25,-3.2));
#1872 = VECTOR('',#1873,1.);
#1873 = DIRECTION('',(-1.224646799147E-16,-1.,0.));
#1874 = ORIENTED_EDGE('',*,*,#1875,.T.);
#1875 = EDGE_CURVE('',#1868,#1876,#1878,.T.);
#1876 = VERTEX_POINT('',#1877);
#1877 = CARTESIAN_POINT('',(3.75,5.E-02,-1.5));
#1878 = LINE('',#1879,#1880);
#1879 = CARTESIAN_POINT('',(3.75,-0.25,-3.4));
#1880 = VECTOR('',#1881,1.);
#1881 = DIRECTION('',(1.909990663905E-17,0.155962573473,0.987762965329)
  );
#1882 = ORIENTED_EDGE('',*,*,#1883,.T.);
#1883 = EDGE_CURVE('',#1876,#1884,#1886,.T.);
#1884 = VERTEX_POINT('',#1885);
#1885 = CARTESIAN_POINT('',(3.75,-0.25,-0.9));
#1886 = LINE('',#1887,#1888);
#1887 = CARTESIAN_POINT('',(3.75,5.E-02,-1.5));
#1888 = VECTOR('',#1889,1.);
#1889 = DIRECTION('',(-5.476786982641E-17,-0.4472135955,0.894427191));
#1890 = ORIENTED_EDGE('',*,*,#1891,.T.);
#1891 = EDGE_CURVE('',#1884,#1075,#1892,.T.);
#1892 = LINE('',#1893,#1894);
#1893 = CARTESIAN_POINT('',(3.75,-0.25,-0.9));
#1894 = VECTOR('',#1895,1.);
#1895 = DIRECTION('',(0.,0.,1.));
#1896 = ORIENTED_EDGE('',*,*,#1072,.F.);
#1897 = ORIENTED_EDGE('',*,*,#1898,.T.);
#1898 = EDGE_CURVE('',#1073,#1899,#1901,.T.);
#1899 = VERTEX_POINT('',#1900);
#1900 = CARTESIAN_POINT('',(3.75,0.25,-0.9));
#1901 = LINE('',#1902,#1903);
#1902 = CARTESIAN_POINT('',(3.75,0.25,5.));
#1903 = VECTOR('',#1904,1.);
#1904 = DIRECTION('',(-0.,0.,-1.));
#1905 = ORIENTED_EDGE('',*,*,#1906,.T.);
#1906 = EDGE_CURVE('',#1899,#1907,#1909,.T.);
#1907 = VERTEX_POINT('',#1908);
#1908 = CARTESIAN_POINT('',(3.75,0.55,-1.5));
#1909 = LINE('',#1910,#1911);
#1910 = CARTESIAN_POINT('',(3.75,0.25,-0.9));
#1911 = VECTOR('',#1912,1.);
#1912 = DIRECTION('',(5.476786982641E-17,0.4472135955,-0.894427191));
#1913 = ORIENTED_EDGE('',*,*,#1914,.T.);
#1914 = EDGE_CURVE('',#1907,#1866,#1915,.T.);
#1915 = LINE('',#1916,#1917);
#1916 = CARTESIAN_POINT('',(3.75,0.55,-1.5));
#1917 = VECTOR('',#1918,1.);
#1918 = DIRECTION('',(-1.909990663905E-17,-0.155962573473,
    -0.987762965329));
#1919 = PLANE('',#1920);
#1920 = AXIS2_PLACEMENT_3D('',#1921,#1922,#1923);
#1921 = CARTESIAN_POINT('',(3.75,4.326643272645E-02,0.775746953017));
#1922 = DIRECTION('',(-1.,1.224646799147E-16,0.));
#1923 = DIRECTION('',(0.,0.,1.));
#1924 = ADVANCED_FACE('',(#1925),#1943,.F.);
#1925 = FACE_BOUND('',#1926,.F.);
#1926 = EDGE_LOOP('',(#1927,#1935,#1941,#1942));
#1927 = ORIENTED_EDGE('',*,*,#1928,.F.);
#1928 = EDGE_CURVE('',#1929,#1091,#1931,.T.);
#1929 = VERTEX_POINT('',#1930);
#1930 = CARTESIAN_POINT('',(4.25,-0.25,-0.9));
#1931 = LINE('',#1932,#1933);
#1932 = CARTESIAN_POINT('',(4.25,-0.25,-0.9));
#1933 = VECTOR('',#1934,1.);
#1934 = DIRECTION('',(0.,0.,1.));
#1935 = ORIENTED_EDGE('',*,*,#1936,.T.);
#1936 = EDGE_CURVE('',#1929,#1884,#1937,.T.);
#1937 = LINE('',#1938,#1939);
#1938 = CARTESIAN_POINT('',(4.25,-0.25,-0.9));
#1939 = VECTOR('',#1940,1.);
#1940 = DIRECTION('',(-1.,1.224646799147E-16,0.));
#1941 = ORIENTED_EDGE('',*,*,#1891,.T.);
#1942 = ORIENTED_EDGE('',*,*,#1098,.F.);
#1943 = PLANE('',#1944);
#1944 = AXIS2_PLACEMENT_3D('',#1945,#1946,#1947);
#1945 = CARTESIAN_POINT('',(4.25,-0.25,-0.9));
#1946 = DIRECTION('',(1.224646799147E-16,1.,0.));
#1947 = DIRECTION('',(0.,-0.,1.));
#1948 = ADVANCED_FACE('',(#1949),#1999,.F.);
#1949 = FACE_BOUND('',#1950,.F.);
#1950 = EDGE_LOOP('',(#1951,#1961,#1969,#1975,#1976,#1977,#1985,#1993));
#1951 = ORIENTED_EDGE('',*,*,#1952,.T.);
#1952 = EDGE_CURVE('',#1953,#1955,#1957,.T.);
#1953 = VERTEX_POINT('',#1954);
#1954 = CARTESIAN_POINT('',(4.25,0.281578947368,-3.2));
#1955 = VERTEX_POINT('',#1956);
#1956 = CARTESIAN_POINT('',(4.25,-0.218421052632,-3.2));
#1957 = LINE('',#1958,#1959);
#1958 = CARTESIAN_POINT('',(4.25,0.25,-3.2));
#1959 = VECTOR('',#1960,1.);
#1960 = DIRECTION('',(-1.224646799147E-16,-1.,0.));
#1961 = ORIENTED_EDGE('',*,*,#1962,.T.);
#1962 = EDGE_CURVE('',#1955,#1963,#1965,.T.);
#1963 = VERTEX_POINT('',#1964);
#1964 = CARTESIAN_POINT('',(4.25,5.E-02,-1.5));
#1965 = LINE('',#1966,#1967);
#1966 = CARTESIAN_POINT('',(4.25,-0.25,-3.4));
#1967 = VECTOR('',#1968,1.);
#1968 = DIRECTION('',(1.909990663905E-17,0.155962573473,0.987762965329)
  );
#1969 = ORIENTED_EDGE('',*,*,#1970,.T.);
#1970 = EDGE_CURVE('',#1963,#1929,#1971,.T.);
#1971 = LINE('',#1972,#1973);
#1972 = CARTESIAN_POINT('',(4.25,5.E-02,-1.5));
#1973 = VECTOR('',#1974,1.);
#1974 = DIRECTION('',(-5.476786982641E-17,-0.4472135955,0.894427191));
#1975 = ORIENTED_EDGE('',*,*,#1928,.T.);
#1976 = ORIENTED_EDGE('',*,*,#1090,.F.);
#1977 = ORIENTED_EDGE('',*,*,#1978,.T.);
#1978 = EDGE_CURVE('',#1083,#1979,#1981,.T.);
#1979 = VERTEX_POINT('',#1980);
#1980 = CARTESIAN_POINT('',(4.25,0.25,-0.9));
#1981 = LINE('',#1982,#1983);
#1982 = CARTESIAN_POINT('',(4.25,0.25,5.));
#1983 = VECTOR('',#1984,1.);
#1984 = DIRECTION('',(-0.,0.,-1.));
#1985 = ORIENTED_EDGE('',*,*,#1986,.T.);
#1986 = EDGE_CURVE('',#1979,#1987,#1989,.T.);
#1987 = VERTEX_POINT('',#1988);
#1988 = CARTESIAN_POINT('',(4.25,0.55,-1.5));
#1989 = LINE('',#1990,#1991);
#1990 = CARTESIAN_POINT('',(4.25,0.25,-0.9));
#1991 = VECTOR('',#1992,1.);
#1992 = DIRECTION('',(5.476786982641E-17,0.4472135955,-0.894427191));
#1993 = ORIENTED_EDGE('',*,*,#1994,.T.);
#1994 = EDGE_CURVE('',#1987,#1953,#1995,.T.);
#1995 = LINE('',#1996,#1997);
#1996 = CARTESIAN_POINT('',(4.25,0.55,-1.5));
#1997 = VECTOR('',#1998,1.);
#1998 = DIRECTION('',(-1.909990663905E-17,-0.155962573473,
    -0.987762965329));
#1999 = PLANE('',#2000);
#2000 = AXIS2_PLACEMENT_3D('',#2001,#2002,#2003);
#2001 = CARTESIAN_POINT('',(4.25,4.326643272645E-02,0.775746953017));
#2002 = DIRECTION('',(-1.,1.224646799147E-16,0.));
#2003 = DIRECTION('',(0.,0.,1.));
#2004 = ADVANCED_FACE('',(#2005),#2016,.F.);
#2005 = FACE_BOUND('',#2006,.F.);
#2006 = EDGE_LOOP('',(#2007,#2008,#2009,#2010));
#2007 = ORIENTED_EDGE('',*,*,#1978,.F.);
#2008 = ORIENTED_EDGE('',*,*,#1082,.F.);
#2009 = ORIENTED_EDGE('',*,*,#1898,.T.);
#2010 = ORIENTED_EDGE('',*,*,#2011,.F.);
#2011 = EDGE_CURVE('',#1979,#1899,#2012,.T.);
#2012 = LINE('',#2013,#2014);
#2013 = CARTESIAN_POINT('',(4.25,0.25,-0.9));
#2014 = VECTOR('',#2015,1.);
#2015 = DIRECTION('',(-1.,1.224646799147E-16,0.));
#2016 = PLANE('',#2017);
#2017 = AXIS2_PLACEMENT_3D('',#2018,#2019,#2020);
#2018 = CARTESIAN_POINT('',(4.25,0.25,5.));
#2019 = DIRECTION('',(-1.224646799147E-16,-1.,0.));
#2020 = DIRECTION('',(-0.,0.,-1.));
#2021 = ADVANCED_FACE('',(#2022),#2028,.F.);
#2022 = FACE_BOUND('',#2023,.F.);
#2023 = EDGE_LOOP('',(#2024,#2025,#2026,#2027));
#2024 = ORIENTED_EDGE('',*,*,#1347,.T.);
#2025 = ORIENTED_EDGE('',*,*,#1163,.T.);
#2026 = ORIENTED_EDGE('',*,*,#1209,.F.);
#2027 = ORIENTED_EDGE('',*,*,#1258,.F.);
#2028 = PLANE('',#2029);
#2029 = AXIS2_PLACEMENT_3D('',#2030,#2031,#2032);
#2030 = CARTESIAN_POINT('',(-0.45,1.75,4.2));
#2031 = DIRECTION('',(-1.224646799147E-16,-1.,0.));
#2032 = DIRECTION('',(-1.,1.224646799147E-16,0.));
#2033 = ADVANCED_FACE('',(#2034,#2086,#2120,#2154),#2188,.T.);
#2034 = FACE_BOUND('',#2035,.T.);
#2035 = EDGE_LOOP('',(#2036,#2037,#2038,#2039,#2040,#2041,#2049,#2057,
    #2063,#2064,#2072,#2080));
#2036 = ORIENTED_EDGE('',*,*,#1729,.T.);
#2037 = ORIENTED_EDGE('',*,*,#1532,.T.);
#2038 = ORIENTED_EDGE('',*,*,#1560,.T.);
#2039 = ORIENTED_EDGE('',*,*,#1624,.T.);
#2040 = ORIENTED_EDGE('',*,*,#1665,.T.);
#2041 = ORIENTED_EDGE('',*,*,#2042,.F.);
#2042 = EDGE_CURVE('',#2043,#1666,#2045,.T.);
#2043 = VERTEX_POINT('',#2044);
#2044 = CARTESIAN_POINT('',(0.8,-2.,1.8));
#2045 = LINE('',#2046,#2047);
#2046 = CARTESIAN_POINT('',(0.8,-2.,1.8));
#2047 = VECTOR('',#2048,1.);
#2048 = DIRECTION('',(-1.224646799147E-16,-1.,0.));
#2049 = ORIENTED_EDGE('',*,*,#2050,.F.);
#2050 = EDGE_CURVE('',#2051,#2043,#2053,.T.);
#2051 = VERTEX_POINT('',#2052);
#2052 = CARTESIAN_POINT('',(1.2,-2.,1.8));
#2053 = LINE('',#2054,#2055);
#2054 = CARTESIAN_POINT('',(1.2,-2.,1.8));
#2055 = VECTOR('',#2056,1.);
#2056 = DIRECTION('',(-1.,1.224646799147E-16,0.));
#2057 = ORIENTED_EDGE('',*,*,#2058,.F.);
#2058 = EDGE_CURVE('',#1690,#2051,#2059,.T.);
#2059 = LINE('',#2060,#2061);
#2060 = CARTESIAN_POINT('',(1.2,-2.3,1.8));
#2061 = VECTOR('',#2062,1.);
#2062 = DIRECTION('',(1.224646799147E-16,1.,0.));
#2063 = ORIENTED_EDGE('',*,*,#1697,.T.);
#2064 = ORIENTED_EDGE('',*,*,#2065,.F.);
#2065 = EDGE_CURVE('',#2066,#1698,#2068,.T.);
#2066 = VERTEX_POINT('',#2067);
#2067 = CARTESIAN_POINT('',(2.8,-2.,1.8));
#2068 = LINE('',#2069,#2070);
#2069 = CARTESIAN_POINT('',(2.8,-2.,1.8));
#2070 = VECTOR('',#2071,1.);
#2071 = DIRECTION('',(-1.224646799147E-16,-1.,0.));
#2072 = ORIENTED_EDGE('',*,*,#2073,.F.);
#2073 = EDGE_CURVE('',#2074,#2066,#2076,.T.);
#2074 = VERTEX_POINT('',#2075);
#2075 = CARTESIAN_POINT('',(3.2,-2.,1.8));
#2076 = LINE('',#2077,#2078);
#2077 = CARTESIAN_POINT('',(3.2,-2.,1.8));
#2078 = VECTOR('',#2079,1.);
#2079 = DIRECTION('',(-1.,1.224646799147E-16,0.));
#2080 = ORIENTED_EDGE('',*,*,#2081,.F.);
#2081 = EDGE_CURVE('',#1722,#2074,#2082,.T.);
#2082 = LINE('',#2083,#2084);
#2083 = CARTESIAN_POINT('',(3.2,-2.3,1.8));
#2084 = VECTOR('',#2085,1.);
#2085 = DIRECTION('',(1.224646799147E-16,1.,0.));
#2086 = FACE_BOUND('',#2087,.T.);
#2087 = EDGE_LOOP('',(#2088,#2098,#2106,#2114));
#2088 = ORIENTED_EDGE('',*,*,#2089,.F.);
#2089 = EDGE_CURVE('',#2090,#2092,#2094,.T.);
#2090 = VERTEX_POINT('',#2091);
#2091 = CARTESIAN_POINT('',(-0.25,0.25,1.8));
#2092 = VERTEX_POINT('',#2093);
#2093 = CARTESIAN_POINT('',(-0.25,-0.25,1.8));
#2094 = LINE('',#2095,#2096);
#2095 = CARTESIAN_POINT('',(-0.25,-0.278366783637,1.8));
#2096 = VECTOR('',#2097,1.);
#2097 = DIRECTION('',(-1.224646799147E-16,-1.,1.600009310737E-31));
#2098 = ORIENTED_EDGE('',*,*,#2099,.T.);
#2099 = EDGE_CURVE('',#2090,#2100,#2102,.T.);
#2100 = VERTEX_POINT('',#2101);
#2101 = CARTESIAN_POINT('',(0.25,0.25,1.8));
#2102 = LINE('',#2103,#2104);
#2103 = CARTESIAN_POINT('',(1.125,0.25,1.8));
#2104 = VECTOR('',#2105,1.);
#2105 = DIRECTION('',(1.,-1.224646799147E-16,5.549886768123E-32));
#2106 = ORIENTED_EDGE('',*,*,#2107,.T.);
#2107 = EDGE_CURVE('',#2100,#2108,#2110,.T.);
#2108 = VERTEX_POINT('',#2109);
#2109 = CARTESIAN_POINT('',(0.25,-0.25,1.8));
#2110 = LINE('',#2111,#2112);
#2111 = CARTESIAN_POINT('',(0.25,-0.278366783637,1.8));
#2112 = VECTOR('',#2113,1.);
#2113 = DIRECTION('',(-1.224646799147E-16,-1.,1.600009310737E-31));
#2114 = ORIENTED_EDGE('',*,*,#2115,.T.);
#2115 = EDGE_CURVE('',#2108,#2092,#2116,.T.);
#2116 = LINE('',#2117,#2118);
#2117 = CARTESIAN_POINT('',(1.125,-0.25,1.8));
#2118 = VECTOR('',#2119,1.);
#2119 = DIRECTION('',(-1.,1.224646799147E-16,-5.549886768123E-32));
#2120 = FACE_BOUND('',#2121,.T.);
#2121 = EDGE_LOOP('',(#2122,#2132,#2140,#2148));
#2122 = ORIENTED_EDGE('',*,*,#2123,.F.);
#2123 = EDGE_CURVE('',#2124,#2126,#2128,.T.);
#2124 = VERTEX_POINT('',#2125);
#2125 = CARTESIAN_POINT('',(1.75,0.25,1.8));
#2126 = VERTEX_POINT('',#2127);
#2127 = CARTESIAN_POINT('',(1.75,-0.25,1.8));
#2128 = LINE('',#2129,#2130);
#2129 = CARTESIAN_POINT('',(1.75,-0.3,1.8));
#2130 = VECTOR('',#2131,1.);
#2131 = DIRECTION('',(-1.224646799147E-16,-1.,1.600009310737E-31));
#2132 = ORIENTED_EDGE('',*,*,#2133,.T.);
#2133 = EDGE_CURVE('',#2124,#2134,#2136,.T.);
#2134 = VERTEX_POINT('',#2135);
#2135 = CARTESIAN_POINT('',(2.25,0.25,1.8));
#2136 = LINE('',#2137,#2138);
#2137 = CARTESIAN_POINT('',(2.125,0.25,1.8));
#2138 = VECTOR('',#2139,1.);
#2139 = DIRECTION('',(1.,-1.224646799147E-16,5.549886768123E-32));
#2140 = ORIENTED_EDGE('',*,*,#2141,.T.);
#2141 = EDGE_CURVE('',#2134,#2142,#2144,.T.);
#2142 = VERTEX_POINT('',#2143);
#2143 = CARTESIAN_POINT('',(2.25,-0.25,1.8));
#2144 = LINE('',#2145,#2146);
#2145 = CARTESIAN_POINT('',(2.25,-0.3,1.8));
#2146 = VECTOR('',#2147,1.);
#2147 = DIRECTION('',(-1.224646799147E-16,-1.,1.600009310737E-31));
#2148 = ORIENTED_EDGE('',*,*,#2149,.T.);
#2149 = EDGE_CURVE('',#2142,#2126,#2150,.T.);
#2150 = LINE('',#2151,#2152);
#2151 = CARTESIAN_POINT('',(2.125,-0.25,1.8));
#2152 = VECTOR('',#2153,1.);
#2153 = DIRECTION('',(-1.,1.224646799147E-16,-5.549886768123E-32));
#2154 = FACE_BOUND('',#2155,.T.);
#2155 = EDGE_LOOP('',(#2156,#2166,#2174,#2182));
#2156 = ORIENTED_EDGE('',*,*,#2157,.F.);
#2157 = EDGE_CURVE('',#2158,#2160,#2162,.T.);
#2158 = VERTEX_POINT('',#2159);
#2159 = CARTESIAN_POINT('',(3.75,0.25,1.8));
#2160 = VERTEX_POINT('',#2161);
#2161 = CARTESIAN_POINT('',(3.75,-0.25,1.8));
#2162 = LINE('',#2163,#2164);
#2163 = CARTESIAN_POINT('',(3.75,-0.278366783637,1.8));
#2164 = VECTOR('',#2165,1.);
#2165 = DIRECTION('',(-1.224646799147E-16,-1.,1.600009310737E-31));
#2166 = ORIENTED_EDGE('',*,*,#2167,.T.);
#2167 = EDGE_CURVE('',#2158,#2168,#2170,.T.);
#2168 = VERTEX_POINT('',#2169);
#2169 = CARTESIAN_POINT('',(4.25,0.25,1.8));
#2170 = LINE('',#2171,#2172);
#2171 = CARTESIAN_POINT('',(3.125,0.25,1.8));
#2172 = VECTOR('',#2173,1.);
#2173 = DIRECTION('',(1.,-1.224646799147E-16,5.549886768123E-32));
#2174 = ORIENTED_EDGE('',*,*,#2175,.T.);
#2175 = EDGE_CURVE('',#2168,#2176,#2178,.T.);
#2176 = VERTEX_POINT('',#2177);
#2177 = CARTESIAN_POINT('',(4.25,-0.25,1.8));
#2178 = LINE('',#2179,#2180);
#2179 = CARTESIAN_POINT('',(4.25,-0.278366783637,1.8));
#2180 = VECTOR('',#2181,1.);
#2181 = DIRECTION('',(-1.224646799147E-16,-1.,1.600009310737E-31));
#2182 = ORIENTED_EDGE('',*,*,#2183,.T.);
#2183 = EDGE_CURVE('',#2176,#2160,#2184,.T.);
#2184 = LINE('',#2185,#2186);
#2185 = CARTESIAN_POINT('',(3.125,-0.25,1.8));
#2186 = VECTOR('',#2187,1.);
#2187 = DIRECTION('',(-1.,1.224646799147E-16,-5.549886768123E-32));
#2188 = PLANE('',#2189);
#2189 = AXIS2_PLACEMENT_3D('',#2190,#2191,#2192);
#2190 = CARTESIAN_POINT('',(2.,-0.6,1.8));
#2191 = DIRECTION('',(-5.549886768123E-32,1.600009310737E-31,1.));
#2192 = DIRECTION('',(-1.224646799147E-16,-1.,1.600009310737E-31));
#2193 = ADVANCED_FACE('',(#2194),#2212,.F.);
#2194 = FACE_BOUND('',#2195,.F.);
#2195 = EDGE_LOOP('',(#2196,#2197,#2205,#2211));
#2196 = ORIENTED_EDGE('',*,*,#1721,.T.);
#2197 = ORIENTED_EDGE('',*,*,#2198,.T.);
#2198 = EDGE_CURVE('',#1714,#2199,#2201,.T.);
#2199 = VERTEX_POINT('',#2200);
#2200 = CARTESIAN_POINT('',(3.2,-2.,3.7));
#2201 = LINE('',#2202,#2203);
#2202 = CARTESIAN_POINT('',(3.2,-2.3,3.7));
#2203 = VECTOR('',#2204,1.);
#2204 = DIRECTION('',(1.224646799147E-16,1.,0.));
#2205 = ORIENTED_EDGE('',*,*,#2206,.F.);
#2206 = EDGE_CURVE('',#2074,#2199,#2207,.T.);
#2207 = LINE('',#2208,#2209);
#2208 = CARTESIAN_POINT('',(3.2,-2.,1.8));
#2209 = VECTOR('',#2210,1.);
#2210 = DIRECTION('',(0.,0.,1.));
#2211 = ORIENTED_EDGE('',*,*,#2081,.F.);
#2212 = PLANE('',#2213);
#2213 = AXIS2_PLACEMENT_3D('',#2214,#2215,#2216);
#2214 = CARTESIAN_POINT('',(3.2,-2.3,1.8));
#2215 = DIRECTION('',(-1.,1.224646799147E-16,0.));
#2216 = DIRECTION('',(1.224646799147E-16,1.,0.));
#2217 = ADVANCED_FACE('',(#2218),#2236,.T.);
#2218 = FACE_BOUND('',#2219,.T.);
#2219 = EDGE_LOOP('',(#2220,#2228,#2234,#2235));
#2220 = ORIENTED_EDGE('',*,*,#2221,.T.);
#2221 = EDGE_CURVE('',#2199,#2222,#2224,.T.);
#2222 = VERTEX_POINT('',#2223);
#2223 = CARTESIAN_POINT('',(2.8,-2.,3.7));
#2224 = LINE('',#2225,#2226);
#2225 = CARTESIAN_POINT('',(3.2,-2.,3.7));
#2226 = VECTOR('',#2227,1.);
#2227 = DIRECTION('',(-1.,1.224646799147E-16,0.));
#2228 = ORIENTED_EDGE('',*,*,#2229,.T.);
#2229 = EDGE_CURVE('',#2222,#1706,#2230,.T.);
#2230 = LINE('',#2231,#2232);
#2231 = CARTESIAN_POINT('',(2.8,-2.,3.7));
#2232 = VECTOR('',#2233,1.);
#2233 = DIRECTION('',(-1.224646799147E-16,-1.,0.));
#2234 = ORIENTED_EDGE('',*,*,#1713,.T.);
#2235 = ORIENTED_EDGE('',*,*,#2198,.T.);
#2236 = PLANE('',#2237);
#2237 = AXIS2_PLACEMENT_3D('',#2238,#2239,#2240);
#2238 = CARTESIAN_POINT('',(3.,-2.15,3.7));
#2239 = DIRECTION('',(0.,0.,1.));
#2240 = DIRECTION('',(-1.,1.224646799147E-16,0.));
#2241 = ADVANCED_FACE('',(#2242),#2253,.F.);
#2242 = FACE_BOUND('',#2243,.F.);
#2243 = EDGE_LOOP('',(#2244,#2250,#2251,#2252));
#2244 = ORIENTED_EDGE('',*,*,#2245,.T.);
#2245 = EDGE_CURVE('',#2066,#2222,#2246,.T.);
#2246 = LINE('',#2247,#2248);
#2247 = CARTESIAN_POINT('',(2.8,-2.,1.8));
#2248 = VECTOR('',#2249,1.);
#2249 = DIRECTION('',(0.,0.,1.));
#2250 = ORIENTED_EDGE('',*,*,#2229,.T.);
#2251 = ORIENTED_EDGE('',*,*,#1705,.F.);
#2252 = ORIENTED_EDGE('',*,*,#2065,.F.);
#2253 = PLANE('',#2254);
#2254 = AXIS2_PLACEMENT_3D('',#2255,#2256,#2257);
#2255 = CARTESIAN_POINT('',(2.8,-2.,1.8));
#2256 = DIRECTION('',(1.,-1.224646799147E-16,0.));
#2257 = DIRECTION('',(-1.224646799147E-16,-1.,0.));
#2258 = ADVANCED_FACE('',(#2259),#2277,.F.);
#2259 = FACE_BOUND('',#2260,.F.);
#2260 = EDGE_LOOP('',(#2261,#2262,#2270,#2276));
#2261 = ORIENTED_EDGE('',*,*,#1689,.T.);
#2262 = ORIENTED_EDGE('',*,*,#2263,.T.);
#2263 = EDGE_CURVE('',#1682,#2264,#2266,.T.);
#2264 = VERTEX_POINT('',#2265);
#2265 = CARTESIAN_POINT('',(1.2,-2.,3.7));
#2266 = LINE('',#2267,#2268);
#2267 = CARTESIAN_POINT('',(1.2,-2.3,3.7));
#2268 = VECTOR('',#2269,1.);
#2269 = DIRECTION('',(1.224646799147E-16,1.,0.));
#2270 = ORIENTED_EDGE('',*,*,#2271,.F.);
#2271 = EDGE_CURVE('',#2051,#2264,#2272,.T.);
#2272 = LINE('',#2273,#2274);
#2273 = CARTESIAN_POINT('',(1.2,-2.,1.8));
#2274 = VECTOR('',#2275,1.);
#2275 = DIRECTION('',(0.,0.,1.));
#2276 = ORIENTED_EDGE('',*,*,#2058,.F.);
#2277 = PLANE('',#2278);
#2278 = AXIS2_PLACEMENT_3D('',#2279,#2280,#2281);
#2279 = CARTESIAN_POINT('',(1.2,-2.3,1.8));
#2280 = DIRECTION('',(-1.,1.224646799147E-16,0.));
#2281 = DIRECTION('',(1.224646799147E-16,1.,0.));
#2282 = ADVANCED_FACE('',(#2283),#2301,.T.);
#2283 = FACE_BOUND('',#2284,.T.);
#2284 = EDGE_LOOP('',(#2285,#2293,#2299,#2300));
#2285 = ORIENTED_EDGE('',*,*,#2286,.T.);
#2286 = EDGE_CURVE('',#2264,#2287,#2289,.T.);
#2287 = VERTEX_POINT('',#2288);
#2288 = CARTESIAN_POINT('',(0.8,-2.,3.7));
#2289 = LINE('',#2290,#2291);
#2290 = CARTESIAN_POINT('',(1.2,-2.,3.7));
#2291 = VECTOR('',#2292,1.);
#2292 = DIRECTION('',(-1.,1.224646799147E-16,0.));
#2293 = ORIENTED_EDGE('',*,*,#2294,.T.);
#2294 = EDGE_CURVE('',#2287,#1674,#2295,.T.);
#2295 = LINE('',#2296,#2297);
#2296 = CARTESIAN_POINT('',(0.8,-2.,3.7));
#2297 = VECTOR('',#2298,1.);
#2298 = DIRECTION('',(-1.224646799147E-16,-1.,0.));
#2299 = ORIENTED_EDGE('',*,*,#1681,.T.);
#2300 = ORIENTED_EDGE('',*,*,#2263,.T.);
#2301 = PLANE('',#2302);
#2302 = AXIS2_PLACEMENT_3D('',#2303,#2304,#2305);
#2303 = CARTESIAN_POINT('',(1.,-2.15,3.7));
#2304 = DIRECTION('',(0.,0.,1.));
#2305 = DIRECTION('',(-1.,1.224646799147E-16,0.));
#2306 = ADVANCED_FACE('',(#2307),#2318,.F.);
#2307 = FACE_BOUND('',#2308,.F.);
#2308 = EDGE_LOOP('',(#2309,#2315,#2316,#2317));
#2309 = ORIENTED_EDGE('',*,*,#2310,.T.);
#2310 = EDGE_CURVE('',#2043,#2287,#2311,.T.);
#2311 = LINE('',#2312,#2313);
#2312 = CARTESIAN_POINT('',(0.8,-2.,1.8));
#2313 = VECTOR('',#2314,1.);
#2314 = DIRECTION('',(0.,0.,1.));
#2315 = ORIENTED_EDGE('',*,*,#2294,.T.);
#2316 = ORIENTED_EDGE('',*,*,#1673,.F.);
#2317 = ORIENTED_EDGE('',*,*,#2042,.F.);
#2318 = PLANE('',#2319);
#2319 = AXIS2_PLACEMENT_3D('',#2320,#2321,#2322);
#2320 = CARTESIAN_POINT('',(0.8,-2.,1.8));
#2321 = DIRECTION('',(1.,-1.224646799147E-16,0.));
#2322 = DIRECTION('',(-1.224646799147E-16,-1.,0.));
#2323 = ADVANCED_FACE('',(#2324),#2381,.T.);
#2324 = FACE_BOUND('',#2325,.T.);
#2325 = EDGE_LOOP('',(#2326,#2336,#2344,#2352,#2358,#2359,#2367,#2375));
#2326 = ORIENTED_EDGE('',*,*,#2327,.T.);
#2327 = EDGE_CURVE('',#2328,#2330,#2332,.T.);
#2328 = VERTEX_POINT('',#2329);
#2329 = CARTESIAN_POINT('',(-0.25,0.281578947368,-3.2));
#2330 = VERTEX_POINT('',#2331);
#2331 = CARTESIAN_POINT('',(-0.25,-0.218421052632,-3.2));
#2332 = LINE('',#2333,#2334);
#2333 = CARTESIAN_POINT('',(-0.25,0.25,-3.2));
#2334 = VECTOR('',#2335,1.);
#2335 = DIRECTION('',(-1.224646799147E-16,-1.,0.));
#2336 = ORIENTED_EDGE('',*,*,#2337,.T.);
#2337 = EDGE_CURVE('',#2330,#2338,#2340,.T.);
#2338 = VERTEX_POINT('',#2339);
#2339 = CARTESIAN_POINT('',(-0.25,5.E-02,-1.5));
#2340 = LINE('',#2341,#2342);
#2341 = CARTESIAN_POINT('',(-0.25,-0.25,-3.4));
#2342 = VECTOR('',#2343,1.);
#2343 = DIRECTION('',(1.909990663905E-17,0.155962573473,0.987762965329)
  );
#2344 = ORIENTED_EDGE('',*,*,#2345,.T.);
#2345 = EDGE_CURVE('',#2338,#2346,#2348,.T.);
#2346 = VERTEX_POINT('',#2347);
#2347 = CARTESIAN_POINT('',(-0.25,-0.25,-0.9));
#2348 = LINE('',#2349,#2350);
#2349 = CARTESIAN_POINT('',(-0.25,5.E-02,-1.5));
#2350 = VECTOR('',#2351,1.);
#2351 = DIRECTION('',(-5.476786982641E-17,-0.4472135955,0.894427191));
#2352 = ORIENTED_EDGE('',*,*,#2353,.T.);
#2353 = EDGE_CURVE('',#2346,#1753,#2354,.T.);
#2354 = LINE('',#2355,#2356);
#2355 = CARTESIAN_POINT('',(-0.25,-0.25,-0.9));
#2356 = VECTOR('',#2357,1.);
#2357 = DIRECTION('',(0.,0.,1.));
#2358 = ORIENTED_EDGE('',*,*,#1750,.F.);
#2359 = ORIENTED_EDGE('',*,*,#2360,.T.);
#2360 = EDGE_CURVE('',#1751,#2361,#2363,.T.);
#2361 = VERTEX_POINT('',#2362);
#2362 = CARTESIAN_POINT('',(-0.25,0.25,-0.9));
#2363 = LINE('',#2364,#2365);
#2364 = CARTESIAN_POINT('',(-0.25,0.25,5.));
#2365 = VECTOR('',#2366,1.);
#2366 = DIRECTION('',(-0.,0.,-1.));
#2367 = ORIENTED_EDGE('',*,*,#2368,.T.);
#2368 = EDGE_CURVE('',#2361,#2369,#2371,.T.);
#2369 = VERTEX_POINT('',#2370);
#2370 = CARTESIAN_POINT('',(-0.25,0.55,-1.5));
#2371 = LINE('',#2372,#2373);
#2372 = CARTESIAN_POINT('',(-0.25,0.25,-0.9));
#2373 = VECTOR('',#2374,1.);
#2374 = DIRECTION('',(5.476786982641E-17,0.4472135955,-0.894427191));
#2375 = ORIENTED_EDGE('',*,*,#2376,.T.);
#2376 = EDGE_CURVE('',#2369,#2328,#2377,.T.);
#2377 = LINE('',#2378,#2379);
#2378 = CARTESIAN_POINT('',(-0.25,0.55,-1.5));
#2379 = VECTOR('',#2380,1.);
#2380 = DIRECTION('',(-1.909990663905E-17,-0.155962573473,
    -0.987762965329));
#2381 = PLANE('',#2382);
#2382 = AXIS2_PLACEMENT_3D('',#2383,#2384,#2385);
#2383 = CARTESIAN_POINT('',(-0.25,4.326643272645E-02,0.775746953017));
#2384 = DIRECTION('',(-1.,1.224646799147E-16,0.));
#2385 = DIRECTION('',(0.,0.,1.));
#2386 = ADVANCED_FACE('',(#2387),#2405,.F.);
#2387 = FACE_BOUND('',#2388,.F.);
#2388 = EDGE_LOOP('',(#2389,#2397,#2403,#2404));
#2389 = ORIENTED_EDGE('',*,*,#2390,.F.);
#2390 = EDGE_CURVE('',#2391,#1769,#2393,.T.);
#2391 = VERTEX_POINT('',#2392);
#2392 = CARTESIAN_POINT('',(0.25,-0.25,-0.9));
#2393 = LINE('',#2394,#2395);
#2394 = CARTESIAN_POINT('',(0.25,-0.25,-0.9));
#2395 = VECTOR('',#2396,1.);
#2396 = DIRECTION('',(0.,0.,1.));
#2397 = ORIENTED_EDGE('',*,*,#2398,.T.);
#2398 = EDGE_CURVE('',#2391,#2346,#2399,.T.);
#2399 = LINE('',#2400,#2401);
#2400 = CARTESIAN_POINT('',(0.25,-0.25,-0.9));
#2401 = VECTOR('',#2402,1.);
#2402 = DIRECTION('',(-1.,1.224646799147E-16,0.));
#2403 = ORIENTED_EDGE('',*,*,#2353,.T.);
#2404 = ORIENTED_EDGE('',*,*,#1776,.F.);
#2405 = PLANE('',#2406);
#2406 = AXIS2_PLACEMENT_3D('',#2407,#2408,#2409);
#2407 = CARTESIAN_POINT('',(0.25,-0.25,-0.9));
#2408 = DIRECTION('',(1.224646799147E-16,1.,0.));
#2409 = DIRECTION('',(0.,-0.,1.));
#2410 = ADVANCED_FACE('',(#2411),#2461,.F.);
#2411 = FACE_BOUND('',#2412,.F.);
#2412 = EDGE_LOOP('',(#2413,#2423,#2431,#2437,#2438,#2439,#2447,#2455));
#2413 = ORIENTED_EDGE('',*,*,#2414,.T.);
#2414 = EDGE_CURVE('',#2415,#2417,#2419,.T.);
#2415 = VERTEX_POINT('',#2416);
#2416 = CARTESIAN_POINT('',(0.25,0.281578947368,-3.2));
#2417 = VERTEX_POINT('',#2418);
#2418 = CARTESIAN_POINT('',(0.25,-0.218421052632,-3.2));
#2419 = LINE('',#2420,#2421);
#2420 = CARTESIAN_POINT('',(0.25,0.25,-3.2));
#2421 = VECTOR('',#2422,1.);
#2422 = DIRECTION('',(-1.224646799147E-16,-1.,0.));
#2423 = ORIENTED_EDGE('',*,*,#2424,.T.);
#2424 = EDGE_CURVE('',#2417,#2425,#2427,.T.);
#2425 = VERTEX_POINT('',#2426);
#2426 = CARTESIAN_POINT('',(0.25,5.E-02,-1.5));
#2427 = LINE('',#2428,#2429);
#2428 = CARTESIAN_POINT('',(0.25,-0.25,-3.4));
#2429 = VECTOR('',#2430,1.);
#2430 = DIRECTION('',(1.909990663905E-17,0.155962573473,0.987762965329)
  );
#2431 = ORIENTED_EDGE('',*,*,#2432,.T.);
#2432 = EDGE_CURVE('',#2425,#2391,#2433,.T.);
#2433 = LINE('',#2434,#2435);
#2434 = CARTESIAN_POINT('',(0.25,5.E-02,-1.5));
#2435 = VECTOR('',#2436,1.);
#2436 = DIRECTION('',(-5.476786982641E-17,-0.4472135955,0.894427191));
#2437 = ORIENTED_EDGE('',*,*,#2390,.T.);
#2438 = ORIENTED_EDGE('',*,*,#1768,.F.);
#2439 = ORIENTED_EDGE('',*,*,#2440,.T.);
#2440 = EDGE_CURVE('',#1761,#2441,#2443,.T.);
#2441 = VERTEX_POINT('',#2442);
#2442 = CARTESIAN_POINT('',(0.25,0.25,-0.9));
#2443 = LINE('',#2444,#2445);
#2444 = CARTESIAN_POINT('',(0.25,0.25,5.));
#2445 = VECTOR('',#2446,1.);
#2446 = DIRECTION('',(-0.,0.,-1.));
#2447 = ORIENTED_EDGE('',*,*,#2448,.T.);
#2448 = EDGE_CURVE('',#2441,#2449,#2451,.T.);
#2449 = VERTEX_POINT('',#2450);
#2450 = CARTESIAN_POINT('',(0.25,0.55,-1.5));
#2451 = LINE('',#2452,#2453);
#2452 = CARTESIAN_POINT('',(0.25,0.25,-0.9));
#2453 = VECTOR('',#2454,1.);
#2454 = DIRECTION('',(5.476786982641E-17,0.4472135955,-0.894427191));
#2455 = ORIENTED_EDGE('',*,*,#2456,.T.);
#2456 = EDGE_CURVE('',#2449,#2415,#2457,.T.);
#2457 = LINE('',#2458,#2459);
#2458 = CARTESIAN_POINT('',(0.25,0.55,-1.5));
#2459 = VECTOR('',#2460,1.);
#2460 = DIRECTION('',(-1.909990663905E-17,-0.155962573473,
    -0.987762965329));
#2461 = PLANE('',#2462);
#2462 = AXIS2_PLACEMENT_3D('',#2463,#2464,#2465);
#2463 = CARTESIAN_POINT('',(0.25,4.326643272645E-02,0.775746953017));
#2464 = DIRECTION('',(-1.,1.224646799147E-16,0.));
#2465 = DIRECTION('',(0.,0.,1.));
#2466 = ADVANCED_FACE('',(#2467),#2478,.F.);
#2467 = FACE_BOUND('',#2468,.F.);
#2468 = EDGE_LOOP('',(#2469,#2470,#2471,#2472));
#2469 = ORIENTED_EDGE('',*,*,#2440,.F.);
#2470 = ORIENTED_EDGE('',*,*,#1760,.F.);
#2471 = ORIENTED_EDGE('',*,*,#2360,.T.);
#2472 = ORIENTED_EDGE('',*,*,#2473,.F.);
#2473 = EDGE_CURVE('',#2441,#2361,#2474,.T.);
#2474 = LINE('',#2475,#2476);
#2475 = CARTESIAN_POINT('',(0.25,0.25,-0.9));
#2476 = VECTOR('',#2477,1.);
#2477 = DIRECTION('',(-1.,1.224646799147E-16,0.));
#2478 = PLANE('',#2479);
#2479 = AXIS2_PLACEMENT_3D('',#2480,#2481,#2482);
#2480 = CARTESIAN_POINT('',(0.25,0.25,5.));
#2481 = DIRECTION('',(-1.224646799147E-16,-1.,0.));
#2482 = DIRECTION('',(-0.,0.,-1.));
#2483 = ADVANCED_FACE('',(#2484),#2509,.T.);
#2484 = FACE_BOUND('',#2485,.T.);
#2485 = EDGE_LOOP('',(#2486,#2496,#2502,#2503));
#2486 = ORIENTED_EDGE('',*,*,#2487,.T.);
#2487 = EDGE_CURVE('',#2488,#2490,#2492,.T.);
#2488 = VERTEX_POINT('',#2489);
#2489 = CARTESIAN_POINT('',(1.75,0.25,-3.2));
#2490 = VERTEX_POINT('',#2491);
#2491 = CARTESIAN_POINT('',(1.75,-0.25,-3.2));
#2492 = LINE('',#2493,#2494);
#2493 = CARTESIAN_POINT('',(1.75,0.25,-3.2));
#2494 = VECTOR('',#2495,1.);
#2495 = DIRECTION('',(-1.224646799147E-16,-1.,0.));
#2496 = ORIENTED_EDGE('',*,*,#2497,.T.);
#2497 = EDGE_CURVE('',#2490,#1799,#2498,.T.);
#2498 = LINE('',#2499,#2500);
#2499 = CARTESIAN_POINT('',(1.75,-0.25,-3.4));
#2500 = VECTOR('',#2501,1.);
#2501 = DIRECTION('',(0.,0.,1.));
#2502 = ORIENTED_EDGE('',*,*,#1796,.F.);
#2503 = ORIENTED_EDGE('',*,*,#2504,.T.);
#2504 = EDGE_CURVE('',#1797,#2488,#2505,.T.);
#2505 = LINE('',#2506,#2507);
#2506 = CARTESIAN_POINT('',(1.75,0.25,5.));
#2507 = VECTOR('',#2508,1.);
#2508 = DIRECTION('',(-0.,0.,-1.));
#2509 = PLANE('',#2510);
#2510 = AXIS2_PLACEMENT_3D('',#2511,#2512,#2513);
#2511 = CARTESIAN_POINT('',(1.75,3.061616997868E-17,0.8));
#2512 = DIRECTION('',(-1.,1.224646799147E-16,0.));
#2513 = DIRECTION('',(0.,0.,1.));
#2514 = ADVANCED_FACE('',(#2515),#2533,.F.);
#2515 = FACE_BOUND('',#2516,.F.);
#2516 = EDGE_LOOP('',(#2517,#2525,#2531,#2532));
#2517 = ORIENTED_EDGE('',*,*,#2518,.F.);
#2518 = EDGE_CURVE('',#2519,#1815,#2521,.T.);
#2519 = VERTEX_POINT('',#2520);
#2520 = CARTESIAN_POINT('',(2.25,-0.25,-3.2));
#2521 = LINE('',#2522,#2523);
#2522 = CARTESIAN_POINT('',(2.25,-0.25,-3.4));
#2523 = VECTOR('',#2524,1.);
#2524 = DIRECTION('',(0.,0.,1.));
#2525 = ORIENTED_EDGE('',*,*,#2526,.T.);
#2526 = EDGE_CURVE('',#2519,#2490,#2527,.T.);
#2527 = LINE('',#2528,#2529);
#2528 = CARTESIAN_POINT('',(2.25,-0.25,-3.2));
#2529 = VECTOR('',#2530,1.);
#2530 = DIRECTION('',(-1.,1.224646799147E-16,0.));
#2531 = ORIENTED_EDGE('',*,*,#2497,.T.);
#2532 = ORIENTED_EDGE('',*,*,#1822,.F.);
#2533 = PLANE('',#2534);
#2534 = AXIS2_PLACEMENT_3D('',#2535,#2536,#2537);
#2535 = CARTESIAN_POINT('',(2.25,-0.25,-3.4));
#2536 = DIRECTION('',(1.224646799147E-16,1.,0.));
#2537 = DIRECTION('',(0.,-0.,1.));
#2538 = ADVANCED_FACE('',(#2539),#2557,.F.);
#2539 = FACE_BOUND('',#2540,.F.);
#2540 = EDGE_LOOP('',(#2541,#2549,#2550,#2551));
#2541 = ORIENTED_EDGE('',*,*,#2542,.T.);
#2542 = EDGE_CURVE('',#2543,#2519,#2545,.T.);
#2543 = VERTEX_POINT('',#2544);
#2544 = CARTESIAN_POINT('',(2.25,0.25,-3.2));
#2545 = LINE('',#2546,#2547);
#2546 = CARTESIAN_POINT('',(2.25,0.25,-3.2));
#2547 = VECTOR('',#2548,1.);
#2548 = DIRECTION('',(-1.224646799147E-16,-1.,0.));
#2549 = ORIENTED_EDGE('',*,*,#2518,.T.);
#2550 = ORIENTED_EDGE('',*,*,#1814,.F.);
#2551 = ORIENTED_EDGE('',*,*,#2552,.T.);
#2552 = EDGE_CURVE('',#1807,#2543,#2553,.T.);
#2553 = LINE('',#2554,#2555);
#2554 = CARTESIAN_POINT('',(2.25,0.25,5.));
#2555 = VECTOR('',#2556,1.);
#2556 = DIRECTION('',(-0.,0.,-1.));
#2557 = PLANE('',#2558);
#2558 = AXIS2_PLACEMENT_3D('',#2559,#2560,#2561);
#2559 = CARTESIAN_POINT('',(2.25,-3.061616997868E-17,0.8));
#2560 = DIRECTION('',(-1.,1.224646799147E-16,0.));
#2561 = DIRECTION('',(0.,0.,1.));
#2562 = ADVANCED_FACE('',(#2563),#2574,.F.);
#2563 = FACE_BOUND('',#2564,.F.);
#2564 = EDGE_LOOP('',(#2565,#2566,#2567,#2568));
#2565 = ORIENTED_EDGE('',*,*,#2552,.F.);
#2566 = ORIENTED_EDGE('',*,*,#1806,.F.);
#2567 = ORIENTED_EDGE('',*,*,#2504,.T.);
#2568 = ORIENTED_EDGE('',*,*,#2569,.F.);
#2569 = EDGE_CURVE('',#2543,#2488,#2570,.T.);
#2570 = LINE('',#2571,#2572);
#2571 = CARTESIAN_POINT('',(2.25,0.25,-3.2));
#2572 = VECTOR('',#2573,1.);
#2573 = DIRECTION('',(-1.,1.224646799147E-16,0.));
#2574 = PLANE('',#2575);
#2575 = AXIS2_PLACEMENT_3D('',#2576,#2577,#2578);
#2576 = CARTESIAN_POINT('',(2.25,0.25,5.));
#2577 = DIRECTION('',(-1.224646799147E-16,-1.,0.));
#2578 = DIRECTION('',(-0.,0.,-1.));
#2579 = ADVANCED_FACE('',(#2580),#2621,.F.);
#2580 = FACE_BOUND('',#2581,.T.);
#2581 = EDGE_LOOP('',(#2582,#2592,#2600,#2608,#2614,#2615));
#2582 = ORIENTED_EDGE('',*,*,#2583,.F.);
#2583 = EDGE_CURVE('',#2584,#2586,#2588,.T.);
#2584 = VERTEX_POINT('',#2585);
#2585 = CARTESIAN_POINT('',(3.95,5.E-02,-3.4));
#2586 = VERTEX_POINT('',#2587);
#2587 = CARTESIAN_POINT('',(3.752447406934,0.281192514695,
    -3.202447406934));
#2588 = LINE('',#2589,#2590);
#2589 = CARTESIAN_POINT('',(3.895376695718,0.113924744707,
    -3.345376695718));
#2590 = VECTOR('',#2591,1.);
#2591 = DIRECTION('',(-0.544770019249,0.63753529491,0.544770019249));
#2592 = ORIENTED_EDGE('',*,*,#2593,.T.);
#2593 = EDGE_CURVE('',#2584,#2594,#2596,.T.);
#2594 = VERTEX_POINT('',#2595);
#2595 = CARTESIAN_POINT('',(3.95,-5.E-02,-3.4));
#2596 = LINE('',#2597,#2598);
#2597 = CARTESIAN_POINT('',(3.95,0.25,-3.4));
#2598 = VECTOR('',#2599,1.);
#2599 = DIRECTION('',(-1.224646799147E-16,-1.,0.));
#2600 = ORIENTED_EDGE('',*,*,#2601,.T.);
#2601 = EDGE_CURVE('',#2594,#2602,#2604,.T.);
#2602 = VERTEX_POINT('',#2603);
#2603 = CARTESIAN_POINT('',(3.752447406934,-0.218807485305,
    -3.202447406934));
#2604 = LINE('',#2605,#2606);
#2605 = CARTESIAN_POINT('',(3.983963101414,-2.097873708559E-02,
    -3.433963101414));
#2606 = VECTOR('',#2607,1.);
#2607 = DIRECTION('',(-0.605209817607,-0.517148096144,0.605209817607));
#2608 = ORIENTED_EDGE('',*,*,#2609,.T.);
#2609 = EDGE_CURVE('',#2602,#1868,#2610,.T.);
#2610 = LINE('',#2611,#2612);
#2611 = CARTESIAN_POINT('',(3.955198358413,-0.250820793434,
    -3.405198358413));
#2612 = VECTOR('',#2613,1.);
#2613 = DIRECTION('',(-0.702740385383,0.110959008218,0.702740385383));
#2614 = ORIENTED_EDGE('',*,*,#1865,.F.);
#2615 = ORIENTED_EDGE('',*,*,#2616,.F.);
#2616 = EDGE_CURVE('',#2586,#1866,#2617,.T.);
#2617 = LINE('',#2618,#2619);
#2618 = CARTESIAN_POINT('',(3.493844049248,0.322024623803,
    -2.943844049248));
#2619 = VECTOR('',#2620,1.);
#2620 = DIRECTION('',(-0.702740385383,0.110959008218,0.702740385383));
#2621 = PLANE('',#2622);
#2622 = AXIS2_PLACEMENT_3D('',#2623,#2624,#2625);
#2623 = CARTESIAN_POINT('',(3.85,0.25,-3.3));
#2624 = DIRECTION('',(0.707106781187,-8.833102285013E-17,0.707106781187)
  );
#2625 = DIRECTION('',(1.236918052038E-16,1.,1.227125289097E-18));
#2626 = ADVANCED_FACE('',(#2627),#2652,.F.);
#2627 = FACE_BOUND('',#2628,.F.);
#2628 = EDGE_LOOP('',(#2629,#2630,#2636,#2637,#2638,#2646));
#2629 = ORIENTED_EDGE('',*,*,#1994,.F.);
#2630 = ORIENTED_EDGE('',*,*,#2631,.T.);
#2631 = EDGE_CURVE('',#1987,#1907,#2632,.T.);
#2632 = LINE('',#2633,#2634);
#2633 = CARTESIAN_POINT('',(4.25,0.55,-1.5));
#2634 = VECTOR('',#2635,1.);
#2635 = DIRECTION('',(-1.,1.224646799147E-16,0.));
#2636 = ORIENTED_EDGE('',*,*,#1914,.T.);
#2637 = ORIENTED_EDGE('',*,*,#2616,.F.);
#2638 = ORIENTED_EDGE('',*,*,#2639,.F.);
#2639 = EDGE_CURVE('',#2640,#2586,#2642,.T.);
#2640 = VERTEX_POINT('',#2641);
#2641 = CARTESIAN_POINT('',(4.247552593066,0.281192514695,
    -3.202447406934));
#2642 = LINE('',#2643,#2644);
#2643 = CARTESIAN_POINT('',(4.25,0.281192514695,-3.202447406934));
#2644 = VECTOR('',#2645,1.);
#2645 = DIRECTION('',(-1.,1.224646799147E-16,0.));
#2646 = ORIENTED_EDGE('',*,*,#2647,.T.);
#2647 = EDGE_CURVE('',#2640,#1953,#2648,.T.);
#2648 = LINE('',#2649,#2650);
#2649 = CARTESIAN_POINT('',(4.629616963064,0.341518467852,
    -2.820383036936));
#2650 = VECTOR('',#2651,1.);
#2651 = DIRECTION('',(0.702740385383,0.110959008218,0.702740385383));
#2652 = PLANE('',#2653);
#2653 = AXIS2_PLACEMENT_3D('',#2654,#2655,#2656);
#2654 = CARTESIAN_POINT('',(4.25,0.55,-1.5));
#2655 = DIRECTION('',(-1.209660753807E-16,-0.987762965329,0.155962573473
    ));
#2656 = DIRECTION('',(-1.909990663905E-17,-0.155962573473,
    -0.987762965329));
#2657 = ADVANCED_FACE('',(#2658),#2664,.F.);
#2658 = FACE_BOUND('',#2659,.F.);
#2659 = EDGE_LOOP('',(#2660,#2661,#2662,#2663));
#2660 = ORIENTED_EDGE('',*,*,#2011,.T.);
#2661 = ORIENTED_EDGE('',*,*,#1906,.T.);
#2662 = ORIENTED_EDGE('',*,*,#2631,.F.);
#2663 = ORIENTED_EDGE('',*,*,#1986,.F.);
#2664 = PLANE('',#2665);
#2665 = AXIS2_PLACEMENT_3D('',#2666,#2667,#2668);
#2666 = CARTESIAN_POINT('',(4.25,0.25,-0.9));
#2667 = DIRECTION('',(-1.095357396528E-16,-0.894427191,-0.4472135955));
#2668 = DIRECTION('',(5.476786982641E-17,0.4472135955,-0.894427191));
#2669 = ADVANCED_FACE('',(#2670),#2681,.F.);
#2670 = FACE_BOUND('',#2671,.F.);
#2671 = EDGE_LOOP('',(#2672,#2678,#2679,#2680));
#2672 = ORIENTED_EDGE('',*,*,#2673,.T.);
#2673 = EDGE_CURVE('',#1963,#1876,#2674,.T.);
#2674 = LINE('',#2675,#2676);
#2675 = CARTESIAN_POINT('',(4.25,5.E-02,-1.5));
#2676 = VECTOR('',#2677,1.);
#2677 = DIRECTION('',(-1.,1.224646799147E-16,0.));
#2678 = ORIENTED_EDGE('',*,*,#1883,.T.);
#2679 = ORIENTED_EDGE('',*,*,#1936,.F.);
#2680 = ORIENTED_EDGE('',*,*,#1970,.F.);
#2681 = PLANE('',#2682);
#2682 = AXIS2_PLACEMENT_3D('',#2683,#2684,#2685);
#2683 = CARTESIAN_POINT('',(4.25,5.E-02,-1.5));
#2684 = DIRECTION('',(1.095357396528E-16,0.894427191,0.4472135955));
#2685 = DIRECTION('',(-5.476786982641E-17,-0.4472135955,0.894427191));
#2686 = ADVANCED_FACE('',(#2687),#2707,.F.);
#2687 = FACE_BOUND('',#2688,.F.);
#2688 = EDGE_LOOP('',(#2689,#2690,#2698,#2704,#2705,#2706));
#2689 = ORIENTED_EDGE('',*,*,#1962,.F.);
#2690 = ORIENTED_EDGE('',*,*,#2691,.F.);
#2691 = EDGE_CURVE('',#2692,#1955,#2694,.T.);
#2692 = VERTEX_POINT('',#2693);
#2693 = CARTESIAN_POINT('',(4.247552593066,-0.218807485305,
    -3.202447406934));
#2694 = LINE('',#2695,#2696);
#2695 = CARTESIAN_POINT('',(4.168262653899,-0.231326949384,
    -3.281737346101));
#2696 = VECTOR('',#2697,1.);
#2697 = DIRECTION('',(0.702740385383,0.110959008218,0.702740385383));
#2698 = ORIENTED_EDGE('',*,*,#2699,.T.);
#2699 = EDGE_CURVE('',#2692,#2602,#2700,.T.);
#2700 = LINE('',#2701,#2702);
#2701 = CARTESIAN_POINT('',(4.25,-0.218807485305,-3.202447406934));
#2702 = VECTOR('',#2703,1.);
#2703 = DIRECTION('',(-1.,1.224646799147E-16,0.));
#2704 = ORIENTED_EDGE('',*,*,#2609,.T.);
#2705 = ORIENTED_EDGE('',*,*,#1875,.T.);
#2706 = ORIENTED_EDGE('',*,*,#2673,.F.);
#2707 = PLANE('',#2708);
#2708 = AXIS2_PLACEMENT_3D('',#2709,#2710,#2711);
#2709 = CARTESIAN_POINT('',(4.25,-0.25,-3.4));
#2710 = DIRECTION('',(1.209660753807E-16,0.987762965329,-0.155962573473)
  );
#2711 = DIRECTION('',(1.909990663905E-17,0.155962573473,0.987762965329)
  );
#2712 = ADVANCED_FACE('',(#2713),#2740,.T.);
#2713 = FACE_BOUND('',#2714,.F.);
#2714 = EDGE_LOOP('',(#2715,#2723,#2724,#2725,#2726,#2734));
#2715 = ORIENTED_EDGE('',*,*,#2716,.T.);
#2716 = EDGE_CURVE('',#2717,#2692,#2719,.T.);
#2717 = VERTEX_POINT('',#2718);
#2718 = CARTESIAN_POINT('',(4.05,-5.E-02,-3.4));
#2719 = LINE('',#2720,#2721);
#2720 = CARTESIAN_POINT('',(4.107606629418,-9.922451332131E-02,
    -3.342393370582));
#2721 = VECTOR('',#2722,1.);
#2722 = DIRECTION('',(0.605209817607,-0.517148096144,0.605209817607));
#2723 = ORIENTED_EDGE('',*,*,#2691,.T.);
#2724 = ORIENTED_EDGE('',*,*,#1952,.F.);
#2725 = ORIENTED_EDGE('',*,*,#2647,.F.);
#2726 = ORIENTED_EDGE('',*,*,#2727,.F.);
#2727 = EDGE_CURVE('',#2728,#2640,#2730,.T.);
#2728 = VERTEX_POINT('',#2729);
#2729 = CARTESIAN_POINT('',(4.05,5.E-02,-3.4));
#2730 = LINE('',#2731,#2732);
#2731 = CARTESIAN_POINT('',(4.17881689775,0.200752273427,-3.27118310225)
  );
#2732 = VECTOR('',#2733,1.);
#2733 = DIRECTION('',(0.544770019249,0.63753529491,0.544770019249));
#2734 = ORIENTED_EDGE('',*,*,#2735,.T.);
#2735 = EDGE_CURVE('',#2728,#2717,#2736,.T.);
#2736 = LINE('',#2737,#2738);
#2737 = CARTESIAN_POINT('',(4.05,0.25,-3.4));
#2738 = VECTOR('',#2739,1.);
#2739 = DIRECTION('',(-1.224646799147E-16,-1.,0.));
#2740 = PLANE('',#2741);
#2741 = AXIS2_PLACEMENT_3D('',#2742,#2743,#2744);
#2742 = CARTESIAN_POINT('',(4.15,0.25,-3.3));
#2743 = DIRECTION('',(0.707106781187,-8.486018839685E-17,-0.707106781187
    ));
#2744 = DIRECTION('',(1.212375546256E-16,1.,1.227125289196E-18));
#2745 = ADVANCED_FACE('',(#2746),#2752,.F.);
#2746 = FACE_BOUND('',#2747,.F.);
#2747 = EDGE_LOOP('',(#2748,#2749,#2750,#2751));
#2748 = ORIENTED_EDGE('',*,*,#2206,.T.);
#2749 = ORIENTED_EDGE('',*,*,#2221,.T.);
#2750 = ORIENTED_EDGE('',*,*,#2245,.F.);
#2751 = ORIENTED_EDGE('',*,*,#2073,.F.);
#2752 = PLANE('',#2753);
#2753 = AXIS2_PLACEMENT_3D('',#2754,#2755,#2756);
#2754 = CARTESIAN_POINT('',(3.2,-2.,1.8));
#2755 = DIRECTION('',(-1.224646799147E-16,-1.,0.));
#2756 = DIRECTION('',(-1.,1.224646799147E-16,0.));
#2757 = ADVANCED_FACE('',(#2758),#2764,.F.);
#2758 = FACE_BOUND('',#2759,.F.);
#2759 = EDGE_LOOP('',(#2760,#2761,#2762,#2763));
#2760 = ORIENTED_EDGE('',*,*,#2271,.T.);
#2761 = ORIENTED_EDGE('',*,*,#2286,.T.);
#2762 = ORIENTED_EDGE('',*,*,#2310,.F.);
#2763 = ORIENTED_EDGE('',*,*,#2050,.F.);
#2764 = PLANE('',#2765);
#2765 = AXIS2_PLACEMENT_3D('',#2766,#2767,#2768);
#2766 = CARTESIAN_POINT('',(1.2,-2.,1.8));
#2767 = DIRECTION('',(-1.224646799147E-16,-1.,0.));
#2768 = DIRECTION('',(-1.,1.224646799147E-16,0.));
#2769 = ADVANCED_FACE('',(#2770),#2795,.T.);
#2770 = FACE_BOUND('',#2771,.T.);
#2771 = EDGE_LOOP('',(#2772,#2773,#2781,#2789));
#2772 = ORIENTED_EDGE('',*,*,#2089,.T.);
#2773 = ORIENTED_EDGE('',*,*,#2774,.T.);
#2774 = EDGE_CURVE('',#2092,#2775,#2777,.T.);
#2775 = VERTEX_POINT('',#2776);
#2776 = CARTESIAN_POINT('',(-0.25,-0.25,4.8));
#2777 = LINE('',#2778,#2779);
#2778 = CARTESIAN_POINT('',(-0.25,-0.25,-0.9));
#2779 = VECTOR('',#2780,1.);
#2780 = DIRECTION('',(0.,0.,1.));
#2781 = ORIENTED_EDGE('',*,*,#2782,.T.);
#2782 = EDGE_CURVE('',#2775,#2783,#2785,.T.);
#2783 = VERTEX_POINT('',#2784);
#2784 = CARTESIAN_POINT('',(-0.25,0.25,4.8));
#2785 = LINE('',#2786,#2787);
#2786 = CARTESIAN_POINT('',(-0.25,-0.25,4.8));
#2787 = VECTOR('',#2788,1.);
#2788 = DIRECTION('',(1.224646799147E-16,1.,0.));
#2789 = ORIENTED_EDGE('',*,*,#2790,.T.);
#2790 = EDGE_CURVE('',#2783,#2090,#2791,.T.);
#2791 = LINE('',#2792,#2793);
#2792 = CARTESIAN_POINT('',(-0.25,0.25,5.));
#2793 = VECTOR('',#2794,1.);
#2794 = DIRECTION('',(-0.,0.,-1.));
#2795 = PLANE('',#2796);
#2796 = AXIS2_PLACEMENT_3D('',#2797,#2798,#2799);
#2797 = CARTESIAN_POINT('',(-0.25,4.326643272645E-02,0.775746953017));
#2798 = DIRECTION('',(-1.,1.224646799147E-16,0.));
#2799 = DIRECTION('',(0.,0.,1.));
#2800 = ADVANCED_FACE('',(#2801),#2819,.F.);
#2801 = FACE_BOUND('',#2802,.F.);
#2802 = EDGE_LOOP('',(#2803,#2811,#2812,#2813));
#2803 = ORIENTED_EDGE('',*,*,#2804,.F.);
#2804 = EDGE_CURVE('',#2108,#2805,#2807,.T.);
#2805 = VERTEX_POINT('',#2806);
#2806 = CARTESIAN_POINT('',(0.25,-0.25,4.8));
#2807 = LINE('',#2808,#2809);
#2808 = CARTESIAN_POINT('',(0.25,-0.25,-0.9));
#2809 = VECTOR('',#2810,1.);
#2810 = DIRECTION('',(0.,0.,1.));
#2811 = ORIENTED_EDGE('',*,*,#2115,.T.);
#2812 = ORIENTED_EDGE('',*,*,#2774,.T.);
#2813 = ORIENTED_EDGE('',*,*,#2814,.F.);
#2814 = EDGE_CURVE('',#2805,#2775,#2815,.T.);
#2815 = LINE('',#2816,#2817);
#2816 = CARTESIAN_POINT('',(0.25,-0.25,4.8));
#2817 = VECTOR('',#2818,1.);
#2818 = DIRECTION('',(-1.,1.224646799147E-16,0.));
#2819 = PLANE('',#2820);
#2820 = AXIS2_PLACEMENT_3D('',#2821,#2822,#2823);
#2821 = CARTESIAN_POINT('',(0.25,-0.25,-0.9));
#2822 = DIRECTION('',(1.224646799147E-16,1.,0.));
#2823 = DIRECTION('',(0.,-0.,1.));
#2824 = ADVANCED_FACE('',(#2825),#2843,.F.);
#2825 = FACE_BOUND('',#2826,.F.);
#2826 = EDGE_LOOP('',(#2827,#2828,#2829,#2837));
#2827 = ORIENTED_EDGE('',*,*,#2107,.T.);
#2828 = ORIENTED_EDGE('',*,*,#2804,.T.);
#2829 = ORIENTED_EDGE('',*,*,#2830,.T.);
#2830 = EDGE_CURVE('',#2805,#2831,#2833,.T.);
#2831 = VERTEX_POINT('',#2832);
#2832 = CARTESIAN_POINT('',(0.25,0.25,4.8));
#2833 = LINE('',#2834,#2835);
#2834 = CARTESIAN_POINT('',(0.25,-0.25,4.8));
#2835 = VECTOR('',#2836,1.);
#2836 = DIRECTION('',(1.224646799147E-16,1.,0.));
#2837 = ORIENTED_EDGE('',*,*,#2838,.T.);
#2838 = EDGE_CURVE('',#2831,#2100,#2839,.T.);
#2839 = LINE('',#2840,#2841);
#2840 = CARTESIAN_POINT('',(0.25,0.25,5.));
#2841 = VECTOR('',#2842,1.);
#2842 = DIRECTION('',(-0.,0.,-1.));
#2843 = PLANE('',#2844);
#2844 = AXIS2_PLACEMENT_3D('',#2845,#2846,#2847);
#2845 = CARTESIAN_POINT('',(0.25,4.326643272645E-02,0.775746953017));
#2846 = DIRECTION('',(-1.,1.224646799147E-16,0.));
#2847 = DIRECTION('',(0.,0.,1.));
#2848 = ADVANCED_FACE('',(#2849),#2860,.F.);
#2849 = FACE_BOUND('',#2850,.F.);
#2850 = EDGE_LOOP('',(#2851,#2852,#2858,#2859));
#2851 = ORIENTED_EDGE('',*,*,#2838,.F.);
#2852 = ORIENTED_EDGE('',*,*,#2853,.T.);
#2853 = EDGE_CURVE('',#2831,#2783,#2854,.T.);
#2854 = LINE('',#2855,#2856);
#2855 = CARTESIAN_POINT('',(0.25,0.25,4.8));
#2856 = VECTOR('',#2857,1.);
#2857 = DIRECTION('',(-1.,1.224646799147E-16,0.));
#2858 = ORIENTED_EDGE('',*,*,#2790,.T.);
#2859 = ORIENTED_EDGE('',*,*,#2099,.T.);
#2860 = PLANE('',#2861);
#2861 = AXIS2_PLACEMENT_3D('',#2862,#2863,#2864);
#2862 = CARTESIAN_POINT('',(0.25,0.25,5.));
#2863 = DIRECTION('',(-1.224646799147E-16,-1.,0.));
#2864 = DIRECTION('',(-0.,0.,-1.));
#2865 = ADVANCED_FACE('',(#2866),#2891,.T.);
#2866 = FACE_BOUND('',#2867,.T.);
#2867 = EDGE_LOOP('',(#2868,#2869,#2877,#2885));
#2868 = ORIENTED_EDGE('',*,*,#2123,.T.);
#2869 = ORIENTED_EDGE('',*,*,#2870,.T.);
#2870 = EDGE_CURVE('',#2126,#2871,#2873,.T.);
#2871 = VERTEX_POINT('',#2872);
#2872 = CARTESIAN_POINT('',(1.75,-0.25,4.8));
#2873 = LINE('',#2874,#2875);
#2874 = CARTESIAN_POINT('',(1.75,-0.25,-3.4));
#2875 = VECTOR('',#2876,1.);
#2876 = DIRECTION('',(0.,0.,1.));
#2877 = ORIENTED_EDGE('',*,*,#2878,.T.);
#2878 = EDGE_CURVE('',#2871,#2879,#2881,.T.);
#2879 = VERTEX_POINT('',#2880);
#2880 = CARTESIAN_POINT('',(1.75,0.25,4.8));
#2881 = LINE('',#2882,#2883);
#2882 = CARTESIAN_POINT('',(1.75,-0.25,4.8));
#2883 = VECTOR('',#2884,1.);
#2884 = DIRECTION('',(1.224646799147E-16,1.,0.));
#2885 = ORIENTED_EDGE('',*,*,#2886,.T.);
#2886 = EDGE_CURVE('',#2879,#2124,#2887,.T.);
#2887 = LINE('',#2888,#2889);
#2888 = CARTESIAN_POINT('',(1.75,0.25,5.));
#2889 = VECTOR('',#2890,1.);
#2890 = DIRECTION('',(-0.,0.,-1.));
#2891 = PLANE('',#2892);
#2892 = AXIS2_PLACEMENT_3D('',#2893,#2894,#2895);
#2893 = CARTESIAN_POINT('',(1.75,3.061616997868E-17,0.8));
#2894 = DIRECTION('',(-1.,1.224646799147E-16,0.));
#2895 = DIRECTION('',(0.,0.,1.));
#2896 = ADVANCED_FACE('',(#2897),#2915,.F.);
#2897 = FACE_BOUND('',#2898,.F.);
#2898 = EDGE_LOOP('',(#2899,#2907,#2908,#2909));
#2899 = ORIENTED_EDGE('',*,*,#2900,.F.);
#2900 = EDGE_CURVE('',#2142,#2901,#2903,.T.);
#2901 = VERTEX_POINT('',#2902);
#2902 = CARTESIAN_POINT('',(2.25,-0.25,4.8));
#2903 = LINE('',#2904,#2905);
#2904 = CARTESIAN_POINT('',(2.25,-0.25,-3.4));
#2905 = VECTOR('',#2906,1.);
#2906 = DIRECTION('',(0.,0.,1.));
#2907 = ORIENTED_EDGE('',*,*,#2149,.T.);
#2908 = ORIENTED_EDGE('',*,*,#2870,.T.);
#2909 = ORIENTED_EDGE('',*,*,#2910,.F.);
#2910 = EDGE_CURVE('',#2901,#2871,#2911,.T.);
#2911 = LINE('',#2912,#2913);
#2912 = CARTESIAN_POINT('',(2.25,-0.25,4.8));
#2913 = VECTOR('',#2914,1.);
#2914 = DIRECTION('',(-1.,1.224646799147E-16,0.));
#2915 = PLANE('',#2916);
#2916 = AXIS2_PLACEMENT_3D('',#2917,#2918,#2919);
#2917 = CARTESIAN_POINT('',(2.25,-0.25,-3.4));
#2918 = DIRECTION('',(1.224646799147E-16,1.,0.));
#2919 = DIRECTION('',(0.,-0.,1.));
#2920 = ADVANCED_FACE('',(#2921),#2939,.F.);
#2921 = FACE_BOUND('',#2922,.F.);
#2922 = EDGE_LOOP('',(#2923,#2924,#2925,#2933));
#2923 = ORIENTED_EDGE('',*,*,#2141,.T.);
#2924 = ORIENTED_EDGE('',*,*,#2900,.T.);
#2925 = ORIENTED_EDGE('',*,*,#2926,.T.);
#2926 = EDGE_CURVE('',#2901,#2927,#2929,.T.);
#2927 = VERTEX_POINT('',#2928);
#2928 = CARTESIAN_POINT('',(2.25,0.25,4.8));
#2929 = LINE('',#2930,#2931);
#2930 = CARTESIAN_POINT('',(2.25,-0.25,4.8));
#2931 = VECTOR('',#2932,1.);
#2932 = DIRECTION('',(1.224646799147E-16,1.,0.));
#2933 = ORIENTED_EDGE('',*,*,#2934,.T.);
#2934 = EDGE_CURVE('',#2927,#2134,#2935,.T.);
#2935 = LINE('',#2936,#2937);
#2936 = CARTESIAN_POINT('',(2.25,0.25,5.));
#2937 = VECTOR('',#2938,1.);
#2938 = DIRECTION('',(-0.,0.,-1.));
#2939 = PLANE('',#2940);
#2940 = AXIS2_PLACEMENT_3D('',#2941,#2942,#2943);
#2941 = CARTESIAN_POINT('',(2.25,-3.061616997868E-17,0.8));
#2942 = DIRECTION('',(-1.,1.224646799147E-16,0.));
#2943 = DIRECTION('',(0.,0.,1.));
#2944 = ADVANCED_FACE('',(#2945),#2956,.F.);
#2945 = FACE_BOUND('',#2946,.F.);
#2946 = EDGE_LOOP('',(#2947,#2948,#2954,#2955));
#2947 = ORIENTED_EDGE('',*,*,#2934,.F.);
#2948 = ORIENTED_EDGE('',*,*,#2949,.T.);
#2949 = EDGE_CURVE('',#2927,#2879,#2950,.T.);
#2950 = LINE('',#2951,#2952);
#2951 = CARTESIAN_POINT('',(2.25,0.25,4.8));
#2952 = VECTOR('',#2953,1.);
#2953 = DIRECTION('',(-1.,1.224646799147E-16,0.));
#2954 = ORIENTED_EDGE('',*,*,#2886,.T.);
#2955 = ORIENTED_EDGE('',*,*,#2133,.T.);
#2956 = PLANE('',#2957);
#2957 = AXIS2_PLACEMENT_3D('',#2958,#2959,#2960);
#2958 = CARTESIAN_POINT('',(2.25,0.25,5.));
#2959 = DIRECTION('',(-1.224646799147E-16,-1.,0.));
#2960 = DIRECTION('',(-0.,0.,-1.));
#2961 = ADVANCED_FACE('',(#2962),#2987,.T.);
#2962 = FACE_BOUND('',#2963,.T.);
#2963 = EDGE_LOOP('',(#2964,#2965,#2973,#2981));
#2964 = ORIENTED_EDGE('',*,*,#2157,.T.);
#2965 = ORIENTED_EDGE('',*,*,#2966,.T.);
#2966 = EDGE_CURVE('',#2160,#2967,#2969,.T.);
#2967 = VERTEX_POINT('',#2968);
#2968 = CARTESIAN_POINT('',(3.75,-0.25,4.8));
#2969 = LINE('',#2970,#2971);
#2970 = CARTESIAN_POINT('',(3.75,-0.25,-0.9));
#2971 = VECTOR('',#2972,1.);
#2972 = DIRECTION('',(0.,0.,1.));
#2973 = ORIENTED_EDGE('',*,*,#2974,.T.);
#2974 = EDGE_CURVE('',#2967,#2975,#2977,.T.);
#2975 = VERTEX_POINT('',#2976);
#2976 = CARTESIAN_POINT('',(3.75,0.25,4.8));
#2977 = LINE('',#2978,#2979);
#2978 = CARTESIAN_POINT('',(3.75,-0.25,4.8));
#2979 = VECTOR('',#2980,1.);
#2980 = DIRECTION('',(1.224646799147E-16,1.,0.));
#2981 = ORIENTED_EDGE('',*,*,#2982,.T.);
#2982 = EDGE_CURVE('',#2975,#2158,#2983,.T.);
#2983 = LINE('',#2984,#2985);
#2984 = CARTESIAN_POINT('',(3.75,0.25,5.));
#2985 = VECTOR('',#2986,1.);
#2986 = DIRECTION('',(-0.,0.,-1.));
#2987 = PLANE('',#2988);
#2988 = AXIS2_PLACEMENT_3D('',#2989,#2990,#2991);
#2989 = CARTESIAN_POINT('',(3.75,4.326643272645E-02,0.775746953017));
#2990 = DIRECTION('',(-1.,1.224646799147E-16,0.));
#2991 = DIRECTION('',(0.,0.,1.));
#2992 = ADVANCED_FACE('',(#2993),#3011,.F.);
#2993 = FACE_BOUND('',#2994,.F.);
#2994 = EDGE_LOOP('',(#2995,#3003,#3004,#3005));
#2995 = ORIENTED_EDGE('',*,*,#2996,.F.);
#2996 = EDGE_CURVE('',#2176,#2997,#2999,.T.);
#2997 = VERTEX_POINT('',#2998);
#2998 = CARTESIAN_POINT('',(4.25,-0.25,4.8));
#2999 = LINE('',#3000,#3001);
#3000 = CARTESIAN_POINT('',(4.25,-0.25,-0.9));
#3001 = VECTOR('',#3002,1.);
#3002 = DIRECTION('',(0.,0.,1.));
#3003 = ORIENTED_EDGE('',*,*,#2183,.T.);
#3004 = ORIENTED_EDGE('',*,*,#2966,.T.);
#3005 = ORIENTED_EDGE('',*,*,#3006,.F.);
#3006 = EDGE_CURVE('',#2997,#2967,#3007,.T.);
#3007 = LINE('',#3008,#3009);
#3008 = CARTESIAN_POINT('',(4.25,-0.25,4.8));
#3009 = VECTOR('',#3010,1.);
#3010 = DIRECTION('',(-1.,1.224646799147E-16,0.));
#3011 = PLANE('',#3012);
#3012 = AXIS2_PLACEMENT_3D('',#3013,#3014,#3015);
#3013 = CARTESIAN_POINT('',(4.25,-0.25,-0.9));
#3014 = DIRECTION('',(1.224646799147E-16,1.,0.));
#3015 = DIRECTION('',(0.,-0.,1.));
#3016 = ADVANCED_FACE('',(#3017),#3035,.F.);
#3017 = FACE_BOUND('',#3018,.F.);
#3018 = EDGE_LOOP('',(#3019,#3020,#3021,#3029));
#3019 = ORIENTED_EDGE('',*,*,#2175,.T.);
#3020 = ORIENTED_EDGE('',*,*,#2996,.T.);
#3021 = ORIENTED_EDGE('',*,*,#3022,.T.);
#3022 = EDGE_CURVE('',#2997,#3023,#3025,.T.);
#3023 = VERTEX_POINT('',#3024);
#3024 = CARTESIAN_POINT('',(4.25,0.25,4.8));
#3025 = LINE('',#3026,#3027);
#3026 = CARTESIAN_POINT('',(4.25,-0.25,4.8));
#3027 = VECTOR('',#3028,1.);
#3028 = DIRECTION('',(1.224646799147E-16,1.,0.));
#3029 = ORIENTED_EDGE('',*,*,#3030,.T.);
#3030 = EDGE_CURVE('',#3023,#2168,#3031,.T.);
#3031 = LINE('',#3032,#3033);
#3032 = CARTESIAN_POINT('',(4.25,0.25,5.));
#3033 = VECTOR('',#3034,1.);
#3034 = DIRECTION('',(-0.,0.,-1.));
#3035 = PLANE('',#3036);
#3036 = AXIS2_PLACEMENT_3D('',#3037,#3038,#3039);
#3037 = CARTESIAN_POINT('',(4.25,4.326643272645E-02,0.775746953017));
#3038 = DIRECTION('',(-1.,1.224646799147E-16,0.));
#3039 = DIRECTION('',(0.,0.,1.));
#3040 = ADVANCED_FACE('',(#3041),#3052,.F.);
#3041 = FACE_BOUND('',#3042,.F.);
#3042 = EDGE_LOOP('',(#3043,#3044,#3050,#3051));
#3043 = ORIENTED_EDGE('',*,*,#3030,.F.);
#3044 = ORIENTED_EDGE('',*,*,#3045,.T.);
#3045 = EDGE_CURVE('',#3023,#2975,#3046,.T.);
#3046 = LINE('',#3047,#3048);
#3047 = CARTESIAN_POINT('',(4.25,0.25,4.8));
#3048 = VECTOR('',#3049,1.);
#3049 = DIRECTION('',(-1.,1.224646799147E-16,0.));
#3050 = ORIENTED_EDGE('',*,*,#2982,.T.);
#3051 = ORIENTED_EDGE('',*,*,#2167,.T.);
#3052 = PLANE('',#3053);
#3053 = AXIS2_PLACEMENT_3D('',#3054,#3055,#3056);
#3054 = CARTESIAN_POINT('',(4.25,0.25,5.));
#3055 = DIRECTION('',(-1.224646799147E-16,-1.,0.));
#3056 = DIRECTION('',(-0.,0.,-1.));
#3057 = ADVANCED_FACE('',(#3058),#3099,.F.);
#3058 = FACE_BOUND('',#3059,.T.);
#3059 = EDGE_LOOP('',(#3060,#3070,#3078,#3086,#3092,#3093));
#3060 = ORIENTED_EDGE('',*,*,#3061,.F.);
#3061 = EDGE_CURVE('',#3062,#3064,#3066,.T.);
#3062 = VERTEX_POINT('',#3063);
#3063 = CARTESIAN_POINT('',(-5.E-02,5.E-02,-3.4));
#3064 = VERTEX_POINT('',#3065);
#3065 = CARTESIAN_POINT('',(-0.247552593066,0.281192514695,
    -3.202447406934));
#3066 = LINE('',#3067,#3068);
#3067 = CARTESIAN_POINT('',(-0.104623304282,0.113924744707,
    -3.345376695718));
#3068 = VECTOR('',#3069,1.);
#3069 = DIRECTION('',(-0.544770019249,0.63753529491,0.544770019249));
#3070 = ORIENTED_EDGE('',*,*,#3071,.T.);
#3071 = EDGE_CURVE('',#3062,#3072,#3074,.T.);
#3072 = VERTEX_POINT('',#3073);
#3073 = CARTESIAN_POINT('',(-5.E-02,-5.E-02,-3.4));
#3074 = LINE('',#3075,#3076);
#3075 = CARTESIAN_POINT('',(-5.E-02,0.25,-3.4));
#3076 = VECTOR('',#3077,1.);
#3077 = DIRECTION('',(-1.224646799147E-16,-1.,0.));
#3078 = ORIENTED_EDGE('',*,*,#3079,.T.);
#3079 = EDGE_CURVE('',#3072,#3080,#3082,.T.);
#3080 = VERTEX_POINT('',#3081);
#3081 = CARTESIAN_POINT('',(-0.247552593066,-0.218807485305,
    -3.202447406934));
#3082 = LINE('',#3083,#3084);
#3083 = CARTESIAN_POINT('',(-1.603689858649E-02,-2.097873708559E-02,
    -3.433963101414));
#3084 = VECTOR('',#3085,1.);
#3085 = DIRECTION('',(-0.605209817607,-0.517148096144,0.605209817607));
#3086 = ORIENTED_EDGE('',*,*,#3087,.T.);
#3087 = EDGE_CURVE('',#3080,#2330,#3088,.T.);
#3088 = LINE('',#3089,#3090);
#3089 = CARTESIAN_POINT('',(-4.480164158687E-02,-0.250820793434,
    -3.405198358413));
#3090 = VECTOR('',#3091,1.);
#3091 = DIRECTION('',(-0.702740385383,0.110959008218,0.702740385383));
#3092 = ORIENTED_EDGE('',*,*,#2327,.F.);
#3093 = ORIENTED_EDGE('',*,*,#3094,.F.);
#3094 = EDGE_CURVE('',#3064,#2328,#3095,.T.);
#3095 = LINE('',#3096,#3097);
#3096 = CARTESIAN_POINT('',(-0.506155950752,0.322024623803,
    -2.943844049248));
#3097 = VECTOR('',#3098,1.);
#3098 = DIRECTION('',(-0.702740385383,0.110959008218,0.702740385383));
#3099 = PLANE('',#3100);
#3100 = AXIS2_PLACEMENT_3D('',#3101,#3102,#3103);
#3101 = CARTESIAN_POINT('',(-0.15,0.25,-3.3));
#3102 = DIRECTION('',(0.707106781187,-8.833102285013E-17,0.707106781187)
  );
#3103 = DIRECTION('',(1.236918052038E-16,1.,1.227125289097E-18));
#3104 = ADVANCED_FACE('',(#3105),#3130,.F.);
#3105 = FACE_BOUND('',#3106,.F.);
#3106 = EDGE_LOOP('',(#3107,#3108,#3114,#3115,#3116,#3124));
#3107 = ORIENTED_EDGE('',*,*,#2456,.F.);
#3108 = ORIENTED_EDGE('',*,*,#3109,.T.);
#3109 = EDGE_CURVE('',#2449,#2369,#3110,.T.);
#3110 = LINE('',#3111,#3112);
#3111 = CARTESIAN_POINT('',(0.25,0.55,-1.5));
#3112 = VECTOR('',#3113,1.);
#3113 = DIRECTION('',(-1.,1.224646799147E-16,0.));
#3114 = ORIENTED_EDGE('',*,*,#2376,.T.);
#3115 = ORIENTED_EDGE('',*,*,#3094,.F.);
#3116 = ORIENTED_EDGE('',*,*,#3117,.F.);
#3117 = EDGE_CURVE('',#3118,#3064,#3120,.T.);
#3118 = VERTEX_POINT('',#3119);
#3119 = CARTESIAN_POINT('',(0.247552593066,0.281192514695,
    -3.202447406934));
#3120 = LINE('',#3121,#3122);
#3121 = CARTESIAN_POINT('',(0.25,0.281192514695,-3.202447406934));
#3122 = VECTOR('',#3123,1.);
#3123 = DIRECTION('',(-1.,1.224646799147E-16,0.));
#3124 = ORIENTED_EDGE('',*,*,#3125,.T.);
#3125 = EDGE_CURVE('',#3118,#2415,#3126,.T.);
#3126 = LINE('',#3127,#3128);
#3127 = CARTESIAN_POINT('',(0.629616963064,0.341518467852,
    -2.820383036936));
#3128 = VECTOR('',#3129,1.);
#3129 = DIRECTION('',(0.702740385383,0.110959008218,0.702740385383));
#3130 = PLANE('',#3131);
#3131 = AXIS2_PLACEMENT_3D('',#3132,#3133,#3134);
#3132 = CARTESIAN_POINT('',(0.25,0.55,-1.5));
#3133 = DIRECTION('',(-1.209660753807E-16,-0.987762965329,0.155962573473
    ));
#3134 = DIRECTION('',(-1.909990663905E-17,-0.155962573473,
    -0.987762965329));
#3135 = ADVANCED_FACE('',(#3136),#3142,.F.);
#3136 = FACE_BOUND('',#3137,.F.);
#3137 = EDGE_LOOP('',(#3138,#3139,#3140,#3141));
#3138 = ORIENTED_EDGE('',*,*,#2473,.T.);
#3139 = ORIENTED_EDGE('',*,*,#2368,.T.);
#3140 = ORIENTED_EDGE('',*,*,#3109,.F.);
#3141 = ORIENTED_EDGE('',*,*,#2448,.F.);
#3142 = PLANE('',#3143);
#3143 = AXIS2_PLACEMENT_3D('',#3144,#3145,#3146);
#3144 = CARTESIAN_POINT('',(0.25,0.25,-0.9));
#3145 = DIRECTION('',(-1.095357396528E-16,-0.894427191,-0.4472135955));
#3146 = DIRECTION('',(5.476786982641E-17,0.4472135955,-0.894427191));
#3147 = ADVANCED_FACE('',(#3148),#3159,.F.);
#3148 = FACE_BOUND('',#3149,.F.);
#3149 = EDGE_LOOP('',(#3150,#3156,#3157,#3158));
#3150 = ORIENTED_EDGE('',*,*,#3151,.T.);
#3151 = EDGE_CURVE('',#2425,#2338,#3152,.T.);
#3152 = LINE('',#3153,#3154);
#3153 = CARTESIAN_POINT('',(0.25,5.E-02,-1.5));
#3154 = VECTOR('',#3155,1.);
#3155 = DIRECTION('',(-1.,1.224646799147E-16,0.));
#3156 = ORIENTED_EDGE('',*,*,#2345,.T.);
#3157 = ORIENTED_EDGE('',*,*,#2398,.F.);
#3158 = ORIENTED_EDGE('',*,*,#2432,.F.);
#3159 = PLANE('',#3160);
#3160 = AXIS2_PLACEMENT_3D('',#3161,#3162,#3163);
#3161 = CARTESIAN_POINT('',(0.25,5.E-02,-1.5));
#3162 = DIRECTION('',(1.095357396528E-16,0.894427191,0.4472135955));
#3163 = DIRECTION('',(-5.476786982641E-17,-0.4472135955,0.894427191));
#3164 = ADVANCED_FACE('',(#3165),#3185,.F.);
#3165 = FACE_BOUND('',#3166,.F.);
#3166 = EDGE_LOOP('',(#3167,#3168,#3176,#3182,#3183,#3184));
#3167 = ORIENTED_EDGE('',*,*,#2424,.F.);
#3168 = ORIENTED_EDGE('',*,*,#3169,.F.);
#3169 = EDGE_CURVE('',#3170,#2417,#3172,.T.);
#3170 = VERTEX_POINT('',#3171);
#3171 = CARTESIAN_POINT('',(0.247552593066,-0.218807485305,
    -3.202447406934));
#3172 = LINE('',#3173,#3174);
#3173 = CARTESIAN_POINT('',(0.168262653899,-0.231326949384,
    -3.281737346101));
#3174 = VECTOR('',#3175,1.);
#3175 = DIRECTION('',(0.702740385383,0.110959008218,0.702740385383));
#3176 = ORIENTED_EDGE('',*,*,#3177,.T.);
#3177 = EDGE_CURVE('',#3170,#3080,#3178,.T.);
#3178 = LINE('',#3179,#3180);
#3179 = CARTESIAN_POINT('',(0.25,-0.218807485305,-3.202447406934));
#3180 = VECTOR('',#3181,1.);
#3181 = DIRECTION('',(-1.,1.224646799147E-16,0.));
#3182 = ORIENTED_EDGE('',*,*,#3087,.T.);
#3183 = ORIENTED_EDGE('',*,*,#2337,.T.);
#3184 = ORIENTED_EDGE('',*,*,#3151,.F.);
#3185 = PLANE('',#3186);
#3186 = AXIS2_PLACEMENT_3D('',#3187,#3188,#3189);
#3187 = CARTESIAN_POINT('',(0.25,-0.25,-3.4));
#3188 = DIRECTION('',(1.209660753807E-16,0.987762965329,-0.155962573473)
  );
#3189 = DIRECTION('',(1.909990663905E-17,0.155962573473,0.987762965329)
  );
#3190 = ADVANCED_FACE('',(#3191),#3218,.T.);
#3191 = FACE_BOUND('',#3192,.F.);
#3192 = EDGE_LOOP('',(#3193,#3201,#3202,#3203,#3204,#3212));
#3193 = ORIENTED_EDGE('',*,*,#3194,.T.);
#3194 = EDGE_CURVE('',#3195,#3170,#3197,.T.);
#3195 = VERTEX_POINT('',#3196);
#3196 = CARTESIAN_POINT('',(5.E-02,-5.E-02,-3.4));
#3197 = LINE('',#3198,#3199);
#3198 = CARTESIAN_POINT('',(0.107606629418,-9.922451332131E-02,
    -3.342393370582));
#3199 = VECTOR('',#3200,1.);
#3200 = DIRECTION('',(0.605209817607,-0.517148096144,0.605209817607));
#3201 = ORIENTED_EDGE('',*,*,#3169,.T.);
#3202 = ORIENTED_EDGE('',*,*,#2414,.F.);
#3203 = ORIENTED_EDGE('',*,*,#3125,.F.);
#3204 = ORIENTED_EDGE('',*,*,#3205,.F.);
#3205 = EDGE_CURVE('',#3206,#3118,#3208,.T.);
#3206 = VERTEX_POINT('',#3207);
#3207 = CARTESIAN_POINT('',(5.E-02,5.E-02,-3.4));
#3208 = LINE('',#3209,#3210);
#3209 = CARTESIAN_POINT('',(0.17881689775,0.200752273427,-3.27118310225)
  );
#3210 = VECTOR('',#3211,1.);
#3211 = DIRECTION('',(0.544770019249,0.63753529491,0.544770019249));
#3212 = ORIENTED_EDGE('',*,*,#3213,.T.);
#3213 = EDGE_CURVE('',#3206,#3195,#3214,.T.);
#3214 = LINE('',#3215,#3216);
#3215 = CARTESIAN_POINT('',(5.E-02,0.25,-3.4));
#3216 = VECTOR('',#3217,1.);
#3217 = DIRECTION('',(-1.224646799147E-16,-1.,0.));
#3218 = PLANE('',#3219);
#3219 = AXIS2_PLACEMENT_3D('',#3220,#3221,#3222);
#3220 = CARTESIAN_POINT('',(0.15,0.25,-3.3));
#3221 = DIRECTION('',(0.707106781187,-8.486018839685E-17,-0.707106781187
    ));
#3222 = DIRECTION('',(1.212375546256E-16,1.,1.227125289196E-18));
#3223 = ADVANCED_FACE('',(#3224),#3249,.F.);
#3224 = FACE_BOUND('',#3225,.T.);
#3225 = EDGE_LOOP('',(#3226,#3234,#3242,#3248));
#3226 = ORIENTED_EDGE('',*,*,#3227,.F.);
#3227 = EDGE_CURVE('',#3228,#2488,#3230,.T.);
#3228 = VERTEX_POINT('',#3229);
#3229 = CARTESIAN_POINT('',(1.95,5.E-02,-3.4));
#3230 = LINE('',#3231,#3232);
#3231 = CARTESIAN_POINT('',(1.9,0.1,-3.35));
#3232 = VECTOR('',#3233,1.);
#3233 = DIRECTION('',(-0.57735026919,0.57735026919,0.57735026919));
#3234 = ORIENTED_EDGE('',*,*,#3235,.T.);
#3235 = EDGE_CURVE('',#3228,#3236,#3238,.T.);
#3236 = VERTEX_POINT('',#3237);
#3237 = CARTESIAN_POINT('',(1.95,-5.E-02,-3.4));
#3238 = LINE('',#3239,#3240);
#3239 = CARTESIAN_POINT('',(1.95,0.25,-3.4));
#3240 = VECTOR('',#3241,1.);
#3241 = DIRECTION('',(-1.224646799147E-16,-1.,0.));
#3242 = ORIENTED_EDGE('',*,*,#3243,.T.);
#3243 = EDGE_CURVE('',#3236,#2490,#3244,.T.);
#3244 = LINE('',#3245,#3246);
#3245 = CARTESIAN_POINT('',(1.983333333333,-1.666666666667E-02,
    -3.433333333333));
#3246 = VECTOR('',#3247,1.);
#3247 = DIRECTION('',(-0.57735026919,-0.57735026919,0.57735026919));
#3248 = ORIENTED_EDGE('',*,*,#2487,.F.);
#3249 = PLANE('',#3250);
#3250 = AXIS2_PLACEMENT_3D('',#3251,#3252,#3253);
#3251 = CARTESIAN_POINT('',(1.85,0.25,-3.3));
#3252 = DIRECTION('',(0.707106781187,-8.833102285013E-17,0.707106781187)
  );
#3253 = DIRECTION('',(1.236918052038E-16,1.,1.227125289097E-18));
#3254 = ADVANCED_FACE('',(#3255),#3273,.T.);
#3255 = FACE_BOUND('',#3256,.F.);
#3256 = EDGE_LOOP('',(#3257,#3265,#3271,#3272));
#3257 = ORIENTED_EDGE('',*,*,#3258,.F.);
#3258 = EDGE_CURVE('',#3259,#2519,#3261,.T.);
#3259 = VERTEX_POINT('',#3260);
#3260 = CARTESIAN_POINT('',(2.05,-5.E-02,-3.4));
#3261 = LINE('',#3262,#3263);
#3262 = CARTESIAN_POINT('',(2.1,-0.1,-3.35));
#3263 = VECTOR('',#3264,1.);
#3264 = DIRECTION('',(0.57735026919,-0.57735026919,0.57735026919));
#3265 = ORIENTED_EDGE('',*,*,#3266,.T.);
#3266 = EDGE_CURVE('',#3259,#3236,#3267,.T.);
#3267 = LINE('',#3268,#3269);
#3268 = CARTESIAN_POINT('',(2.25,-5.E-02,-3.4));
#3269 = VECTOR('',#3270,1.);
#3270 = DIRECTION('',(-1.,1.224646799147E-16,0.));
#3271 = ORIENTED_EDGE('',*,*,#3243,.T.);
#3272 = ORIENTED_EDGE('',*,*,#2526,.F.);
#3273 = PLANE('',#3274);
#3274 = AXIS2_PLACEMENT_3D('',#3275,#3276,#3277);
#3275 = CARTESIAN_POINT('',(2.25,-0.15,-3.3));
#3276 = DIRECTION('',(-8.486018839685E-17,-0.707106781187,
    -0.707106781187));
#3277 = DIRECTION('',(1.,-1.212375546256E-16,1.227125289196E-18));
#3278 = ADVANCED_FACE('',(#3279),#3297,.T.);
#3279 = FACE_BOUND('',#3280,.F.);
#3280 = EDGE_LOOP('',(#3281,#3289,#3295,#3296));
#3281 = ORIENTED_EDGE('',*,*,#3282,.F.);
#3282 = EDGE_CURVE('',#3283,#2543,#3285,.T.);
#3283 = VERTEX_POINT('',#3284);
#3284 = CARTESIAN_POINT('',(2.05,5.E-02,-3.4));
#3285 = LINE('',#3286,#3287);
#3286 = CARTESIAN_POINT('',(2.183333333333,0.183333333333,
    -3.266666666667));
#3287 = VECTOR('',#3288,1.);
#3288 = DIRECTION('',(0.57735026919,0.57735026919,0.57735026919));
#3289 = ORIENTED_EDGE('',*,*,#3290,.T.);
#3290 = EDGE_CURVE('',#3283,#3259,#3291,.T.);
#3291 = LINE('',#3292,#3293);
#3292 = CARTESIAN_POINT('',(2.05,0.25,-3.4));
#3293 = VECTOR('',#3294,1.);
#3294 = DIRECTION('',(-1.224646799147E-16,-1.,0.));
#3295 = ORIENTED_EDGE('',*,*,#3258,.T.);
#3296 = ORIENTED_EDGE('',*,*,#2542,.F.);
#3297 = PLANE('',#3298);
#3298 = AXIS2_PLACEMENT_3D('',#3299,#3300,#3301);
#3299 = CARTESIAN_POINT('',(2.15,0.25,-3.3));
#3300 = DIRECTION('',(0.707106781187,-8.486018839685E-17,-0.707106781187
    ));
#3301 = DIRECTION('',(1.212375546256E-16,1.,1.227125289196E-18));
#3302 = ADVANCED_FACE('',(#3303),#3314,.T.);
#3303 = FACE_BOUND('',#3304,.T.);
#3304 = EDGE_LOOP('',(#3305,#3306,#3312,#3313));
#3305 = ORIENTED_EDGE('',*,*,#3282,.F.);
#3306 = ORIENTED_EDGE('',*,*,#3307,.T.);
#3307 = EDGE_CURVE('',#3283,#3228,#3308,.T.);
#3308 = LINE('',#3309,#3310);
#3309 = CARTESIAN_POINT('',(2.25,5.E-02,-3.4));
#3310 = VECTOR('',#3311,1.);
#3311 = DIRECTION('',(-1.,1.224646799147E-16,0.));
#3312 = ORIENTED_EDGE('',*,*,#3227,.T.);
#3313 = ORIENTED_EDGE('',*,*,#2569,.F.);
#3314 = PLANE('',#3315);
#3315 = AXIS2_PLACEMENT_3D('',#3316,#3317,#3318);
#3316 = CARTESIAN_POINT('',(2.25,0.15,-3.3));
#3317 = DIRECTION('',(8.486018839685E-17,0.707106781187,-0.707106781187)
  );
#3318 = DIRECTION('',(-1.,1.212375546256E-16,1.227125289196E-18));
#3319 = ADVANCED_FACE('',(#3320),#3331,.T.);
#3320 = FACE_BOUND('',#3321,.T.);
#3321 = EDGE_LOOP('',(#3322,#3323,#3329,#3330));
#3322 = ORIENTED_EDGE('',*,*,#2727,.F.);
#3323 = ORIENTED_EDGE('',*,*,#3324,.T.);
#3324 = EDGE_CURVE('',#2728,#2584,#3325,.T.);
#3325 = LINE('',#3326,#3327);
#3326 = CARTESIAN_POINT('',(4.25,5.E-02,-3.4));
#3327 = VECTOR('',#3328,1.);
#3328 = DIRECTION('',(-1.,1.224646799147E-16,0.));
#3329 = ORIENTED_EDGE('',*,*,#2583,.T.);
#3330 = ORIENTED_EDGE('',*,*,#2639,.F.);
#3331 = PLANE('',#3332);
#3332 = AXIS2_PLACEMENT_3D('',#3333,#3334,#3335);
#3333 = CARTESIAN_POINT('',(4.25,0.165596257347,-3.301223703467));
#3334 = DIRECTION('',(8.302774088379E-17,0.64962967394,-0.760250805153)
  );
#3335 = DIRECTION('',(-1.,1.247195775152E-16,-2.638869166629E-18));
#3336 = ADVANCED_FACE('',(#3337),#3348,.F.);
#3337 = FACE_BOUND('',#3338,.F.);
#3338 = EDGE_LOOP('',(#3339,#3340,#3346,#3347));
#3339 = ORIENTED_EDGE('',*,*,#2593,.T.);
#3340 = ORIENTED_EDGE('',*,*,#3341,.F.);
#3341 = EDGE_CURVE('',#2717,#2594,#3342,.T.);
#3342 = LINE('',#3343,#3344);
#3343 = CARTESIAN_POINT('',(4.25,-5.E-02,-3.4));
#3344 = VECTOR('',#3345,1.);
#3345 = DIRECTION('',(-1.,1.224646799147E-16,0.));
#3346 = ORIENTED_EDGE('',*,*,#2735,.F.);
#3347 = ORIENTED_EDGE('',*,*,#3324,.T.);
#3348 = PLANE('',#3349);
#3349 = AXIS2_PLACEMENT_3D('',#3350,#3351,#3352);
#3350 = CARTESIAN_POINT('',(4.25,0.25,-3.4));
#3351 = DIRECTION('',(0.,0.,1.));
#3352 = DIRECTION('',(-1.224646799147E-16,-1.,0.));
#3353 = ADVANCED_FACE('',(#3354),#3360,.T.);
#3354 = FACE_BOUND('',#3355,.F.);
#3355 = EDGE_LOOP('',(#3356,#3357,#3358,#3359));
#3356 = ORIENTED_EDGE('',*,*,#2716,.F.);
#3357 = ORIENTED_EDGE('',*,*,#3341,.T.);
#3358 = ORIENTED_EDGE('',*,*,#2601,.T.);
#3359 = ORIENTED_EDGE('',*,*,#2699,.F.);
#3360 = PLANE('',#3361);
#3361 = AXIS2_PLACEMENT_3D('',#3362,#3363,#3364);
#3362 = CARTESIAN_POINT('',(4.25,-0.134403742653,-3.301223703467));
#3363 = DIRECTION('',(-9.136856246232E-17,-0.760250805153,-0.64962967394
    ));
#3364 = DIRECTION('',(1.,-1.211454098155E-16,1.127308249542E-18));
#3365 = ADVANCED_FACE('',(#3366),#3391,.F.);
#3366 = FACE_BOUND('',#3367,.T.);
#3367 = EDGE_LOOP('',(#3368,#3376,#3384,#3390));
#3368 = ORIENTED_EDGE('',*,*,#3369,.T.);
#3369 = EDGE_CURVE('',#2775,#3370,#3372,.T.);
#3370 = VERTEX_POINT('',#3371);
#3371 = CARTESIAN_POINT('',(-5.E-02,-5.E-02,5.));
#3372 = LINE('',#3373,#3374);
#3373 = CARTESIAN_POINT('',(-0.1,-0.1,4.95));
#3374 = VECTOR('',#3375,1.);
#3375 = DIRECTION('',(0.57735026919,0.57735026919,0.57735026919));
#3376 = ORIENTED_EDGE('',*,*,#3377,.T.);
#3377 = EDGE_CURVE('',#3370,#3378,#3380,.T.);
#3378 = VERTEX_POINT('',#3379);
#3379 = CARTESIAN_POINT('',(-5.E-02,5.E-02,5.));
#3380 = LINE('',#3381,#3382);
#3381 = CARTESIAN_POINT('',(-5.E-02,-0.25,5.));
#3382 = VECTOR('',#3383,1.);
#3383 = DIRECTION('',(1.224646799147E-16,1.,0.));
#3384 = ORIENTED_EDGE('',*,*,#3385,.T.);
#3385 = EDGE_CURVE('',#3378,#2783,#3386,.T.);
#3386 = LINE('',#3387,#3388);
#3387 = CARTESIAN_POINT('',(-1.666666666667E-02,1.666666666667E-02,
    5.033333333333));
#3388 = VECTOR('',#3389,1.);
#3389 = DIRECTION('',(-0.57735026919,0.57735026919,-0.57735026919));
#3390 = ORIENTED_EDGE('',*,*,#2782,.F.);
#3391 = PLANE('',#3392);
#3392 = AXIS2_PLACEMENT_3D('',#3393,#3394,#3395);
#3393 = CARTESIAN_POINT('',(-0.15,-0.25,4.9));
#3394 = DIRECTION('',(0.707106781187,-8.486018839685E-17,-0.707106781187
    ));
#3395 = DIRECTION('',(-1.212375546256E-16,-1.,-1.227125289196E-18));
#3396 = ADVANCED_FACE('',(#3397),#3415,.T.);
#3397 = FACE_BOUND('',#3398,.F.);
#3398 = EDGE_LOOP('',(#3399,#3407,#3408,#3409));
#3399 = ORIENTED_EDGE('',*,*,#3400,.F.);
#3400 = EDGE_CURVE('',#2805,#3401,#3403,.T.);
#3401 = VERTEX_POINT('',#3402);
#3402 = CARTESIAN_POINT('',(5.E-02,-5.E-02,5.));
#3403 = LINE('',#3404,#3405);
#3404 = CARTESIAN_POINT('',(0.183333333333,-0.183333333333,
    4.866666666667));
#3405 = VECTOR('',#3406,1.);
#3406 = DIRECTION('',(-0.57735026919,0.57735026919,0.57735026919));
#3407 = ORIENTED_EDGE('',*,*,#2814,.T.);
#3408 = ORIENTED_EDGE('',*,*,#3369,.T.);
#3409 = ORIENTED_EDGE('',*,*,#3410,.F.);
#3410 = EDGE_CURVE('',#3401,#3370,#3411,.T.);
#3411 = LINE('',#3412,#3413);
#3412 = CARTESIAN_POINT('',(0.25,-5.E-02,5.));
#3413 = VECTOR('',#3414,1.);
#3414 = DIRECTION('',(-1.,1.224646799147E-16,0.));
#3415 = PLANE('',#3416);
#3416 = AXIS2_PLACEMENT_3D('',#3417,#3418,#3419);
#3417 = CARTESIAN_POINT('',(0.25,-0.15,4.9));
#3418 = DIRECTION('',(-8.833102285013E-17,-0.707106781187,0.707106781187
    ));
#3419 = DIRECTION('',(1.,-1.236918052038E-16,1.227125289097E-18));
#3420 = ADVANCED_FACE('',(#3421),#3439,.T.);
#3421 = FACE_BOUND('',#3422,.F.);
#3422 = EDGE_LOOP('',(#3423,#3424,#3432,#3438));
#3423 = ORIENTED_EDGE('',*,*,#3400,.T.);
#3424 = ORIENTED_EDGE('',*,*,#3425,.T.);
#3425 = EDGE_CURVE('',#3401,#3426,#3428,.T.);
#3426 = VERTEX_POINT('',#3427);
#3427 = CARTESIAN_POINT('',(5.E-02,5.E-02,5.));
#3428 = LINE('',#3429,#3430);
#3429 = CARTESIAN_POINT('',(5.E-02,-0.25,5.));
#3430 = VECTOR('',#3431,1.);
#3431 = DIRECTION('',(1.224646799147E-16,1.,0.));
#3432 = ORIENTED_EDGE('',*,*,#3433,.T.);
#3433 = EDGE_CURVE('',#3426,#2831,#3434,.T.);
#3434 = LINE('',#3435,#3436);
#3435 = CARTESIAN_POINT('',(0.1,0.1,4.95));
#3436 = VECTOR('',#3437,1.);
#3437 = DIRECTION('',(0.57735026919,0.57735026919,-0.57735026919));
#3438 = ORIENTED_EDGE('',*,*,#2830,.F.);
#3439 = PLANE('',#3440);
#3440 = AXIS2_PLACEMENT_3D('',#3441,#3442,#3443);
#3441 = CARTESIAN_POINT('',(0.15,-0.25,4.9));
#3442 = DIRECTION('',(0.707106781187,-8.833102285013E-17,0.707106781187)
  );
#3443 = DIRECTION('',(-1.236918052038E-16,-1.,-1.227125289097E-18));
#3444 = ADVANCED_FACE('',(#3445),#3456,.T.);
#3445 = FACE_BOUND('',#3446,.F.);
#3446 = EDGE_LOOP('',(#3447,#3448,#3454,#3455));
#3447 = ORIENTED_EDGE('',*,*,#3433,.F.);
#3448 = ORIENTED_EDGE('',*,*,#3449,.T.);
#3449 = EDGE_CURVE('',#3426,#3378,#3450,.T.);
#3450 = LINE('',#3451,#3452);
#3451 = CARTESIAN_POINT('',(0.25,5.E-02,5.));
#3452 = VECTOR('',#3453,1.);
#3453 = DIRECTION('',(-1.,1.224646799147E-16,0.));
#3454 = ORIENTED_EDGE('',*,*,#3385,.T.);
#3455 = ORIENTED_EDGE('',*,*,#2853,.F.);
#3456 = PLANE('',#3457);
#3457 = AXIS2_PLACEMENT_3D('',#3458,#3459,#3460);
#3458 = CARTESIAN_POINT('',(0.25,0.15,4.9));
#3459 = DIRECTION('',(8.833102285013E-17,0.707106781187,0.707106781187)
  );
#3460 = DIRECTION('',(1.,-1.236918052038E-16,-1.227125289097E-18));
#3461 = ADVANCED_FACE('',(#3462),#3487,.F.);
#3462 = FACE_BOUND('',#3463,.T.);
#3463 = EDGE_LOOP('',(#3464,#3472,#3480,#3486));
#3464 = ORIENTED_EDGE('',*,*,#3465,.T.);
#3465 = EDGE_CURVE('',#2871,#3466,#3468,.T.);
#3466 = VERTEX_POINT('',#3467);
#3467 = CARTESIAN_POINT('',(1.95,-5.E-02,5.));
#3468 = LINE('',#3469,#3470);
#3469 = CARTESIAN_POINT('',(1.9,-0.1,4.95));
#3470 = VECTOR('',#3471,1.);
#3471 = DIRECTION('',(0.57735026919,0.57735026919,0.57735026919));
#3472 = ORIENTED_EDGE('',*,*,#3473,.T.);
#3473 = EDGE_CURVE('',#3466,#3474,#3476,.T.);
#3474 = VERTEX_POINT('',#3475);
#3475 = CARTESIAN_POINT('',(1.95,5.E-02,5.));
#3476 = LINE('',#3477,#3478);
#3477 = CARTESIAN_POINT('',(1.95,-0.25,5.));
#3478 = VECTOR('',#3479,1.);
#3479 = DIRECTION('',(1.224646799147E-16,1.,0.));
#3480 = ORIENTED_EDGE('',*,*,#3481,.T.);
#3481 = EDGE_CURVE('',#3474,#2879,#3482,.T.);
#3482 = LINE('',#3483,#3484);
#3483 = CARTESIAN_POINT('',(1.983333333333,1.666666666667E-02,
    5.033333333333));
#3484 = VECTOR('',#3485,1.);
#3485 = DIRECTION('',(-0.57735026919,0.57735026919,-0.57735026919));
#3486 = ORIENTED_EDGE('',*,*,#2878,.F.);
#3487 = PLANE('',#3488);
#3488 = AXIS2_PLACEMENT_3D('',#3489,#3490,#3491);
#3489 = CARTESIAN_POINT('',(1.85,-0.25,4.9));
#3490 = DIRECTION('',(0.707106781187,-8.486018839685E-17,-0.707106781187
    ));
#3491 = DIRECTION('',(-1.212375546256E-16,-1.,-1.227125289196E-18));
#3492 = ADVANCED_FACE('',(#3493),#3511,.T.);
#3493 = FACE_BOUND('',#3494,.F.);
#3494 = EDGE_LOOP('',(#3495,#3503,#3504,#3505));
#3495 = ORIENTED_EDGE('',*,*,#3496,.F.);
#3496 = EDGE_CURVE('',#2901,#3497,#3499,.T.);
#3497 = VERTEX_POINT('',#3498);
#3498 = CARTESIAN_POINT('',(2.05,-5.E-02,5.));
#3499 = LINE('',#3500,#3501);
#3500 = CARTESIAN_POINT('',(2.183333333333,-0.183333333333,
    4.866666666667));
#3501 = VECTOR('',#3502,1.);
#3502 = DIRECTION('',(-0.57735026919,0.57735026919,0.57735026919));
#3503 = ORIENTED_EDGE('',*,*,#2910,.T.);
#3504 = ORIENTED_EDGE('',*,*,#3465,.T.);
#3505 = ORIENTED_EDGE('',*,*,#3506,.F.);
#3506 = EDGE_CURVE('',#3497,#3466,#3507,.T.);
#3507 = LINE('',#3508,#3509);
#3508 = CARTESIAN_POINT('',(2.25,-5.E-02,5.));
#3509 = VECTOR('',#3510,1.);
#3510 = DIRECTION('',(-1.,1.224646799147E-16,0.));
#3511 = PLANE('',#3512);
#3512 = AXIS2_PLACEMENT_3D('',#3513,#3514,#3515);
#3513 = CARTESIAN_POINT('',(2.25,-0.15,4.9));
#3514 = DIRECTION('',(-8.833102285013E-17,-0.707106781187,0.707106781187
    ));
#3515 = DIRECTION('',(1.,-1.236918052038E-16,1.227125289097E-18));
#3516 = ADVANCED_FACE('',(#3517),#3535,.T.);
#3517 = FACE_BOUND('',#3518,.F.);
#3518 = EDGE_LOOP('',(#3519,#3520,#3528,#3534));
#3519 = ORIENTED_EDGE('',*,*,#3496,.T.);
#3520 = ORIENTED_EDGE('',*,*,#3521,.T.);
#3521 = EDGE_CURVE('',#3497,#3522,#3524,.T.);
#3522 = VERTEX_POINT('',#3523);
#3523 = CARTESIAN_POINT('',(2.05,5.E-02,5.));
#3524 = LINE('',#3525,#3526);
#3525 = CARTESIAN_POINT('',(2.05,-0.25,5.));
#3526 = VECTOR('',#3527,1.);
#3527 = DIRECTION('',(1.224646799147E-16,1.,0.));
#3528 = ORIENTED_EDGE('',*,*,#3529,.T.);
#3529 = EDGE_CURVE('',#3522,#2927,#3530,.T.);
#3530 = LINE('',#3531,#3532);
#3531 = CARTESIAN_POINT('',(2.1,0.1,4.95));
#3532 = VECTOR('',#3533,1.);
#3533 = DIRECTION('',(0.57735026919,0.57735026919,-0.57735026919));
#3534 = ORIENTED_EDGE('',*,*,#2926,.F.);
#3535 = PLANE('',#3536);
#3536 = AXIS2_PLACEMENT_3D('',#3537,#3538,#3539);
#3537 = CARTESIAN_POINT('',(2.15,-0.25,4.9));
#3538 = DIRECTION('',(0.707106781187,-8.833102285013E-17,0.707106781187)
  );
#3539 = DIRECTION('',(-1.236918052038E-16,-1.,-1.227125289097E-18));
#3540 = ADVANCED_FACE('',(#3541),#3552,.T.);
#3541 = FACE_BOUND('',#3542,.F.);
#3542 = EDGE_LOOP('',(#3543,#3544,#3550,#3551));
#3543 = ORIENTED_EDGE('',*,*,#3529,.F.);
#3544 = ORIENTED_EDGE('',*,*,#3545,.T.);
#3545 = EDGE_CURVE('',#3522,#3474,#3546,.T.);
#3546 = LINE('',#3547,#3548);
#3547 = CARTESIAN_POINT('',(2.25,5.E-02,5.));
#3548 = VECTOR('',#3549,1.);
#3549 = DIRECTION('',(-1.,1.224646799147E-16,0.));
#3550 = ORIENTED_EDGE('',*,*,#3481,.T.);
#3551 = ORIENTED_EDGE('',*,*,#2949,.F.);
#3552 = PLANE('',#3553);
#3553 = AXIS2_PLACEMENT_3D('',#3554,#3555,#3556);
#3554 = CARTESIAN_POINT('',(2.25,0.15,4.9));
#3555 = DIRECTION('',(8.833102285013E-17,0.707106781187,0.707106781187)
  );
#3556 = DIRECTION('',(1.,-1.236918052038E-16,-1.227125289097E-18));
#3557 = ADVANCED_FACE('',(#3558),#3583,.F.);
#3558 = FACE_BOUND('',#3559,.T.);
#3559 = EDGE_LOOP('',(#3560,#3568,#3576,#3582));
#3560 = ORIENTED_EDGE('',*,*,#3561,.T.);
#3561 = EDGE_CURVE('',#2967,#3562,#3564,.T.);
#3562 = VERTEX_POINT('',#3563);
#3563 = CARTESIAN_POINT('',(3.95,-5.E-02,5.));
#3564 = LINE('',#3565,#3566);
#3565 = CARTESIAN_POINT('',(3.9,-0.1,4.95));
#3566 = VECTOR('',#3567,1.);
#3567 = DIRECTION('',(0.57735026919,0.57735026919,0.57735026919));
#3568 = ORIENTED_EDGE('',*,*,#3569,.T.);
#3569 = EDGE_CURVE('',#3562,#3570,#3572,.T.);
#3570 = VERTEX_POINT('',#3571);
#3571 = CARTESIAN_POINT('',(3.95,5.E-02,5.));
#3572 = LINE('',#3573,#3574);
#3573 = CARTESIAN_POINT('',(3.95,-0.25,5.));
#3574 = VECTOR('',#3575,1.);
#3575 = DIRECTION('',(1.224646799147E-16,1.,0.));
#3576 = ORIENTED_EDGE('',*,*,#3577,.T.);
#3577 = EDGE_CURVE('',#3570,#2975,#3578,.T.);
#3578 = LINE('',#3579,#3580);
#3579 = CARTESIAN_POINT('',(3.983333333333,1.666666666667E-02,
    5.033333333333));
#3580 = VECTOR('',#3581,1.);
#3581 = DIRECTION('',(-0.57735026919,0.57735026919,-0.57735026919));
#3582 = ORIENTED_EDGE('',*,*,#2974,.F.);
#3583 = PLANE('',#3584);
#3584 = AXIS2_PLACEMENT_3D('',#3585,#3586,#3587);
#3585 = CARTESIAN_POINT('',(3.85,-0.25,4.9));
#3586 = DIRECTION('',(0.707106781187,-8.486018839685E-17,-0.707106781187
    ));
#3587 = DIRECTION('',(-1.212375546256E-16,-1.,-1.227125289196E-18));
#3588 = ADVANCED_FACE('',(#3589),#3607,.T.);
#3589 = FACE_BOUND('',#3590,.F.);
#3590 = EDGE_LOOP('',(#3591,#3599,#3600,#3601));
#3591 = ORIENTED_EDGE('',*,*,#3592,.F.);
#3592 = EDGE_CURVE('',#2997,#3593,#3595,.T.);
#3593 = VERTEX_POINT('',#3594);
#3594 = CARTESIAN_POINT('',(4.05,-5.E-02,5.));
#3595 = LINE('',#3596,#3597);
#3596 = CARTESIAN_POINT('',(4.183333333333,-0.183333333333,
    4.866666666667));
#3597 = VECTOR('',#3598,1.);
#3598 = DIRECTION('',(-0.57735026919,0.57735026919,0.57735026919));
#3599 = ORIENTED_EDGE('',*,*,#3006,.T.);
#3600 = ORIENTED_EDGE('',*,*,#3561,.T.);
#3601 = ORIENTED_EDGE('',*,*,#3602,.F.);
#3602 = EDGE_CURVE('',#3593,#3562,#3603,.T.);
#3603 = LINE('',#3604,#3605);
#3604 = CARTESIAN_POINT('',(4.25,-5.E-02,5.));
#3605 = VECTOR('',#3606,1.);
#3606 = DIRECTION('',(-1.,1.224646799147E-16,0.));
#3607 = PLANE('',#3608);
#3608 = AXIS2_PLACEMENT_3D('',#3609,#3610,#3611);
#3609 = CARTESIAN_POINT('',(4.25,-0.15,4.9));
#3610 = DIRECTION('',(-8.833102285013E-17,-0.707106781187,0.707106781187
    ));
#3611 = DIRECTION('',(1.,-1.236918052038E-16,1.227125289097E-18));
#3612 = ADVANCED_FACE('',(#3613),#3631,.T.);
#3613 = FACE_BOUND('',#3614,.F.);
#3614 = EDGE_LOOP('',(#3615,#3616,#3624,#3630));
#3615 = ORIENTED_EDGE('',*,*,#3592,.T.);
#3616 = ORIENTED_EDGE('',*,*,#3617,.T.);
#3617 = EDGE_CURVE('',#3593,#3618,#3620,.T.);
#3618 = VERTEX_POINT('',#3619);
#3619 = CARTESIAN_POINT('',(4.05,5.E-02,5.));
#3620 = LINE('',#3621,#3622);
#3621 = CARTESIAN_POINT('',(4.05,-0.25,5.));
#3622 = VECTOR('',#3623,1.);
#3623 = DIRECTION('',(1.224646799147E-16,1.,0.));
#3624 = ORIENTED_EDGE('',*,*,#3625,.T.);
#3625 = EDGE_CURVE('',#3618,#3023,#3626,.T.);
#3626 = LINE('',#3627,#3628);
#3627 = CARTESIAN_POINT('',(4.1,0.1,4.95));
#3628 = VECTOR('',#3629,1.);
#3629 = DIRECTION('',(0.57735026919,0.57735026919,-0.57735026919));
#3630 = ORIENTED_EDGE('',*,*,#3022,.F.);
#3631 = PLANE('',#3632);
#3632 = AXIS2_PLACEMENT_3D('',#3633,#3634,#3635);
#3633 = CARTESIAN_POINT('',(4.15,-0.25,4.9));
#3634 = DIRECTION('',(0.707106781187,-8.833102285013E-17,0.707106781187)
  );
#3635 = DIRECTION('',(-1.236918052038E-16,-1.,-1.227125289097E-18));
#3636 = ADVANCED_FACE('',(#3637),#3648,.T.);
#3637 = FACE_BOUND('',#3638,.F.);
#3638 = EDGE_LOOP('',(#3639,#3640,#3646,#3647));
#3639 = ORIENTED_EDGE('',*,*,#3625,.F.);
#3640 = ORIENTED_EDGE('',*,*,#3641,.T.);
#3641 = EDGE_CURVE('',#3618,#3570,#3642,.T.);
#3642 = LINE('',#3643,#3644);
#3643 = CARTESIAN_POINT('',(4.25,5.E-02,5.));
#3644 = VECTOR('',#3645,1.);
#3645 = DIRECTION('',(-1.,1.224646799147E-16,0.));
#3646 = ORIENTED_EDGE('',*,*,#3577,.T.);
#3647 = ORIENTED_EDGE('',*,*,#3045,.F.);
#3648 = PLANE('',#3649);
#3649 = AXIS2_PLACEMENT_3D('',#3650,#3651,#3652);
#3650 = CARTESIAN_POINT('',(4.25,0.15,4.9));
#3651 = DIRECTION('',(8.833102285013E-17,0.707106781187,0.707106781187)
  );
#3652 = DIRECTION('',(1.,-1.236918052038E-16,-1.227125289097E-18));
#3653 = ADVANCED_FACE('',(#3654),#3665,.T.);
#3654 = FACE_BOUND('',#3655,.T.);
#3655 = EDGE_LOOP('',(#3656,#3657,#3663,#3664));
#3656 = ORIENTED_EDGE('',*,*,#3205,.F.);
#3657 = ORIENTED_EDGE('',*,*,#3658,.T.);
#3658 = EDGE_CURVE('',#3206,#3062,#3659,.T.);
#3659 = LINE('',#3660,#3661);
#3660 = CARTESIAN_POINT('',(0.25,5.E-02,-3.4));
#3661 = VECTOR('',#3662,1.);
#3662 = DIRECTION('',(-1.,1.224646799147E-16,0.));
#3663 = ORIENTED_EDGE('',*,*,#3061,.T.);
#3664 = ORIENTED_EDGE('',*,*,#3117,.F.);
#3665 = PLANE('',#3666);
#3666 = AXIS2_PLACEMENT_3D('',#3667,#3668,#3669);
#3667 = CARTESIAN_POINT('',(0.25,0.165596257347,-3.301223703467));
#3668 = DIRECTION('',(8.302774088379E-17,0.64962967394,-0.760250805153)
  );
#3669 = DIRECTION('',(-1.,1.247195775152E-16,-2.638869166629E-18));
#3670 = ADVANCED_FACE('',(#3671),#3682,.F.);
#3671 = FACE_BOUND('',#3672,.F.);
#3672 = EDGE_LOOP('',(#3673,#3674,#3680,#3681));
#3673 = ORIENTED_EDGE('',*,*,#3071,.T.);
#3674 = ORIENTED_EDGE('',*,*,#3675,.F.);
#3675 = EDGE_CURVE('',#3195,#3072,#3676,.T.);
#3676 = LINE('',#3677,#3678);
#3677 = CARTESIAN_POINT('',(0.25,-5.E-02,-3.4));
#3678 = VECTOR('',#3679,1.);
#3679 = DIRECTION('',(-1.,1.224646799147E-16,0.));
#3680 = ORIENTED_EDGE('',*,*,#3213,.F.);
#3681 = ORIENTED_EDGE('',*,*,#3658,.T.);
#3682 = PLANE('',#3683);
#3683 = AXIS2_PLACEMENT_3D('',#3684,#3685,#3686);
#3684 = CARTESIAN_POINT('',(0.25,0.25,-3.4));
#3685 = DIRECTION('',(0.,0.,1.));
#3686 = DIRECTION('',(-1.224646799147E-16,-1.,0.));
#3687 = ADVANCED_FACE('',(#3688),#3694,.T.);
#3688 = FACE_BOUND('',#3689,.F.);
#3689 = EDGE_LOOP('',(#3690,#3691,#3692,#3693));
#3690 = ORIENTED_EDGE('',*,*,#3194,.F.);
#3691 = ORIENTED_EDGE('',*,*,#3675,.T.);
#3692 = ORIENTED_EDGE('',*,*,#3079,.T.);
#3693 = ORIENTED_EDGE('',*,*,#3177,.F.);
#3694 = PLANE('',#3695);
#3695 = AXIS2_PLACEMENT_3D('',#3696,#3697,#3698);
#3696 = CARTESIAN_POINT('',(0.25,-0.134403742653,-3.301223703467));
#3697 = DIRECTION('',(-9.136856246232E-17,-0.760250805153,-0.64962967394
    ));
#3698 = DIRECTION('',(1.,-1.211454098155E-16,1.127308249542E-18));
#3699 = ADVANCED_FACE('',(#3700),#3706,.F.);
#3700 = FACE_BOUND('',#3701,.F.);
#3701 = EDGE_LOOP('',(#3702,#3703,#3704,#3705));
#3702 = ORIENTED_EDGE('',*,*,#3235,.T.);
#3703 = ORIENTED_EDGE('',*,*,#3266,.F.);
#3704 = ORIENTED_EDGE('',*,*,#3290,.F.);
#3705 = ORIENTED_EDGE('',*,*,#3307,.T.);
#3706 = PLANE('',#3707);
#3707 = AXIS2_PLACEMENT_3D('',#3708,#3709,#3710);
#3708 = CARTESIAN_POINT('',(2.25,0.25,-3.4));
#3709 = DIRECTION('',(0.,0.,1.));
#3710 = DIRECTION('',(-1.224646799147E-16,-1.,0.));
#3711 = ADVANCED_FACE('',(#3712),#3718,.F.);
#3712 = FACE_BOUND('',#3713,.F.);
#3713 = EDGE_LOOP('',(#3714,#3715,#3716,#3717));
#3714 = ORIENTED_EDGE('',*,*,#3410,.T.);
#3715 = ORIENTED_EDGE('',*,*,#3377,.T.);
#3716 = ORIENTED_EDGE('',*,*,#3449,.F.);
#3717 = ORIENTED_EDGE('',*,*,#3425,.F.);
#3718 = PLANE('',#3719);
#3719 = AXIS2_PLACEMENT_3D('',#3720,#3721,#3722);
#3720 = CARTESIAN_POINT('',(0.25,-0.25,5.));
#3721 = DIRECTION('',(-0.,0.,-1.));
#3722 = DIRECTION('',(1.224646799147E-16,1.,0.));
#3723 = ADVANCED_FACE('',(#3724),#3730,.F.);
#3724 = FACE_BOUND('',#3725,.F.);
#3725 = EDGE_LOOP('',(#3726,#3727,#3728,#3729));
#3726 = ORIENTED_EDGE('',*,*,#3506,.T.);
#3727 = ORIENTED_EDGE('',*,*,#3473,.T.);
#3728 = ORIENTED_EDGE('',*,*,#3545,.F.);
#3729 = ORIENTED_EDGE('',*,*,#3521,.F.);
#3730 = PLANE('',#3731);
#3731 = AXIS2_PLACEMENT_3D('',#3732,#3733,#3734);
#3732 = CARTESIAN_POINT('',(2.25,-0.25,5.));
#3733 = DIRECTION('',(-0.,0.,-1.));
#3734 = DIRECTION('',(1.224646799147E-16,1.,0.));
#3735 = ADVANCED_FACE('',(#3736),#3742,.F.);
#3736 = FACE_BOUND('',#3737,.F.);
#3737 = EDGE_LOOP('',(#3738,#3739,#3740,#3741));
#3738 = ORIENTED_EDGE('',*,*,#3602,.T.);
#3739 = ORIENTED_EDGE('',*,*,#3569,.T.);
#3740 = ORIENTED_EDGE('',*,*,#3641,.F.);
#3741 = ORIENTED_EDGE('',*,*,#3617,.F.);
#3742 = PLANE('',#3743);
#3743 = AXIS2_PLACEMENT_3D('',#3744,#3745,#3746);
#3744 = CARTESIAN_POINT('',(4.25,-0.25,5.));
#3745 = DIRECTION('',(-0.,0.,-1.));
#3746 = DIRECTION('',(1.224646799147E-16,1.,0.));
#3747 = ( GEOMETRIC_REPRESENTATION_CONTEXT(3) 
GLOBAL_UNCERTAINTY_ASSIGNED_CONTEXT((#3751)) 
GLOBAL_UNIT_ASSIGNED_CONTEXT((#3748,#3749,#3750)) REPRESENTATION_CONTEXT
('Context #1','3D Context with UNIT and UNCERTAINTY') );
#3748 = ( LENGTH_UNIT() NAMED_UNIT(*) SI_UNIT(.MILLI.,.METRE.) );
#3749 = ( NAMED_UNIT(*) PLANE_ANGLE_UNIT() SI_UNIT($,.RADIAN.) );
#3750 = ( NAMED_UNIT(*) SI_UNIT($,.STERADIAN.) SOLID_ANGLE_UNIT() );
#3751 = UNCERTAINTY_MEASURE_WITH_UNIT(LENGTH_MEASURE(1.E-07),#3748,
  'distance_accuracy_value','confusion accuracy');
#3752 = CONTEXT_DEPENDENT_SHAPE_REPRESENTATION(#3753,#3755);
#3753 = ( REPRESENTATION_RELATIONSHIP('','',#48,#10) 
REPRESENTATION_RELATIONSHIP_WITH_TRANSFORMATION(#3754) 
SHAPE_REPRESENTATION_RELATIONSHIP() );
#3754 = ITEM_DEFINED_TRANSFORMATION('','',#11,#15);
#3755 = PRODUCT_DEFINITION_SHAPE('Placement','Placement of an item',
  #3756);
#3756 = NEXT_ASSEMBLY_USAGE_OCCURRENCE('1','J1','',#5,#43,$);
#3757 = PRODUCT_RELATED_PRODUCT_CATEGORY('part',$,(#45));
#3758 = SHAPE_DEFINITION_REPRESENTATION(#3759,#3765);
#3759 = PRODUCT_DEFINITION_SHAPE('','',#3760);
#3760 = PRODUCT_DEFINITION('design','',#3761,#3764);
#3761 = PRODUCT_DEFINITION_FORMATION('','',#3762);
#3762 = PRODUCT('SW_Foot_Alpha_DPDT','SW_Foot_Alpha_DPDT','',(#3763));
#3763 = PRODUCT_CONTEXT('',#2,'mechanical');
#3764 = PRODUCT_DEFINITION_CONTEXT('part definition',#2,'design');
#3765 = SHAPE_REPRESENTATION('',(#11,#3766,#5630,#12042,#12194,#12346,
    #12498,#12650,#12802),#12954);
#3766 = MANIFOLD_SOLID_BREP('',#3767);
#3767 = CLOSED_SHELL('',(#3768,#3810,#3850,#3867,#3907,#3924,#3962,#3979
    ,#3996,#4028,#4052,#4077,#4101,#4113,#4155,#4195,#4212,#4252,#4269,
    #4307,#4324,#4341,#4373,#4397,#4422,#4446,#4458,#4500,#4540,#4557,
    #4597,#4614,#4652,#4669,#4686,#4718,#4790,#4815,#4878,#4890,#4932,
    #4972,#4989,#5029,#5046,#5075,#5092,#5109,#5141,#5189,#5207,#5219,
    #5244,#5268,#5293,#5317,#5335,#5406,#5418,#5443,#5465,#5482,#5494,
    #5506,#5531,#5549,#5574,#5596,#5614));
#3768 = ADVANCED_FACE('',(#3769),#3805,.T.);
#3769 = FACE_BOUND('',#3770,.T.);
#3770 = EDGE_LOOP('',(#3771,#3782,#3790,#3799));
#3771 = ORIENTED_EDGE('',*,*,#3772,.T.);
#3772 = EDGE_CURVE('',#3773,#3775,#3777,.T.);
#3773 = VERTEX_POINT('',#3774);
#3774 = CARTESIAN_POINT('',(-5.4,4.8,-1.));
#3775 = VERTEX_POINT('',#3776);
#3776 = CARTESIAN_POINT('',(-5.4,4.6,-0.8));
#3777 = CIRCLE('',#3778,0.2);
#3778 = AXIS2_PLACEMENT_3D('',#3779,#3780,#3781);
#3779 = CARTESIAN_POINT('',(-5.4,4.8,-0.8));
#3780 = DIRECTION('',(-1.,0.,0.));
#3781 = DIRECTION('',(0.,0.,-1.));
#3782 = ORIENTED_EDGE('',*,*,#3783,.T.);
#3783 = EDGE_CURVE('',#3775,#3784,#3786,.T.);
#3784 = VERTEX_POINT('',#3785);
#3785 = CARTESIAN_POINT('',(-6.5,4.6,-0.8));
#3786 = LINE('',#3787,#3788);
#3787 = CARTESIAN_POINT('',(-5.675,4.6,-0.8));
#3788 = VECTOR('',#3789,1.);
#3789 = DIRECTION('',(-1.,0.,0.));
#3790 = ORIENTED_EDGE('',*,*,#3791,.T.);
#3791 = EDGE_CURVE('',#3784,#3792,#3794,.T.);
#3792 = VERTEX_POINT('',#3793);
#3793 = CARTESIAN_POINT('',(-6.5,4.8,-1.));
#3794 = CIRCLE('',#3795,0.2);
#3795 = AXIS2_PLACEMENT_3D('',#3796,#3797,#3798);
#3796 = CARTESIAN_POINT('',(-6.5,4.8,-0.8));
#3797 = DIRECTION('',(1.,0.,0.));
#3798 = DIRECTION('',(0.,-1.,0.));
#3799 = ORIENTED_EDGE('',*,*,#3800,.T.);
#3800 = EDGE_CURVE('',#3792,#3773,#3801,.T.);
#3801 = LINE('',#3802,#3803);
#3802 = CARTESIAN_POINT('',(-5.675,4.8,-1.));
#3803 = VECTOR('',#3804,1.);
#3804 = DIRECTION('',(1.,0.,0.));
#3805 = CYLINDRICAL_SURFACE('',#3806,0.2);
#3806 = AXIS2_PLACEMENT_3D('',#3807,#3808,#3809);
#3807 = CARTESIAN_POINT('',(-5.675,4.8,-0.8));
#3808 = DIRECTION('',(-1.,0.,0.));
#3809 = DIRECTION('',(-0.,-0.707106781187,-0.707106781187));
#3810 = ADVANCED_FACE('',(#3811),#3845,.T.);
#3811 = FACE_BOUND('',#3812,.T.);
#3812 = EDGE_LOOP('',(#3813,#3822,#3830,#3839));
#3813 = ORIENTED_EDGE('',*,*,#3814,.T.);
#3814 = EDGE_CURVE('',#3792,#3815,#3817,.T.);
#3815 = VERTEX_POINT('',#3816);
#3816 = CARTESIAN_POINT('',(-6.7,4.8,-0.8));
#3817 = CIRCLE('',#3818,0.2);
#3818 = AXIS2_PLACEMENT_3D('',#3819,#3820,#3821);
#3819 = CARTESIAN_POINT('',(-6.5,4.8,-0.8));
#3820 = DIRECTION('',(0.,1.,0.));
#3821 = DIRECTION('',(0.,0.,-1.));
#3822 = ORIENTED_EDGE('',*,*,#3823,.T.);
#3823 = EDGE_CURVE('',#3815,#3824,#3826,.T.);
#3824 = VERTEX_POINT('',#3825);
#3825 = CARTESIAN_POINT('',(-6.7,5.9,-0.8));
#3826 = LINE('',#3827,#3828);
#3827 = CARTESIAN_POINT('',(-6.7,5.725,-0.8));
#3828 = VECTOR('',#3829,1.);
#3829 = DIRECTION('',(0.,1.,0.));
#3830 = ORIENTED_EDGE('',*,*,#3831,.T.);
#3831 = EDGE_CURVE('',#3824,#3832,#3834,.T.);
#3832 = VERTEX_POINT('',#3833);
#3833 = CARTESIAN_POINT('',(-6.5,5.9,-1.));
#3834 = CIRCLE('',#3835,0.2);
#3835 = AXIS2_PLACEMENT_3D('',#3836,#3837,#3838);
#3836 = CARTESIAN_POINT('',(-6.5,5.9,-0.8));
#3837 = DIRECTION('',(0.,-1.,0.));
#3838 = DIRECTION('',(-1.,0.,0.));
#3839 = ORIENTED_EDGE('',*,*,#3840,.T.);
#3840 = EDGE_CURVE('',#3832,#3792,#3841,.T.);
#3841 = LINE('',#3842,#3843);
#3842 = CARTESIAN_POINT('',(-6.5,5.725,-1.));
#3843 = VECTOR('',#3844,1.);
#3844 = DIRECTION('',(0.,-1.,0.));
#3845 = CYLINDRICAL_SURFACE('',#3846,0.2);
#3846 = AXIS2_PLACEMENT_3D('',#3847,#3848,#3849);
#3847 = CARTESIAN_POINT('',(-6.5,5.725,-0.8));
#3848 = DIRECTION('',(0.,1.,0.));
#3849 = DIRECTION('',(-0.707106781187,0.,-0.707106781187));
#3850 = ADVANCED_FACE('',(#3851),#3862,.T.);
#3851 = FACE_BOUND('',#3852,.T.);
#3852 = EDGE_LOOP('',(#3853,#3854,#3855));
#3853 = ORIENTED_EDGE('',*,*,#3814,.F.);
#3854 = ORIENTED_EDGE('',*,*,#3791,.F.);
#3855 = ORIENTED_EDGE('',*,*,#3856,.T.);
#3856 = EDGE_CURVE('',#3784,#3815,#3857,.T.);
#3857 = CIRCLE('',#3858,0.2);
#3858 = AXIS2_PLACEMENT_3D('',#3859,#3860,#3861);
#3859 = CARTESIAN_POINT('',(-6.5,4.8,-0.8));
#3860 = DIRECTION('',(0.,0.,-1.));
#3861 = DIRECTION('',(-5.551115123126E-15,-1.,-0.));
#3862 = SPHERICAL_SURFACE('',#3863,0.2);
#3863 = AXIS2_PLACEMENT_3D('',#3864,#3865,#3866);
#3864 = CARTESIAN_POINT('',(-6.5,4.8,-0.8));
#3865 = DIRECTION('',(-0.816496580928,0.408248290464,0.408248290464));
#3866 = DIRECTION('',(-0.57735026919,-0.57735026919,-0.57735026919));
#3867 = ADVANCED_FACE('',(#3868),#3902,.T.);
#3868 = FACE_BOUND('',#3869,.T.);
#3869 = EDGE_LOOP('',(#3870,#3879,#3887,#3896));
#3870 = ORIENTED_EDGE('',*,*,#3871,.T.);
#3871 = EDGE_CURVE('',#3832,#3872,#3874,.T.);
#3872 = VERTEX_POINT('',#3873);
#3873 = CARTESIAN_POINT('',(-6.5,6.1,-0.8));
#3874 = CIRCLE('',#3875,0.2);
#3875 = AXIS2_PLACEMENT_3D('',#3876,#3877,#3878);
#3876 = CARTESIAN_POINT('',(-6.5,5.9,-0.8));
#3877 = DIRECTION('',(1.,0.,0.));
#3878 = DIRECTION('',(0.,0.,-1.));
#3879 = ORIENTED_EDGE('',*,*,#3880,.T.);
#3880 = EDGE_CURVE('',#3872,#3881,#3883,.T.);
#3881 = VERTEX_POINT('',#3882);
#3882 = CARTESIAN_POINT('',(-5.4,6.1,-0.8));
#3883 = LINE('',#3884,#3885);
#3884 = CARTESIAN_POINT('',(0.375,6.1,-0.8));
#3885 = VECTOR('',#3886,1.);
#3886 = DIRECTION('',(1.,0.,0.));
#3887 = ORIENTED_EDGE('',*,*,#3888,.T.);
#3888 = EDGE_CURVE('',#3881,#3889,#3891,.T.);
#3889 = VERTEX_POINT('',#3890);
#3890 = CARTESIAN_POINT('',(-5.4,5.9,-1.));
#3891 = CIRCLE('',#3892,0.2);
#3892 = AXIS2_PLACEMENT_3D('',#3893,#3894,#3895);
#3893 = CARTESIAN_POINT('',(-5.4,5.9,-0.8));
#3894 = DIRECTION('',(-1.,0.,0.));
#3895 = DIRECTION('',(0.,1.,0.));
#3896 = ORIENTED_EDGE('',*,*,#3897,.T.);
#3897 = EDGE_CURVE('',#3889,#3832,#3898,.T.);
#3898 = LINE('',#3899,#3900);
#3899 = CARTESIAN_POINT('',(0.375,5.9,-1.));
#3900 = VECTOR('',#3901,1.);
#3901 = DIRECTION('',(-1.,0.,0.));
#3902 = CYLINDRICAL_SURFACE('',#3903,0.2);
#3903 = AXIS2_PLACEMENT_3D('',#3904,#3905,#3906);
#3904 = CARTESIAN_POINT('',(0.375,5.9,-0.8));
#3905 = DIRECTION('',(1.,0.,0.));
#3906 = DIRECTION('',(0.,0.707106781187,-0.707106781187));
#3907 = ADVANCED_FACE('',(#3908),#3919,.T.);
#3908 = FACE_BOUND('',#3909,.T.);
#3909 = EDGE_LOOP('',(#3910,#3911,#3912));
#3910 = ORIENTED_EDGE('',*,*,#3871,.F.);
#3911 = ORIENTED_EDGE('',*,*,#3831,.F.);
#3912 = ORIENTED_EDGE('',*,*,#3913,.T.);
#3913 = EDGE_CURVE('',#3824,#3872,#3914,.T.);
#3914 = CIRCLE('',#3915,0.2);
#3915 = AXIS2_PLACEMENT_3D('',#3916,#3917,#3918);
#3916 = CARTESIAN_POINT('',(-6.5,5.9,-0.8));
#3917 = DIRECTION('',(0.,0.,-1.));
#3918 = DIRECTION('',(-0.707106781187,0.707106781187,0.));
#3919 = SPHERICAL_SURFACE('',#3920,0.2);
#3920 = AXIS2_PLACEMENT_3D('',#3921,#3922,#3923);
#3921 = CARTESIAN_POINT('',(-6.5,5.9,-0.8));
#3922 = DIRECTION('',(-0.816496580928,-0.408248290464,0.408248290464));
#3923 = DIRECTION('',(-0.57735026919,0.57735026919,-0.57735026919));
#3924 = ADVANCED_FACE('',(#3925),#3957,.T.);
#3925 = FACE_BOUND('',#3926,.T.);
#3926 = EDGE_LOOP('',(#3927,#3936,#3944,#3951));
#3927 = ORIENTED_EDGE('',*,*,#3928,.T.);
#3928 = EDGE_CURVE('',#3889,#3929,#3931,.T.);
#3929 = VERTEX_POINT('',#3930);
#3930 = CARTESIAN_POINT('',(-5.2,5.9,-0.8));
#3931 = CIRCLE('',#3932,0.2);
#3932 = AXIS2_PLACEMENT_3D('',#3933,#3934,#3935);
#3933 = CARTESIAN_POINT('',(-5.4,5.9,-0.8));
#3934 = DIRECTION('',(0.,-1.,0.));
#3935 = DIRECTION('',(0.,0.,-1.));
#3936 = ORIENTED_EDGE('',*,*,#3937,.T.);
#3937 = EDGE_CURVE('',#3929,#3938,#3940,.T.);
#3938 = VERTEX_POINT('',#3939);
#3939 = CARTESIAN_POINT('',(-5.2,4.8,-0.8));
#3940 = LINE('',#3941,#3942);
#3941 = CARTESIAN_POINT('',(-5.2,5.625,-0.8));
#3942 = VECTOR('',#3943,1.);
#3943 = DIRECTION('',(0.,-1.,0.));
#3944 = ORIENTED_EDGE('',*,*,#3945,.T.);
#3945 = EDGE_CURVE('',#3938,#3773,#3946,.T.);
#3946 = CIRCLE('',#3947,0.2);
#3947 = AXIS2_PLACEMENT_3D('',#3948,#3949,#3950);
#3948 = CARTESIAN_POINT('',(-5.4,4.8,-0.8));
#3949 = DIRECTION('',(-0.,1.,0.));
#3950 = DIRECTION('',(1.,0.,0.));
#3951 = ORIENTED_EDGE('',*,*,#3952,.T.);
#3952 = EDGE_CURVE('',#3773,#3889,#3953,.T.);
#3953 = LINE('',#3954,#3955);
#3954 = CARTESIAN_POINT('',(-5.4,5.625,-1.));
#3955 = VECTOR('',#3956,1.);
#3956 = DIRECTION('',(0.,1.,0.));
#3957 = CYLINDRICAL_SURFACE('',#3958,0.2);
#3958 = AXIS2_PLACEMENT_3D('',#3959,#3960,#3961);
#3959 = CARTESIAN_POINT('',(-5.4,5.625,-0.8));
#3960 = DIRECTION('',(0.,-1.,0.));
#3961 = DIRECTION('',(0.707106781187,0.,-0.707106781187));
#3962 = ADVANCED_FACE('',(#3963),#3974,.T.);
#3963 = FACE_BOUND('',#3964,.T.);
#3964 = EDGE_LOOP('',(#3965,#3966,#3967));
#3965 = ORIENTED_EDGE('',*,*,#3928,.F.);
#3966 = ORIENTED_EDGE('',*,*,#3888,.F.);
#3967 = ORIENTED_EDGE('',*,*,#3968,.T.);
#3968 = EDGE_CURVE('',#3881,#3929,#3969,.T.);
#3969 = CIRCLE('',#3970,0.2);
#3970 = AXIS2_PLACEMENT_3D('',#3971,#3972,#3973);
#3971 = CARTESIAN_POINT('',(-5.4,5.9,-0.8));
#3972 = DIRECTION('',(0.,0.,-1.));
#3973 = DIRECTION('',(0.,1.,0.));
#3974 = SPHERICAL_SURFACE('',#3975,0.2);
#3975 = AXIS2_PLACEMENT_3D('',#3976,#3977,#3978);
#3976 = CARTESIAN_POINT('',(-5.4,5.9,-0.8));
#3977 = DIRECTION('',(-0.816496580928,0.408248290464,-0.408248290464));
#3978 = DIRECTION('',(0.57735026919,0.57735026919,-0.57735026919));
#3979 = ADVANCED_FACE('',(#3980),#3991,.T.);
#3980 = FACE_BOUND('',#3981,.T.);
#3981 = EDGE_LOOP('',(#3982,#3983,#3984));
#3982 = ORIENTED_EDGE('',*,*,#3772,.F.);
#3983 = ORIENTED_EDGE('',*,*,#3945,.F.);
#3984 = ORIENTED_EDGE('',*,*,#3985,.T.);
#3985 = EDGE_CURVE('',#3938,#3775,#3986,.T.);
#3986 = CIRCLE('',#3987,0.2);
#3987 = AXIS2_PLACEMENT_3D('',#3988,#3989,#3990);
#3988 = CARTESIAN_POINT('',(-5.4,4.8,-0.8));
#3989 = DIRECTION('',(0.,0.,-1.));
#3990 = DIRECTION('',(1.,0.,0.));
#3991 = SPHERICAL_SURFACE('',#3992,0.2);
#3992 = AXIS2_PLACEMENT_3D('',#3993,#3994,#3995);
#3993 = CARTESIAN_POINT('',(-5.4,4.8,-0.8));
#3994 = DIRECTION('',(-0.408248290464,0.408248290464,-0.816496580928));
#3995 = DIRECTION('',(0.57735026919,-0.57735026919,-0.57735026919));
#3996 = ADVANCED_FACE('',(#3997),#4023,.T.);
#3997 = FACE_BOUND('',#3998,.T.);
#3998 = EDGE_LOOP('',(#3999,#4000,#4008,#4017));
#3999 = ORIENTED_EDGE('',*,*,#3856,.F.);
#4000 = ORIENTED_EDGE('',*,*,#4001,.F.);
#4001 = EDGE_CURVE('',#4002,#3784,#4004,.T.);
#4002 = VERTEX_POINT('',#4003);
#4003 = CARTESIAN_POINT('',(-6.5,4.6,0.));
#4004 = LINE('',#4005,#4006);
#4005 = CARTESIAN_POINT('',(-6.5,4.6,0.));
#4006 = VECTOR('',#4007,1.);
#4007 = DIRECTION('',(0.,0.,-1.));
#4008 = ORIENTED_EDGE('',*,*,#4009,.F.);
#4009 = EDGE_CURVE('',#4010,#4002,#4012,.T.);
#4010 = VERTEX_POINT('',#4011);
#4011 = CARTESIAN_POINT('',(-6.7,4.8,0.));
#4012 = CIRCLE('',#4013,0.2);
#4013 = AXIS2_PLACEMENT_3D('',#4014,#4015,#4016);
#4014 = CARTESIAN_POINT('',(-6.5,4.8,0.));
#4015 = DIRECTION('',(0.,0.,1.));
#4016 = DIRECTION('',(-5.551115123126E-15,-1.,0.));
#4017 = ORIENTED_EDGE('',*,*,#4018,.T.);
#4018 = EDGE_CURVE('',#4010,#3815,#4019,.T.);
#4019 = LINE('',#4020,#4021);
#4020 = CARTESIAN_POINT('',(-6.7,4.8,0.));
#4021 = VECTOR('',#4022,1.);
#4022 = DIRECTION('',(0.,0.,-1.));
#4023 = CYLINDRICAL_SURFACE('',#4024,0.2);
#4024 = AXIS2_PLACEMENT_3D('',#4025,#4026,#4027);
#4025 = CARTESIAN_POINT('',(-6.5,4.8,0.));
#4026 = DIRECTION('',(0.,0.,-1.));
#4027 = DIRECTION('',(-5.551115123126E-15,-1.,-0.));
#4028 = ADVANCED_FACE('',(#4029),#4047,.T.);
#4029 = FACE_BOUND('',#4030,.T.);
#4030 = EDGE_LOOP('',(#4031,#4032,#4040,#4046));
#4031 = ORIENTED_EDGE('',*,*,#3783,.F.);
#4032 = ORIENTED_EDGE('',*,*,#4033,.F.);
#4033 = EDGE_CURVE('',#4034,#3775,#4036,.T.);
#4034 = VERTEX_POINT('',#4035);
#4035 = CARTESIAN_POINT('',(-5.4,4.6,0.));
#4036 = LINE('',#4037,#4038);
#4037 = CARTESIAN_POINT('',(-5.4,4.6,0.));
#4038 = VECTOR('',#4039,1.);
#4039 = DIRECTION('',(0.,0.,-1.));
#4040 = ORIENTED_EDGE('',*,*,#4041,.F.);
#4041 = EDGE_CURVE('',#4002,#4034,#4042,.T.);
#4042 = LINE('',#4043,#4044);
#4043 = CARTESIAN_POINT('',(-2.7,4.6,0.));
#4044 = VECTOR('',#4045,1.);
#4045 = DIRECTION('',(1.,0.,0.));
#4046 = ORIENTED_EDGE('',*,*,#4001,.T.);
#4047 = PLANE('',#4048);
#4048 = AXIS2_PLACEMENT_3D('',#4049,#4050,#4051);
#4049 = CARTESIAN_POINT('',(-5.4,4.6,0.));
#4050 = DIRECTION('',(0.,-1.,0.));
#4051 = DIRECTION('',(-1.,0.,0.));
#4052 = ADVANCED_FACE('',(#4053),#4072,.T.);
#4053 = FACE_BOUND('',#4054,.T.);
#4054 = EDGE_LOOP('',(#4055,#4056,#4064,#4071));
#4055 = ORIENTED_EDGE('',*,*,#3985,.F.);
#4056 = ORIENTED_EDGE('',*,*,#4057,.F.);
#4057 = EDGE_CURVE('',#4058,#3938,#4060,.T.);
#4058 = VERTEX_POINT('',#4059);
#4059 = CARTESIAN_POINT('',(-5.2,4.8,0.));
#4060 = LINE('',#4061,#4062);
#4061 = CARTESIAN_POINT('',(-5.2,4.8,0.));
#4062 = VECTOR('',#4063,1.);
#4063 = DIRECTION('',(0.,0.,-1.));
#4064 = ORIENTED_EDGE('',*,*,#4065,.F.);
#4065 = EDGE_CURVE('',#4034,#4058,#4066,.T.);
#4066 = CIRCLE('',#4067,0.2);
#4067 = AXIS2_PLACEMENT_3D('',#4068,#4069,#4070);
#4068 = CARTESIAN_POINT('',(-5.4,4.8,0.));
#4069 = DIRECTION('',(0.,0.,1.));
#4070 = DIRECTION('',(1.,0.,-0.));
#4071 = ORIENTED_EDGE('',*,*,#4033,.T.);
#4072 = CYLINDRICAL_SURFACE('',#4073,0.2);
#4073 = AXIS2_PLACEMENT_3D('',#4074,#4075,#4076);
#4074 = CARTESIAN_POINT('',(-5.4,4.8,0.));
#4075 = DIRECTION('',(0.,0.,-1.));
#4076 = DIRECTION('',(1.,0.,0.));
#4077 = ADVANCED_FACE('',(#4078),#4096,.T.);
#4078 = FACE_BOUND('',#4079,.T.);
#4079 = EDGE_LOOP('',(#4080,#4081,#4089,#4095));
#4080 = ORIENTED_EDGE('',*,*,#3937,.F.);
#4081 = ORIENTED_EDGE('',*,*,#4082,.F.);
#4082 = EDGE_CURVE('',#4083,#3929,#4085,.T.);
#4083 = VERTEX_POINT('',#4084);
#4084 = CARTESIAN_POINT('',(-5.2,5.9,0.));
#4085 = LINE('',#4086,#4087);
#4086 = CARTESIAN_POINT('',(-5.2,5.9,0.));
#4087 = VECTOR('',#4088,1.);
#4088 = DIRECTION('',(0.,0.,-1.));
#4089 = ORIENTED_EDGE('',*,*,#4090,.F.);
#4090 = EDGE_CURVE('',#4058,#4083,#4091,.T.);
#4091 = LINE('',#4092,#4093);
#4092 = CARTESIAN_POINT('',(-5.2,2.95,0.));
#4093 = VECTOR('',#4094,1.);
#4094 = DIRECTION('',(0.,1.,0.));
#4095 = ORIENTED_EDGE('',*,*,#4057,.T.);
#4096 = PLANE('',#4097);
#4097 = AXIS2_PLACEMENT_3D('',#4098,#4099,#4100);
#4098 = CARTESIAN_POINT('',(-5.2,5.9,0.));
#4099 = DIRECTION('',(1.,0.,0.));
#4100 = DIRECTION('',(0.,-1.,0.));
#4101 = ADVANCED_FACE('',(#4102),#4108,.T.);
#4102 = FACE_BOUND('',#4103,.T.);
#4103 = EDGE_LOOP('',(#4104,#4105,#4106,#4107));
#4104 = ORIENTED_EDGE('',*,*,#3800,.F.);
#4105 = ORIENTED_EDGE('',*,*,#3840,.F.);
#4106 = ORIENTED_EDGE('',*,*,#3897,.F.);
#4107 = ORIENTED_EDGE('',*,*,#3952,.F.);
#4108 = PLANE('',#4109);
#4109 = AXIS2_PLACEMENT_3D('',#4110,#4111,#4112);
#4110 = CARTESIAN_POINT('',(-5.95,5.35,-1.));
#4111 = DIRECTION('',(0.,0.,-1.));
#4112 = DIRECTION('',(1.,0.,0.));
#4113 = ADVANCED_FACE('',(#4114),#4150,.T.);
#4114 = FACE_BOUND('',#4115,.T.);
#4115 = EDGE_LOOP('',(#4116,#4127,#4135,#4144));
#4116 = ORIENTED_EDGE('',*,*,#4117,.T.);
#4117 = EDGE_CURVE('',#4118,#4120,#4122,.T.);
#4118 = VERTEX_POINT('',#4119);
#4119 = CARTESIAN_POINT('',(5.399999850243,4.799999863654,-1.));
#4120 = VERTEX_POINT('',#4121);
#4121 = CARTESIAN_POINT('',(5.199999850243,4.799999863654,-0.8));
#4122 = CIRCLE('',#4123,0.2);
#4123 = AXIS2_PLACEMENT_3D('',#4124,#4125,#4126);
#4124 = CARTESIAN_POINT('',(5.399999850243,4.799999863654,-0.8));
#4125 = DIRECTION('',(0.,1.,0.));
#4126 = DIRECTION('',(0.,0.,-1.));
#4127 = ORIENTED_EDGE('',*,*,#4128,.T.);
#4128 = EDGE_CURVE('',#4120,#4129,#4131,.T.);
#4129 = VERTEX_POINT('',#4130);
#4130 = CARTESIAN_POINT('',(5.199999850243,5.899999863654,-0.8));
#4131 = LINE('',#4132,#4133);
#4132 = CARTESIAN_POINT('',(5.199999850243,5.074999863654,-0.8));
#4133 = VECTOR('',#4134,1.);
#4134 = DIRECTION('',(1.00929365875E-15,1.,0.));
#4135 = ORIENTED_EDGE('',*,*,#4136,.T.);
#4136 = EDGE_CURVE('',#4129,#4137,#4139,.T.);
#4137 = VERTEX_POINT('',#4138);
#4138 = CARTESIAN_POINT('',(5.399999850243,5.899999863654,-1.));
#4139 = CIRCLE('',#4140,0.2);
#4140 = AXIS2_PLACEMENT_3D('',#4141,#4142,#4143);
#4141 = CARTESIAN_POINT('',(5.399999850243,5.899999863654,-0.8));
#4142 = DIRECTION('',(0.,-1.,0.));
#4143 = DIRECTION('',(-1.,0.,0.));
#4144 = ORIENTED_EDGE('',*,*,#4145,.T.);
#4145 = EDGE_CURVE('',#4137,#4118,#4146,.T.);
#4146 = LINE('',#4147,#4148);
#4147 = CARTESIAN_POINT('',(5.399999850243,5.074999863654,-1.));
#4148 = VECTOR('',#4149,1.);
#4149 = DIRECTION('',(-1.00929365875E-15,-1.,0.));
#4150 = CYLINDRICAL_SURFACE('',#4151,0.2);
#4151 = AXIS2_PLACEMENT_3D('',#4152,#4153,#4154);
#4152 = CARTESIAN_POINT('',(5.399999850243,5.074999863654,-0.8));
#4153 = DIRECTION('',(1.00929365875E-15,1.,0.));
#4154 = DIRECTION('',(-0.707106781187,7.136783903108E-16,-0.707106781187
    ));
#4155 = ADVANCED_FACE('',(#4156),#4190,.T.);
#4156 = FACE_BOUND('',#4157,.T.);
#4157 = EDGE_LOOP('',(#4158,#4167,#4175,#4184));
#4158 = ORIENTED_EDGE('',*,*,#4159,.T.);
#4159 = EDGE_CURVE('',#4137,#4160,#4162,.T.);
#4160 = VERTEX_POINT('',#4161);
#4161 = CARTESIAN_POINT('',(5.399999850243,6.099999863654,-0.8));
#4162 = CIRCLE('',#4163,0.2);
#4163 = AXIS2_PLACEMENT_3D('',#4164,#4165,#4166);
#4164 = CARTESIAN_POINT('',(5.399999850243,5.9,-0.8));
#4165 = DIRECTION('',(1.,0.,0.));
#4166 = DIRECTION('',(0.,0.,-1.));
#4167 = ORIENTED_EDGE('',*,*,#4168,.T.);
#4168 = EDGE_CURVE('',#4160,#4169,#4171,.T.);
#4169 = VERTEX_POINT('',#4170);
#4170 = CARTESIAN_POINT('',(6.499999850243,6.099999863654,-0.8));
#4171 = LINE('',#4172,#4173);
#4172 = CARTESIAN_POINT('',(6.324999925122,6.1,-0.8));
#4173 = VECTOR('',#4174,1.);
#4174 = DIRECTION('',(1.,0.,0.));
#4175 = ORIENTED_EDGE('',*,*,#4176,.T.);
#4176 = EDGE_CURVE('',#4169,#4177,#4179,.T.);
#4177 = VERTEX_POINT('',#4178);
#4178 = CARTESIAN_POINT('',(6.499999850243,5.9,-1.));
#4179 = CIRCLE('',#4180,0.199999863654);
#4180 = AXIS2_PLACEMENT_3D('',#4181,#4182,#4183);
#4181 = CARTESIAN_POINT('',(6.499999850243,5.9,-0.8));
#4182 = DIRECTION('',(-1.,0.,0.));
#4183 = DIRECTION('',(0.,1.,0.));
#4184 = ORIENTED_EDGE('',*,*,#4185,.T.);
#4185 = EDGE_CURVE('',#4177,#4137,#4186,.T.);
#4186 = LINE('',#4187,#4188);
#4187 = CARTESIAN_POINT('',(6.324999925122,5.9,-1.));
#4188 = VECTOR('',#4189,1.);
#4189 = DIRECTION('',(-1.,0.,0.));
#4190 = CYLINDRICAL_SURFACE('',#4191,0.2);
#4191 = AXIS2_PLACEMENT_3D('',#4192,#4193,#4194);
#4192 = CARTESIAN_POINT('',(6.324999925122,5.9,-0.8));
#4193 = DIRECTION('',(1.,0.,0.));
#4194 = DIRECTION('',(0.,0.707106781187,-0.707106781187));
#4195 = ADVANCED_FACE('',(#4196),#4207,.T.);
#4196 = FACE_BOUND('',#4197,.T.);
#4197 = EDGE_LOOP('',(#4198,#4199,#4200));
#4198 = ORIENTED_EDGE('',*,*,#4159,.F.);
#4199 = ORIENTED_EDGE('',*,*,#4136,.F.);
#4200 = ORIENTED_EDGE('',*,*,#4201,.T.);
#4201 = EDGE_CURVE('',#4129,#4160,#4202,.T.);
#4202 = CIRCLE('',#4203,0.2);
#4203 = AXIS2_PLACEMENT_3D('',#4204,#4205,#4206);
#4204 = CARTESIAN_POINT('',(5.399999850243,5.899999863654,-0.8));
#4205 = DIRECTION('',(0.,0.,-1.));
#4206 = DIRECTION('',(-1.,5.551115123126E-15,0.));
#4207 = SPHERICAL_SURFACE('',#4208,0.2);
#4208 = AXIS2_PLACEMENT_3D('',#4209,#4210,#4211);
#4209 = CARTESIAN_POINT('',(5.399999850243,5.899999863654,-0.8));
#4210 = DIRECTION('',(0.408248290464,-0.408248290464,-0.816496580928));
#4211 = DIRECTION('',(-0.57735026919,0.57735026919,-0.57735026919));
#4212 = ADVANCED_FACE('',(#4213),#4247,.T.);
#4213 = FACE_BOUND('',#4214,.T.);
#4214 = EDGE_LOOP('',(#4215,#4224,#4232,#4241));
#4215 = ORIENTED_EDGE('',*,*,#4216,.T.);
#4216 = EDGE_CURVE('',#4177,#4217,#4219,.T.);
#4217 = VERTEX_POINT('',#4218);
#4218 = CARTESIAN_POINT('',(6.699999850243,5.899999863654,-0.8));
#4219 = CIRCLE('',#4220,0.2);
#4220 = AXIS2_PLACEMENT_3D('',#4221,#4222,#4223);
#4221 = CARTESIAN_POINT('',(6.5,5.899999863654,-0.8));
#4222 = DIRECTION('',(0.,-1.,0.));
#4223 = DIRECTION('',(0.,0.,-1.));
#4224 = ORIENTED_EDGE('',*,*,#4225,.T.);
#4225 = EDGE_CURVE('',#4217,#4226,#4228,.T.);
#4226 = VERTEX_POINT('',#4227);
#4227 = CARTESIAN_POINT('',(6.699999850243,4.799999863654,-0.8));
#4228 = LINE('',#4229,#4230);
#4229 = CARTESIAN_POINT('',(6.7,-0.375000068173,-0.8));
#4230 = VECTOR('',#4231,1.);
#4231 = DIRECTION('',(0.,-1.,0.));
#4232 = ORIENTED_EDGE('',*,*,#4233,.T.);
#4233 = EDGE_CURVE('',#4226,#4234,#4236,.T.);
#4234 = VERTEX_POINT('',#4235);
#4235 = CARTESIAN_POINT('',(6.5,4.799999863654,-1.));
#4236 = CIRCLE('',#4237,0.199999850243);
#4237 = AXIS2_PLACEMENT_3D('',#4238,#4239,#4240);
#4238 = CARTESIAN_POINT('',(6.5,4.799999863654,-0.8));
#4239 = DIRECTION('',(-0.,1.,0.));
#4240 = DIRECTION('',(1.,0.,0.));
#4241 = ORIENTED_EDGE('',*,*,#4242,.T.);
#4242 = EDGE_CURVE('',#4234,#4177,#4243,.T.);
#4243 = LINE('',#4244,#4245);
#4244 = CARTESIAN_POINT('',(6.5,-0.375000068173,-1.));
#4245 = VECTOR('',#4246,1.);
#4246 = DIRECTION('',(0.,1.,0.));
#4247 = CYLINDRICAL_SURFACE('',#4248,0.2);
#4248 = AXIS2_PLACEMENT_3D('',#4249,#4250,#4251);
#4249 = CARTESIAN_POINT('',(6.5,-0.375000068173,-0.8));
#4250 = DIRECTION('',(0.,-1.,0.));
#4251 = DIRECTION('',(0.707106781187,0.,-0.707106781187));
#4252 = ADVANCED_FACE('',(#4253),#4264,.T.);
#4253 = FACE_BOUND('',#4254,.T.);
#4254 = EDGE_LOOP('',(#4255,#4256,#4257));
#4255 = ORIENTED_EDGE('',*,*,#4216,.F.);
#4256 = ORIENTED_EDGE('',*,*,#4176,.F.);
#4257 = ORIENTED_EDGE('',*,*,#4258,.T.);
#4258 = EDGE_CURVE('',#4169,#4217,#4259,.T.);
#4259 = CIRCLE('',#4260,0.2);
#4260 = AXIS2_PLACEMENT_3D('',#4261,#4262,#4263);
#4261 = CARTESIAN_POINT('',(6.499999850243,5.899999863654,-0.8));
#4262 = DIRECTION('',(0.,0.,-1.));
#4263 = DIRECTION('',(0.,1.,0.));
#4264 = SPHERICAL_SURFACE('',#4265,0.2);
#4265 = AXIS2_PLACEMENT_3D('',#4266,#4267,#4268);
#4266 = CARTESIAN_POINT('',(6.499999850243,5.899999863654,-0.8));
#4267 = DIRECTION('',(-0.816496673699,0.408248336849,-0.408248058535));
#4268 = DIRECTION('',(0.577350137991,0.577350531587,-0.577350137991));
#4269 = ADVANCED_FACE('',(#4270),#4302,.T.);
#4270 = FACE_BOUND('',#4271,.T.);
#4271 = EDGE_LOOP('',(#4272,#4281,#4289,#4296));
#4272 = ORIENTED_EDGE('',*,*,#4273,.T.);
#4273 = EDGE_CURVE('',#4234,#4274,#4276,.T.);
#4274 = VERTEX_POINT('',#4275);
#4275 = CARTESIAN_POINT('',(6.499999850243,4.599999863654,-0.8));
#4276 = CIRCLE('',#4277,0.2);
#4277 = AXIS2_PLACEMENT_3D('',#4278,#4279,#4280);
#4278 = CARTESIAN_POINT('',(6.499999850243,4.799999863654,-0.8));
#4279 = DIRECTION('',(-1.,0.,0.));
#4280 = DIRECTION('',(0.,0.,-1.));
#4281 = ORIENTED_EDGE('',*,*,#4282,.T.);
#4282 = EDGE_CURVE('',#4274,#4283,#4285,.T.);
#4283 = VERTEX_POINT('',#4284);
#4284 = CARTESIAN_POINT('',(5.399999850243,4.599999863654,-0.8));
#4285 = LINE('',#4286,#4287);
#4286 = CARTESIAN_POINT('',(6.224999850243,4.599999863654,-0.8));
#4287 = VECTOR('',#4288,1.);
#4288 = DIRECTION('',(-1.,0.,0.));
#4289 = ORIENTED_EDGE('',*,*,#4290,.T.);
#4290 = EDGE_CURVE('',#4283,#4118,#4291,.T.);
#4291 = CIRCLE('',#4292,0.2);
#4292 = AXIS2_PLACEMENT_3D('',#4293,#4294,#4295);
#4293 = CARTESIAN_POINT('',(5.399999850243,4.799999863654,-0.8));
#4294 = DIRECTION('',(1.,0.,0.));
#4295 = DIRECTION('',(0.,-1.,0.));
#4296 = ORIENTED_EDGE('',*,*,#4297,.T.);
#4297 = EDGE_CURVE('',#4118,#4234,#4298,.T.);
#4298 = LINE('',#4299,#4300);
#4299 = CARTESIAN_POINT('',(6.224999850243,4.799999863654,-1.));
#4300 = VECTOR('',#4301,1.);
#4301 = DIRECTION('',(1.,0.,0.));
#4302 = CYLINDRICAL_SURFACE('',#4303,0.2);
#4303 = AXIS2_PLACEMENT_3D('',#4304,#4305,#4306);
#4304 = CARTESIAN_POINT('',(6.224999850243,4.799999863654,-0.8));
#4305 = DIRECTION('',(-1.,0.,0.));
#4306 = DIRECTION('',(-0.,-0.707106781187,-0.707106781187));
#4307 = ADVANCED_FACE('',(#4308),#4319,.T.);
#4308 = FACE_BOUND('',#4309,.T.);
#4309 = EDGE_LOOP('',(#4310,#4311,#4312));
#4310 = ORIENTED_EDGE('',*,*,#4273,.F.);
#4311 = ORIENTED_EDGE('',*,*,#4233,.F.);
#4312 = ORIENTED_EDGE('',*,*,#4313,.T.);
#4313 = EDGE_CURVE('',#4226,#4274,#4314,.T.);
#4314 = CIRCLE('',#4315,0.2);
#4315 = AXIS2_PLACEMENT_3D('',#4316,#4317,#4318);
#4316 = CARTESIAN_POINT('',(6.499999850243,4.799999863654,-0.8));
#4317 = DIRECTION('',(0.,0.,-1.));
#4318 = DIRECTION('',(1.,5.551115123126E-15,0.));
#4319 = SPHERICAL_SURFACE('',#4320,0.2);
#4320 = AXIS2_PLACEMENT_3D('',#4321,#4322,#4323);
#4321 = CARTESIAN_POINT('',(6.499999850243,4.799999863654,-0.8));
#4322 = DIRECTION('',(-0.408248341412,0.408248035723,-0.816496682824));
#4323 = DIRECTION('',(0.577350557396,-0.577350125086,-0.577350125086));
#4324 = ADVANCED_FACE('',(#4325),#4336,.T.);
#4325 = FACE_BOUND('',#4326,.T.);
#4326 = EDGE_LOOP('',(#4327,#4328,#4329));
#4327 = ORIENTED_EDGE('',*,*,#4117,.F.);
#4328 = ORIENTED_EDGE('',*,*,#4290,.F.);
#4329 = ORIENTED_EDGE('',*,*,#4330,.T.);
#4330 = EDGE_CURVE('',#4283,#4120,#4331,.T.);
#4331 = CIRCLE('',#4332,0.2);
#4332 = AXIS2_PLACEMENT_3D('',#4333,#4334,#4335);
#4333 = CARTESIAN_POINT('',(5.399999850243,4.799999863654,-0.8));
#4334 = DIRECTION('',(0.,0.,-1.));
#4335 = DIRECTION('',(0.,-1.,0.));
#4336 = SPHERICAL_SURFACE('',#4337,0.2);
#4337 = AXIS2_PLACEMENT_3D('',#4338,#4339,#4340);
#4338 = CARTESIAN_POINT('',(5.399999850243,4.799999863654,-0.8));
#4339 = DIRECTION('',(-0.816496580928,0.408248290464,0.408248290464));
#4340 = DIRECTION('',(-0.57735026919,-0.57735026919,-0.57735026919));
#4341 = ADVANCED_FACE('',(#4342),#4368,.T.);
#4342 = FACE_BOUND('',#4343,.T.);
#4343 = EDGE_LOOP('',(#4344,#4345,#4353,#4362));
#4344 = ORIENTED_EDGE('',*,*,#4201,.F.);
#4345 = ORIENTED_EDGE('',*,*,#4346,.F.);
#4346 = EDGE_CURVE('',#4347,#4129,#4349,.T.);
#4347 = VERTEX_POINT('',#4348);
#4348 = CARTESIAN_POINT('',(5.199999850243,5.899999863654,0.));
#4349 = LINE('',#4350,#4351);
#4350 = CARTESIAN_POINT('',(5.199999850243,5.899999863654,0.));
#4351 = VECTOR('',#4352,1.);
#4352 = DIRECTION('',(0.,0.,-1.));
#4353 = ORIENTED_EDGE('',*,*,#4354,.F.);
#4354 = EDGE_CURVE('',#4355,#4347,#4357,.T.);
#4355 = VERTEX_POINT('',#4356);
#4356 = CARTESIAN_POINT('',(5.399999850243,6.099999863654,0.));
#4357 = CIRCLE('',#4358,0.2);
#4358 = AXIS2_PLACEMENT_3D('',#4359,#4360,#4361);
#4359 = CARTESIAN_POINT('',(5.399999850243,5.899999863654,0.));
#4360 = DIRECTION('',(0.,0.,1.));
#4361 = DIRECTION('',(-1.,5.551115123126E-15,0.));
#4362 = ORIENTED_EDGE('',*,*,#4363,.T.);
#4363 = EDGE_CURVE('',#4355,#4160,#4364,.T.);
#4364 = LINE('',#4365,#4366);
#4365 = CARTESIAN_POINT('',(5.399999850243,6.099999863654,0.));
#4366 = VECTOR('',#4367,1.);
#4367 = DIRECTION('',(0.,0.,-1.));
#4368 = CYLINDRICAL_SURFACE('',#4369,0.2);
#4369 = AXIS2_PLACEMENT_3D('',#4370,#4371,#4372);
#4370 = CARTESIAN_POINT('',(5.399999850243,5.899999863654,0.));
#4371 = DIRECTION('',(0.,0.,-1.));
#4372 = DIRECTION('',(-1.,5.551115123126E-15,0.));
#4373 = ADVANCED_FACE('',(#4374),#4392,.T.);
#4374 = FACE_BOUND('',#4375,.T.);
#4375 = EDGE_LOOP('',(#4376,#4377,#4385,#4391));
#4376 = ORIENTED_EDGE('',*,*,#4128,.F.);
#4377 = ORIENTED_EDGE('',*,*,#4378,.F.);
#4378 = EDGE_CURVE('',#4379,#4120,#4381,.T.);
#4379 = VERTEX_POINT('',#4380);
#4380 = CARTESIAN_POINT('',(5.199999850243,4.799999863654,0.));
#4381 = LINE('',#4382,#4383);
#4382 = CARTESIAN_POINT('',(5.199999850243,4.799999863654,0.));
#4383 = VECTOR('',#4384,1.);
#4384 = DIRECTION('',(0.,0.,-1.));
#4385 = ORIENTED_EDGE('',*,*,#4386,.F.);
#4386 = EDGE_CURVE('',#4347,#4379,#4387,.T.);
#4387 = LINE('',#4388,#4389);
#4388 = CARTESIAN_POINT('',(5.199999850243,2.399999931827,0.));
#4389 = VECTOR('',#4390,1.);
#4390 = DIRECTION('',(-1.00929365875E-15,-1.,0.));
#4391 = ORIENTED_EDGE('',*,*,#4346,.T.);
#4392 = PLANE('',#4393);
#4393 = AXIS2_PLACEMENT_3D('',#4394,#4395,#4396);
#4394 = CARTESIAN_POINT('',(5.199999850243,4.799999863654,0.));
#4395 = DIRECTION('',(-1.,1.00929365875E-15,0.));
#4396 = DIRECTION('',(1.00929365875E-15,1.,0.));
#4397 = ADVANCED_FACE('',(#4398),#4417,.T.);
#4398 = FACE_BOUND('',#4399,.T.);
#4399 = EDGE_LOOP('',(#4400,#4401,#4409,#4416));
#4400 = ORIENTED_EDGE('',*,*,#4330,.F.);
#4401 = ORIENTED_EDGE('',*,*,#4402,.F.);
#4402 = EDGE_CURVE('',#4403,#4283,#4405,.T.);
#4403 = VERTEX_POINT('',#4404);
#4404 = CARTESIAN_POINT('',(5.399999850243,4.599999863654,0.));
#4405 = LINE('',#4406,#4407);
#4406 = CARTESIAN_POINT('',(5.399999850243,4.599999863654,0.));
#4407 = VECTOR('',#4408,1.);
#4408 = DIRECTION('',(0.,0.,-1.));
#4409 = ORIENTED_EDGE('',*,*,#4410,.F.);
#4410 = EDGE_CURVE('',#4379,#4403,#4411,.T.);
#4411 = CIRCLE('',#4412,0.2);
#4412 = AXIS2_PLACEMENT_3D('',#4413,#4414,#4415);
#4413 = CARTESIAN_POINT('',(5.399999850243,4.799999863654,0.));
#4414 = DIRECTION('',(0.,0.,1.));
#4415 = DIRECTION('',(0.,-1.,0.));
#4416 = ORIENTED_EDGE('',*,*,#4378,.T.);
#4417 = CYLINDRICAL_SURFACE('',#4418,0.2);
#4418 = AXIS2_PLACEMENT_3D('',#4419,#4420,#4421);
#4419 = CARTESIAN_POINT('',(5.399999850243,4.799999863654,0.));
#4420 = DIRECTION('',(0.,0.,-1.));
#4421 = DIRECTION('',(0.,-1.,0.));
#4422 = ADVANCED_FACE('',(#4423),#4441,.T.);
#4423 = FACE_BOUND('',#4424,.T.);
#4424 = EDGE_LOOP('',(#4425,#4426,#4434,#4440));
#4425 = ORIENTED_EDGE('',*,*,#4282,.F.);
#4426 = ORIENTED_EDGE('',*,*,#4427,.F.);
#4427 = EDGE_CURVE('',#4428,#4274,#4430,.T.);
#4428 = VERTEX_POINT('',#4429);
#4429 = CARTESIAN_POINT('',(6.499999850243,4.599999863654,0.));
#4430 = LINE('',#4431,#4432);
#4431 = CARTESIAN_POINT('',(6.499999850243,4.599999863654,0.));
#4432 = VECTOR('',#4433,1.);
#4433 = DIRECTION('',(0.,0.,-1.));
#4434 = ORIENTED_EDGE('',*,*,#4435,.F.);
#4435 = EDGE_CURVE('',#4403,#4428,#4436,.T.);
#4436 = LINE('',#4437,#4438);
#4437 = CARTESIAN_POINT('',(3.249999925122,4.599999863654,0.));
#4438 = VECTOR('',#4439,1.);
#4439 = DIRECTION('',(1.,0.,0.));
#4440 = ORIENTED_EDGE('',*,*,#4402,.T.);
#4441 = PLANE('',#4442);
#4442 = AXIS2_PLACEMENT_3D('',#4443,#4444,#4445);
#4443 = CARTESIAN_POINT('',(6.499999850243,4.599999863654,0.));
#4444 = DIRECTION('',(0.,-1.,0.));
#4445 = DIRECTION('',(-1.,0.,0.));
#4446 = ADVANCED_FACE('',(#4447),#4453,.T.);
#4447 = FACE_BOUND('',#4448,.T.);
#4448 = EDGE_LOOP('',(#4449,#4450,#4451,#4452));
#4449 = ORIENTED_EDGE('',*,*,#4145,.F.);
#4450 = ORIENTED_EDGE('',*,*,#4185,.F.);
#4451 = ORIENTED_EDGE('',*,*,#4242,.F.);
#4452 = ORIENTED_EDGE('',*,*,#4297,.F.);
#4453 = PLANE('',#4454);
#4454 = AXIS2_PLACEMENT_3D('',#4455,#4456,#4457);
#4455 = CARTESIAN_POINT('',(5.949999850243,5.349999863654,-1.));
#4456 = DIRECTION('',(0.,0.,-1.));
#4457 = DIRECTION('',(1.,0.,0.));
#4458 = ADVANCED_FACE('',(#4459),#4495,.T.);
#4459 = FACE_BOUND('',#4460,.T.);
#4460 = EDGE_LOOP('',(#4461,#4472,#4480,#4489));
#4461 = ORIENTED_EDGE('',*,*,#4462,.T.);
#4462 = EDGE_CURVE('',#4463,#4465,#4467,.T.);
#4463 = VERTEX_POINT('',#4464);
#4464 = CARTESIAN_POINT('',(6.5,-5.899999863654,-1.));
#4465 = VERTEX_POINT('',#4466);
#4466 = CARTESIAN_POINT('',(6.499999850243,-6.099999863654,-0.8));
#4467 = CIRCLE('',#4468,0.2);
#4468 = AXIS2_PLACEMENT_3D('',#4469,#4470,#4471);
#4469 = CARTESIAN_POINT('',(6.499999850243,-5.9,-0.8));
#4470 = DIRECTION('',(-1.,0.,0.));
#4471 = DIRECTION('',(0.,0.,-1.));
#4472 = ORIENTED_EDGE('',*,*,#4473,.T.);
#4473 = EDGE_CURVE('',#4465,#4474,#4476,.T.);
#4474 = VERTEX_POINT('',#4475);
#4475 = CARTESIAN_POINT('',(5.399999850243,-6.099999863654,-0.8));
#4476 = LINE('',#4477,#4478);
#4477 = CARTESIAN_POINT('',(-0.375000074878,-6.1,-0.8));
#4478 = VECTOR('',#4479,1.);
#4479 = DIRECTION('',(-1.,0.,0.));
#4480 = ORIENTED_EDGE('',*,*,#4481,.T.);
#4481 = EDGE_CURVE('',#4474,#4482,#4484,.T.);
#4482 = VERTEX_POINT('',#4483);
#4483 = CARTESIAN_POINT('',(5.399999850243,-5.9,-1.));
#4484 = CIRCLE('',#4485,0.199999863654);
#4485 = AXIS2_PLACEMENT_3D('',#4486,#4487,#4488);
#4486 = CARTESIAN_POINT('',(5.399999850243,-5.9,-0.8));
#4487 = DIRECTION('',(1.,0.,0.));
#4488 = DIRECTION('',(0.,-1.,0.));
#4489 = ORIENTED_EDGE('',*,*,#4490,.T.);
#4490 = EDGE_CURVE('',#4482,#4463,#4491,.T.);
#4491 = LINE('',#4492,#4493);
#4492 = CARTESIAN_POINT('',(-0.375000074878,-5.9,-1.));
#4493 = VECTOR('',#4494,1.);
#4494 = DIRECTION('',(1.,0.,0.));
#4495 = CYLINDRICAL_SURFACE('',#4496,0.2);
#4496 = AXIS2_PLACEMENT_3D('',#4497,#4498,#4499);
#4497 = CARTESIAN_POINT('',(-0.375000074878,-5.9,-0.8));
#4498 = DIRECTION('',(-1.,0.,0.));
#4499 = DIRECTION('',(-0.,-0.707106781187,-0.707106781187));
#4500 = ADVANCED_FACE('',(#4501),#4535,.T.);
#4501 = FACE_BOUND('',#4502,.T.);
#4502 = EDGE_LOOP('',(#4503,#4512,#4520,#4529));
#4503 = ORIENTED_EDGE('',*,*,#4504,.T.);
#4504 = EDGE_CURVE('',#4482,#4505,#4507,.T.);
#4505 = VERTEX_POINT('',#4506);
#4506 = CARTESIAN_POINT('',(5.199999850243,-5.899999863654,-0.8));
#4507 = CIRCLE('',#4508,0.2);
#4508 = AXIS2_PLACEMENT_3D('',#4509,#4510,#4511);
#4509 = CARTESIAN_POINT('',(5.399999850243,-5.899999863654,-0.8));
#4510 = DIRECTION('',(0.,1.,0.));
#4511 = DIRECTION('',(0.,0.,-1.));
#4512 = ORIENTED_EDGE('',*,*,#4513,.T.);
#4513 = EDGE_CURVE('',#4505,#4514,#4516,.T.);
#4514 = VERTEX_POINT('',#4515);
#4515 = CARTESIAN_POINT('',(5.199999850243,-4.799999863654,-0.8));
#4516 = LINE('',#4517,#4518);
#4517 = CARTESIAN_POINT('',(5.199999850243,-5.624999863654,-0.8));
#4518 = VECTOR('',#4519,1.);
#4519 = DIRECTION('',(-2.0185873175E-15,1.,0.));
#4520 = ORIENTED_EDGE('',*,*,#4521,.T.);
#4521 = EDGE_CURVE('',#4514,#4522,#4524,.T.);
#4522 = VERTEX_POINT('',#4523);
#4523 = CARTESIAN_POINT('',(5.399999850243,-4.799999863654,-1.));
#4524 = CIRCLE('',#4525,0.2);
#4525 = AXIS2_PLACEMENT_3D('',#4526,#4527,#4528);
#4526 = CARTESIAN_POINT('',(5.399999850243,-4.799999863654,-0.8));
#4527 = DIRECTION('',(0.,-1.,0.));
#4528 = DIRECTION('',(-1.,0.,0.));
#4529 = ORIENTED_EDGE('',*,*,#4530,.T.);
#4530 = EDGE_CURVE('',#4522,#4482,#4531,.T.);
#4531 = LINE('',#4532,#4533);
#4532 = CARTESIAN_POINT('',(5.399999850243,-5.624999863654,-1.));
#4533 = VECTOR('',#4534,1.);
#4534 = DIRECTION('',(2.0185873175E-15,-1.,0.));
#4535 = CYLINDRICAL_SURFACE('',#4536,0.2);
#4536 = AXIS2_PLACEMENT_3D('',#4537,#4538,#4539);
#4537 = CARTESIAN_POINT('',(5.399999850243,-5.624999863654,-0.8));
#4538 = DIRECTION('',(-2.0185873175E-15,1.,0.));
#4539 = DIRECTION('',(-0.707106781187,-1.427356780622E-15,
    -0.707106781187));
#4540 = ADVANCED_FACE('',(#4541),#4552,.T.);
#4541 = FACE_BOUND('',#4542,.T.);
#4542 = EDGE_LOOP('',(#4543,#4544,#4545));
#4543 = ORIENTED_EDGE('',*,*,#4504,.F.);
#4544 = ORIENTED_EDGE('',*,*,#4481,.F.);
#4545 = ORIENTED_EDGE('',*,*,#4546,.T.);
#4546 = EDGE_CURVE('',#4474,#4505,#4547,.T.);
#4547 = CIRCLE('',#4548,0.2);
#4548 = AXIS2_PLACEMENT_3D('',#4549,#4550,#4551);
#4549 = CARTESIAN_POINT('',(5.399999850243,-5.899999863654,-0.8));
#4550 = DIRECTION('',(0.,0.,-1.));
#4551 = DIRECTION('',(0.,-1.,0.));
#4552 = SPHERICAL_SURFACE('',#4553,0.2);
#4553 = AXIS2_PLACEMENT_3D('',#4554,#4555,#4556);
#4554 = CARTESIAN_POINT('',(5.399999850243,-5.899999863654,-0.8));
#4555 = DIRECTION('',(-0.816496673699,0.408248336849,0.408248058535));
#4556 = DIRECTION('',(-0.577350137991,-0.577350531587,-0.577350137991));
#4557 = ADVANCED_FACE('',(#4558),#4592,.T.);
#4558 = FACE_BOUND('',#4559,.T.);
#4559 = EDGE_LOOP('',(#4560,#4569,#4577,#4586));
#4560 = ORIENTED_EDGE('',*,*,#4561,.T.);
#4561 = EDGE_CURVE('',#4522,#4562,#4564,.T.);
#4562 = VERTEX_POINT('',#4563);
#4563 = CARTESIAN_POINT('',(5.399999850243,-4.599999863654,-0.8));
#4564 = CIRCLE('',#4565,0.2);
#4565 = AXIS2_PLACEMENT_3D('',#4566,#4567,#4568);
#4566 = CARTESIAN_POINT('',(5.399999850243,-4.799999863654,-0.8));
#4567 = DIRECTION('',(1.,0.,0.));
#4568 = DIRECTION('',(0.,0.,-1.));
#4569 = ORIENTED_EDGE('',*,*,#4570,.T.);
#4570 = EDGE_CURVE('',#4562,#4571,#4573,.T.);
#4571 = VERTEX_POINT('',#4572);
#4572 = CARTESIAN_POINT('',(6.499999850243,-4.599999863654,-0.8));
#4573 = LINE('',#4574,#4575);
#4574 = CARTESIAN_POINT('',(5.674999850243,-4.599999863654,-0.8));
#4575 = VECTOR('',#4576,1.);
#4576 = DIRECTION('',(1.,0.,0.));
#4577 = ORIENTED_EDGE('',*,*,#4578,.T.);
#4578 = EDGE_CURVE('',#4571,#4579,#4581,.T.);
#4579 = VERTEX_POINT('',#4580);
#4580 = CARTESIAN_POINT('',(6.499999850243,-4.799999863654,-1.));
#4581 = CIRCLE('',#4582,0.2);
#4582 = AXIS2_PLACEMENT_3D('',#4583,#4584,#4585);
#4583 = CARTESIAN_POINT('',(6.499999850243,-4.799999863654,-0.8));
#4584 = DIRECTION('',(-1.,0.,0.));
#4585 = DIRECTION('',(0.,1.,0.));
#4586 = ORIENTED_EDGE('',*,*,#4587,.T.);
#4587 = EDGE_CURVE('',#4579,#4522,#4588,.T.);
#4588 = LINE('',#4589,#4590);
#4589 = CARTESIAN_POINT('',(5.674999850243,-4.799999863654,-1.));
#4590 = VECTOR('',#4591,1.);
#4591 = DIRECTION('',(-1.,0.,0.));
#4592 = CYLINDRICAL_SURFACE('',#4593,0.2);
#4593 = AXIS2_PLACEMENT_3D('',#4594,#4595,#4596);
#4594 = CARTESIAN_POINT('',(5.674999850243,-4.799999863654,-0.8));
#4595 = DIRECTION('',(1.,0.,0.));
#4596 = DIRECTION('',(0.,0.707106781187,-0.707106781187));
#4597 = ADVANCED_FACE('',(#4598),#4609,.T.);
#4598 = FACE_BOUND('',#4599,.T.);
#4599 = EDGE_LOOP('',(#4600,#4601,#4602));
#4600 = ORIENTED_EDGE('',*,*,#4561,.F.);
#4601 = ORIENTED_EDGE('',*,*,#4521,.F.);
#4602 = ORIENTED_EDGE('',*,*,#4603,.T.);
#4603 = EDGE_CURVE('',#4514,#4562,#4604,.T.);
#4604 = CIRCLE('',#4605,0.2);
#4605 = AXIS2_PLACEMENT_3D('',#4606,#4607,#4608);
#4606 = CARTESIAN_POINT('',(5.399999850243,-4.799999863654,-0.8));
#4607 = DIRECTION('',(0.,0.,-1.));
#4608 = DIRECTION('',(-1.,0.,0.));
#4609 = SPHERICAL_SURFACE('',#4610,0.2);
#4610 = AXIS2_PLACEMENT_3D('',#4611,#4612,#4613);
#4611 = CARTESIAN_POINT('',(5.399999850243,-4.799999863654,-0.8));
#4612 = DIRECTION('',(-0.816496580928,-0.408248290464,0.408248290464));
#4613 = DIRECTION('',(-0.57735026919,0.57735026919,-0.57735026919));
#4614 = ADVANCED_FACE('',(#4615),#4647,.T.);
#4615 = FACE_BOUND('',#4616,.T.);
#4616 = EDGE_LOOP('',(#4617,#4626,#4634,#4641));
#4617 = ORIENTED_EDGE('',*,*,#4618,.T.);
#4618 = EDGE_CURVE('',#4579,#4619,#4621,.T.);
#4619 = VERTEX_POINT('',#4620);
#4620 = CARTESIAN_POINT('',(6.699999850243,-4.799999863654,-0.8));
#4621 = CIRCLE('',#4622,0.2);
#4622 = AXIS2_PLACEMENT_3D('',#4623,#4624,#4625);
#4623 = CARTESIAN_POINT('',(6.5,-4.799999863654,-0.8));
#4624 = DIRECTION('',(0.,-1.,0.));
#4625 = DIRECTION('',(0.,0.,-1.));
#4626 = ORIENTED_EDGE('',*,*,#4627,.T.);
#4627 = EDGE_CURVE('',#4619,#4628,#4630,.T.);
#4628 = VERTEX_POINT('',#4629);
#4629 = CARTESIAN_POINT('',(6.699999850243,-5.899999863654,-0.8));
#4630 = LINE('',#4631,#4632);
#4631 = CARTESIAN_POINT('',(6.7,-5.724999931827,-0.8));
#4632 = VECTOR('',#4633,1.);
#4633 = DIRECTION('',(0.,-1.,0.));
#4634 = ORIENTED_EDGE('',*,*,#4635,.T.);
#4635 = EDGE_CURVE('',#4628,#4463,#4636,.T.);
#4636 = CIRCLE('',#4637,0.199999850243);
#4637 = AXIS2_PLACEMENT_3D('',#4638,#4639,#4640);
#4638 = CARTESIAN_POINT('',(6.5,-5.899999863654,-0.8));
#4639 = DIRECTION('',(-0.,1.,0.));
#4640 = DIRECTION('',(1.,0.,0.));
#4641 = ORIENTED_EDGE('',*,*,#4642,.T.);
#4642 = EDGE_CURVE('',#4463,#4579,#4643,.T.);
#4643 = LINE('',#4644,#4645);
#4644 = CARTESIAN_POINT('',(6.5,-5.724999931827,-1.));
#4645 = VECTOR('',#4646,1.);
#4646 = DIRECTION('',(0.,1.,0.));
#4647 = CYLINDRICAL_SURFACE('',#4648,0.2);
#4648 = AXIS2_PLACEMENT_3D('',#4649,#4650,#4651);
#4649 = CARTESIAN_POINT('',(6.5,-5.724999931827,-0.8));
#4650 = DIRECTION('',(0.,-1.,0.));
#4651 = DIRECTION('',(0.707106781187,0.,-0.707106781187));
#4652 = ADVANCED_FACE('',(#4653),#4664,.T.);
#4653 = FACE_BOUND('',#4654,.T.);
#4654 = EDGE_LOOP('',(#4655,#4656,#4657));
#4655 = ORIENTED_EDGE('',*,*,#4618,.F.);
#4656 = ORIENTED_EDGE('',*,*,#4578,.F.);
#4657 = ORIENTED_EDGE('',*,*,#4658,.T.);
#4658 = EDGE_CURVE('',#4571,#4619,#4659,.T.);
#4659 = CIRCLE('',#4660,0.2);
#4660 = AXIS2_PLACEMENT_3D('',#4661,#4662,#4663);
#4661 = CARTESIAN_POINT('',(6.499999850243,-4.799999863654,-0.8));
#4662 = DIRECTION('',(0.,0.,-1.));
#4663 = DIRECTION('',(5.551115123126E-15,1.,0.));
#4664 = SPHERICAL_SURFACE('',#4665,0.2);
#4665 = AXIS2_PLACEMENT_3D('',#4666,#4667,#4668);
#4666 = CARTESIAN_POINT('',(6.499999850243,-4.799999863654,-0.8));
#4667 = DIRECTION('',(-0.816496580928,0.408248290464,-0.408248290464));
#4668 = DIRECTION('',(0.57735026919,0.57735026919,-0.57735026919));
#4669 = ADVANCED_FACE('',(#4670),#4681,.T.);
#4670 = FACE_BOUND('',#4671,.T.);
#4671 = EDGE_LOOP('',(#4672,#4673,#4674));
#4672 = ORIENTED_EDGE('',*,*,#4462,.F.);
#4673 = ORIENTED_EDGE('',*,*,#4635,.F.);
#4674 = ORIENTED_EDGE('',*,*,#4675,.T.);
#4675 = EDGE_CURVE('',#4628,#4465,#4676,.T.);
#4676 = CIRCLE('',#4677,0.2);
#4677 = AXIS2_PLACEMENT_3D('',#4678,#4679,#4680);
#4678 = CARTESIAN_POINT('',(6.499999850243,-5.899999863654,-0.8));
#4679 = DIRECTION('',(0.,0.,-1.));
#4680 = DIRECTION('',(1.,0.,0.));
#4681 = SPHERICAL_SURFACE('',#4682,0.2);
#4682 = AXIS2_PLACEMENT_3D('',#4683,#4684,#4685);
#4683 = CARTESIAN_POINT('',(6.499999850243,-5.899999863654,-0.8));
#4684 = DIRECTION('',(-0.408248341412,0.408248035723,-0.816496682824));
#4685 = DIRECTION('',(0.577350557396,-0.577350125086,-0.577350125086));
#4686 = ADVANCED_FACE('',(#4687),#4713,.T.);
#4687 = FACE_BOUND('',#4688,.T.);
#4688 = EDGE_LOOP('',(#4689,#4690,#4698,#4707));
#4689 = ORIENTED_EDGE('',*,*,#4546,.F.);
#4690 = ORIENTED_EDGE('',*,*,#4691,.F.);
#4691 = EDGE_CURVE('',#4692,#4474,#4694,.T.);
#4692 = VERTEX_POINT('',#4693);
#4693 = CARTESIAN_POINT('',(5.399999850243,-6.099999863654,0.));
#4694 = LINE('',#4695,#4696);
#4695 = CARTESIAN_POINT('',(5.399999850243,-6.099999863654,0.));
#4696 = VECTOR('',#4697,1.);
#4697 = DIRECTION('',(0.,0.,-1.));
#4698 = ORIENTED_EDGE('',*,*,#4699,.F.);
#4699 = EDGE_CURVE('',#4700,#4692,#4702,.T.);
#4700 = VERTEX_POINT('',#4701);
#4701 = CARTESIAN_POINT('',(5.199999850243,-5.899999863654,0.));
#4702 = CIRCLE('',#4703,0.2);
#4703 = AXIS2_PLACEMENT_3D('',#4704,#4705,#4706);
#4704 = CARTESIAN_POINT('',(5.399999850243,-5.899999863654,0.));
#4705 = DIRECTION('',(0.,0.,1.));
#4706 = DIRECTION('',(0.,-1.,0.));
#4707 = ORIENTED_EDGE('',*,*,#4708,.T.);
#4708 = EDGE_CURVE('',#4700,#4505,#4709,.T.);
#4709 = LINE('',#4710,#4711);
#4710 = CARTESIAN_POINT('',(5.199999850243,-5.899999863654,0.));
#4711 = VECTOR('',#4712,1.);
#4712 = DIRECTION('',(0.,0.,-1.));
#4713 = CYLINDRICAL_SURFACE('',#4714,0.2);
#4714 = AXIS2_PLACEMENT_3D('',#4715,#4716,#4717);
#4715 = CARTESIAN_POINT('',(5.399999850243,-5.899999863654,0.));
#4716 = DIRECTION('',(0.,0.,-1.));
#4717 = DIRECTION('',(0.,-1.,0.));
#4718 = ADVANCED_FACE('',(#4719),#4785,.T.);
#4719 = FACE_BOUND('',#4720,.T.);
#4720 = EDGE_LOOP('',(#4721,#4722,#4730,#4738,#4746,#4754,#4762,#4770,
    #4778,#4784));
#4721 = ORIENTED_EDGE('',*,*,#4473,.F.);
#4722 = ORIENTED_EDGE('',*,*,#4723,.F.);
#4723 = EDGE_CURVE('',#4724,#4465,#4726,.T.);
#4724 = VERTEX_POINT('',#4725);
#4725 = CARTESIAN_POINT('',(6.5,-6.1,0.));
#4726 = LINE('',#4727,#4728);
#4727 = CARTESIAN_POINT('',(6.499999850243,-6.099999863654,0.));
#4728 = VECTOR('',#4729,1.);
#4729 = DIRECTION('',(0.,0.,-1.));
#4730 = ORIENTED_EDGE('',*,*,#4731,.F.);
#4731 = EDGE_CURVE('',#4732,#4724,#4734,.T.);
#4732 = VERTEX_POINT('',#4733);
#4733 = CARTESIAN_POINT('',(6.5,-6.1,12.));
#4734 = LINE('',#4735,#4736);
#4735 = CARTESIAN_POINT('',(6.5,-6.1,0.));
#4736 = VECTOR('',#4737,1.);
#4737 = DIRECTION('',(0.,0.,-1.));
#4738 = ORIENTED_EDGE('',*,*,#4739,.F.);
#4739 = EDGE_CURVE('',#4740,#4732,#4742,.T.);
#4740 = VERTEX_POINT('',#4741);
#4741 = CARTESIAN_POINT('',(-6.5,-6.1,12.));
#4742 = LINE('',#4743,#4744);
#4743 = CARTESIAN_POINT('',(6.7,-6.1,12.));
#4744 = VECTOR('',#4745,1.);
#4745 = DIRECTION('',(1.,0.,0.));
#4746 = ORIENTED_EDGE('',*,*,#4747,.F.);
#4747 = EDGE_CURVE('',#4748,#4740,#4750,.T.);
#4748 = VERTEX_POINT('',#4749);
#4749 = CARTESIAN_POINT('',(-6.5,-6.1,0.));
#4750 = LINE('',#4751,#4752);
#4751 = CARTESIAN_POINT('',(-6.5,-6.1,0.));
#4752 = VECTOR('',#4753,1.);
#4753 = DIRECTION('',(0.,0.,1.));
#4754 = ORIENTED_EDGE('',*,*,#4755,.T.);
#4755 = EDGE_CURVE('',#4748,#4756,#4758,.T.);
#4756 = VERTEX_POINT('',#4757);
#4757 = CARTESIAN_POINT('',(-6.499999850243,-6.099999863654,-0.8));
#4758 = LINE('',#4759,#4760);
#4759 = CARTESIAN_POINT('',(-6.499999850243,-6.099999863654,0.));
#4760 = VECTOR('',#4761,1.);
#4761 = DIRECTION('',(0.,0.,-1.));
#4762 = ORIENTED_EDGE('',*,*,#4763,.F.);
#4763 = EDGE_CURVE('',#4764,#4756,#4766,.T.);
#4764 = VERTEX_POINT('',#4765);
#4765 = CARTESIAN_POINT('',(-5.399999850243,-6.099999863654,-0.8));
#4766 = LINE('',#4767,#4768);
#4767 = CARTESIAN_POINT('',(-6.324999925122,-6.1,-0.8));
#4768 = VECTOR('',#4769,1.);
#4769 = DIRECTION('',(-1.,0.,0.));
#4770 = ORIENTED_EDGE('',*,*,#4771,.F.);
#4771 = EDGE_CURVE('',#4772,#4764,#4774,.T.);
#4772 = VERTEX_POINT('',#4773);
#4773 = CARTESIAN_POINT('',(-5.399999850243,-6.099999863654,0.));
#4774 = LINE('',#4775,#4776);
#4775 = CARTESIAN_POINT('',(-5.399999850243,-6.099999863654,0.));
#4776 = VECTOR('',#4777,1.);
#4777 = DIRECTION('',(0.,0.,-1.));
#4778 = ORIENTED_EDGE('',*,*,#4779,.F.);
#4779 = EDGE_CURVE('',#4692,#4772,#4780,.T.);
#4780 = LINE('',#4781,#4782);
#4781 = CARTESIAN_POINT('',(6.7,-6.1,0.));
#4782 = VECTOR('',#4783,1.);
#4783 = DIRECTION('',(-1.,0.,0.));
#4784 = ORIENTED_EDGE('',*,*,#4691,.T.);
#4785 = PLANE('',#4786);
#4786 = AXIS2_PLACEMENT_3D('',#4787,#4788,#4789);
#4787 = CARTESIAN_POINT('',(-6.7,-6.1,0.));
#4788 = DIRECTION('',(0.,-1.,0.));
#4789 = DIRECTION('',(1.,0.,0.));
#4790 = ADVANCED_FACE('',(#4791),#4810,.T.);
#4791 = FACE_BOUND('',#4792,.T.);
#4792 = EDGE_LOOP('',(#4793,#4794,#4802,#4809));
#4793 = ORIENTED_EDGE('',*,*,#4675,.F.);
#4794 = ORIENTED_EDGE('',*,*,#4795,.F.);
#4795 = EDGE_CURVE('',#4796,#4628,#4798,.T.);
#4796 = VERTEX_POINT('',#4797);
#4797 = CARTESIAN_POINT('',(6.7,-5.9,0.));
#4798 = LINE('',#4799,#4800);
#4799 = CARTESIAN_POINT('',(6.699999850243,-5.899999863654,0.));
#4800 = VECTOR('',#4801,1.);
#4801 = DIRECTION('',(0.,0.,-1.));
#4802 = ORIENTED_EDGE('',*,*,#4803,.F.);
#4803 = EDGE_CURVE('',#4724,#4796,#4804,.T.);
#4804 = CIRCLE('',#4805,0.2);
#4805 = AXIS2_PLACEMENT_3D('',#4806,#4807,#4808);
#4806 = CARTESIAN_POINT('',(6.5,-5.9,0.));
#4807 = DIRECTION('',(0.,0.,1.));
#4808 = DIRECTION('',(0.707106781187,-0.707106781187,0.));
#4809 = ORIENTED_EDGE('',*,*,#4723,.T.);
#4810 = CYLINDRICAL_SURFACE('',#4811,0.2);
#4811 = AXIS2_PLACEMENT_3D('',#4812,#4813,#4814);
#4812 = CARTESIAN_POINT('',(6.499999850243,-5.899999863654,0.));
#4813 = DIRECTION('',(0.,0.,-1.));
#4814 = DIRECTION('',(1.,0.,0.));
#4815 = ADVANCED_FACE('',(#4816),#4873,.T.);
#4816 = FACE_BOUND('',#4817,.T.);
#4817 = EDGE_LOOP('',(#4818,#4819,#4827,#4835,#4843,#4849,#4850,#4851,
    #4859,#4867));
#4818 = ORIENTED_EDGE('',*,*,#4225,.F.);
#4819 = ORIENTED_EDGE('',*,*,#4820,.F.);
#4820 = EDGE_CURVE('',#4821,#4217,#4823,.T.);
#4821 = VERTEX_POINT('',#4822);
#4822 = CARTESIAN_POINT('',(6.7,5.9,0.));
#4823 = LINE('',#4824,#4825);
#4824 = CARTESIAN_POINT('',(6.699999850243,5.899999863654,0.));
#4825 = VECTOR('',#4826,1.);
#4826 = DIRECTION('',(0.,0.,-1.));
#4827 = ORIENTED_EDGE('',*,*,#4828,.F.);
#4828 = EDGE_CURVE('',#4829,#4821,#4831,.T.);
#4829 = VERTEX_POINT('',#4830);
#4830 = CARTESIAN_POINT('',(6.7,5.9,12.));
#4831 = LINE('',#4832,#4833);
#4832 = CARTESIAN_POINT('',(6.7,5.9,0.));
#4833 = VECTOR('',#4834,1.);
#4834 = DIRECTION('',(0.,0.,-1.));
#4835 = ORIENTED_EDGE('',*,*,#4836,.F.);
#4836 = EDGE_CURVE('',#4837,#4829,#4839,.T.);
#4837 = VERTEX_POINT('',#4838);
#4838 = CARTESIAN_POINT('',(6.7,-5.9,12.));
#4839 = LINE('',#4840,#4841);
#4840 = CARTESIAN_POINT('',(6.7,6.1,12.));
#4841 = VECTOR('',#4842,1.);
#4842 = DIRECTION('',(0.,1.,0.));
#4843 = ORIENTED_EDGE('',*,*,#4844,.F.);
#4844 = EDGE_CURVE('',#4796,#4837,#4845,.T.);
#4845 = LINE('',#4846,#4847);
#4846 = CARTESIAN_POINT('',(6.7,-5.9,0.));
#4847 = VECTOR('',#4848,1.);
#4848 = DIRECTION('',(0.,0.,1.));
#4849 = ORIENTED_EDGE('',*,*,#4795,.T.);
#4850 = ORIENTED_EDGE('',*,*,#4627,.F.);
#4851 = ORIENTED_EDGE('',*,*,#4852,.F.);
#4852 = EDGE_CURVE('',#4853,#4619,#4855,.T.);
#4853 = VERTEX_POINT('',#4854);
#4854 = CARTESIAN_POINT('',(6.699999850243,-4.799999863654,0.));
#4855 = LINE('',#4856,#4857);
#4856 = CARTESIAN_POINT('',(6.699999850243,-4.799999863654,0.));
#4857 = VECTOR('',#4858,1.);
#4858 = DIRECTION('',(0.,0.,-1.));
#4859 = ORIENTED_EDGE('',*,*,#4860,.F.);
#4860 = EDGE_CURVE('',#4861,#4853,#4863,.T.);
#4861 = VERTEX_POINT('',#4862);
#4862 = CARTESIAN_POINT('',(6.699999850243,4.799999863654,0.));
#4863 = LINE('',#4864,#4865);
#4864 = CARTESIAN_POINT('',(6.7,6.1,0.));
#4865 = VECTOR('',#4866,1.);
#4866 = DIRECTION('',(0.,-1.,0.));
#4867 = ORIENTED_EDGE('',*,*,#4868,.T.);
#4868 = EDGE_CURVE('',#4861,#4226,#4869,.T.);
#4869 = LINE('',#4870,#4871);
#4870 = CARTESIAN_POINT('',(6.699999850243,4.799999863654,0.));
#4871 = VECTOR('',#4872,1.);
#4872 = DIRECTION('',(0.,0.,-1.));
#4873 = PLANE('',#4874);
#4874 = AXIS2_PLACEMENT_3D('',#4875,#4876,#4877);
#4875 = CARTESIAN_POINT('',(6.7,-6.1,0.));
#4876 = DIRECTION('',(1.,0.,0.));
#4877 = DIRECTION('',(-0.,1.,0.));
#4878 = ADVANCED_FACE('',(#4879),#4885,.T.);
#4879 = FACE_BOUND('',#4880,.T.);
#4880 = EDGE_LOOP('',(#4881,#4882,#4883,#4884));
#4881 = ORIENTED_EDGE('',*,*,#4490,.F.);
#4882 = ORIENTED_EDGE('',*,*,#4530,.F.);
#4883 = ORIENTED_EDGE('',*,*,#4587,.F.);
#4884 = ORIENTED_EDGE('',*,*,#4642,.F.);
#4885 = PLANE('',#4886);
#4886 = AXIS2_PLACEMENT_3D('',#4887,#4888,#4889);
#4887 = CARTESIAN_POINT('',(5.949999850243,-5.349999863654,-1.));
#4888 = DIRECTION('',(0.,0.,-1.));
#4889 = DIRECTION('',(1.,0.,0.));
#4890 = ADVANCED_FACE('',(#4891),#4927,.T.);
#4891 = FACE_BOUND('',#4892,.T.);
#4892 = EDGE_LOOP('',(#4893,#4904,#4912,#4921));
#4893 = ORIENTED_EDGE('',*,*,#4894,.T.);
#4894 = EDGE_CURVE('',#4895,#4897,#4899,.T.);
#4895 = VERTEX_POINT('',#4896);
#4896 = CARTESIAN_POINT('',(-6.499999850243,-5.9,-1.));
#4897 = VERTEX_POINT('',#4898);
#4898 = CARTESIAN_POINT('',(-6.699999850243,-5.899999863654,-0.8));
#4899 = CIRCLE('',#4900,0.2);
#4900 = AXIS2_PLACEMENT_3D('',#4901,#4902,#4903);
#4901 = CARTESIAN_POINT('',(-6.5,-5.899999863654,-0.8));
#4902 = DIRECTION('',(0.,1.,0.));
#4903 = DIRECTION('',(0.,0.,-1.));
#4904 = ORIENTED_EDGE('',*,*,#4905,.T.);
#4905 = EDGE_CURVE('',#4897,#4906,#4908,.T.);
#4906 = VERTEX_POINT('',#4907);
#4907 = CARTESIAN_POINT('',(-6.699999850243,-4.799999863654,-0.8));
#4908 = LINE('',#4909,#4910);
#4909 = CARTESIAN_POINT('',(-6.7,0.375000068173,-0.8));
#4910 = VECTOR('',#4911,1.);
#4911 = DIRECTION('',(0.,1.,0.));
#4912 = ORIENTED_EDGE('',*,*,#4913,.T.);
#4913 = EDGE_CURVE('',#4906,#4914,#4916,.T.);
#4914 = VERTEX_POINT('',#4915);
#4915 = CARTESIAN_POINT('',(-6.5,-4.799999863654,-1.));
#4916 = CIRCLE('',#4917,0.199999850243);
#4917 = AXIS2_PLACEMENT_3D('',#4918,#4919,#4920);
#4918 = CARTESIAN_POINT('',(-6.5,-4.799999863654,-0.8));
#4919 = DIRECTION('',(0.,-1.,0.));
#4920 = DIRECTION('',(-1.,0.,0.));
#4921 = ORIENTED_EDGE('',*,*,#4922,.T.);
#4922 = EDGE_CURVE('',#4914,#4895,#4923,.T.);
#4923 = LINE('',#4924,#4925);
#4924 = CARTESIAN_POINT('',(-6.5,0.375000068173,-1.));
#4925 = VECTOR('',#4926,1.);
#4926 = DIRECTION('',(0.,-1.,0.));
#4927 = CYLINDRICAL_SURFACE('',#4928,0.2);
#4928 = AXIS2_PLACEMENT_3D('',#4929,#4930,#4931);
#4929 = CARTESIAN_POINT('',(-6.5,0.375000068173,-0.8));
#4930 = DIRECTION('',(0.,1.,0.));
#4931 = DIRECTION('',(-0.707106781187,0.,-0.707106781187));
#4932 = ADVANCED_FACE('',(#4933),#4967,.T.);
#4933 = FACE_BOUND('',#4934,.T.);
#4934 = EDGE_LOOP('',(#4935,#4944,#4952,#4961));
#4935 = ORIENTED_EDGE('',*,*,#4936,.T.);
#4936 = EDGE_CURVE('',#4914,#4937,#4939,.T.);
#4937 = VERTEX_POINT('',#4938);
#4938 = CARTESIAN_POINT('',(-6.499999850243,-4.599999863654,-0.8));
#4939 = CIRCLE('',#4940,0.2);
#4940 = AXIS2_PLACEMENT_3D('',#4941,#4942,#4943);
#4941 = CARTESIAN_POINT('',(-6.499999850243,-4.799999863654,-0.8));
#4942 = DIRECTION('',(1.,0.,0.));
#4943 = DIRECTION('',(0.,0.,-1.));
#4944 = ORIENTED_EDGE('',*,*,#4945,.T.);
#4945 = EDGE_CURVE('',#4937,#4946,#4948,.T.);
#4946 = VERTEX_POINT('',#4947);
#4947 = CARTESIAN_POINT('',(-5.399999850243,-4.599999863654,-0.8));
#4948 = LINE('',#4949,#4950);
#4949 = CARTESIAN_POINT('',(-6.224999850243,-4.599999863654,-0.8));
#4950 = VECTOR('',#4951,1.);
#4951 = DIRECTION('',(1.,0.,0.));
#4952 = ORIENTED_EDGE('',*,*,#4953,.T.);
#4953 = EDGE_CURVE('',#4946,#4954,#4956,.T.);
#4954 = VERTEX_POINT('',#4955);
#4955 = CARTESIAN_POINT('',(-5.399999850243,-4.799999863654,-1.));
#4956 = CIRCLE('',#4957,0.2);
#4957 = AXIS2_PLACEMENT_3D('',#4958,#4959,#4960);
#4958 = CARTESIAN_POINT('',(-5.399999850243,-4.799999863654,-0.8));
#4959 = DIRECTION('',(-1.,0.,0.));
#4960 = DIRECTION('',(0.,1.,0.));
#4961 = ORIENTED_EDGE('',*,*,#4962,.T.);
#4962 = EDGE_CURVE('',#4954,#4914,#4963,.T.);
#4963 = LINE('',#4964,#4965);
#4964 = CARTESIAN_POINT('',(-6.224999850243,-4.799999863654,-1.));
#4965 = VECTOR('',#4966,1.);
#4966 = DIRECTION('',(-1.,0.,0.));
#4967 = CYLINDRICAL_SURFACE('',#4968,0.2);
#4968 = AXIS2_PLACEMENT_3D('',#4969,#4970,#4971);
#4969 = CARTESIAN_POINT('',(-6.224999850243,-4.799999863654,-0.8));
#4970 = DIRECTION('',(1.,0.,0.));
#4971 = DIRECTION('',(0.,0.707106781187,-0.707106781187));
#4972 = ADVANCED_FACE('',(#4973),#4984,.T.);
#4973 = FACE_BOUND('',#4974,.T.);
#4974 = EDGE_LOOP('',(#4975,#4976,#4977));
#4975 = ORIENTED_EDGE('',*,*,#4936,.F.);
#4976 = ORIENTED_EDGE('',*,*,#4913,.F.);
#4977 = ORIENTED_EDGE('',*,*,#4978,.T.);
#4978 = EDGE_CURVE('',#4906,#4937,#4979,.T.);
#4979 = CIRCLE('',#4980,0.2);
#4980 = AXIS2_PLACEMENT_3D('',#4981,#4982,#4983);
#4981 = CARTESIAN_POINT('',(-6.499999850243,-4.799999863654,-0.8));
#4982 = DIRECTION('',(0.,0.,-1.));
#4983 = DIRECTION('',(-1.,-5.551115123126E-15,-0.));
#4984 = SPHERICAL_SURFACE('',#4985,0.2);
#4985 = AXIS2_PLACEMENT_3D('',#4986,#4987,#4988);
#4986 = CARTESIAN_POINT('',(-6.499999850243,-4.799999863654,-0.8));
#4987 = DIRECTION('',(0.408248341412,-0.408248035723,-0.816496682824));
#4988 = DIRECTION('',(-0.577350557396,0.577350125086,-0.577350125086));
#4989 = ADVANCED_FACE('',(#4990),#5024,.T.);
#4990 = FACE_BOUND('',#4991,.T.);
#4991 = EDGE_LOOP('',(#4992,#5001,#5009,#5018));
#4992 = ORIENTED_EDGE('',*,*,#4993,.T.);
#4993 = EDGE_CURVE('',#4954,#4994,#4996,.T.);
#4994 = VERTEX_POINT('',#4995);
#4995 = CARTESIAN_POINT('',(-5.199999850243,-4.799999863654,-0.8));
#4996 = CIRCLE('',#4997,0.2);
#4997 = AXIS2_PLACEMENT_3D('',#4998,#4999,#5000);
#4998 = CARTESIAN_POINT('',(-5.399999850243,-4.799999863654,-0.8));
#4999 = DIRECTION('',(0.,-1.,0.));
#5000 = DIRECTION('',(0.,0.,-1.));
#5001 = ORIENTED_EDGE('',*,*,#5002,.T.);
#5002 = EDGE_CURVE('',#4994,#5003,#5005,.T.);
#5003 = VERTEX_POINT('',#5004);
#5004 = CARTESIAN_POINT('',(-5.199999850243,-5.899999863654,-0.8));
#5005 = LINE('',#5006,#5007);
#5006 = CARTESIAN_POINT('',(-5.199999850243,-5.074999863654,-0.8));
#5007 = VECTOR('',#5008,1.);
#5008 = DIRECTION('',(-1.00929365875E-15,-1.,0.));
#5009 = ORIENTED_EDGE('',*,*,#5010,.T.);
#5010 = EDGE_CURVE('',#5003,#5011,#5013,.T.);
#5011 = VERTEX_POINT('',#5012);
#5012 = CARTESIAN_POINT('',(-5.399999850243,-5.899999863654,-1.));
#5013 = CIRCLE('',#5014,0.2);
#5014 = AXIS2_PLACEMENT_3D('',#5015,#5016,#5017);
#5015 = CARTESIAN_POINT('',(-5.399999850243,-5.899999863654,-0.8));
#5016 = DIRECTION('',(-0.,1.,0.));
#5017 = DIRECTION('',(1.,0.,0.));
#5018 = ORIENTED_EDGE('',*,*,#5019,.T.);
#5019 = EDGE_CURVE('',#5011,#4954,#5020,.T.);
#5020 = LINE('',#5021,#5022);
#5021 = CARTESIAN_POINT('',(-5.399999850243,-5.074999863654,-1.));
#5022 = VECTOR('',#5023,1.);
#5023 = DIRECTION('',(1.00929365875E-15,1.,0.));
#5024 = CYLINDRICAL_SURFACE('',#5025,0.2);
#5025 = AXIS2_PLACEMENT_3D('',#5026,#5027,#5028);
#5026 = CARTESIAN_POINT('',(-5.399999850243,-5.074999863654,-0.8));
#5027 = DIRECTION('',(-1.00929365875E-15,-1.,0.));
#5028 = DIRECTION('',(0.707106781187,-7.136783903108E-16,-0.707106781187
    ));
#5029 = ADVANCED_FACE('',(#5030),#5041,.T.);
#5030 = FACE_BOUND('',#5031,.T.);
#5031 = EDGE_LOOP('',(#5032,#5033,#5034));
#5032 = ORIENTED_EDGE('',*,*,#4993,.F.);
#5033 = ORIENTED_EDGE('',*,*,#4953,.F.);
#5034 = ORIENTED_EDGE('',*,*,#5035,.T.);
#5035 = EDGE_CURVE('',#4946,#4994,#5036,.T.);
#5036 = CIRCLE('',#5037,0.2);
#5037 = AXIS2_PLACEMENT_3D('',#5038,#5039,#5040);
#5038 = CARTESIAN_POINT('',(-5.399999850243,-4.799999863654,-0.8));
#5039 = DIRECTION('',(0.,0.,-1.));
#5040 = DIRECTION('',(0.,1.,0.));
#5041 = SPHERICAL_SURFACE('',#5042,0.2);
#5042 = AXIS2_PLACEMENT_3D('',#5043,#5044,#5045);
#5043 = CARTESIAN_POINT('',(-5.399999850243,-4.799999863654,-0.8));
#5044 = DIRECTION('',(-0.816496580928,0.408248290464,-0.408248290464));
#5045 = DIRECTION('',(0.57735026919,0.57735026919,-0.57735026919));
#5046 = ADVANCED_FACE('',(#5047),#5070,.T.);
#5047 = FACE_BOUND('',#5048,.T.);
#5048 = EDGE_LOOP('',(#5049,#5056,#5057,#5064));
#5049 = ORIENTED_EDGE('',*,*,#5050,.T.);
#5050 = EDGE_CURVE('',#5011,#4764,#5051,.T.);
#5051 = CIRCLE('',#5052,0.2);
#5052 = AXIS2_PLACEMENT_3D('',#5053,#5054,#5055);
#5053 = CARTESIAN_POINT('',(-5.399999850243,-5.9,-0.8));
#5054 = DIRECTION('',(-1.,0.,0.));
#5055 = DIRECTION('',(0.,0.,-1.));
#5056 = ORIENTED_EDGE('',*,*,#4763,.T.);
#5057 = ORIENTED_EDGE('',*,*,#5058,.T.);
#5058 = EDGE_CURVE('',#4756,#4895,#5059,.T.);
#5059 = CIRCLE('',#5060,0.199999863654);
#5060 = AXIS2_PLACEMENT_3D('',#5061,#5062,#5063);
#5061 = CARTESIAN_POINT('',(-6.499999850243,-5.9,-0.8));
#5062 = DIRECTION('',(1.,0.,0.));
#5063 = DIRECTION('',(0.,-1.,0.));
#5064 = ORIENTED_EDGE('',*,*,#5065,.T.);
#5065 = EDGE_CURVE('',#4895,#5011,#5066,.T.);
#5066 = LINE('',#5067,#5068);
#5067 = CARTESIAN_POINT('',(-6.324999925122,-5.9,-1.));
#5068 = VECTOR('',#5069,1.);
#5069 = DIRECTION('',(1.,0.,0.));
#5070 = CYLINDRICAL_SURFACE('',#5071,0.2);
#5071 = AXIS2_PLACEMENT_3D('',#5072,#5073,#5074);
#5072 = CARTESIAN_POINT('',(-6.324999925122,-5.9,-0.8));
#5073 = DIRECTION('',(-1.,0.,0.));
#5074 = DIRECTION('',(-0.,-0.707106781187,-0.707106781187));
#5075 = ADVANCED_FACE('',(#5076),#5087,.T.);
#5076 = FACE_BOUND('',#5077,.T.);
#5077 = EDGE_LOOP('',(#5078,#5079,#5080));
#5078 = ORIENTED_EDGE('',*,*,#5050,.F.);
#5079 = ORIENTED_EDGE('',*,*,#5010,.F.);
#5080 = ORIENTED_EDGE('',*,*,#5081,.T.);
#5081 = EDGE_CURVE('',#5003,#4764,#5082,.T.);
#5082 = CIRCLE('',#5083,0.2);
#5083 = AXIS2_PLACEMENT_3D('',#5084,#5085,#5086);
#5084 = CARTESIAN_POINT('',(-5.399999850243,-5.899999863654,-0.8));
#5085 = DIRECTION('',(0.,0.,-1.));
#5086 = DIRECTION('',(1.,-5.551115123126E-15,0.));
#5087 = SPHERICAL_SURFACE('',#5088,0.2);
#5088 = AXIS2_PLACEMENT_3D('',#5089,#5090,#5091);
#5089 = CARTESIAN_POINT('',(-5.399999850243,-5.899999863654,-0.8));
#5090 = DIRECTION('',(-0.408248290464,0.408248290464,-0.816496580928));
#5091 = DIRECTION('',(0.57735026919,-0.57735026919,-0.57735026919));
#5092 = ADVANCED_FACE('',(#5093),#5104,.T.);
#5093 = FACE_BOUND('',#5094,.T.);
#5094 = EDGE_LOOP('',(#5095,#5096,#5097));
#5095 = ORIENTED_EDGE('',*,*,#4894,.F.);
#5096 = ORIENTED_EDGE('',*,*,#5058,.F.);
#5097 = ORIENTED_EDGE('',*,*,#5098,.T.);
#5098 = EDGE_CURVE('',#4756,#4897,#5099,.T.);
#5099 = CIRCLE('',#5100,0.2);
#5100 = AXIS2_PLACEMENT_3D('',#5101,#5102,#5103);
#5101 = CARTESIAN_POINT('',(-6.499999850243,-5.899999863654,-0.8));
#5102 = DIRECTION('',(0.,0.,-1.));
#5103 = DIRECTION('',(0.,-1.,0.));
#5104 = SPHERICAL_SURFACE('',#5105,0.2);
#5105 = AXIS2_PLACEMENT_3D('',#5106,#5107,#5108);
#5106 = CARTESIAN_POINT('',(-6.499999850243,-5.899999863654,-0.8));
#5107 = DIRECTION('',(-0.816496673699,0.408248336849,0.408248058535));
#5108 = DIRECTION('',(-0.577350137991,-0.577350531587,-0.577350137991));
#5109 = ADVANCED_FACE('',(#5110),#5136,.T.);
#5110 = FACE_BOUND('',#5111,.T.);
#5111 = EDGE_LOOP('',(#5112,#5113,#5121,#5130));
#5112 = ORIENTED_EDGE('',*,*,#4978,.F.);
#5113 = ORIENTED_EDGE('',*,*,#5114,.F.);
#5114 = EDGE_CURVE('',#5115,#4906,#5117,.T.);
#5115 = VERTEX_POINT('',#5116);
#5116 = CARTESIAN_POINT('',(-6.699999850243,-4.799999863654,0.));
#5117 = LINE('',#5118,#5119);
#5118 = CARTESIAN_POINT('',(-6.699999850243,-4.799999863654,0.));
#5119 = VECTOR('',#5120,1.);
#5120 = DIRECTION('',(0.,0.,-1.));
#5121 = ORIENTED_EDGE('',*,*,#5122,.F.);
#5122 = EDGE_CURVE('',#5123,#5115,#5125,.T.);
#5123 = VERTEX_POINT('',#5124);
#5124 = CARTESIAN_POINT('',(-6.499999850243,-4.599999863654,0.));
#5125 = CIRCLE('',#5126,0.2);
#5126 = AXIS2_PLACEMENT_3D('',#5127,#5128,#5129);
#5127 = CARTESIAN_POINT('',(-6.499999850243,-4.799999863654,0.));
#5128 = DIRECTION('',(0.,0.,1.));
#5129 = DIRECTION('',(-1.,-5.551115123126E-15,0.));
#5130 = ORIENTED_EDGE('',*,*,#5131,.T.);
#5131 = EDGE_CURVE('',#5123,#4937,#5132,.T.);
#5132 = LINE('',#5133,#5134);
#5133 = CARTESIAN_POINT('',(-6.499999850243,-4.599999863654,0.));
#5134 = VECTOR('',#5135,1.);
#5135 = DIRECTION('',(0.,0.,-1.));
#5136 = CYLINDRICAL_SURFACE('',#5137,0.2);
#5137 = AXIS2_PLACEMENT_3D('',#5138,#5139,#5140);
#5138 = CARTESIAN_POINT('',(-6.499999850243,-4.799999863654,0.));
#5139 = DIRECTION('',(0.,0.,-1.));
#5140 = DIRECTION('',(-1.,-5.551115123126E-15,-0.));
#5141 = ADVANCED_FACE('',(#5142),#5184,.T.);
#5142 = FACE_BOUND('',#5143,.T.);
#5143 = EDGE_LOOP('',(#5144,#5145,#5146,#5152,#5153,#5154,#5162,#5170,
    #5178));
#5144 = ORIENTED_EDGE('',*,*,#3823,.F.);
#5145 = ORIENTED_EDGE('',*,*,#4018,.F.);
#5146 = ORIENTED_EDGE('',*,*,#5147,.F.);
#5147 = EDGE_CURVE('',#5115,#4010,#5148,.T.);
#5148 = LINE('',#5149,#5150);
#5149 = CARTESIAN_POINT('',(-6.7,-6.1,0.));
#5150 = VECTOR('',#5151,1.);
#5151 = DIRECTION('',(0.,1.,0.));
#5152 = ORIENTED_EDGE('',*,*,#5114,.T.);
#5153 = ORIENTED_EDGE('',*,*,#4905,.F.);
#5154 = ORIENTED_EDGE('',*,*,#5155,.F.);
#5155 = EDGE_CURVE('',#5156,#4897,#5158,.T.);
#5156 = VERTEX_POINT('',#5157);
#5157 = CARTESIAN_POINT('',(-6.7,-5.9,0.));
#5158 = LINE('',#5159,#5160);
#5159 = CARTESIAN_POINT('',(-6.699999850243,-5.899999863654,0.));
#5160 = VECTOR('',#5161,1.);
#5161 = DIRECTION('',(0.,0.,-1.));
#5162 = ORIENTED_EDGE('',*,*,#5163,.F.);
#5163 = EDGE_CURVE('',#5164,#5156,#5166,.T.);
#5164 = VERTEX_POINT('',#5165);
#5165 = CARTESIAN_POINT('',(-6.7,-5.9,12.));
#5166 = LINE('',#5167,#5168);
#5167 = CARTESIAN_POINT('',(-6.7,-5.9,0.));
#5168 = VECTOR('',#5169,1.);
#5169 = DIRECTION('',(0.,0.,-1.));
#5170 = ORIENTED_EDGE('',*,*,#5171,.F.);
#5171 = EDGE_CURVE('',#5172,#5164,#5174,.T.);
#5172 = VERTEX_POINT('',#5173);
#5173 = CARTESIAN_POINT('',(-6.7,5.9,12.));
#5174 = LINE('',#5175,#5176);
#5175 = CARTESIAN_POINT('',(-6.7,-6.1,12.));
#5176 = VECTOR('',#5177,1.);
#5177 = DIRECTION('',(0.,-1.,0.));
#5178 = ORIENTED_EDGE('',*,*,#5179,.F.);
#5179 = EDGE_CURVE('',#3824,#5172,#5180,.T.);
#5180 = LINE('',#5181,#5182);
#5181 = CARTESIAN_POINT('',(-6.7,5.9,0.));
#5182 = VECTOR('',#5183,1.);
#5183 = DIRECTION('',(0.,0.,1.));
#5184 = PLANE('',#5185);
#5185 = AXIS2_PLACEMENT_3D('',#5186,#5187,#5188);
#5186 = CARTESIAN_POINT('',(-6.7,6.1,0.));
#5187 = DIRECTION('',(-1.,0.,0.));
#5188 = DIRECTION('',(0.,-1.,0.));
#5189 = ADVANCED_FACE('',(#5190),#5202,.T.);
#5190 = FACE_BOUND('',#5191,.T.);
#5191 = EDGE_LOOP('',(#5192,#5193,#5194,#5201));
#5192 = ORIENTED_EDGE('',*,*,#5098,.F.);
#5193 = ORIENTED_EDGE('',*,*,#4755,.F.);
#5194 = ORIENTED_EDGE('',*,*,#5195,.F.);
#5195 = EDGE_CURVE('',#5156,#4748,#5196,.T.);
#5196 = CIRCLE('',#5197,0.2);
#5197 = AXIS2_PLACEMENT_3D('',#5198,#5199,#5200);
#5198 = CARTESIAN_POINT('',(-6.5,-5.9,0.));
#5199 = DIRECTION('',(0.,0.,1.));
#5200 = DIRECTION('',(-0.707106781187,-0.707106781187,0.));
#5201 = ORIENTED_EDGE('',*,*,#5155,.T.);
#5202 = CYLINDRICAL_SURFACE('',#5203,0.2);
#5203 = AXIS2_PLACEMENT_3D('',#5204,#5205,#5206);
#5204 = CARTESIAN_POINT('',(-6.499999850243,-5.899999863654,0.));
#5205 = DIRECTION('',(0.,0.,-1.));
#5206 = DIRECTION('',(0.,-1.,0.));
#5207 = ADVANCED_FACE('',(#5208),#5214,.T.);
#5208 = FACE_BOUND('',#5209,.T.);
#5209 = EDGE_LOOP('',(#5210,#5211,#5212,#5213));
#5210 = ORIENTED_EDGE('',*,*,#4922,.F.);
#5211 = ORIENTED_EDGE('',*,*,#4962,.F.);
#5212 = ORIENTED_EDGE('',*,*,#5019,.F.);
#5213 = ORIENTED_EDGE('',*,*,#5065,.F.);
#5214 = PLANE('',#5215);
#5215 = AXIS2_PLACEMENT_3D('',#5216,#5217,#5218);
#5216 = CARTESIAN_POINT('',(-5.949999850243,-5.349999863654,-1.));
#5217 = DIRECTION('',(0.,0.,-1.));
#5218 = DIRECTION('',(1.,0.,0.));
#5219 = ADVANCED_FACE('',(#5220),#5239,.T.);
#5220 = FACE_BOUND('',#5221,.T.);
#5221 = EDGE_LOOP('',(#5222,#5223,#5231,#5238));
#5222 = ORIENTED_EDGE('',*,*,#3968,.F.);
#5223 = ORIENTED_EDGE('',*,*,#5224,.F.);
#5224 = EDGE_CURVE('',#5225,#3881,#5227,.T.);
#5225 = VERTEX_POINT('',#5226);
#5226 = CARTESIAN_POINT('',(-5.4,6.1,0.));
#5227 = LINE('',#5228,#5229);
#5228 = CARTESIAN_POINT('',(-5.4,6.1,0.));
#5229 = VECTOR('',#5230,1.);
#5230 = DIRECTION('',(0.,0.,-1.));
#5231 = ORIENTED_EDGE('',*,*,#5232,.F.);
#5232 = EDGE_CURVE('',#4083,#5225,#5233,.T.);
#5233 = CIRCLE('',#5234,0.2);
#5234 = AXIS2_PLACEMENT_3D('',#5235,#5236,#5237);
#5235 = CARTESIAN_POINT('',(-5.4,5.9,0.));
#5236 = DIRECTION('',(0.,-0.,1.));
#5237 = DIRECTION('',(0.,1.,0.));
#5238 = ORIENTED_EDGE('',*,*,#4082,.T.);
#5239 = CYLINDRICAL_SURFACE('',#5240,0.2);
#5240 = AXIS2_PLACEMENT_3D('',#5241,#5242,#5243);
#5241 = CARTESIAN_POINT('',(-5.4,5.9,0.));
#5242 = DIRECTION('',(0.,0.,-1.));
#5243 = DIRECTION('',(0.,1.,0.));
#5244 = ADVANCED_FACE('',(#5245),#5263,.T.);
#5245 = FACE_BOUND('',#5246,.T.);
#5246 = EDGE_LOOP('',(#5247,#5248,#5249,#5257));
#5247 = ORIENTED_EDGE('',*,*,#4945,.F.);
#5248 = ORIENTED_EDGE('',*,*,#5131,.F.);
#5249 = ORIENTED_EDGE('',*,*,#5250,.F.);
#5250 = EDGE_CURVE('',#5251,#5123,#5253,.T.);
#5251 = VERTEX_POINT('',#5252);
#5252 = CARTESIAN_POINT('',(-5.399999850243,-4.599999863654,0.));
#5253 = LINE('',#5254,#5255);
#5254 = CARTESIAN_POINT('',(-3.249999925122,-4.599999863654,0.));
#5255 = VECTOR('',#5256,1.);
#5256 = DIRECTION('',(-1.,0.,0.));
#5257 = ORIENTED_EDGE('',*,*,#5258,.T.);
#5258 = EDGE_CURVE('',#5251,#4946,#5259,.T.);
#5259 = LINE('',#5260,#5261);
#5260 = CARTESIAN_POINT('',(-5.399999850243,-4.599999863654,0.));
#5261 = VECTOR('',#5262,1.);
#5262 = DIRECTION('',(0.,0.,-1.));
#5263 = PLANE('',#5264);
#5264 = AXIS2_PLACEMENT_3D('',#5265,#5266,#5267);
#5265 = CARTESIAN_POINT('',(-6.499999850243,-4.599999863654,0.));
#5266 = DIRECTION('',(0.,1.,0.));
#5267 = DIRECTION('',(1.,0.,0.));
#5268 = ADVANCED_FACE('',(#5269),#5288,.T.);
#5269 = FACE_BOUND('',#5270,.T.);
#5270 = EDGE_LOOP('',(#5271,#5272,#5280,#5287));
#5271 = ORIENTED_EDGE('',*,*,#5081,.F.);
#5272 = ORIENTED_EDGE('',*,*,#5273,.F.);
#5273 = EDGE_CURVE('',#5274,#5003,#5276,.T.);
#5274 = VERTEX_POINT('',#5275);
#5275 = CARTESIAN_POINT('',(-5.199999850243,-5.899999863654,0.));
#5276 = LINE('',#5277,#5278);
#5277 = CARTESIAN_POINT('',(-5.199999850243,-5.899999863654,0.));
#5278 = VECTOR('',#5279,1.);
#5279 = DIRECTION('',(0.,0.,-1.));
#5280 = ORIENTED_EDGE('',*,*,#5281,.F.);
#5281 = EDGE_CURVE('',#4772,#5274,#5282,.T.);
#5282 = CIRCLE('',#5283,0.2);
#5283 = AXIS2_PLACEMENT_3D('',#5284,#5285,#5286);
#5284 = CARTESIAN_POINT('',(-5.399999850243,-5.899999863654,0.));
#5285 = DIRECTION('',(0.,0.,1.));
#5286 = DIRECTION('',(1.,-5.551115123126E-15,0.));
#5287 = ORIENTED_EDGE('',*,*,#4771,.T.);
#5288 = CYLINDRICAL_SURFACE('',#5289,0.2);
#5289 = AXIS2_PLACEMENT_3D('',#5290,#5291,#5292);
#5290 = CARTESIAN_POINT('',(-5.399999850243,-5.899999863654,0.));
#5291 = DIRECTION('',(0.,0.,-1.));
#5292 = DIRECTION('',(1.,-5.551115123126E-15,0.));
#5293 = ADVANCED_FACE('',(#5294),#5312,.T.);
#5294 = FACE_BOUND('',#5295,.T.);
#5295 = EDGE_LOOP('',(#5296,#5297,#5305,#5311));
#5296 = ORIENTED_EDGE('',*,*,#5002,.F.);
#5297 = ORIENTED_EDGE('',*,*,#5298,.F.);
#5298 = EDGE_CURVE('',#5299,#4994,#5301,.T.);
#5299 = VERTEX_POINT('',#5300);
#5300 = CARTESIAN_POINT('',(-5.199999850243,-4.799999863654,0.));
#5301 = LINE('',#5302,#5303);
#5302 = CARTESIAN_POINT('',(-5.199999850243,-4.799999863654,0.));
#5303 = VECTOR('',#5304,1.);
#5304 = DIRECTION('',(0.,0.,-1.));
#5305 = ORIENTED_EDGE('',*,*,#5306,.F.);
#5306 = EDGE_CURVE('',#5274,#5299,#5307,.T.);
#5307 = LINE('',#5308,#5309);
#5308 = CARTESIAN_POINT('',(-5.199999850243,-2.399999931827,0.));
#5309 = VECTOR('',#5310,1.);
#5310 = DIRECTION('',(1.00929365875E-15,1.,0.));
#5311 = ORIENTED_EDGE('',*,*,#5273,.T.);
#5312 = PLANE('',#5313);
#5313 = AXIS2_PLACEMENT_3D('',#5314,#5315,#5316);
#5314 = CARTESIAN_POINT('',(-5.199999850243,-4.799999863654,0.));
#5315 = DIRECTION('',(1.,-1.00929365875E-15,0.));
#5316 = DIRECTION('',(-1.00929365875E-15,-1.,0.));
#5317 = ADVANCED_FACE('',(#5318),#5330,.T.);
#5318 = FACE_BOUND('',#5319,.T.);
#5319 = EDGE_LOOP('',(#5320,#5321,#5322,#5329));
#5320 = ORIENTED_EDGE('',*,*,#5035,.F.);
#5321 = ORIENTED_EDGE('',*,*,#5258,.F.);
#5322 = ORIENTED_EDGE('',*,*,#5323,.F.);
#5323 = EDGE_CURVE('',#5299,#5251,#5324,.T.);
#5324 = CIRCLE('',#5325,0.2);
#5325 = AXIS2_PLACEMENT_3D('',#5326,#5327,#5328);
#5326 = CARTESIAN_POINT('',(-5.399999850243,-4.799999863654,0.));
#5327 = DIRECTION('',(0.,-0.,1.));
#5328 = DIRECTION('',(0.,1.,0.));
#5329 = ORIENTED_EDGE('',*,*,#5298,.T.);
#5330 = CYLINDRICAL_SURFACE('',#5331,0.2);
#5331 = AXIS2_PLACEMENT_3D('',#5332,#5333,#5334);
#5332 = CARTESIAN_POINT('',(-5.399999850243,-4.799999863654,0.));
#5333 = DIRECTION('',(0.,0.,-1.));
#5334 = DIRECTION('',(0.,1.,0.));
#5335 = ADVANCED_FACE('',(#5336),#5401,.F.);
#5336 = FACE_BOUND('',#5337,.T.);
#5337 = EDGE_LOOP('',(#5338,#5339,#5345,#5346,#5347,#5348,#5349,#5356,
    #5357,#5366,#5374,#5383,#5389,#5390,#5391,#5392,#5393,#5394,#5395,
    #5396,#5397,#5398,#5399,#5400));
#5338 = ORIENTED_EDGE('',*,*,#5232,.T.);
#5339 = ORIENTED_EDGE('',*,*,#5340,.T.);
#5340 = EDGE_CURVE('',#5225,#4355,#5341,.T.);
#5341 = LINE('',#5342,#5343);
#5342 = CARTESIAN_POINT('',(-6.7,6.1,0.));
#5343 = VECTOR('',#5344,1.);
#5344 = DIRECTION('',(1.,0.,0.));
#5345 = ORIENTED_EDGE('',*,*,#4354,.T.);
#5346 = ORIENTED_EDGE('',*,*,#4386,.T.);
#5347 = ORIENTED_EDGE('',*,*,#4410,.T.);
#5348 = ORIENTED_EDGE('',*,*,#4435,.T.);
#5349 = ORIENTED_EDGE('',*,*,#5350,.T.);
#5350 = EDGE_CURVE('',#4428,#4861,#5351,.T.);
#5351 = CIRCLE('',#5352,0.2);
#5352 = AXIS2_PLACEMENT_3D('',#5353,#5354,#5355);
#5353 = CARTESIAN_POINT('',(6.499999850243,4.799999863654,0.));
#5354 = DIRECTION('',(0.,0.,1.));
#5355 = DIRECTION('',(1.,5.551115123126E-15,-0.));
#5356 = ORIENTED_EDGE('',*,*,#4860,.T.);
#5357 = ORIENTED_EDGE('',*,*,#5358,.T.);
#5358 = EDGE_CURVE('',#4853,#5359,#5361,.T.);
#5359 = VERTEX_POINT('',#5360);
#5360 = CARTESIAN_POINT('',(6.499999850243,-4.599999863654,0.));
#5361 = CIRCLE('',#5362,0.2);
#5362 = AXIS2_PLACEMENT_3D('',#5363,#5364,#5365);
#5363 = CARTESIAN_POINT('',(6.499999850243,-4.799999863654,0.));
#5364 = DIRECTION('',(0.,0.,1.));
#5365 = DIRECTION('',(5.551115123126E-15,1.,-0.));
#5366 = ORIENTED_EDGE('',*,*,#5367,.T.);
#5367 = EDGE_CURVE('',#5359,#5368,#5370,.T.);
#5368 = VERTEX_POINT('',#5369);
#5369 = CARTESIAN_POINT('',(5.399999850243,-4.599999863654,0.));
#5370 = LINE('',#5371,#5372);
#5371 = CARTESIAN_POINT('',(2.699999925122,-4.599999863654,0.));
#5372 = VECTOR('',#5373,1.);
#5373 = DIRECTION('',(-1.,0.,0.));
#5374 = ORIENTED_EDGE('',*,*,#5375,.T.);
#5375 = EDGE_CURVE('',#5368,#5376,#5378,.T.);
#5376 = VERTEX_POINT('',#5377);
#5377 = CARTESIAN_POINT('',(5.199999850243,-4.799999863654,0.));
#5378 = CIRCLE('',#5379,0.2);
#5379 = AXIS2_PLACEMENT_3D('',#5380,#5381,#5382);
#5380 = CARTESIAN_POINT('',(5.399999850243,-4.799999863654,0.));
#5381 = DIRECTION('',(0.,0.,1.));
#5382 = DIRECTION('',(-1.,0.,0.));
#5383 = ORIENTED_EDGE('',*,*,#5384,.T.);
#5384 = EDGE_CURVE('',#5376,#4700,#5385,.T.);
#5385 = LINE('',#5386,#5387);
#5386 = CARTESIAN_POINT('',(5.199999850243,-2.949999931827,0.));
#5387 = VECTOR('',#5388,1.);
#5388 = DIRECTION('',(2.0185873175E-15,-1.,0.));
#5389 = ORIENTED_EDGE('',*,*,#4699,.T.);
#5390 = ORIENTED_EDGE('',*,*,#4779,.T.);
#5391 = ORIENTED_EDGE('',*,*,#5281,.T.);
#5392 = ORIENTED_EDGE('',*,*,#5306,.T.);
#5393 = ORIENTED_EDGE('',*,*,#5323,.T.);
#5394 = ORIENTED_EDGE('',*,*,#5250,.T.);
#5395 = ORIENTED_EDGE('',*,*,#5122,.T.);
#5396 = ORIENTED_EDGE('',*,*,#5147,.T.);
#5397 = ORIENTED_EDGE('',*,*,#4009,.T.);
#5398 = ORIENTED_EDGE('',*,*,#4041,.T.);
#5399 = ORIENTED_EDGE('',*,*,#4065,.T.);
#5400 = ORIENTED_EDGE('',*,*,#4090,.T.);
#5401 = PLANE('',#5402);
#5402 = AXIS2_PLACEMENT_3D('',#5403,#5404,#5405);
#5403 = CARTESIAN_POINT('',(0.,0.,0.));
#5404 = DIRECTION('',(0.,0.,1.));
#5405 = DIRECTION('',(1.,0.,-0.));
#5406 = ADVANCED_FACE('',(#5407),#5413,.T.);
#5407 = FACE_BOUND('',#5408,.T.);
#5408 = EDGE_LOOP('',(#5409,#5410,#5411,#5412));
#5409 = ORIENTED_EDGE('',*,*,#4313,.F.);
#5410 = ORIENTED_EDGE('',*,*,#4868,.F.);
#5411 = ORIENTED_EDGE('',*,*,#5350,.F.);
#5412 = ORIENTED_EDGE('',*,*,#4427,.T.);
#5413 = CYLINDRICAL_SURFACE('',#5414,0.2);
#5414 = AXIS2_PLACEMENT_3D('',#5415,#5416,#5417);
#5415 = CARTESIAN_POINT('',(6.499999850243,4.799999863654,0.));
#5416 = DIRECTION('',(0.,0.,-1.));
#5417 = DIRECTION('',(1.,5.551115123126E-15,0.));
#5418 = ADVANCED_FACE('',(#5419),#5438,.T.);
#5419 = FACE_BOUND('',#5420,.T.);
#5420 = EDGE_LOOP('',(#5421,#5422,#5430,#5437));
#5421 = ORIENTED_EDGE('',*,*,#4258,.F.);
#5422 = ORIENTED_EDGE('',*,*,#5423,.F.);
#5423 = EDGE_CURVE('',#5424,#4169,#5426,.T.);
#5424 = VERTEX_POINT('',#5425);
#5425 = CARTESIAN_POINT('',(6.5,6.1,0.));
#5426 = LINE('',#5427,#5428);
#5427 = CARTESIAN_POINT('',(6.499999850243,6.099999863654,0.));
#5428 = VECTOR('',#5429,1.);
#5429 = DIRECTION('',(0.,0.,-1.));
#5430 = ORIENTED_EDGE('',*,*,#5431,.F.);
#5431 = EDGE_CURVE('',#4821,#5424,#5432,.T.);
#5432 = CIRCLE('',#5433,0.2);
#5433 = AXIS2_PLACEMENT_3D('',#5434,#5435,#5436);
#5434 = CARTESIAN_POINT('',(6.5,5.9,0.));
#5435 = DIRECTION('',(0.,0.,1.));
#5436 = DIRECTION('',(0.707106781187,0.707106781187,-0.));
#5437 = ORIENTED_EDGE('',*,*,#4820,.T.);
#5438 = CYLINDRICAL_SURFACE('',#5439,0.2);
#5439 = AXIS2_PLACEMENT_3D('',#5440,#5441,#5442);
#5440 = CARTESIAN_POINT('',(6.499999850243,5.899999863654,0.));
#5441 = DIRECTION('',(0.,0.,-1.));
#5442 = DIRECTION('',(0.,1.,0.));
#5443 = ADVANCED_FACE('',(#5444),#5460,.T.);
#5444 = FACE_BOUND('',#5445,.T.);
#5445 = EDGE_LOOP('',(#5446,#5447,#5453,#5454));
#5446 = ORIENTED_EDGE('',*,*,#4570,.F.);
#5447 = ORIENTED_EDGE('',*,*,#5448,.F.);
#5448 = EDGE_CURVE('',#5368,#4562,#5449,.T.);
#5449 = LINE('',#5450,#5451);
#5450 = CARTESIAN_POINT('',(5.399999850243,-4.599999863654,0.));
#5451 = VECTOR('',#5452,1.);
#5452 = DIRECTION('',(0.,0.,-1.));
#5453 = ORIENTED_EDGE('',*,*,#5367,.F.);
#5454 = ORIENTED_EDGE('',*,*,#5455,.T.);
#5455 = EDGE_CURVE('',#5359,#4571,#5456,.T.);
#5456 = LINE('',#5457,#5458);
#5457 = CARTESIAN_POINT('',(6.499999850243,-4.599999863654,0.));
#5458 = VECTOR('',#5459,1.);
#5459 = DIRECTION('',(0.,0.,-1.));
#5460 = PLANE('',#5461);
#5461 = AXIS2_PLACEMENT_3D('',#5462,#5463,#5464);
#5462 = CARTESIAN_POINT('',(5.399999850243,-4.599999863654,0.));
#5463 = DIRECTION('',(0.,1.,0.));
#5464 = DIRECTION('',(1.,0.,0.));
#5465 = ADVANCED_FACE('',(#5466),#5477,.T.);
#5466 = FACE_BOUND('',#5467,.T.);
#5467 = EDGE_LOOP('',(#5468,#5469,#5475,#5476));
#5468 = ORIENTED_EDGE('',*,*,#4603,.F.);
#5469 = ORIENTED_EDGE('',*,*,#5470,.F.);
#5470 = EDGE_CURVE('',#5376,#4514,#5471,.T.);
#5471 = LINE('',#5472,#5473);
#5472 = CARTESIAN_POINT('',(5.199999850243,-4.799999863654,0.));
#5473 = VECTOR('',#5474,1.);
#5474 = DIRECTION('',(0.,0.,-1.));
#5475 = ORIENTED_EDGE('',*,*,#5375,.F.);
#5476 = ORIENTED_EDGE('',*,*,#5448,.T.);
#5477 = CYLINDRICAL_SURFACE('',#5478,0.2);
#5478 = AXIS2_PLACEMENT_3D('',#5479,#5480,#5481);
#5479 = CARTESIAN_POINT('',(5.399999850243,-4.799999863654,0.));
#5480 = DIRECTION('',(0.,0.,-1.));
#5481 = DIRECTION('',(-1.,0.,0.));
#5482 = ADVANCED_FACE('',(#5483),#5489,.T.);
#5483 = FACE_BOUND('',#5484,.T.);
#5484 = EDGE_LOOP('',(#5485,#5486,#5487,#5488));
#5485 = ORIENTED_EDGE('',*,*,#4513,.F.);
#5486 = ORIENTED_EDGE('',*,*,#4708,.F.);
#5487 = ORIENTED_EDGE('',*,*,#5384,.F.);
#5488 = ORIENTED_EDGE('',*,*,#5470,.T.);
#5489 = PLANE('',#5490);
#5490 = AXIS2_PLACEMENT_3D('',#5491,#5492,#5493);
#5491 = CARTESIAN_POINT('',(5.199999850243,-5.899999863654,0.));
#5492 = DIRECTION('',(-1.,-2.0185873175E-15,0.));
#5493 = DIRECTION('',(-2.0185873175E-15,1.,0.));
#5494 = ADVANCED_FACE('',(#5495),#5501,.T.);
#5495 = FACE_BOUND('',#5496,.T.);
#5496 = EDGE_LOOP('',(#5497,#5498,#5499,#5500));
#5497 = ORIENTED_EDGE('',*,*,#4658,.F.);
#5498 = ORIENTED_EDGE('',*,*,#5455,.F.);
#5499 = ORIENTED_EDGE('',*,*,#5358,.F.);
#5500 = ORIENTED_EDGE('',*,*,#4852,.T.);
#5501 = CYLINDRICAL_SURFACE('',#5502,0.2);
#5502 = AXIS2_PLACEMENT_3D('',#5503,#5504,#5505);
#5503 = CARTESIAN_POINT('',(6.499999850243,-4.799999863654,0.));
#5504 = DIRECTION('',(0.,0.,-1.));
#5505 = DIRECTION('',(5.551115123126E-15,1.,0.));
#5506 = ADVANCED_FACE('',(#5507),#5526,.T.);
#5507 = FACE_BOUND('',#5508,.T.);
#5508 = EDGE_LOOP('',(#5509,#5510,#5511,#5520));
#5509 = ORIENTED_EDGE('',*,*,#3913,.F.);
#5510 = ORIENTED_EDGE('',*,*,#5179,.T.);
#5511 = ORIENTED_EDGE('',*,*,#5512,.T.);
#5512 = EDGE_CURVE('',#5172,#5513,#5515,.T.);
#5513 = VERTEX_POINT('',#5514);
#5514 = CARTESIAN_POINT('',(-6.5,6.1,12.));
#5515 = CIRCLE('',#5516,0.2);
#5516 = AXIS2_PLACEMENT_3D('',#5517,#5518,#5519);
#5517 = CARTESIAN_POINT('',(-6.5,5.9,12.));
#5518 = DIRECTION('',(0.,0.,-1.));
#5519 = DIRECTION('',(-0.707106781187,0.707106781187,0.));
#5520 = ORIENTED_EDGE('',*,*,#5521,.T.);
#5521 = EDGE_CURVE('',#5513,#3872,#5522,.T.);
#5522 = LINE('',#5523,#5524);
#5523 = CARTESIAN_POINT('',(-6.5,6.1,0.));
#5524 = VECTOR('',#5525,1.);
#5525 = DIRECTION('',(0.,0.,-1.));
#5526 = CYLINDRICAL_SURFACE('',#5527,0.2);
#5527 = AXIS2_PLACEMENT_3D('',#5528,#5529,#5530);
#5528 = CARTESIAN_POINT('',(-6.5,5.9,0.));
#5529 = DIRECTION('',(0.,0.,1.));
#5530 = DIRECTION('',(-0.707106781187,0.707106781187,0.));
#5531 = ADVANCED_FACE('',(#5532),#5544,.T.);
#5532 = FACE_BOUND('',#5533,.T.);
#5533 = EDGE_LOOP('',(#5534,#5541,#5542,#5543));
#5534 = ORIENTED_EDGE('',*,*,#5535,.T.);
#5535 = EDGE_CURVE('',#4740,#5164,#5536,.T.);
#5536 = CIRCLE('',#5537,0.2);
#5537 = AXIS2_PLACEMENT_3D('',#5538,#5539,#5540);
#5538 = CARTESIAN_POINT('',(-6.5,-5.9,12.));
#5539 = DIRECTION('',(0.,0.,-1.));
#5540 = DIRECTION('',(-0.707106781187,-0.707106781187,-0.));
#5541 = ORIENTED_EDGE('',*,*,#5163,.T.);
#5542 = ORIENTED_EDGE('',*,*,#5195,.T.);
#5543 = ORIENTED_EDGE('',*,*,#4747,.T.);
#5544 = CYLINDRICAL_SURFACE('',#5545,0.2);
#5545 = AXIS2_PLACEMENT_3D('',#5546,#5547,#5548);
#5546 = CARTESIAN_POINT('',(-6.5,-5.9,0.));
#5547 = DIRECTION('',(0.,0.,1.));
#5548 = DIRECTION('',(-0.707106781187,-0.707106781187,0.));
#5549 = ADVANCED_FACE('',(#5550),#5569,.T.);
#5550 = FACE_BOUND('',#5551,.T.);
#5551 = EDGE_LOOP('',(#5552,#5561,#5562,#5563));
#5552 = ORIENTED_EDGE('',*,*,#5553,.T.);
#5553 = EDGE_CURVE('',#5554,#4829,#5556,.T.);
#5554 = VERTEX_POINT('',#5555);
#5555 = CARTESIAN_POINT('',(6.5,6.1,12.));
#5556 = CIRCLE('',#5557,0.2);
#5557 = AXIS2_PLACEMENT_3D('',#5558,#5559,#5560);
#5558 = CARTESIAN_POINT('',(6.5,5.9,12.));
#5559 = DIRECTION('',(0.,0.,-1.));
#5560 = DIRECTION('',(0.707106781187,0.707106781187,0.));
#5561 = ORIENTED_EDGE('',*,*,#4828,.T.);
#5562 = ORIENTED_EDGE('',*,*,#5431,.T.);
#5563 = ORIENTED_EDGE('',*,*,#5564,.T.);
#5564 = EDGE_CURVE('',#5424,#5554,#5565,.T.);
#5565 = LINE('',#5566,#5567);
#5566 = CARTESIAN_POINT('',(6.5,6.1,0.));
#5567 = VECTOR('',#5568,1.);
#5568 = DIRECTION('',(0.,0.,1.));
#5569 = CYLINDRICAL_SURFACE('',#5570,0.2);
#5570 = AXIS2_PLACEMENT_3D('',#5571,#5572,#5573);
#5571 = CARTESIAN_POINT('',(6.5,5.9,0.));
#5572 = DIRECTION('',(0.,0.,1.));
#5573 = DIRECTION('',(0.707106781187,0.707106781187,-0.));
#5574 = ADVANCED_FACE('',(#5575),#5591,.T.);
#5575 = FACE_BOUND('',#5576,.T.);
#5576 = EDGE_LOOP('',(#5577,#5578,#5579,#5585,#5586,#5587,#5588,#5589,
    #5590));
#5577 = ORIENTED_EDGE('',*,*,#3880,.F.);
#5578 = ORIENTED_EDGE('',*,*,#5521,.F.);
#5579 = ORIENTED_EDGE('',*,*,#5580,.F.);
#5580 = EDGE_CURVE('',#5554,#5513,#5581,.T.);
#5581 = LINE('',#5582,#5583);
#5582 = CARTESIAN_POINT('',(-6.7,6.1,12.));
#5583 = VECTOR('',#5584,1.);
#5584 = DIRECTION('',(-1.,0.,0.));
#5585 = ORIENTED_EDGE('',*,*,#5564,.F.);
#5586 = ORIENTED_EDGE('',*,*,#5423,.T.);
#5587 = ORIENTED_EDGE('',*,*,#4168,.F.);
#5588 = ORIENTED_EDGE('',*,*,#4363,.F.);
#5589 = ORIENTED_EDGE('',*,*,#5340,.F.);
#5590 = ORIENTED_EDGE('',*,*,#5224,.T.);
#5591 = PLANE('',#5592);
#5592 = AXIS2_PLACEMENT_3D('',#5593,#5594,#5595);
#5593 = CARTESIAN_POINT('',(6.7,6.1,0.));
#5594 = DIRECTION('',(0.,1.,0.));
#5595 = DIRECTION('',(-1.,0.,0.));
#5596 = ADVANCED_FACE('',(#5597),#5609,.T.);
#5597 = FACE_BOUND('',#5598,.T.);
#5598 = EDGE_LOOP('',(#5599,#5606,#5607,#5608));
#5599 = ORIENTED_EDGE('',*,*,#5600,.T.);
#5600 = EDGE_CURVE('',#4837,#4732,#5601,.T.);
#5601 = CIRCLE('',#5602,0.2);
#5602 = AXIS2_PLACEMENT_3D('',#5603,#5604,#5605);
#5603 = CARTESIAN_POINT('',(6.5,-5.9,12.));
#5604 = DIRECTION('',(0.,0.,-1.));
#5605 = DIRECTION('',(0.707106781187,-0.707106781187,0.));
#5606 = ORIENTED_EDGE('',*,*,#4731,.T.);
#5607 = ORIENTED_EDGE('',*,*,#4803,.T.);
#5608 = ORIENTED_EDGE('',*,*,#4844,.T.);
#5609 = CYLINDRICAL_SURFACE('',#5610,0.2);
#5610 = AXIS2_PLACEMENT_3D('',#5611,#5612,#5613);
#5611 = CARTESIAN_POINT('',(6.5,-5.9,0.));
#5612 = DIRECTION('',(0.,0.,1.));
#5613 = DIRECTION('',(0.707106781187,-0.707106781187,0.));
#5614 = ADVANCED_FACE('',(#5615),#5625,.T.);
#5615 = FACE_BOUND('',#5616,.T.);
#5616 = EDGE_LOOP('',(#5617,#5618,#5619,#5620,#5621,#5622,#5623,#5624));
#5617 = ORIENTED_EDGE('',*,*,#5512,.F.);
#5618 = ORIENTED_EDGE('',*,*,#5171,.T.);
#5619 = ORIENTED_EDGE('',*,*,#5535,.F.);
#5620 = ORIENTED_EDGE('',*,*,#4739,.T.);
#5621 = ORIENTED_EDGE('',*,*,#5600,.F.);
#5622 = ORIENTED_EDGE('',*,*,#4836,.T.);
#5623 = ORIENTED_EDGE('',*,*,#5553,.F.);
#5624 = ORIENTED_EDGE('',*,*,#5580,.T.);
#5625 = PLANE('',#5626);
#5626 = AXIS2_PLACEMENT_3D('',#5627,#5628,#5629);
#5627 = CARTESIAN_POINT('',(0.,0.,12.));
#5628 = DIRECTION('',(0.,0.,1.));
#5629 = DIRECTION('',(1.,0.,-0.));
#5630 = MANIFOLD_SOLID_BREP('',#5631);
#5631 = CLOSED_SHELL('',(#5632,#5675,#5710,#5730,#5757,#5766,#5791,#5900
    ,#5964,#6028,#6092,#6156,#6220,#6284,#6348,#6412,#6476,#6540,#6604,
    #6668,#6732,#6796,#6842,#6906,#6959,#7032,#7211,#7338,#7465,#7592,
    #7719,#7846,#7973,#8100,#8227,#8354,#8481,#8608,#8735,#8862,#8989,
    #9035,#9162,#9289,#9416,#9543,#9670,#9797,#9924,#10051,#10178,#10305
    ,#10432,#10559,#10686,#10813,#10940,#11142,#11281,#11342,#11385,
    #11545,#11562,#11579,#11596,#11613,#11630,#11647,#11664,#11681,
    #11698,#11715,#11732,#11749,#11766,#11783,#11806,#11848,#11874,
    #11896,#11911,#11935,#12014,#12026));
#5632 = ADVANCED_FACE('',(#5633),#5670,.T.);
#5633 = FACE_BOUND('',#5634,.T.);
#5634 = EDGE_LOOP('',(#5635,#5646,#5655,#5662,#5663));
#5635 = ORIENTED_EDGE('',*,*,#5636,.T.);
#5636 = EDGE_CURVE('',#5637,#5639,#5641,.T.);
#5637 = VERTEX_POINT('',#5638);
#5638 = CARTESIAN_POINT('',(5.,-6.123233995737E-16,26.9));
#5639 = VERTEX_POINT('',#5640);
#5640 = CARTESIAN_POINT('',(-5.,-6.123233995737E-16,26.9));
#5641 = CIRCLE('',#5642,5.);
#5642 = AXIS2_PLACEMENT_3D('',#5643,#5644,#5645);
#5643 = CARTESIAN_POINT('',(0.,0.,26.9));
#5644 = DIRECTION('',(0.,0.,-1.));
#5645 = DIRECTION('',(-1.,0.,0.));
#5646 = ORIENTED_EDGE('',*,*,#5647,.T.);
#5647 = EDGE_CURVE('',#5639,#5648,#5650,.T.);
#5648 = VERTEX_POINT('',#5649);
#5649 = CARTESIAN_POINT('',(-4.8,-5.878304635907E-16,26.7));
#5650 = CIRCLE('',#5651,0.2);
#5651 = AXIS2_PLACEMENT_3D('',#5652,#5653,#5654);
#5652 = CARTESIAN_POINT('',(-4.8,-5.878304635907E-16,26.9));
#5653 = DIRECTION('',(1.224646799147E-16,-1.,0.));
#5654 = DIRECTION('',(-1.,-1.224646799147E-16,0.));
#5655 = ORIENTED_EDGE('',*,*,#5656,.T.);
#5656 = EDGE_CURVE('',#5648,#5648,#5657,.T.);
#5657 = CIRCLE('',#5658,4.8);
#5658 = AXIS2_PLACEMENT_3D('',#5659,#5660,#5661);
#5659 = CARTESIAN_POINT('',(0.,0.,26.7));
#5660 = DIRECTION('',(0.,0.,1.));
#5661 = DIRECTION('',(-1.,0.,0.));
#5662 = ORIENTED_EDGE('',*,*,#5647,.F.);
#5663 = ORIENTED_EDGE('',*,*,#5664,.T.);
#5664 = EDGE_CURVE('',#5639,#5637,#5665,.T.);
#5665 = CIRCLE('',#5666,5.);
#5666 = AXIS2_PLACEMENT_3D('',#5667,#5668,#5669);
#5667 = CARTESIAN_POINT('',(0.,0.,26.9));
#5668 = DIRECTION('',(0.,0.,-1.));
#5669 = DIRECTION('',(-1.,0.,0.));
#5670 = TOROIDAL_SURFACE('',#5671,4.8,0.2);
#5671 = AXIS2_PLACEMENT_3D('',#5672,#5673,#5674);
#5672 = CARTESIAN_POINT('',(0.,0.,26.9));
#5673 = DIRECTION('',(0.,0.,1.));
#5674 = DIRECTION('',(1.,0.,-0.));
#5675 = ADVANCED_FACE('',(#5676),#5705,.T.);
#5676 = FACE_BOUND('',#5677,.T.);
#5677 = EDGE_LOOP('',(#5678,#5689,#5695,#5696,#5697,#5698));
#5678 = ORIENTED_EDGE('',*,*,#5679,.F.);
#5679 = EDGE_CURVE('',#5680,#5682,#5684,.T.);
#5680 = VERTEX_POINT('',#5681);
#5681 = CARTESIAN_POINT('',(5.,6.123233995737E-16,32.3));
#5682 = VERTEX_POINT('',#5683);
#5683 = CARTESIAN_POINT('',(-5.,-6.123233995737E-16,32.3));
#5684 = CIRCLE('',#5685,5.);
#5685 = AXIS2_PLACEMENT_3D('',#5686,#5687,#5688);
#5686 = CARTESIAN_POINT('',(0.,0.,32.3));
#5687 = DIRECTION('',(0.,0.,1.));
#5688 = DIRECTION('',(-1.,0.,0.));
#5689 = ORIENTED_EDGE('',*,*,#5690,.T.);
#5690 = EDGE_CURVE('',#5680,#5637,#5691,.T.);
#5691 = LINE('',#5692,#5693);
#5692 = CARTESIAN_POINT('',(5.,6.123233995737E-16,26.7));
#5693 = VECTOR('',#5694,1.);
#5694 = DIRECTION('',(0.,0.,-1.));
#5695 = ORIENTED_EDGE('',*,*,#5664,.F.);
#5696 = ORIENTED_EDGE('',*,*,#5636,.F.);
#5697 = ORIENTED_EDGE('',*,*,#5690,.F.);
#5698 = ORIENTED_EDGE('',*,*,#5699,.F.);
#5699 = EDGE_CURVE('',#5682,#5680,#5700,.T.);
#5700 = CIRCLE('',#5701,5.);
#5701 = AXIS2_PLACEMENT_3D('',#5702,#5703,#5704);
#5702 = CARTESIAN_POINT('',(0.,0.,32.3));
#5703 = DIRECTION('',(0.,0.,1.));
#5704 = DIRECTION('',(-1.,0.,0.));
#5705 = CYLINDRICAL_SURFACE('',#5706,5.);
#5706 = AXIS2_PLACEMENT_3D('',#5707,#5708,#5709);
#5707 = CARTESIAN_POINT('',(0.,0.,26.7));
#5708 = DIRECTION('',(0.,0.,1.));
#5709 = DIRECTION('',(-1.,0.,0.));
#5710 = ADVANCED_FACE('',(#5711,#5714),#5725,.F.);
#5711 = FACE_BOUND('',#5712,.T.);
#5712 = EDGE_LOOP('',(#5713));
#5713 = ORIENTED_EDGE('',*,*,#5656,.F.);
#5714 = FACE_BOUND('',#5715,.T.);
#5715 = EDGE_LOOP('',(#5716));
#5716 = ORIENTED_EDGE('',*,*,#5717,.T.);
#5717 = EDGE_CURVE('',#5718,#5718,#5720,.T.);
#5718 = VERTEX_POINT('',#5719);
#5719 = CARTESIAN_POINT('',(3.2,3.918869757272E-16,26.7));
#5720 = CIRCLE('',#5721,3.2);
#5721 = AXIS2_PLACEMENT_3D('',#5722,#5723,#5724);
#5722 = CARTESIAN_POINT('',(0.,0.,26.7));
#5723 = DIRECTION('',(0.,0.,1.));
#5724 = DIRECTION('',(-1.,0.,0.));
#5725 = PLANE('',#5726);
#5726 = AXIS2_PLACEMENT_3D('',#5727,#5728,#5729);
#5727 = CARTESIAN_POINT('',(0.,0.,26.7));
#5728 = DIRECTION('',(0.,0.,1.));
#5729 = DIRECTION('',(-1.,0.,0.));
#5730 = ADVANCED_FACE('',(#5731),#5752,.T.);
#5731 = FACE_BOUND('',#5732,.T.);
#5732 = EDGE_LOOP('',(#5733,#5742,#5749,#5750,#5751));
#5733 = ORIENTED_EDGE('',*,*,#5734,.T.);
#5734 = EDGE_CURVE('',#5735,#5735,#5737,.T.);
#5735 = VERTEX_POINT('',#5736);
#5736 = CARTESIAN_POINT('',(-4.8,-5.878304635907E-16,32.5));
#5737 = CIRCLE('',#5738,4.8);
#5738 = AXIS2_PLACEMENT_3D('',#5739,#5740,#5741);
#5739 = CARTESIAN_POINT('',(0.,0.,32.5));
#5740 = DIRECTION('',(0.,0.,-1.));
#5741 = DIRECTION('',(-1.,0.,0.));
#5742 = ORIENTED_EDGE('',*,*,#5743,.T.);
#5743 = EDGE_CURVE('',#5735,#5682,#5744,.T.);
#5744 = CIRCLE('',#5745,0.2);
#5745 = AXIS2_PLACEMENT_3D('',#5746,#5747,#5748);
#5746 = CARTESIAN_POINT('',(-4.8,-5.878304635907E-16,32.3));
#5747 = DIRECTION('',(1.224646799147E-16,-1.,0.));
#5748 = DIRECTION('',(-1.,-1.224646799147E-16,0.));
#5749 = ORIENTED_EDGE('',*,*,#5699,.T.);
#5750 = ORIENTED_EDGE('',*,*,#5679,.T.);
#5751 = ORIENTED_EDGE('',*,*,#5743,.F.);
#5752 = TOROIDAL_SURFACE('',#5753,4.8,0.2);
#5753 = AXIS2_PLACEMENT_3D('',#5754,#5755,#5756);
#5754 = CARTESIAN_POINT('',(0.,0.,32.3));
#5755 = DIRECTION('',(0.,0.,1.));
#5756 = DIRECTION('',(1.,0.,-0.));
#5757 = ADVANCED_FACE('',(#5758),#5761,.T.);
#5758 = FACE_BOUND('',#5759,.T.);
#5759 = EDGE_LOOP('',(#5760));
#5760 = ORIENTED_EDGE('',*,*,#5734,.F.);
#5761 = PLANE('',#5762);
#5762 = AXIS2_PLACEMENT_3D('',#5763,#5764,#5765);
#5763 = CARTESIAN_POINT('',(0.,0.,32.5));
#5764 = DIRECTION('',(0.,0.,1.));
#5765 = DIRECTION('',(-1.,0.,0.));
#5766 = ADVANCED_FACE('',(#5767),#5786,.T.);
#5767 = FACE_BOUND('',#5768,.T.);
#5768 = EDGE_LOOP('',(#5769,#5770,#5778,#5785));
#5769 = ORIENTED_EDGE('',*,*,#5717,.F.);
#5770 = ORIENTED_EDGE('',*,*,#5771,.T.);
#5771 = EDGE_CURVE('',#5718,#5772,#5774,.T.);
#5772 = VERTEX_POINT('',#5773);
#5773 = CARTESIAN_POINT('',(3.2,3.918869757272E-16,24.3));
#5774 = LINE('',#5775,#5776);
#5775 = CARTESIAN_POINT('',(3.2,3.918869757272E-16,24.3));
#5776 = VECTOR('',#5777,1.);
#5777 = DIRECTION('',(0.,0.,-1.));
#5778 = ORIENTED_EDGE('',*,*,#5779,.F.);
#5779 = EDGE_CURVE('',#5772,#5772,#5780,.T.);
#5780 = CIRCLE('',#5781,3.2);
#5781 = AXIS2_PLACEMENT_3D('',#5782,#5783,#5784);
#5782 = CARTESIAN_POINT('',(0.,0.,24.3));
#5783 = DIRECTION('',(0.,0.,-1.));
#5784 = DIRECTION('',(-1.,0.,0.));
#5785 = ORIENTED_EDGE('',*,*,#5771,.F.);
#5786 = CYLINDRICAL_SURFACE('',#5787,3.2);
#5787 = AXIS2_PLACEMENT_3D('',#5788,#5789,#5790);
#5788 = CARTESIAN_POINT('',(0.,0.,24.3));
#5789 = DIRECTION('',(0.,0.,1.));
#5790 = DIRECTION('',(-1.,0.,0.));
#5791 = ADVANCED_FACE('',(#5792),#5895,.F.);
#5792 = FACE_BOUND('',#5793,.F.);
#5793 = EDGE_LOOP('',(#5794,#5880,#5889));
#5794 = ORIENTED_EDGE('',*,*,#5795,.F.);
#5795 = EDGE_CURVE('',#5796,#5798,#5800,.T.);
#5796 = VERTEX_POINT('',#5797);
#5797 = CARTESIAN_POINT('',(-0.359842090409,-5.943116158209,23.546));
#5798 = VERTEX_POINT('',#5799);
#5799 = CARTESIAN_POINT('',(5.55762254167,-1.046000014901,23.546));
#5800 = B_SPLINE_CURVE_WITH_KNOTS('',3,(#5801,#5802,#5803,#5804,#5805,
    #5806,#5807,#5808,#5809,#5810,#5811,#5812,#5813,#5814,#5815,#5816,
    #5817,#5818,#5819,#5820,#5821,#5822,#5823,#5824,#5825,#5826,#5827,
    #5828,#5829,#5830,#5831,#5832,#5833,#5834,#5835,#5836,#5837,#5838,
    #5839,#5840,#5841,#5842,#5843,#5844,#5845,#5846,#5847,#5848,#5849,
    #5850,#5851,#5852,#5853,#5854,#5855,#5856,#5857,#5858,#5859,#5860,
    #5861,#5862,#5863,#5864,#5865,#5866,#5867,#5868,#5869,#5870,#5871,
    #5872,#5873,#5874,#5875,#5876,#5877,#5878,#5879),.UNSPECIFIED.,.F.,
  .F.,(4,3,3,3,3,3,3,3,3,3,3,3,3,3,3,3,3,3,3,3,3,3,3,3,3,3,4),(
    -1.201394874018,-1.151136931445,-1.100593962262,-1.057534198122,
    -1.047009036268,-1.038871558793,-0.988723589201,-0.939019061031,
    -0.928354905701,-0.892376489992,-0.88205679033,-0.83269580862,
    -0.782881965259,-0.733314197506,-0.686920888765,-0.660792094082,
    -0.654610802514,-0.640527580024,-0.591687851104,-0.542408747105,
    -0.493378966848,-0.460217797817,-0.44505617196,-0.437352315875,
    -0.431158124403,-0.382430228683,-0.360734290723),.UNSPECIFIED.);
#5801 = CARTESIAN_POINT('',(-0.359939025236,-5.943552082683,23.546));
#5802 = CARTESIAN_POINT('',(-0.192269149777,-5.947780306832,23.546));
#5803 = CARTESIAN_POINT('',(-2.464598491993E-02,-5.944823501628,23.546)
  );
#5804 = CARTESIAN_POINT('',(0.142485602252,-5.934813438593,23.546));
#5805 = CARTESIAN_POINT('',(0.310565038604,-5.924746605739,23.546));
#5806 = CARTESIAN_POINT('',(0.478148049817,-5.907546159247,23.546));
#5807 = CARTESIAN_POINT('',(0.644777582416,-5.883293824407,23.546));
#5808 = CARTESIAN_POINT('',(0.786736562833,-5.862632200547,23.546));
#5809 = CARTESIAN_POINT('',(0.9280036762,-5.836851336055,23.546));
#5810 = CARTESIAN_POINT('',(1.068287583282,-5.805973128695,23.546));
#5811 = CARTESIAN_POINT('',(1.102577386234,-5.798425522787,23.546));
#5812 = CARTESIAN_POINT('',(1.136808393712,-5.790573247005,23.546));
#5813 = CARTESIAN_POINT('',(1.170976240539,-5.782416389725,23.546));
#5814 = CARTESIAN_POINT('',(1.19739294441,-5.776109955363,23.546));
#5815 = CARTESIAN_POINT('',(1.22377406107,-5.76962084994,23.546));
#5816 = CARTESIAN_POINT('',(1.250099627316,-5.762953783834,23.546));
#5817 = CARTESIAN_POINT('',(1.412333403048,-5.721867362467,23.546));
#5818 = CARTESIAN_POINT('',(1.572597567359,-5.673994637851,23.546));
#5819 = CARTESIAN_POINT('',(1.730445943137,-5.61942208577,23.546));
#5820 = CARTESIAN_POINT('',(1.886898519466,-5.565332100189,23.546));
#5821 = CARTESIAN_POINT('',(2.040978519491,-5.504660012686,23.546));
#5822 = CARTESIAN_POINT('',(2.192232661744,-5.43744264672,23.546));
#5823 = CARTESIAN_POINT('',(2.224684386499,-5.423021094843,23.546));
#5824 = CARTESIAN_POINT('',(2.257005940283,-5.408298082489,23.546));
#5825 = CARTESIAN_POINT('',(2.289192685919,-5.393273701596,23.546));
#5826 = CARTESIAN_POINT('',(2.397783388045,-5.34258488426,23.546));
#5827 = CARTESIAN_POINT('',(2.504840337806,-5.288466581379,23.546));
#5828 = CARTESIAN_POINT('',(2.610222906434,-5.231018280717,23.546));
#5829 = CARTESIAN_POINT('',(2.640449819886,-5.21454036758,23.546));
#5830 = CARTESIAN_POINT('',(2.670544960644,-5.197784878224,23.546));
#5831 = CARTESIAN_POINT('',(2.700472189525,-5.180772925101,23.546));
#5832 = CARTESIAN_POINT('',(2.843619514147,-5.099401690032,23.546));
#5833 = CARTESIAN_POINT('',(2.983038950892,-5.012108943779,23.546));
#5834 = CARTESIAN_POINT('',(3.118419319171,-4.919229553367,23.546));
#5835 = CARTESIAN_POINT('',(3.255041732782,-4.825498042263,23.546));
#5836 = CARTESIAN_POINT('',(3.38755122859,-4.726076459409,23.546));
#5837 = CARTESIAN_POINT('',(3.515600427372,-4.621263972879,23.546));
#5838 = CARTESIAN_POINT('',(3.643017075398,-4.516969249976,23.546));
#5839 = CARTESIAN_POINT('',(3.766017915903,-4.407336226311,23.546));
#5840 = CARTESIAN_POINT('',(3.884225125525,-4.29262276996,23.546));
#5841 = CARTESIAN_POINT('',(3.994862013567,-4.185255885421,23.546));
#5842 = CARTESIAN_POINT('',(4.101299657657,-4.073437811032,23.546));
#5843 = CARTESIAN_POINT('',(4.203193566106,-3.957356458405,23.546));
#5844 = CARTESIAN_POINT('',(4.260580398077,-3.89197923243,23.546));
#5845 = CARTESIAN_POINT('',(4.316525332486,-3.825249331075,23.546));
#5846 = CARTESIAN_POINT('',(4.370961379069,-3.757197788467,23.546));
#5847 = CARTESIAN_POINT('',(4.383839320048,-3.741098828232,23.546));
#5848 = CARTESIAN_POINT('',(4.396626987627,-3.724933143955,23.546));
#5849 = CARTESIAN_POINT('',(4.409322345235,-3.708703091869,23.546));
#5850 = CARTESIAN_POINT('',(4.438246971066,-3.671725150934,23.546));
#5851 = CARTESIAN_POINT('',(4.4666948299,-3.634410109172,23.546));
#5852 = CARTESIAN_POINT('',(4.494658322904,-3.596764831821,23.546));
#5853 = CARTESIAN_POINT('',(4.591633956075,-3.466213380098,23.546));
#5854 = CARTESIAN_POINT('',(4.682787510571,-3.331692879655,23.546));
#5855 = CARTESIAN_POINT('',(4.768005189321,-3.193643852787,23.546));
#5856 = CARTESIAN_POINT('',(4.853989508779,-3.054352900475,23.546));
#5857 = CARTESIAN_POINT('',(4.933930988374,-2.911468973306,23.546));
#5858 = CARTESIAN_POINT('',(5.007667945794,-2.765416335255,23.546));
#5859 = CARTESIAN_POINT('',(5.08103183689,-2.620102639015,23.546));
#5860 = CARTESIAN_POINT('',(5.148254049224,-2.471651499402,23.546));
#5861 = CARTESIAN_POINT('',(5.209127337723,-2.320463450572,23.546));
#5862 = CARTESIAN_POINT('',(5.25029883388,-2.218207792551,23.546));
#5863 = CARTESIAN_POINT('',(5.288565049005,-2.114699797546,23.546));
#5864 = CARTESIAN_POINT('',(5.323848517918,-2.010061341878,23.546));
#5865 = CARTESIAN_POINT('',(5.339980481001,-1.962219569062,23.546));
#5866 = CARTESIAN_POINT('',(5.355488774201,-1.914141472536,23.546));
#5867 = CARTESIAN_POINT('',(5.370365204069,-1.865838685777,23.546));
#5868 = CARTESIAN_POINT('',(5.37792414767,-1.841295294377,23.546));
#5869 = CARTESIAN_POINT('',(5.385319947929,-1.816693892361,23.546));
#5870 = CARTESIAN_POINT('',(5.392551479531,-1.792036008454,23.546));
#5871 = CARTESIAN_POINT('',(5.398365904267,-1.772210137807,23.546));
#5872 = CARTESIAN_POINT('',(5.404071641587,-1.752356204196,23.546));
#5873 = CARTESIAN_POINT('',(5.409667520027,-1.732478221166,23.546));
#5874 = CARTESIAN_POINT('',(5.453688661818,-1.576103932677,23.546));
#5875 = CARTESIAN_POINT('',(5.490934084455,-1.418178401771,23.546));
#5876 = CARTESIAN_POINT('',(5.521255507177,-1.259112925809,23.546));
#5877 = CARTESIAN_POINT('',(5.534756022571,-1.18828953713,23.546));
#5878 = CARTESIAN_POINT('',(5.54688324218,-1.117239927455,23.546));
#5879 = CARTESIAN_POINT('',(5.557620863829,-1.045999534809,23.546));
#5880 = ORIENTED_EDGE('',*,*,#5881,.F.);
#5881 = EDGE_CURVE('',#5882,#5796,#5884,.T.);
#5882 = VERTEX_POINT('',#5883);
#5883 = CARTESIAN_POINT('',(5.861399147714,-1.046000014901,23.546));
#5884 = CIRCLE('',#5885,5.954);
#5885 = AXIS2_PLACEMENT_3D('',#5886,#5887,#5888);
#5886 = CARTESIAN_POINT('',(0.,0.,23.546));
#5887 = DIRECTION('',(0.,0.,-1.));
#5888 = DIRECTION('',(0.986013296763,0.16666666915,0.));
#5889 = ORIENTED_EDGE('',*,*,#5890,.T.);
#5890 = EDGE_CURVE('',#5882,#5798,#5891,.T.);
#5891 = LINE('',#5892,#5893);
#5892 = CARTESIAN_POINT('',(2.500000037253,-1.046000014901,23.546));
#5893 = VECTOR('',#5894,1.);
#5894 = DIRECTION('',(-1.,1.514910516605E-16,0.));
#5895 = PLANE('',#5896);
#5896 = AXIS2_PLACEMENT_3D('',#5897,#5898,#5899);
#5897 = CARTESIAN_POINT('',(1.263779872628E-15,2.825253775473E-16,23.546
    ));
#5898 = DIRECTION('',(0.,0.,1.));
#5899 = DIRECTION('',(1.,0.,-0.));
#5900 = ADVANCED_FACE('',(#5901),#5959,.T.);
#5901 = FACE_BOUND('',#5902,.T.);
#5902 = EDGE_LOOP('',(#5903,#5913,#5933,#5941));
#5903 = ORIENTED_EDGE('',*,*,#5904,.F.);
#5904 = EDGE_CURVE('',#5905,#5907,#5909,.T.);
#5905 = VERTEX_POINT('',#5906);
#5906 = CARTESIAN_POINT('',(5.430952497739,-1.000000014901,
    12.969712143048));
#5907 = VERTEX_POINT('',#5908);
#5908 = CARTESIAN_POINT('',(5.430952497739,-1.000000014901,
    12.821841738947));
#5909 = LINE('',#5910,#5911);
#5910 = CARTESIAN_POINT('',(5.430952497739,-1.000000014901,
    10.61356479795));
#5911 = VECTOR('',#5912,1.);
#5912 = DIRECTION('',(0.,0.,-1.));
#5913 = ORIENTED_EDGE('',*,*,#5914,.F.);
#5914 = EDGE_CURVE('',#5915,#5905,#5917,.T.);
#5915 = VERTEX_POINT('',#5916);
#5916 = CARTESIAN_POINT('',(5.430952497739,1.000000014901,
    12.263182976173));
#5917 = B_SPLINE_CURVE_WITH_KNOTS('',3,(#5918,#5919,#5920,#5921,#5922,
    #5923,#5924,#5925,#5926,#5927,#5928,#5929,#5930,#5931,#5932),
  .UNSPECIFIED.,.F.,.F.,(4,1,1,1,1,1,1,1,1,1,1,1,4),(12.581012732609,
    13.063149759471,13.558622844819,14.054095930167,14.549569015515,
    15.045042100863,15.54051518621,16.035988271558,16.531461356906,
    17.026934442254,17.522407527602,18.01788061295,18.500017639812),
  .UNSPECIFIED.);
#5918 = CARTESIAN_POINT('',(5.430943701041,0.999997598567,
    12.263182976173));
#5919 = CARTESIAN_POINT('',(5.27002538169,1.872762174142,12.282366598941
    ));
#5920 = CARTESIAN_POINT('',(4.510206877006,3.561991272589,
    12.321264469385));
#5921 = CARTESIAN_POINT('',(2.299035675173,5.274065544295,
    12.379876587504));
#5922 = CARTESIAN_POINT('',(-0.484844313212,5.732842969239,
    12.439019330531));
#5923 = CARTESIAN_POINT('',(-3.152265727943,4.812945164695,
    12.498162073557));
#5924 = CARTESIAN_POINT('',(-5.061461238963,2.735409905466,
    12.557304816584));
#5925 = CARTESIAN_POINT('',(-5.753351291592,-1.683674312323E-14,
    12.61644755961));
#5926 = CARTESIAN_POINT('',(-5.061461238963,-2.735409905466,
    12.675590302637));
#5927 = CARTESIAN_POINT('',(-3.152265727943,-4.812945164695,
    12.734733045664));
#5928 = CARTESIAN_POINT('',(-0.484844313212,-5.732842969239,
    12.79387578869));
#5929 = CARTESIAN_POINT('',(2.299035675173,-5.274065544295,
    12.853018531717));
#5930 = CARTESIAN_POINT('',(4.510206877006,-3.561991272589,
    12.911630649836));
#5931 = CARTESIAN_POINT('',(5.27002538169,-1.872762174142,12.95052852028
    ));
#5932 = CARTESIAN_POINT('',(5.430943701041,-0.999997598567,
    12.969712143048));
#5933 = ORIENTED_EDGE('',*,*,#5934,.F.);
#5934 = EDGE_CURVE('',#5935,#5915,#5937,.T.);
#5935 = VERTEX_POINT('',#5936);
#5936 = CARTESIAN_POINT('',(5.430952497739,1.000000014901,
    12.115312572072));
#5937 = LINE('',#5938,#5939);
#5938 = CARTESIAN_POINT('',(5.430952497739,1.000000014901,10.61356479795
    ));
#5939 = VECTOR('',#5940,1.);
#5940 = DIRECTION('',(0.,0.,1.));
#5941 = ORIENTED_EDGE('',*,*,#5942,.T.);
#5942 = EDGE_CURVE('',#5935,#5907,#5943,.T.);
#5943 = B_SPLINE_CURVE_WITH_KNOTS('',3,(#5944,#5945,#5946,#5947,#5948,
    #5949,#5950,#5951,#5952,#5953,#5954,#5955,#5956,#5957,#5958),
  .UNSPECIFIED.,.F.,.F.,(4,1,1,1,1,1,1,1,1,1,1,1,4),(12.581012732609,
    13.069523941852,13.564417556074,14.059311170297,14.554204784519,
    15.049098398741,15.543992012964,16.038885627186,16.533779241408,
    17.028672855631,17.523566469853,18.018460084075,18.500017639812),
  .UNSPECIFIED.);
#5944 = CARTESIAN_POINT('',(5.43095043248,0.999999431706,12.115312572072
    ));
#5945 = CARTESIAN_POINT('',(5.268009395173,1.884330475152,
    12.134749815499));
#5946 = CARTESIAN_POINT('',(4.497473231471,3.582312867028,
    12.173878250178));
#5947 = CARTESIAN_POINT('',(2.268217869731,5.286790759872,
    12.232697876108));
#5948 = CARTESIAN_POINT('',(-0.514685764145,5.729686232444,
    12.291771449865));
#5949 = CARTESIAN_POINT('',(-3.174238650614,4.797819272812,
    12.350845023621));
#5950 = CARTESIAN_POINT('',(-5.072027785945,2.714595900778,
    12.409918597377));
#5951 = CARTESIAN_POINT('',(-5.752763913294,-2.000144407354E-02,
    12.468992171133));
#5952 = CARTESIAN_POINT('',(-5.053028954624,-2.749799110781,
    12.528065744889));
#5953 = CARTESIAN_POINT('',(-3.140799804524,-4.819775655933,
    12.587139318645));
#5954 = CARTESIAN_POINT('',(-0.47483138914,-5.733126626018,
    12.646212892401));
#5955 = CARTESIAN_POINT('',(2.304925246888,-5.270890669469,
    12.705286466157));
#5956 = CARTESIAN_POINT('',(4.511844442563,-3.559042923844,
    12.763829415006));
#5957 = CARTESIAN_POINT('',(5.270219412558,-1.871713397161,
    12.802681172602));
#5958 = CARTESIAN_POINT('',(5.430943726336,-0.999997605935,
    12.821841738947));
#5959 = CYLINDRICAL_SURFACE('',#5960,5.52225);
#5960 = AXIS2_PLACEMENT_3D('',#5961,#5962,#5963);
#5961 = CARTESIAN_POINT('',(0.,0.,10.61356479795));
#5962 = DIRECTION('',(0.,0.,1.));
#5963 = DIRECTION('',(-1.,1.472657640523E-14,0.));
#5964 = ADVANCED_FACE('',(#5965),#6023,.T.);
#5965 = FACE_BOUND('',#5966,.T.);
#5966 = EDGE_LOOP('',(#5967,#5977,#5997,#6005));
#5967 = ORIENTED_EDGE('',*,*,#5968,.F.);
#5968 = EDGE_CURVE('',#5969,#5971,#5973,.T.);
#5969 = VERTEX_POINT('',#5970);
#5970 = CARTESIAN_POINT('',(5.430952497739,-1.000000014901,
    13.719712143048));
#5971 = VERTEX_POINT('',#5972);
#5972 = CARTESIAN_POINT('',(5.430952497739,-1.000000014901,
    13.571841738947));
#5973 = LINE('',#5974,#5975);
#5974 = CARTESIAN_POINT('',(5.430952497739,-1.000000014901,
    10.61356479795));
#5975 = VECTOR('',#5976,1.);
#5976 = DIRECTION('',(0.,0.,-1.));
#5977 = ORIENTED_EDGE('',*,*,#5978,.F.);
#5978 = EDGE_CURVE('',#5979,#5969,#5981,.T.);
#5979 = VERTEX_POINT('',#5980);
#5980 = CARTESIAN_POINT('',(5.430952497739,1.000000014901,
    13.013182976173));
#5981 = B_SPLINE_CURVE_WITH_KNOTS('',3,(#5982,#5983,#5984,#5985,#5986,
    #5987,#5988,#5989,#5990,#5991,#5992,#5993,#5994,#5995,#5996),
  .UNSPECIFIED.,.F.,.F.,(4,1,1,1,1,1,1,1,1,1,1,1,4),(18.864198039789,
    19.346335066651,19.841808151999,20.337281237346,20.832754322694,
    21.328227408042,21.82370049339,22.319173578738,22.814646664086,
    23.310119749434,23.805592834781,24.301065920129,24.783202946991),
  .UNSPECIFIED.);
#5982 = CARTESIAN_POINT('',(5.430943695986,0.999997598031,
    13.013182976173));
#5983 = CARTESIAN_POINT('',(5.270025255825,1.872762160824,
    13.032366598941));
#5984 = CARTESIAN_POINT('',(4.510202191028,3.561990777756,
    13.071264469385));
#5985 = CARTESIAN_POINT('',(2.299035867858,5.274065781555,
    13.129876587504));
#5986 = CARTESIAN_POINT('',(-0.484845100744,5.732843248836,
    13.189019330531));
#5987 = CARTESIAN_POINT('',(-3.152265689068,4.812945397915,
    13.248162073557));
#5988 = CARTESIAN_POINT('',(-5.06146168055,2.73541006034,13.307304816584
    ));
#5989 = CARTESIAN_POINT('',(-5.753351479377,-2.147356603865E-14,
    13.36644755961));
#5990 = CARTESIAN_POINT('',(-5.06146168055,-2.73541006034,
    13.425590302637));
#5991 = CARTESIAN_POINT('',(-3.152265689068,-4.812945397915,
    13.484733045664));
#5992 = CARTESIAN_POINT('',(-0.484845100744,-5.732843248836,
    13.54387578869));
#5993 = CARTESIAN_POINT('',(2.299035867858,-5.274065781555,
    13.603018531717));
#5994 = CARTESIAN_POINT('',(4.510202191028,-3.561990777757,
    13.661630649836));
#5995 = CARTESIAN_POINT('',(5.270025255825,-1.872762160825,
    13.70052852028));
#5996 = CARTESIAN_POINT('',(5.430943695986,-0.999997598032,
    13.719712143048));
#5997 = ORIENTED_EDGE('',*,*,#5998,.F.);
#5998 = EDGE_CURVE('',#5999,#5979,#6001,.T.);
#5999 = VERTEX_POINT('',#6000);
#6000 = CARTESIAN_POINT('',(5.430952497739,1.000000014901,
    12.865312572072));
#6001 = LINE('',#6002,#6003);
#6002 = CARTESIAN_POINT('',(5.430952497739,1.000000014901,10.61356479795
    ));
#6003 = VECTOR('',#6004,1.);
#6004 = DIRECTION('',(0.,0.,1.));
#6005 = ORIENTED_EDGE('',*,*,#6006,.T.);
#6006 = EDGE_CURVE('',#5999,#5971,#6007,.T.);
#6007 = B_SPLINE_CURVE_WITH_KNOTS('',3,(#6008,#6009,#6010,#6011,#6012,
    #6013,#6014,#6015,#6016,#6017,#6018,#6019,#6020,#6021,#6022),
  .UNSPECIFIED.,.F.,.F.,(4,1,1,1,1,1,1,1,1,1,1,1,4),(18.864198039789,
    19.346335066651,19.841808151999,20.337281237346,20.832754322694,
    21.328227408042,21.82370049339,22.319173578738,22.814646664086,
    23.310119749434,23.805592834781,24.301065920129,24.783202946991),
  .UNSPECIFIED.);
#6008 = CARTESIAN_POINT('',(5.430943700333,0.999997598491,
    12.865312572072));
#6009 = CARTESIAN_POINT('',(5.270025364061,1.872762172271,12.88449619484
    ));
#6010 = CARTESIAN_POINT('',(4.510206220717,3.561991203064,
    12.923394065284));
#6011 = CARTESIAN_POINT('',(2.299035705577,5.274065577562,
    12.982006183403));
#6012 = CARTESIAN_POINT('',(-0.484844422951,5.732843008028,
    13.04114892643));
#6013 = CARTESIAN_POINT('',(-3.15226572149,4.812945196986,
    13.100291669456));
#6014 = CARTESIAN_POINT('',(-5.061461300489,2.735409926943,
    13.159434412483));
#6015 = CARTESIAN_POINT('',(-5.753351317145,1.866134110151E-14,
    13.21857715551));
#6016 = CARTESIAN_POINT('',(-5.061461300489,-2.735409926943,
    13.277719898536));
#6017 = CARTESIAN_POINT('',(-3.15226572149,-4.812945196986,
    13.336862641563));
#6018 = CARTESIAN_POINT('',(-0.484844422951,-5.732843008028,
    13.396005384589));
#6019 = CARTESIAN_POINT('',(2.299035705577,-5.274065577562,
    13.455148127616));
#6020 = CARTESIAN_POINT('',(4.510206220717,-3.561991203064,
    13.513760245735));
#6021 = CARTESIAN_POINT('',(5.270025364061,-1.872762172271,
    13.552658116179));
#6022 = CARTESIAN_POINT('',(5.430943700333,-0.999997598492,
    13.571841738947));
#6023 = CYLINDRICAL_SURFACE('',#6024,5.52225);
#6024 = AXIS2_PLACEMENT_3D('',#6025,#6026,#6027);
#6025 = CARTESIAN_POINT('',(0.,0.,10.61356479795));
#6026 = DIRECTION('',(0.,0.,1.));
#6027 = DIRECTION('',(-1.,1.651085443385E-14,0.));
#6028 = ADVANCED_FACE('',(#6029),#6087,.T.);
#6029 = FACE_BOUND('',#6030,.T.);
#6030 = EDGE_LOOP('',(#6031,#6041,#6061,#6069));
#6031 = ORIENTED_EDGE('',*,*,#6032,.F.);
#6032 = EDGE_CURVE('',#6033,#6035,#6037,.T.);
#6033 = VERTEX_POINT('',#6034);
#6034 = CARTESIAN_POINT('',(5.430952497739,-1.000000014901,
    14.469712143048));
#6035 = VERTEX_POINT('',#6036);
#6036 = CARTESIAN_POINT('',(5.430952497739,-1.000000014901,
    14.321841738947));
#6037 = LINE('',#6038,#6039);
#6038 = CARTESIAN_POINT('',(5.430952497739,-1.000000014901,
    10.61356479795));
#6039 = VECTOR('',#6040,1.);
#6040 = DIRECTION('',(0.,0.,-1.));
#6041 = ORIENTED_EDGE('',*,*,#6042,.F.);
#6042 = EDGE_CURVE('',#6043,#6033,#6045,.T.);
#6043 = VERTEX_POINT('',#6044);
#6044 = CARTESIAN_POINT('',(5.430952497739,1.000000014901,
    13.763182976173));
#6045 = B_SPLINE_CURVE_WITH_KNOTS('',3,(#6046,#6047,#6048,#6049,#6050,
    #6051,#6052,#6053,#6054,#6055,#6056,#6057,#6058,#6059,#6060),
  .UNSPECIFIED.,.F.,.F.,(4,1,1,1,1,1,1,1,1,1,1,1,4),(25.147383346968,
    25.62952037383,26.124993459178,26.620466544526,27.115939629874,
    27.611412715222,28.10688580057,28.602358885917,29.097831971265,
    29.593305056613,30.088778141961,30.584251227309,31.066388254171),
  .UNSPECIFIED.);
#6046 = CARTESIAN_POINT('',(5.430943691091,0.999997597517,
    13.763182976173));
#6047 = CARTESIAN_POINT('',(5.270025133924,1.872762148022,
    13.782366598941));
#6048 = CARTESIAN_POINT('',(4.51019765236,3.56199030207,13.821264469385)
  );
#6049 = CARTESIAN_POINT('',(2.29903600011,5.27406601083,13.879876587504)
  );
#6050 = CARTESIAN_POINT('',(-0.4848458731,5.732843525534,13.939019330531
    ));
#6051 = CARTESIAN_POINT('',(-3.15226566768,4.812945629791,
    13.998162073557));
#6052 = CARTESIAN_POINT('',(-5.061462113664,2.735410213789,
    14.057304816584));
#6053 = CARTESIAN_POINT('',(-5.753351673265,-1.453743841185E-14,
    14.11644755961));
#6054 = CARTESIAN_POINT('',(-5.061462113664,-2.735410213789,
    14.175590302637));
#6055 = CARTESIAN_POINT('',(-3.15226566768,-4.812945629791,
    14.234733045664));
#6056 = CARTESIAN_POINT('',(-0.4848458731,-5.732843525534,14.29387578869
    ));
#6057 = CARTESIAN_POINT('',(2.29903600011,-5.27406601083,14.353018531717
    ));
#6058 = CARTESIAN_POINT('',(4.51019765236,-3.56199030207,14.411630649836
    ));
#6059 = CARTESIAN_POINT('',(5.270025133924,-1.872762148023,
    14.45052852028));
#6060 = CARTESIAN_POINT('',(5.43094369109,-0.999997597517,
    14.469712143048));
#6061 = ORIENTED_EDGE('',*,*,#6062,.F.);
#6062 = EDGE_CURVE('',#6063,#6043,#6065,.T.);
#6063 = VERTEX_POINT('',#6064);
#6064 = CARTESIAN_POINT('',(5.430952497739,1.000000014901,
    13.615312572072));
#6065 = LINE('',#6066,#6067);
#6066 = CARTESIAN_POINT('',(5.430952497739,1.000000014901,10.61356479795
    ));
#6067 = VECTOR('',#6068,1.);
#6068 = DIRECTION('',(0.,0.,1.));
#6069 = ORIENTED_EDGE('',*,*,#6070,.T.);
#6070 = EDGE_CURVE('',#6063,#6035,#6071,.T.);
#6071 = B_SPLINE_CURVE_WITH_KNOTS('',3,(#6072,#6073,#6074,#6075,#6076,
    #6077,#6078,#6079,#6080,#6081,#6082,#6083,#6084,#6085,#6086),
  .UNSPECIFIED.,.F.,.F.,(4,1,1,1,1,1,1,1,1,1,1,1,4),(25.147383346968,
    25.62952037383,26.124993459178,26.620466544526,27.115939629874,
    27.611412715222,28.10688580057,28.602358885917,29.097831971265,
    29.593305056613,30.088778141961,30.584251227309,31.066388254171),
  .UNSPECIFIED.);
#6072 = CARTESIAN_POINT('',(5.430943695301,0.999997597959,
    13.615312572072));
#6073 = CARTESIAN_POINT('',(5.270025238757,1.872762159026,13.63449619484
    ));
#6074 = CARTESIAN_POINT('',(4.510201555578,3.561990710941,
    13.673394065284));
#6075 = CARTESIAN_POINT('',(2.299035889605,5.274065813684,
    13.732006183403));
#6076 = CARTESIAN_POINT('',(-0.484845208285,5.732843287225,
    13.79114892643));
#6077 = CARTESIAN_POINT('',(-3.152265685098,4.812945430021,
    13.850291669456));
#6078 = CARTESIAN_POINT('',(-5.061461740856,2.735410081618,
    13.909434412483));
#6079 = CARTESIAN_POINT('',(-5.753351505805,-1.938023221024E-14,
    13.96857715551));
#6080 = CARTESIAN_POINT('',(-5.061461740856,-2.735410081618,
    14.027719898536));
#6081 = CARTESIAN_POINT('',(-3.152265685098,-4.812945430021,
    14.086862641563));
#6082 = CARTESIAN_POINT('',(-0.484845208285,-5.732843287225,
    14.146005384589));
#6083 = CARTESIAN_POINT('',(2.299035889605,-5.274065813684,
    14.205148127616));
#6084 = CARTESIAN_POINT('',(4.510201555578,-3.561990710941,
    14.263760245735));
#6085 = CARTESIAN_POINT('',(5.270025238757,-1.872762159026,
    14.302658116179));
#6086 = CARTESIAN_POINT('',(5.430943695301,-0.999997597959,
    14.321841738947));
#6087 = CYLINDRICAL_SURFACE('',#6088,5.52225);
#6088 = AXIS2_PLACEMENT_3D('',#6089,#6090,#6091);
#6089 = CARTESIAN_POINT('',(0.,0.,10.61356479795));
#6090 = DIRECTION('',(0.,0.,1.));
#6091 = DIRECTION('',(-1.,2.002914913817E-14,0.));
#6092 = ADVANCED_FACE('',(#6093),#6151,.T.);
#6093 = FACE_BOUND('',#6094,.T.);
#6094 = EDGE_LOOP('',(#6095,#6105,#6125,#6133));
#6095 = ORIENTED_EDGE('',*,*,#6096,.F.);
#6096 = EDGE_CURVE('',#6097,#6099,#6101,.T.);
#6097 = VERTEX_POINT('',#6098);
#6098 = CARTESIAN_POINT('',(5.430952497739,-1.000000014901,
    15.219712143048));
#6099 = VERTEX_POINT('',#6100);
#6100 = CARTESIAN_POINT('',(5.430952497739,-1.000000014901,
    15.071841738947));
#6101 = LINE('',#6102,#6103);
#6102 = CARTESIAN_POINT('',(5.430952497739,-1.000000014901,
    10.61356479795));
#6103 = VECTOR('',#6104,1.);
#6104 = DIRECTION('',(0.,0.,-1.));
#6105 = ORIENTED_EDGE('',*,*,#6106,.F.);
#6106 = EDGE_CURVE('',#6107,#6097,#6109,.T.);
#6107 = VERTEX_POINT('',#6108);
#6108 = CARTESIAN_POINT('',(5.430952497739,1.000000014901,
    14.513182976173));
#6109 = B_SPLINE_CURVE_WITH_KNOTS('',3,(#6110,#6111,#6112,#6113,#6114,
    #6115,#6116,#6117,#6118,#6119,#6120,#6121,#6122,#6123,#6124),
  .UNSPECIFIED.,.F.,.F.,(4,1,1,1,1,1,1,1,1,1,1,1,4),(31.430568654148,
    31.91270568101,32.408178766358,32.903651851706,33.399124937054,
    33.894598022401,34.390071107749,34.885544193097,35.381017278445,
    35.876490363793,36.371963449141,36.867436534488,37.34957356135),
  .UNSPECIFIED.);
#6110 = CARTESIAN_POINT('',(5.430943686345,0.999997597022,
    14.513182976173));
#6111 = CARTESIAN_POINT('',(5.270025015773,1.872762135707,
    14.532366598941));
#6112 = CARTESIAN_POINT('',(4.510193253111,3.56198984449,14.571264469385
    ));
#6113 = CARTESIAN_POINT('',(2.299036076831,5.274066232678,
    14.629876587504));
#6114 = CARTESIAN_POINT('',(-0.484846631854,5.732843799338,
    14.689019330531));
#6115 = CARTESIAN_POINT('',(-3.152265662705,4.812945860299,
    14.748162073557));
#6116 = CARTESIAN_POINT('',(-5.061462539075,2.735410365844,
    14.807304816584));
#6117 = CARTESIAN_POINT('',(-5.753351872753,-1.972987098428E-14,
    14.86644755961));
#6118 = CARTESIAN_POINT('',(-5.061462539075,-2.735410365844,
    14.925590302637));
#6119 = CARTESIAN_POINT('',(-3.152265662705,-4.812945860299,
    14.984733045664));
#6120 = CARTESIAN_POINT('',(-0.484846631854,-5.732843799338,
    15.04387578869));
#6121 = CARTESIAN_POINT('',(2.299036076831,-5.274066232678,
    15.103018531717));
#6122 = CARTESIAN_POINT('',(4.510193253111,-3.56198984449,
    15.161630649836));
#6123 = CARTESIAN_POINT('',(5.270025015773,-1.872762135708,
    15.20052852028));
#6124 = CARTESIAN_POINT('',(5.430943686345,-0.999997597022,
    15.219712143048));
#6125 = ORIENTED_EDGE('',*,*,#6126,.F.);
#6126 = EDGE_CURVE('',#6127,#6107,#6129,.T.);
#6127 = VERTEX_POINT('',#6128);
#6128 = CARTESIAN_POINT('',(5.430952497739,1.000000014901,
    14.365312572072));
#6129 = LINE('',#6130,#6131);
#6130 = CARTESIAN_POINT('',(5.430952497739,1.000000014901,10.61356479795
    ));
#6131 = VECTOR('',#6132,1.);
#6132 = DIRECTION('',(0.,0.,1.));
#6133 = ORIENTED_EDGE('',*,*,#6134,.T.);
#6134 = EDGE_CURVE('',#6127,#6099,#6135,.T.);
#6135 = B_SPLINE_CURVE_WITH_KNOTS('',3,(#6136,#6137,#6138,#6139,#6140,
    #6141,#6142,#6143,#6144,#6145,#6146,#6147,#6148,#6149,#6150),
  .UNSPECIFIED.,.F.,.F.,(4,1,1,1,1,1,1,1,1,1,1,1,4),(31.430568654148,
    31.91270568101,32.408178766358,32.903651851706,33.399124937054,
    33.894598022401,34.390071107749,34.885544193097,35.381017278445,
    35.876490363793,36.371963449141,36.867436534488,37.34957356135),
  .UNSPECIFIED.);
#6136 = CARTESIAN_POINT('',(5.430943690426,0.999997597447,
    14.365312572072));
#6137 = CARTESIAN_POINT('',(5.270025117386,1.872762146293,14.38449619484
    ));
#6138 = CARTESIAN_POINT('',(4.510197036622,3.561990237815,
    14.423394065284));
#6139 = CARTESIAN_POINT('',(2.299036013907,5.274066041901,
    14.482006183403));
#6140 = CARTESIAN_POINT('',(-0.484845978674,5.732843563523,
    14.54114892643));
#6141 = CARTESIAN_POINT('',(-3.152265666039,4.81294566171,
    14.600291669456));
#6142 = CARTESIAN_POINT('',(-5.061462172863,2.735410234873,
    14.659434412483));
#6143 = CARTESIAN_POINT('',(-5.753351700495,-1.87593130505E-14,
    14.71857715551));
#6144 = CARTESIAN_POINT('',(-5.061462172863,-2.735410234873,
    14.777719898536));
#6145 = CARTESIAN_POINT('',(-3.152265666039,-4.81294566171,
    14.836862641563));
#6146 = CARTESIAN_POINT('',(-0.484845978674,-5.732843563523,
    14.896005384589));
#6147 = CARTESIAN_POINT('',(2.299036013907,-5.274066041901,
    14.955148127616));
#6148 = CARTESIAN_POINT('',(4.510197036622,-3.561990237815,
    15.013760245735));
#6149 = CARTESIAN_POINT('',(5.270025117386,-1.872762146293,
    15.052658116179));
#6150 = CARTESIAN_POINT('',(5.430943690426,-0.999997597448,
    15.071841738947));
#6151 = CYLINDRICAL_SURFACE('',#6152,5.52225);
#6152 = AXIS2_PLACEMENT_3D('',#6153,#6154,#6155);
#6153 = CARTESIAN_POINT('',(0.,0.,10.61356479795));
#6154 = DIRECTION('',(0.,0.,1.));
#6155 = DIRECTION('',(-1.,2.359770519541E-14,0.));
#6156 = ADVANCED_FACE('',(#6157),#6215,.T.);
#6157 = FACE_BOUND('',#6158,.T.);
#6158 = EDGE_LOOP('',(#6159,#6169,#6189,#6197));
#6159 = ORIENTED_EDGE('',*,*,#6160,.F.);
#6160 = EDGE_CURVE('',#6161,#6163,#6165,.T.);
#6161 = VERTEX_POINT('',#6162);
#6162 = CARTESIAN_POINT('',(5.430952497739,-1.000000014901,
    15.969712143048));
#6163 = VERTEX_POINT('',#6164);
#6164 = CARTESIAN_POINT('',(5.430952497739,-1.000000014901,
    15.821841738947));
#6165 = LINE('',#6166,#6167);
#6166 = CARTESIAN_POINT('',(5.430952497739,-1.000000014901,
    10.61356479795));
#6167 = VECTOR('',#6168,1.);
#6168 = DIRECTION('',(0.,0.,-1.));
#6169 = ORIENTED_EDGE('',*,*,#6170,.F.);
#6170 = EDGE_CURVE('',#6171,#6161,#6173,.T.);
#6171 = VERTEX_POINT('',#6172);
#6172 = CARTESIAN_POINT('',(5.430952497739,1.000000014901,
    15.263182976173));
#6173 = B_SPLINE_CURVE_WITH_KNOTS('',3,(#6174,#6175,#6176,#6177,#6178,
    #6179,#6180,#6181,#6182,#6183,#6184,#6185,#6186,#6187,#6188),
  .UNSPECIFIED.,.F.,.F.,(4,1,1,1,1,1,1,1,1,1,1,1,4),(37.713753961328,
    38.195890988189,38.691364073537,39.186837158885,39.682310244233,
    40.177783329581,40.673256414929,41.168729500277,41.664202585625,
    42.159675670972,42.65514875632,43.150621841668,43.63275886853),
  .UNSPECIFIED.);
#6174 = CARTESIAN_POINT('',(5.430943681743,0.999997596546,
    15.263182976173));
#6175 = CARTESIAN_POINT('',(5.270024901177,1.872762123854,
    15.282366598941));
#6176 = CARTESIAN_POINT('',(4.510188985982,3.561989404052,
    15.321264469385));
#6177 = CARTESIAN_POINT('',(2.299036102468,5.274066447608,
    15.379876587504));
#6178 = CARTESIAN_POINT('',(-0.484847378389,5.732844070263,
    15.439019330531));
#6179 = CARTESIAN_POINT('',(-3.152265673169,4.812946089416,
    15.498162073557));
#6180 = CARTESIAN_POINT('',(-5.061462957471,2.735410516531,
    15.557304816584));
#6181 = CARTESIAN_POINT('',(-5.753352077398,2.28214778695E-14,
    15.61644755961));
#6182 = CARTESIAN_POINT('',(-5.061462957472,-2.735410516531,
    15.675590302637));
#6183 = CARTESIAN_POINT('',(-3.152265673169,-4.812946089416,
    15.734733045664));
#6184 = CARTESIAN_POINT('',(-0.484847378389,-5.732844070263,
    15.79387578869));
#6185 = CARTESIAN_POINT('',(2.299036102468,-5.274066447608,
    15.853018531717));
#6186 = CARTESIAN_POINT('',(4.510188985982,-3.561989404052,
    15.911630649836));
#6187 = CARTESIAN_POINT('',(5.270024901177,-1.872762123854,
    15.95052852028));
#6188 = CARTESIAN_POINT('',(5.430943681743,-0.999997596546,
    15.969712143048));
#6189 = ORIENTED_EDGE('',*,*,#6190,.F.);
#6190 = EDGE_CURVE('',#6191,#6171,#6193,.T.);
#6191 = VERTEX_POINT('',#6192);
#6192 = CARTESIAN_POINT('',(5.430952497739,1.000000014901,
    15.115312572072));
#6193 = LINE('',#6194,#6195);
#6194 = CARTESIAN_POINT('',(5.430952497739,1.000000014901,10.61356479795
    ));
#6195 = VECTOR('',#6196,1.);
#6196 = DIRECTION('',(0.,0.,1.));
#6197 = ORIENTED_EDGE('',*,*,#6198,.T.);
#6198 = EDGE_CURVE('',#6191,#6163,#6199,.T.);
#6199 = B_SPLINE_CURVE_WITH_KNOTS('',3,(#6200,#6201,#6202,#6203,#6204,
    #6205,#6206,#6207,#6208,#6209,#6210,#6211,#6212,#6213,#6214),
  .UNSPECIFIED.,.F.,.F.,(4,1,1,1,1,1,1,1,1,1,1,1,4),(37.713753961328,
    38.195890988189,38.691364073537,39.186837158885,39.682310244233,
    40.177783329581,40.673256414929,41.168729500277,41.664202585625,
    42.159675670972,42.65514875632,43.150621841668,43.63275886853),
  .UNSPECIFIED.);
#6200 = CARTESIAN_POINT('',(5.430943685701,0.999997596955,
    15.115312572072));
#6201 = CARTESIAN_POINT('',(5.270024999738,1.872762134043,15.13449619484
    ));
#6202 = CARTESIAN_POINT('',(4.510192656043,3.561989782658,
    15.173394065284));
#6203 = CARTESIAN_POINT('',(2.299036083317,5.274066262764,
    15.232006183403));
#6204 = CARTESIAN_POINT('',(-0.484846735661,5.732843836929,
    15.29114892643));
#6205 = CARTESIAN_POINT('',(-3.152265663252,4.812945892027,
    15.350291669456));
#6206 = CARTESIAN_POINT('',(-5.061462597265,2.735410386738,
    15.409434412483));
#6207 = CARTESIAN_POINT('',(-5.753351900721,2.21148866319E-14,
    15.46857715551));
#6208 = CARTESIAN_POINT('',(-5.061462597265,-2.735410386738,
    15.527719898536));
#6209 = CARTESIAN_POINT('',(-3.152265663252,-4.812945892027,
    15.586862641563));
#6210 = CARTESIAN_POINT('',(-0.484846735661,-5.732843836929,
    15.646005384589));
#6211 = CARTESIAN_POINT('',(2.299036083317,-5.274066262764,
    15.705148127616));
#6212 = CARTESIAN_POINT('',(4.510192656043,-3.561989782658,
    15.763760245735));
#6213 = CARTESIAN_POINT('',(5.270024999738,-1.872762134044,
    15.802658116179));
#6214 = CARTESIAN_POINT('',(5.430943685701,-0.999997596955,
    15.821841738947));
#6215 = CYLINDRICAL_SURFACE('',#6216,5.52225);
#6216 = AXIS2_PLACEMENT_3D('',#6217,#6218,#6219);
#6217 = CARTESIAN_POINT('',(0.,0.,10.61356479795));
#6218 = DIRECTION('',(0.,0.,1.));
#6219 = DIRECTION('',(-1.,1.558101940485E-14,0.));
#6220 = ADVANCED_FACE('',(#6221),#6279,.T.);
#6221 = FACE_BOUND('',#6222,.T.);
#6222 = EDGE_LOOP('',(#6223,#6233,#6253,#6261));
#6223 = ORIENTED_EDGE('',*,*,#6224,.F.);
#6224 = EDGE_CURVE('',#6225,#6227,#6229,.T.);
#6225 = VERTEX_POINT('',#6226);
#6226 = CARTESIAN_POINT('',(5.430952497739,-1.000000014901,
    16.719712143048));
#6227 = VERTEX_POINT('',#6228);
#6228 = CARTESIAN_POINT('',(5.430952497739,-1.000000014901,
    16.571841738947));
#6229 = LINE('',#6230,#6231);
#6230 = CARTESIAN_POINT('',(5.430952497739,-1.000000014901,
    10.61356479795));
#6231 = VECTOR('',#6232,1.);
#6232 = DIRECTION('',(0.,0.,-1.));
#6233 = ORIENTED_EDGE('',*,*,#6234,.F.);
#6234 = EDGE_CURVE('',#6235,#6225,#6237,.T.);
#6235 = VERTEX_POINT('',#6236);
#6236 = CARTESIAN_POINT('',(5.430952497739,1.000000014901,
    16.013182976173));
#6237 = B_SPLINE_CURVE_WITH_KNOTS('',3,(#6238,#6239,#6240,#6241,#6242,
    #6243,#6244,#6245,#6246,#6247,#6248,#6249,#6250,#6251,#6252),
  .UNSPECIFIED.,.F.,.F.,(4,1,1,1,1,1,1,1,1,1,1,1,4),(43.996939268507,
    44.479076295369,44.974549380717,45.470022466065,45.965495551413,
    46.46096863676,46.956441722108,47.451914807456,47.947387892804,
    48.442860978152,48.9383340635,49.433807148848,49.915944175709),
  .UNSPECIFIED.);
#6238 = CARTESIAN_POINT('',(5.430943677277,0.999997596087,
    16.013182976173));
#6239 = CARTESIAN_POINT('',(5.270024789952,1.872762112437,
    16.032366598941));
#6240 = CARTESIAN_POINT('',(4.510184844207,3.561988979863,
    16.071264469385));
#6241 = CARTESIAN_POINT('',(2.299036081068,5.274066656084,
    16.129876587504));
#6242 = CARTESIAN_POINT('',(-0.484848113921,5.73284433833,
    16.189019330531));
#6243 = CARTESIAN_POINT('',(-3.152265698186,4.812946317122,
    16.248162073557));
#6244 = CARTESIAN_POINT('',(-5.061463369478,2.735410665875,
    16.307304816584));
#6245 = CARTESIAN_POINT('',(-5.753352286808,-5.684992946877E-14,
    16.36644755961));
#6246 = CARTESIAN_POINT('',(-5.061463369478,-2.735410665875,
    16.425590302637));
#6247 = CARTESIAN_POINT('',(-3.152265698186,-4.812946317122,
    16.484733045664));
#6248 = CARTESIAN_POINT('',(-0.48484811392,-5.73284433833,16.54387578869
    ));
#6249 = CARTESIAN_POINT('',(2.299036081068,-5.274066656084,
    16.603018531717));
#6250 = CARTESIAN_POINT('',(4.510184844207,-3.561988979863,
    16.661630649836));
#6251 = CARTESIAN_POINT('',(5.270024789952,-1.872762112437,
    16.70052852028));
#6252 = CARTESIAN_POINT('',(5.430943677276,-0.999997596087,
    16.719712143048));
#6253 = ORIENTED_EDGE('',*,*,#6254,.F.);
#6254 = EDGE_CURVE('',#6255,#6235,#6257,.T.);
#6255 = VERTEX_POINT('',#6256);
#6256 = CARTESIAN_POINT('',(5.430952497739,1.000000014901,
    15.865312572072));
#6257 = LINE('',#6258,#6259);
#6258 = CARTESIAN_POINT('',(5.430952497739,1.000000014901,10.61356479795
    ));
#6259 = VECTOR('',#6260,1.);
#6260 = DIRECTION('',(0.,0.,1.));
#6261 = ORIENTED_EDGE('',*,*,#6262,.T.);
#6262 = EDGE_CURVE('',#6255,#6227,#6263,.T.);
#6263 = B_SPLINE_CURVE_WITH_KNOTS('',3,(#6264,#6265,#6266,#6267,#6268,
    #6269,#6270,#6271,#6272,#6273,#6274,#6275,#6276,#6277,#6278),
  .UNSPECIFIED.,.F.,.F.,(4,1,1,1,1,1,1,1,1,1,1,1,4),(43.996939268507,
    44.479076295369,44.974549380717,45.470022466065,45.965495551413,
    46.46096863676,46.956441722108,47.451914807456,47.947387892804,
    48.442860978152,48.9383340635,49.433807148848,49.915944175709),
  .UNSPECIFIED.);
#6264 = CARTESIAN_POINT('',(5.430943681118,0.999997596481,
    15.865312572072));
#6265 = CARTESIAN_POINT('',(5.270024885618,1.872762122251,15.88449619484
    ));
#6266 = CARTESIAN_POINT('',(4.510188406619,3.561989344516,
    15.923394065284));
#6267 = CARTESIAN_POINT('',(2.299036102225,5.274066476776,
    15.982006183403));
#6268 = CARTESIAN_POINT('',(-0.484847480607,5.732844107457,
    16.04114892643));
#6269 = CARTESIAN_POINT('',(-3.152265675777,4.81294612095,
    16.100291669456));
#6270 = CARTESIAN_POINT('',(-5.061463014744,2.735410537238,
    16.159434412483));
#6271 = CARTESIAN_POINT('',(-5.753352106046,-1.707027519097E-14,
    16.21857715551));
#6272 = CARTESIAN_POINT('',(-5.061463014744,-2.735410537238,
    16.277719898536));
#6273 = CARTESIAN_POINT('',(-3.152265675777,-4.81294612095,
    16.336862641563));
#6274 = CARTESIAN_POINT('',(-0.484847480607,-5.732844107457,
    16.396005384589));
#6275 = CARTESIAN_POINT('',(2.299036102225,-5.274066476776,
    16.455148127616));
#6276 = CARTESIAN_POINT('',(4.510188406618,-3.561989344516,
    16.513760245735));
#6277 = CARTESIAN_POINT('',(5.270024885618,-1.872762122252,
    16.552658116179));
#6278 = CARTESIAN_POINT('',(5.430943681118,-0.999997596481,
    16.571841738947));
#6279 = CYLINDRICAL_SURFACE('',#6280,5.52225);
#6280 = AXIS2_PLACEMENT_3D('',#6281,#6282,#6283);
#6281 = CARTESIAN_POINT('',(0.,0.,10.61356479795));
#6282 = DIRECTION('',(0.,0.,1.));
#6283 = DIRECTION('',(-1.,1.919983681501E-14,0.));
#6284 = ADVANCED_FACE('',(#6285),#6343,.T.);
#6285 = FACE_BOUND('',#6286,.T.);
#6286 = EDGE_LOOP('',(#6287,#6297,#6317,#6325));
#6287 = ORIENTED_EDGE('',*,*,#6288,.F.);
#6288 = EDGE_CURVE('',#6289,#6291,#6293,.T.);
#6289 = VERTEX_POINT('',#6290);
#6290 = CARTESIAN_POINT('',(5.430952497739,-1.000000014901,
    17.469712143048));
#6291 = VERTEX_POINT('',#6292);
#6292 = CARTESIAN_POINT('',(5.430952497739,-1.000000014901,
    17.321841738947));
#6293 = LINE('',#6294,#6295);
#6294 = CARTESIAN_POINT('',(5.430952497739,-1.000000014901,
    10.61356479795));
#6295 = VECTOR('',#6296,1.);
#6296 = DIRECTION('',(0.,0.,-1.));
#6297 = ORIENTED_EDGE('',*,*,#6298,.F.);
#6298 = EDGE_CURVE('',#6299,#6289,#6301,.T.);
#6299 = VERTEX_POINT('',#6300);
#6300 = CARTESIAN_POINT('',(5.430952497739,1.000000014901,
    16.763182976173));
#6301 = B_SPLINE_CURVE_WITH_KNOTS('',3,(#6302,#6303,#6304,#6305,#6306,
    #6307,#6308,#6309,#6310,#6311,#6312,#6313,#6314,#6315,#6316),
  .UNSPECIFIED.,.F.,.F.,(4,1,1,1,1,1,1,1,1,1,1,1,4),(50.280124575687,
    50.762261602549,51.257734687897,51.753207773244,52.248680858592,
    52.74415394394,53.239627029288,53.735100114636,54.230573199984,
    54.726046285331,55.221519370679,55.716992456027,56.199129482889),
  .UNSPECIFIED.);
#6302 = CARTESIAN_POINT('',(5.430943672938,0.999997595645,
    16.763182976173));
#6303 = CARTESIAN_POINT('',(5.270024681931,1.872762101435,
    16.782366598941));
#6304 = CARTESIAN_POINT('',(4.510180821506,3.561988571091,
    16.821264469385));
#6305 = CARTESIAN_POINT('',(2.299036016316,5.274066858528,
    16.879876587504));
#6306 = CARTESIAN_POINT('',(-0.484848839523,5.732844603564,
    16.939019330531));
#6307 = CARTESIAN_POINT('',(-3.152265736951,4.812946543401,
    16.998162073557));
#6308 = CARTESIAN_POINT('',(-5.061463775659,2.7354108139,17.057304816584
    ));
#6309 = CARTESIAN_POINT('',(-5.753352500637,-5.682996668223E-14,
    17.11644755961));
#6310 = CARTESIAN_POINT('',(-5.061463775659,-2.7354108139,
    17.175590302637));
#6311 = CARTESIAN_POINT('',(-3.152265736951,-4.812946543401,
    17.234733045664));
#6312 = CARTESIAN_POINT('',(-0.484848839523,-5.732844603564,
    17.29387578869));
#6313 = CARTESIAN_POINT('',(2.299036016316,-5.274066858528,
    17.353018531717));
#6314 = CARTESIAN_POINT('',(4.510180821506,-3.561988571091,
    17.411630649836));
#6315 = CARTESIAN_POINT('',(5.270024681931,-1.872762101435,
    17.45052852028));
#6316 = CARTESIAN_POINT('',(5.430943672938,-0.999997595645,
    17.469712143048));
#6317 = ORIENTED_EDGE('',*,*,#6318,.F.);
#6318 = EDGE_CURVE('',#6319,#6299,#6321,.T.);
#6319 = VERTEX_POINT('',#6320);
#6320 = CARTESIAN_POINT('',(5.430952497739,1.000000014901,
    16.615312572072));
#6321 = LINE('',#6322,#6323);
#6322 = CARTESIAN_POINT('',(5.430952497739,1.000000014901,10.61356479795
    ));
#6323 = VECTOR('',#6324,1.);
#6324 = DIRECTION('',(0.,0.,1.));
#6325 = ORIENTED_EDGE('',*,*,#6326,.T.);
#6326 = EDGE_CURVE('',#6319,#6291,#6327,.T.);
#6327 = B_SPLINE_CURVE_WITH_KNOTS('',3,(#6328,#6329,#6330,#6331,#6332,
    #6333,#6334,#6335,#6336,#6337,#6338,#6339,#6340,#6341,#6342),
  .UNSPECIFIED.,.F.,.F.,(4,1,1,1,1,1,1,1,1,1,1,1,4),(50.280124575687,
    50.762261602549,51.257734687897,51.753207773244,52.248680858592,
    52.74415394394,53.239627029288,53.735100114636,54.230573199984,
    54.726046285331,55.221519370679,55.716992456027,56.199129482889),
  .UNSPECIFIED.);
#6328 = CARTESIAN_POINT('',(5.43094367667,0.999997596025,16.615312572072
    ));
#6329 = CARTESIAN_POINT('',(5.270024774846,1.872762110893,16.63449619484
    ));
#6330 = CARTESIAN_POINT('',(4.510184281653,3.561988922505,
    16.673394065284));
#6331 = CARTESIAN_POINT('',(2.299036074626,5.274066684394,
    16.732006183403));
#6332 = CARTESIAN_POINT('',(-0.484848214707,5.732844375131,
    16.79114892643));
#6333 = CARTESIAN_POINT('',(-3.152265702739,4.81294634846,
    16.850291669456));
#6334 = CARTESIAN_POINT('',(-5.061463425913,2.735410686398,
    16.909434412483));
#6335 = CARTESIAN_POINT('',(-5.753352316086,2.644238722149E-14,
    16.96857715551));
#6336 = CARTESIAN_POINT('',(-5.061463425914,-2.735410686398,
    17.027719898536));
#6337 = CARTESIAN_POINT('',(-3.152265702739,-4.81294634846,
    17.086862641563));
#6338 = CARTESIAN_POINT('',(-0.484848214707,-5.732844375131,
    17.146005384589));
#6339 = CARTESIAN_POINT('',(2.299036074626,-5.274066684394,
    17.205148127616));
#6340 = CARTESIAN_POINT('',(4.510184281653,-3.561988922505,
    17.263760245735));
#6341 = CARTESIAN_POINT('',(5.270024774846,-1.872762110894,
    17.302658116179));
#6342 = CARTESIAN_POINT('',(5.43094367667,-0.999997596025,
    17.321841738947));
#6343 = CYLINDRICAL_SURFACE('',#6344,5.52225);
#6344 = AXIS2_PLACEMENT_3D('',#6345,#6346,#6347);
#6345 = CARTESIAN_POINT('',(0.,0.,10.61356479795));
#6346 = DIRECTION('',(0.,0.,1.));
#6347 = DIRECTION('',(-1.,2.271813151933E-14,0.));
#6348 = ADVANCED_FACE('',(#6349),#6407,.T.);
#6349 = FACE_BOUND('',#6350,.T.);
#6350 = EDGE_LOOP('',(#6351,#6361,#6381,#6389));
#6351 = ORIENTED_EDGE('',*,*,#6352,.F.);
#6352 = EDGE_CURVE('',#6353,#6355,#6357,.T.);
#6353 = VERTEX_POINT('',#6354);
#6354 = CARTESIAN_POINT('',(5.430952497739,-1.000000014901,
    18.219712143048));
#6355 = VERTEX_POINT('',#6356);
#6356 = CARTESIAN_POINT('',(5.430952497739,-1.000000014901,
    18.071841738947));
#6357 = LINE('',#6358,#6359);
#6358 = CARTESIAN_POINT('',(5.430952497739,-1.000000014901,
    10.61356479795));
#6359 = VECTOR('',#6360,1.);
#6360 = DIRECTION('',(0.,0.,-1.));
#6361 = ORIENTED_EDGE('',*,*,#6362,.F.);
#6362 = EDGE_CURVE('',#6363,#6353,#6365,.T.);
#6363 = VERTEX_POINT('',#6364);
#6364 = CARTESIAN_POINT('',(5.430952497739,1.000000014901,
    17.513182976173));
#6365 = B_SPLINE_CURVE_WITH_KNOTS('',3,(#6366,#6367,#6368,#6369,#6370,
    #6371,#6372,#6373,#6374,#6375,#6376,#6377,#6378,#6379,#6380),
  .UNSPECIFIED.,.F.,.F.,(4,1,1,1,1,1,1,1,1,1,1,1,4),(56.563309882866,
    57.045446909728,57.540919995076,58.036393080424,58.531866165772,
    59.02733925112,59.522812336468,60.018285421815,60.513758507163,
    61.009231592511,61.504704677859,62.000177763207,62.482314790069),
  .UNSPECIFIED.);
#6366 = CARTESIAN_POINT('',(5.430943668723,0.999997595218,
    17.513182976173));
#6367 = CARTESIAN_POINT('',(5.270024576955,1.872762090827,
    17.532366598941));
#6368 = CARTESIAN_POINT('',(4.510176912038,3.561988176962,
    17.571264469385));
#6369 = CARTESIAN_POINT('',(2.299035911575,5.274067055328,
    17.629876587504));
#6370 = CARTESIAN_POINT('',(-0.484849556142,5.732844865996,
    17.689019330531));
#6371 = CARTESIAN_POINT('',(-3.152265788726,4.812946768238,
    17.748162073557));
#6372 = CARTESIAN_POINT('',(-5.061464176525,2.735410960629,
    17.807304816584));
#6373 = CARTESIAN_POINT('',(-5.753352718576,-1.323715678757E-14,
    17.86644755961));
#6374 = CARTESIAN_POINT('',(-5.061464176525,-2.735410960629,
    17.925590302637));
#6375 = CARTESIAN_POINT('',(-3.152265788726,-4.812946768238,
    17.984733045664));
#6376 = CARTESIAN_POINT('',(-0.484849556142,-5.732844865996,
    18.04387578869));
#6377 = CARTESIAN_POINT('',(2.299035911575,-5.274067055328,
    18.103018531717));
#6378 = CARTESIAN_POINT('',(4.510176912038,-3.561988176962,
    18.161630649836));
#6379 = CARTESIAN_POINT('',(5.270024576955,-1.872762090827,
    18.20052852028));
#6380 = CARTESIAN_POINT('',(5.430943668723,-0.999997595219,
    18.219712143048));
#6381 = ORIENTED_EDGE('',*,*,#6382,.F.);
#6382 = EDGE_CURVE('',#6383,#6363,#6385,.T.);
#6383 = VERTEX_POINT('',#6384);
#6384 = CARTESIAN_POINT('',(5.430952497739,1.000000014901,
    17.365312572072));
#6385 = LINE('',#6386,#6387);
#6386 = CARTESIAN_POINT('',(5.430952497739,1.000000014901,10.61356479795
    ));
#6387 = VECTOR('',#6388,1.);
#6388 = DIRECTION('',(0.,0.,1.));
#6389 = ORIENTED_EDGE('',*,*,#6390,.T.);
#6390 = EDGE_CURVE('',#6383,#6355,#6391,.T.);
#6391 = B_SPLINE_CURVE_WITH_KNOTS('',3,(#6392,#6393,#6394,#6395,#6396,
    #6397,#6398,#6399,#6400,#6401,#6402,#6403,#6404,#6405,#6406),
  .UNSPECIFIED.,.F.,.F.,(4,1,1,1,1,1,1,1,1,1,1,1,4),(56.563309882866,
    57.045446909728,57.540919995076,58.036393080424,58.531866165772,
    59.02733925112,59.522812336468,60.018285421815,60.513758507163,
    61.009231592511,61.504704677859,62.000177763207,62.482314790069),
  .UNSPECIFIED.);
#6392 = CARTESIAN_POINT('',(5.430943672349,0.999997595585,
    17.365312572072));
#6393 = CARTESIAN_POINT('',(5.270024667254,1.872762099947,17.38449619484
    ));
#6394 = CARTESIAN_POINT('',(4.51018027493,3.5619885158,17.423394065284)
  );
#6395 = CARTESIAN_POINT('',(2.299036004157,5.274066886037,
    17.482006183403));
#6396 = CARTESIAN_POINT('',(-0.484848939015,5.732844639976,
    17.54114892643));
#6397 = CARTESIAN_POINT('',(-3.152265743344,4.812946574541,
    17.600291669456));
#6398 = CARTESIAN_POINT('',(-5.061463831331,2.735410834243,
    17.659434412483));
#6399 = CARTESIAN_POINT('',(-5.7533525305,-1.460698031413E-14,
    17.71857715551));
#6400 = CARTESIAN_POINT('',(-5.061463831331,-2.735410834243,
    17.777719898536));
#6401 = CARTESIAN_POINT('',(-3.152265743344,-4.812946574541,
    17.836862641563));
#6402 = CARTESIAN_POINT('',(-0.484848939015,-5.732844639976,
    17.896005384589));
#6403 = CARTESIAN_POINT('',(2.299036004157,-5.274066886037,
    17.955148127616));
#6404 = CARTESIAN_POINT('',(4.51018027493,-3.5619885158,18.013760245735)
  );
#6405 = CARTESIAN_POINT('',(5.270024667254,-1.872762099947,
    18.052658116179));
#6406 = CARTESIAN_POINT('',(5.430943672349,-0.999997595585,
    18.071841738947));
#6407 = CYLINDRICAL_SURFACE('',#6408,5.52225);
#6408 = AXIS2_PLACEMENT_3D('',#6409,#6410,#6411);
#6409 = CARTESIAN_POINT('',(0.,0.,10.61356479795));
#6410 = DIRECTION('',(0.,0.,1.));
#6411 = DIRECTION('',(-1.,1.203759402407E-14,0.));
#6412 = ADVANCED_FACE('',(#6413),#6471,.T.);
#6413 = FACE_BOUND('',#6414,.T.);
#6414 = EDGE_LOOP('',(#6415,#6425,#6445,#6453));
#6415 = ORIENTED_EDGE('',*,*,#6416,.F.);
#6416 = EDGE_CURVE('',#6417,#6419,#6421,.T.);
#6417 = VERTEX_POINT('',#6418);
#6418 = CARTESIAN_POINT('',(5.430952497739,-1.000000014901,
    18.969712143048));
#6419 = VERTEX_POINT('',#6420);
#6420 = CARTESIAN_POINT('',(5.430952497739,-1.000000014901,
    18.821841738947));
#6421 = LINE('',#6422,#6423);
#6422 = CARTESIAN_POINT('',(5.430952497739,-1.000000014901,
    10.61356479795));
#6423 = VECTOR('',#6424,1.);
#6424 = DIRECTION('',(0.,0.,-1.));
#6425 = ORIENTED_EDGE('',*,*,#6426,.F.);
#6426 = EDGE_CURVE('',#6427,#6417,#6429,.T.);
#6427 = VERTEX_POINT('',#6428);
#6428 = CARTESIAN_POINT('',(5.430952497739,1.000000014901,
    18.263182976173));
#6429 = B_SPLINE_CURVE_WITH_KNOTS('',3,(#6430,#6431,#6432,#6433,#6434,
    #6435,#6436,#6437,#6438,#6439,#6440,#6441,#6442,#6443,#6444),
  .UNSPECIFIED.,.F.,.F.,(4,1,1,1,1,1,1,1,1,1,1,1,4),(62.846495190046,
    63.328632216908,63.824105302256,64.319578387604,64.815051472951,
    65.310524558299,65.805997643647,66.301470728995,66.796943814343,
    67.292416899691,67.787889985039,68.283363070386,68.765500097248),
  .UNSPECIFIED.);
#6430 = CARTESIAN_POINT('',(5.430943664624,0.999997594807,
    18.263182976173));
#6431 = CARTESIAN_POINT('',(5.270024474879,1.872762080594,
    18.282366598941));
#6432 = CARTESIAN_POINT('',(4.510173110365,3.561987796754,
    18.321264469385));
#6433 = CARTESIAN_POINT('',(2.299035769918,5.274067246839,
    18.379876587504));
#6434 = CARTESIAN_POINT('',(-0.484850264615,5.732845125659,
    18.439019330531));
#6435 = CARTESIAN_POINT('',(-3.152265852834,4.812946991622,
    18.498162073557));
#6436 = CARTESIAN_POINT('',(-5.06146457254,2.735411106083,
    18.557304816584));
#6437 = CARTESIAN_POINT('',(-5.753352940353,2.863422209476E-14,
    18.61644755961));
#6438 = CARTESIAN_POINT('',(-5.06146457254,-2.735411106083,
    18.675590302637));
#6439 = CARTESIAN_POINT('',(-3.152265852834,-4.812946991622,
    18.734733045664));
#6440 = CARTESIAN_POINT('',(-0.484850264615,-5.732845125659,
    18.79387578869));
#6441 = CARTESIAN_POINT('',(2.299035769918,-5.274067246839,
    18.853018531717));
#6442 = CARTESIAN_POINT('',(4.510173110365,-3.561987796754,
    18.911630649836));
#6443 = CARTESIAN_POINT('',(5.270024474879,-1.872762080594,
    18.95052852028));
#6444 = CARTESIAN_POINT('',(5.430943664624,-0.999997594807,
    18.969712143048));
#6445 = ORIENTED_EDGE('',*,*,#6446,.F.);
#6446 = EDGE_CURVE('',#6447,#6427,#6449,.T.);
#6447 = VERTEX_POINT('',#6448);
#6448 = CARTESIAN_POINT('',(5.430952497739,1.000000014901,
    18.115312572072));
#6449 = LINE('',#6450,#6451);
#6450 = CARTESIAN_POINT('',(5.430952497739,1.000000014901,10.61356479795
    ));
#6451 = VECTOR('',#6452,1.);
#6452 = DIRECTION('',(0.,0.,1.));
#6453 = ORIENTED_EDGE('',*,*,#6454,.T.);
#6454 = EDGE_CURVE('',#6447,#6419,#6455,.T.);
#6455 = B_SPLINE_CURVE_WITH_KNOTS('',3,(#6456,#6457,#6458,#6459,#6460,
    #6461,#6462,#6463,#6464,#6465,#6466,#6467,#6468,#6469,#6470),
  .UNSPECIFIED.,.F.,.F.,(4,1,1,1,1,1,1,1,1,1,1,1,4),(62.846495190046,
    63.328632216908,63.824105302256,64.319578387604,64.815051472951,
    65.310524558299,65.805997643647,66.301470728995,66.796943814343,
    67.292416899691,67.787889985039,68.283363070386,68.765500097248),
  .UNSPECIFIED.);
#6456 = CARTESIAN_POINT('',(5.43094366815,0.999997595161,18.115312572072
    ));
#6457 = CARTESIAN_POINT('',(5.270024562687,1.872762089392,18.13449619484
    ));
#6458 = CARTESIAN_POINT('',(4.510176380666,3.561988123636,
    18.173394065284));
#6459 = CARTESIAN_POINT('',(2.29903589414,5.274067082086,18.232006183403
    ));
#6460 = CARTESIAN_POINT('',(-0.484849654462,5.732844902023,
    18.29114892643));
#6461 = CARTESIAN_POINT('',(-3.152265796861,4.812946799178,
    18.350291669456));
#6462 = CARTESIAN_POINT('',(-5.0614642315,2.735410980794,18.409434412483
    ));
#6463 = CARTESIAN_POINT('',(-5.753352748985,-5.255060958375E-14,
    18.46857715551));
#6464 = CARTESIAN_POINT('',(-5.0614642315,-2.735410980794,
    18.527719898536));
#6465 = CARTESIAN_POINT('',(-3.152265796861,-4.812946799178,
    18.586862641563));
#6466 = CARTESIAN_POINT('',(-0.484849654461,-5.732844902023,
    18.646005384589));
#6467 = CARTESIAN_POINT('',(2.299035894141,-5.274067082086,
    18.705148127616));
#6468 = CARTESIAN_POINT('',(4.510176380666,-3.561988123636,
    18.763760245735));
#6469 = CARTESIAN_POINT('',(5.270024562687,-1.872762089392,
    18.802658116179));
#6470 = CARTESIAN_POINT('',(5.43094366815,-0.999997595161,
    18.821841738947));
#6471 = CYLINDRICAL_SURFACE('',#6472,5.52225);
#6472 = AXIS2_PLACEMENT_3D('',#6473,#6474,#6475);
#6473 = CARTESIAN_POINT('',(0.,0.,10.61356479795));
#6474 = DIRECTION('',(0.,0.,1.));
#6475 = DIRECTION('',(-1.,3.070968663344E-14,0.));
#6476 = ADVANCED_FACE('',(#6477),#6535,.T.);
#6477 = FACE_BOUND('',#6478,.T.);
#6478 = EDGE_LOOP('',(#6479,#6489,#6509,#6517));
#6479 = ORIENTED_EDGE('',*,*,#6480,.F.);
#6480 = EDGE_CURVE('',#6481,#6483,#6485,.T.);
#6481 = VERTEX_POINT('',#6482);
#6482 = CARTESIAN_POINT('',(5.430952497739,-1.000000014901,
    19.719712143048));
#6483 = VERTEX_POINT('',#6484);
#6484 = CARTESIAN_POINT('',(5.430952497739,-1.000000014901,
    19.571841738947));
#6485 = LINE('',#6486,#6487);
#6486 = CARTESIAN_POINT('',(5.430952497739,-1.000000014901,
    10.61356479795));
#6487 = VECTOR('',#6488,1.);
#6488 = DIRECTION('',(0.,0.,-1.));
#6489 = ORIENTED_EDGE('',*,*,#6490,.F.);
#6490 = EDGE_CURVE('',#6491,#6481,#6493,.T.);
#6491 = VERTEX_POINT('',#6492);
#6492 = CARTESIAN_POINT('',(5.430952497739,1.000000014901,
    19.013182976173));
#6493 = B_SPLINE_CURVE_WITH_KNOTS('',3,(#6494,#6495,#6496,#6497,#6498,
    #6499,#6500,#6501,#6502,#6503,#6504,#6505,#6506,#6507,#6508),
  .UNSPECIFIED.,.F.,.F.,(4,1,1,1,1,1,1,1,1,1,1,1,4),(69.129680497225,
    69.611817524087,70.107290609435,70.602763694783,71.098236780131,
    71.593709865479,72.089182950827,72.584656036175,73.080129121522,
    73.57560220687,74.071075292218,74.566548377566,75.048685404428),
  .UNSPECIFIED.);
#6494 = CARTESIAN_POINT('',(5.430943660636,0.99999759441,19.013182976173
    ));
#6495 = CARTESIAN_POINT('',(5.270024375565,1.872762070717,
    19.032366598941));
#6496 = CARTESIAN_POINT('',(4.510169411413,3.561987429793,
    19.071264469385));
#6497 = CARTESIAN_POINT('',(2.299035594158,5.274067433386,
    19.129876587504));
#6498 = CARTESIAN_POINT('',(-0.484850965683,5.732845382591,
    19.189019330531));
#6499 = CARTESIAN_POINT('',(-3.152265928651,4.812947213543,
    19.248162073557));
#6500 = CARTESIAN_POINT('',(-5.061464964127,2.735411250284,
    19.307304816584));
#6501 = CARTESIAN_POINT('',(-5.753353165724,-1.087322829184E-14,
    19.36644755961));
#6502 = CARTESIAN_POINT('',(-5.061464964127,-2.735411250284,
    19.425590302637));
#6503 = CARTESIAN_POINT('',(-3.152265928651,-4.812947213543,
    19.484733045664));
#6504 = CARTESIAN_POINT('',(-0.484850965683,-5.732845382591,
    19.54387578869));
#6505 = CARTESIAN_POINT('',(2.299035594158,-5.274067433386,
    19.603018531717));
#6506 = CARTESIAN_POINT('',(4.510169411413,-3.561987429793,
    19.661630649836));
#6507 = CARTESIAN_POINT('',(5.270024375565,-1.872762070717,
    19.70052852028));
#6508 = CARTESIAN_POINT('',(5.430943660635,-0.99999759441,
    19.719712143048));
#6509 = ORIENTED_EDGE('',*,*,#6510,.F.);
#6510 = EDGE_CURVE('',#6511,#6491,#6513,.T.);
#6511 = VERTEX_POINT('',#6512);
#6512 = CARTESIAN_POINT('',(5.430952497739,1.000000014901,
    18.865312572072));
#6513 = LINE('',#6514,#6515);
#6514 = CARTESIAN_POINT('',(5.430952497739,1.000000014901,10.61356479795
    ));
#6515 = VECTOR('',#6516,1.);
#6516 = DIRECTION('',(0.,0.,1.));
#6517 = ORIENTED_EDGE('',*,*,#6518,.T.);
#6518 = EDGE_CURVE('',#6511,#6483,#6519,.T.);
#6519 = B_SPLINE_CURVE_WITH_KNOTS('',3,(#6520,#6521,#6522,#6523,#6524,
    #6525,#6526,#6527,#6528,#6529,#6530,#6531,#6532,#6533,#6534),
  .UNSPECIFIED.,.F.,.F.,(4,1,1,1,1,1,1,1,1,1,1,1,4),(69.129680497225,
    69.611817524087,70.107290609435,70.602763694783,71.098236780131,
    71.593709865479,72.089182950827,72.584656036175,73.080129121522,
    73.57560220687,74.071075292218,74.566548377566,75.048685404428),
  .UNSPECIFIED.);
#6520 = CARTESIAN_POINT('',(5.430943664066,0.999997594751,
    18.865312572072));
#6521 = CARTESIAN_POINT('',(5.270024461,1.872762079209,18.88449619484));
#6522 = CARTESIAN_POINT('',(4.510172593474,3.561987745296,
    18.923394065284));
#6523 = CARTESIAN_POINT('',(2.299035747612,5.274067272892,
    18.982006183403));
#6524 = CARTESIAN_POINT('',(-0.48485036187,5.732845161308,19.04114892643
    ));
#6525 = CARTESIAN_POINT('',(-3.152265862622,4.812947022361,
    19.100291669456));
#6526 = CARTESIAN_POINT('',(-5.061464626879,2.735411126074,
    19.159434412483));
#6527 = CARTESIAN_POINT('',(-5.753352971272,7.175581449832E-14,
    19.21857715551));
#6528 = CARTESIAN_POINT('',(-5.061464626879,-2.735411126074,
    19.277719898536));
#6529 = CARTESIAN_POINT('',(-3.152265862622,-4.81294702236,
    19.336862641563));
#6530 = CARTESIAN_POINT('',(-0.48485036187,-5.732845161308,
    19.396005384589));
#6531 = CARTESIAN_POINT('',(2.299035747611,-5.274067272892,
    19.455148127616));
#6532 = CARTESIAN_POINT('',(4.510172593474,-3.561987745297,
    19.513760245735));
#6533 = CARTESIAN_POINT('',(5.270024461,-1.872762079209,19.552658116179)
  );
#6534 = CARTESIAN_POINT('',(5.430943664066,-0.999997594752,
    19.571841738947));
#6535 = CYLINDRICAL_SURFACE('',#6536,5.52225);
#6536 = AXIS2_PLACEMENT_3D('',#6537,#6538,#6539);
#6537 = CARTESIAN_POINT('',(0.,0.,10.61356479795));
#6538 = DIRECTION('',(0.,0.,1.));
#6539 = DIRECTION('',(-1.,2.002914913817E-14,0.));
#6540 = ADVANCED_FACE('',(#6541),#6599,.T.);
#6541 = FACE_BOUND('',#6542,.T.);
#6542 = EDGE_LOOP('',(#6543,#6553,#6573,#6581));
#6543 = ORIENTED_EDGE('',*,*,#6544,.F.);
#6544 = EDGE_CURVE('',#6545,#6547,#6549,.T.);
#6545 = VERTEX_POINT('',#6546);
#6546 = CARTESIAN_POINT('',(5.430952497739,-1.000000014901,
    20.469712143048));
#6547 = VERTEX_POINT('',#6548);
#6548 = CARTESIAN_POINT('',(5.430952497739,-1.000000014901,
    20.321841738947));
#6549 = LINE('',#6550,#6551);
#6550 = CARTESIAN_POINT('',(5.430952497739,-1.000000014901,
    10.61356479795));
#6551 = VECTOR('',#6552,1.);
#6552 = DIRECTION('',(0.,0.,-1.));
#6553 = ORIENTED_EDGE('',*,*,#6554,.F.);
#6554 = EDGE_CURVE('',#6555,#6545,#6557,.T.);
#6555 = VERTEX_POINT('',#6556);
#6556 = CARTESIAN_POINT('',(5.430952497739,1.000000014901,
    19.763182976173));
#6557 = B_SPLINE_CURVE_WITH_KNOTS('',3,(#6558,#6559,#6560,#6561,#6562,
    #6563,#6564,#6565,#6566,#6567,#6568,#6569,#6570,#6571,#6572),
  .UNSPECIFIED.,.F.,.F.,(4,1,1,1,1,1,1,1,1,1,1,1,4),(75.412865804405,
    75.895002831267,76.390475916615,76.885949001963,77.381422087311,
    77.876895172658,78.372368258006,78.867841343354,79.363314428702,
    79.85878751405,80.354260599398,80.849733684746,81.331870711607),
  .UNSPECIFIED.);
#6558 = CARTESIAN_POINT('',(5.430943656753,0.999997594027,
    19.763182976173));
#6559 = CARTESIAN_POINT('',(5.270024278886,1.872762061179,
    19.782366598941));
#6560 = CARTESIAN_POINT('',(4.510165810442,3.56198707545,19.821264469385
    ));
#6561 = CARTESIAN_POINT('',(2.299035386876,5.274067615269,
    19.879876587504));
#6562 = CARTESIAN_POINT('',(-0.484851660001,5.73284563683,
    19.939019330531));
#6563 = CARTESIAN_POINT('',(-3.152266015603,4.812947433994,
    19.998162073557));
#6564 = CARTESIAN_POINT('',(-5.061465351672,2.73541139325,
    20.057304816584));
#6565 = CARTESIAN_POINT('',(-5.753353394471,8.645170672836E-14,
    20.11644755961));
#6566 = CARTESIAN_POINT('',(-5.061465351672,-2.73541139325,
    20.175590302637));
#6567 = CARTESIAN_POINT('',(-3.152266015603,-4.812947433994,
    20.234733045664));
#6568 = CARTESIAN_POINT('',(-0.484851660001,-5.73284563683,
    20.29387578869));
#6569 = CARTESIAN_POINT('',(2.299035386876,-5.274067615269,
    20.353018531717));
#6570 = CARTESIAN_POINT('',(4.510165810442,-3.56198707545,
    20.411630649836));
#6571 = CARTESIAN_POINT('',(5.270024278886,-1.872762061179,
    20.45052852028));
#6572 = CARTESIAN_POINT('',(5.430943656753,-0.999997594027,
    20.469712143048));
#6573 = ORIENTED_EDGE('',*,*,#6574,.F.);
#6574 = EDGE_CURVE('',#6575,#6555,#6577,.T.);
#6575 = VERTEX_POINT('',#6576);
#6576 = CARTESIAN_POINT('',(5.430952497739,1.000000014901,
    19.615312572072));
#6577 = LINE('',#6578,#6579);
#6578 = CARTESIAN_POINT('',(5.430952497739,1.000000014901,10.61356479795
    ));
#6579 = VECTOR('',#6580,1.);
#6580 = DIRECTION('',(0.,0.,1.));
#6581 = ORIENTED_EDGE('',*,*,#6582,.T.);
#6582 = EDGE_CURVE('',#6575,#6547,#6583,.T.);
#6583 = B_SPLINE_CURVE_WITH_KNOTS('',3,(#6584,#6585,#6586,#6587,#6588,
    #6589,#6590,#6591,#6592,#6593,#6594,#6595,#6596,#6597,#6598),
  .UNSPECIFIED.,.F.,.F.,(4,1,1,1,1,1,1,1,1,1,1,1,4),(75.412865804405,
    75.895002831267,76.390475916615,76.885949001963,77.381422087311,
    77.876895172658,78.372368258006,78.867841343354,79.363314428702,
    79.85878751405,80.354260599398,80.849733684746,81.331870711607),
  .UNSPECIFIED.);
#6584 = CARTESIAN_POINT('',(5.430943660093,0.999997594356,
    19.615312572072));
#6585 = CARTESIAN_POINT('',(5.270024362058,1.87276206938,19.63449619484)
  );
#6586 = CARTESIAN_POINT('',(4.51016890833,3.561987380115,19.673394065284
    ));
#6587 = CARTESIAN_POINT('',(2.29903556735,5.274067458778,19.732006183403
    ));
#6588 = CARTESIAN_POINT('',(-0.484851061968,5.732845417865,
    19.79114892643));
#6589 = CARTESIAN_POINT('',(-3.15226594001,4.812947244079,
    19.850291669456));
#6590 = CARTESIAN_POINT('',(-5.061465017886,2.735411270103,
    19.909434412483));
#6591 = CARTESIAN_POINT('',(-5.753353197122,-5.039008205103E-14,
    19.96857715551));
#6592 = CARTESIAN_POINT('',(-5.061465017886,-2.735411270103,
    20.027719898536));
#6593 = CARTESIAN_POINT('',(-3.15226594001,-4.812947244079,
    20.086862641563));
#6594 = CARTESIAN_POINT('',(-0.484851061968,-5.732845417865,
    20.146005384589));
#6595 = CARTESIAN_POINT('',(2.29903556735,-5.274067458778,
    20.205148127616));
#6596 = CARTESIAN_POINT('',(4.51016890833,-3.561987380115,
    20.263760245735));
#6597 = CARTESIAN_POINT('',(5.270024362058,-1.87276206938,
    20.302658116179));
#6598 = CARTESIAN_POINT('',(5.430943660093,-0.999997594357,
    20.321841738947));
#6599 = CYLINDRICAL_SURFACE('',#6600,5.52225);
#6600 = AXIS2_PLACEMENT_3D('',#6601,#6602,#6603);
#6601 = CARTESIAN_POINT('',(0.,0.,10.61356479795));
#6602 = DIRECTION('',(0.,0.,1.));
#6603 = DIRECTION('',(-1.,1.651085443385E-14,0.));
#6604 = ADVANCED_FACE('',(#6605),#6663,.T.);
#6605 = FACE_BOUND('',#6606,.T.);
#6606 = EDGE_LOOP('',(#6607,#6617,#6637,#6645));
#6607 = ORIENTED_EDGE('',*,*,#6608,.F.);
#6608 = EDGE_CURVE('',#6609,#6611,#6613,.T.);
#6609 = VERTEX_POINT('',#6610);
#6610 = CARTESIAN_POINT('',(5.430952497739,-1.000000014901,
    21.219712143048));
#6611 = VERTEX_POINT('',#6612);
#6612 = CARTESIAN_POINT('',(5.430952497739,-1.000000014901,
    21.071841738947));
#6613 = LINE('',#6614,#6615);
#6614 = CARTESIAN_POINT('',(5.430952497739,-1.000000014901,
    10.61356479795));
#6615 = VECTOR('',#6616,1.);
#6616 = DIRECTION('',(0.,0.,-1.));
#6617 = ORIENTED_EDGE('',*,*,#6618,.F.);
#6618 = EDGE_CURVE('',#6619,#6609,#6621,.T.);
#6619 = VERTEX_POINT('',#6620);
#6620 = CARTESIAN_POINT('',(5.430952497739,1.000000014901,
    20.513182976173));
#6621 = B_SPLINE_CURVE_WITH_KNOTS('',3,(#6622,#6623,#6624,#6625,#6626,
    #6627,#6628,#6629,#6630,#6631,#6632,#6633,#6634,#6635,#6636),
  .UNSPECIFIED.,.F.,.F.,(4,1,1,1,1,1,1,1,1,1,1,1,4),(81.696051111585,
    82.178188138447,82.673661223794,83.169134309142,83.66460739449,
    84.160080479838,84.655553565186,85.151026650534,85.646499735882,
    86.14197282123,86.637445906577,87.132918991925,87.615056018787),
  .UNSPECIFIED.);
#6622 = CARTESIAN_POINT('',(5.430943652972,0.999997593656,
    20.513182976173));
#6623 = CARTESIAN_POINT('',(5.270024184723,1.872762051965,
    20.532366598941));
#6624 = CARTESIAN_POINT('',(4.51016230302,3.561986733133,20.571264469385
    ));
#6625 = CARTESIAN_POINT('',(2.299035150438,5.274067792764,
    20.629876587504));
#6626 = CARTESIAN_POINT('',(-0.484852348152,5.732845888416,
    20.689019330531));
#6627 = CARTESIAN_POINT('',(-3.152266113156,4.812947652969,
    20.748162073557));
#6628 = CARTESIAN_POINT('',(-5.061465735525,2.735411535001,
    20.807304816584));
#6629 = CARTESIAN_POINT('',(-5.7533536264,-9.107145531174E-14,
    20.86644755961));
#6630 = CARTESIAN_POINT('',(-5.061465735525,-2.735411535001,
    20.925590302637));
#6631 = CARTESIAN_POINT('',(-3.152266113156,-4.812947652969,
    20.984733045664));
#6632 = CARTESIAN_POINT('',(-0.484852348152,-5.732845888416,
    21.04387578869));
#6633 = CARTESIAN_POINT('',(2.299035150438,-5.274067792764,
    21.103018531717));
#6634 = CARTESIAN_POINT('',(4.51016230302,-3.561986733133,
    21.161630649836));
#6635 = CARTESIAN_POINT('',(5.270024184723,-1.872762051965,
    21.20052852028));
#6636 = CARTESIAN_POINT('',(5.430943652972,-0.999997593657,
    21.219712143048));
#6637 = ORIENTED_EDGE('',*,*,#6638,.F.);
#6638 = EDGE_CURVE('',#6639,#6619,#6641,.T.);
#6639 = VERTEX_POINT('',#6640);
#6640 = CARTESIAN_POINT('',(5.430952497739,1.000000014901,
    20.365312572072));
#6641 = LINE('',#6642,#6643);
#6642 = CARTESIAN_POINT('',(5.430952497739,1.000000014901,10.61356479795
    ));
#6643 = VECTOR('',#6644,1.);
#6644 = DIRECTION('',(0.,0.,1.));
#6645 = ORIENTED_EDGE('',*,*,#6646,.T.);
#6646 = EDGE_CURVE('',#6639,#6611,#6647,.T.);
#6647 = B_SPLINE_CURVE_WITH_KNOTS('',3,(#6648,#6649,#6650,#6651,#6652,
    #6653,#6654,#6655,#6656,#6657,#6658,#6659,#6660,#6661,#6662),
  .UNSPECIFIED.,.F.,.F.,(4,1,1,1,1,1,1,1,1,1,1,1,4),(81.696051111585,
    82.178188138447,82.673661223794,83.169134309142,83.66460739449,
    84.160080479838,84.655553565186,85.151026650534,85.646499735882,
    86.141972821229,86.637445906577,87.132918991925,87.615056018787),
  .UNSPECIFIED.);
#6648 = CARTESIAN_POINT('',(5.430943656225,0.999997593975,
    20.365312572072));
#6649 = CARTESIAN_POINT('',(5.270024265734,1.872762059888,20.38449619484
    ));
#6650 = CARTESIAN_POINT('',(4.510165320537,3.561987027467,
    20.423394065284));
#6651 = CARTESIAN_POINT('',(2.299035355904,5.274067640039,
    20.482006183403));
#6652 = CARTESIAN_POINT('',(-0.484851755401,5.732845671735,
    20.54114892643));
#6653 = CARTESIAN_POINT('',(-3.152266028457,4.812947464326,
    20.600291669456));
#6654 = CARTESIAN_POINT('',(-5.0614654049,2.7354114129,20.659434412483)
  );
#6655 = CARTESIAN_POINT('',(-5.753353426319,-8.040586798285E-15,
    20.71857715551));
#6656 = CARTESIAN_POINT('',(-5.0614654049,-2.7354114129,20.777719898536)
  );
#6657 = CARTESIAN_POINT('',(-3.152266028457,-4.812947464326,
    20.836862641563));
#6658 = CARTESIAN_POINT('',(-0.484851755401,-5.732845671735,
    20.896005384589));
#6659 = CARTESIAN_POINT('',(2.299035355904,-5.274067640039,
    20.955148127616));
#6660 = CARTESIAN_POINT('',(4.510165320537,-3.561987027467,
    21.013760245735));
#6661 = CARTESIAN_POINT('',(5.270024265734,-1.872762059888,
    21.052658116179));
#6662 = CARTESIAN_POINT('',(5.430943656225,-0.999997593975,
    21.071841738947));
#6663 = CYLINDRICAL_SURFACE('',#6664,5.52225);
#6664 = AXIS2_PLACEMENT_3D('',#6665,#6666,#6667);
#6665 = CARTESIAN_POINT('',(0.,0.,10.61356479795));
#6666 = DIRECTION('',(0.,0.,1.));
#6667 = DIRECTION('',(-1.,5.85544761505E-15,0.));
#6668 = ADVANCED_FACE('',(#6669),#6727,.T.);
#6669 = FACE_BOUND('',#6670,.T.);
#6670 = EDGE_LOOP('',(#6671,#6681,#6701,#6709));
#6671 = ORIENTED_EDGE('',*,*,#6672,.F.);
#6672 = EDGE_CURVE('',#6673,#6675,#6677,.T.);
#6673 = VERTEX_POINT('',#6674);
#6674 = CARTESIAN_POINT('',(5.430952497739,-1.000000014901,
    21.969712143048));
#6675 = VERTEX_POINT('',#6676);
#6676 = CARTESIAN_POINT('',(5.430952497739,-1.000000014901,
    21.821841738947));
#6677 = LINE('',#6678,#6679);
#6678 = CARTESIAN_POINT('',(5.430952497739,-1.000000014901,
    10.61356479795));
#6679 = VECTOR('',#6680,1.);
#6680 = DIRECTION('',(0.,0.,-1.));
#6681 = ORIENTED_EDGE('',*,*,#6682,.F.);
#6682 = EDGE_CURVE('',#6683,#6673,#6685,.T.);
#6683 = VERTEX_POINT('',#6684);
#6684 = CARTESIAN_POINT('',(5.430952497739,1.000000014901,
    21.263182976173));
#6685 = B_SPLINE_CURVE_WITH_KNOTS('',3,(#6686,#6687,#6688,#6689,#6690,
    #6691,#6692,#6693,#6694,#6695,#6696,#6697,#6698,#6699,#6700),
  .UNSPECIFIED.,.F.,.F.,(4,1,1,1,1,1,1,1,1,1,1,1,4),(87.979236418764,
    88.461373445626,88.956846530974,89.452319616322,89.94779270167,
    90.443265787018,90.938738872366,91.434211957713,91.929685043061,
    92.425158128409,92.920631213757,93.416104299105,93.898241325967),
  .UNSPECIFIED.);
#6686 = CARTESIAN_POINT('',(5.430943649287,0.999997593299,
    21.263182976173));
#6687 = CARTESIAN_POINT('',(5.270024092964,1.872762043059,
    21.282366598941));
#6688 = CARTESIAN_POINT('',(4.510158884994,3.56198640229,21.321264469385
    ));
#6689 = CARTESIAN_POINT('',(2.29903488702,5.274067966124,21.379876587504
    ));
#6690 = CARTESIAN_POINT('',(-0.484853030652,5.73284613739,
    21.439019330531));
#6691 = CARTESIAN_POINT('',(-3.152266220817,4.812947870464,
    21.498162073557));
#6692 = CARTESIAN_POINT('',(-5.061466116011,2.735411675555,
    21.557304816584));
#6693 = CARTESIAN_POINT('',(-5.753353861336,8.06477391081E-15,
    21.61644755961));
#6694 = CARTESIAN_POINT('',(-5.061466116011,-2.735411675555,
    21.675590302637));
#6695 = CARTESIAN_POINT('',(-3.152266220817,-4.812947870464,
    21.734733045664));
#6696 = CARTESIAN_POINT('',(-0.484853030652,-5.73284613739,
    21.79387578869));
#6697 = CARTESIAN_POINT('',(2.29903488702,-5.274067966124,
    21.853018531717));
#6698 = CARTESIAN_POINT('',(4.510158884994,-3.56198640229,
    21.911630649836));
#6699 = CARTESIAN_POINT('',(5.270024092964,-1.872762043059,
    21.95052852028));
#6700 = CARTESIAN_POINT('',(5.430943649287,-0.999997593299,
    21.969712143048));
#6701 = ORIENTED_EDGE('',*,*,#6702,.F.);
#6702 = EDGE_CURVE('',#6703,#6683,#6705,.T.);
#6703 = VERTEX_POINT('',#6704);
#6704 = CARTESIAN_POINT('',(5.430952497739,1.000000014901,
    21.115312572072));
#6705 = LINE('',#6706,#6707);
#6706 = CARTESIAN_POINT('',(5.430952497739,1.000000014901,10.61356479795
    ));
#6707 = VECTOR('',#6708,1.);
#6708 = DIRECTION('',(0.,0.,1.));
#6709 = ORIENTED_EDGE('',*,*,#6710,.T.);
#6710 = EDGE_CURVE('',#6703,#6675,#6711,.T.);
#6711 = B_SPLINE_CURVE_WITH_KNOTS('',3,(#6712,#6713,#6714,#6715,#6716,
    #6717,#6718,#6719,#6720,#6721,#6722,#6723,#6724,#6725,#6726),
  .UNSPECIFIED.,.F.,.F.,(4,1,1,1,1,1,1,1,1,1,1,1,4),(87.979236418764,
    88.461373445626,88.956846530974,89.452319616322,89.94779270167,
    90.443265787018,90.938738872366,91.434211957713,91.929685043061,
    92.425158128409,92.920631213757,93.416104299105,93.898241325967),
  .UNSPECIFIED.);
#6712 = CARTESIAN_POINT('',(5.430943652457,0.999997593606,
    21.115312572072));
#6713 = CARTESIAN_POINT('',(5.270024171909,1.872762050717,21.13449619484
    ));
#6714 = CARTESIAN_POINT('',(4.510161825703,3.561986686767,
    21.173394065284));
#6715 = CARTESIAN_POINT('',(2.299035115614,5.274067816948,
    21.232006183403));
#6716 = CARTESIAN_POINT('',(-0.484852442742,5.732845922958,
    21.29114892643));
#6717 = CARTESIAN_POINT('',(-3.152266127435,4.812947683097,
    21.350291669456));
#6718 = CARTESIAN_POINT('',(-5.06146578827,2.735411554485,
    21.409434412483));
#6719 = CARTESIAN_POINT('',(-5.753353658674,3.345271652669E-14,
    21.46857715551));
#6720 = CARTESIAN_POINT('',(-5.06146578827,-2.735411554485,
    21.527719898536));
#6721 = CARTESIAN_POINT('',(-3.152266127435,-4.812947683097,
    21.586862641563));
#6722 = CARTESIAN_POINT('',(-0.484852442742,-5.732845922958,
    21.646005384589));
#6723 = CARTESIAN_POINT('',(2.299035115614,-5.274067816948,
    21.705148127616));
#6724 = CARTESIAN_POINT('',(4.510161825703,-3.561986686767,
    21.763760245735));
#6725 = CARTESIAN_POINT('',(5.270024171909,-1.872762050717,
    21.802658116179));
#6726 = CARTESIAN_POINT('',(5.430943652457,-0.999997593606,
    21.821841738947));
#6727 = CYLINDRICAL_SURFACE('',#6728,5.52225);
#6728 = AXIS2_PLACEMENT_3D('',#6729,#6730,#6731);
#6729 = CARTESIAN_POINT('',(0.,0.,10.61356479795));
#6730 = DIRECTION('',(0.,0.,1.));
#6731 = DIRECTION('',(-1.,5.85544761505E-15,0.));
#6732 = ADVANCED_FACE('',(#6733),#6791,.T.);
#6733 = FACE_BOUND('',#6734,.T.);
#6734 = EDGE_LOOP('',(#6735,#6745,#6765,#6773));
#6735 = ORIENTED_EDGE('',*,*,#6736,.F.);
#6736 = EDGE_CURVE('',#6737,#6739,#6741,.T.);
#6737 = VERTEX_POINT('',#6738);
#6738 = CARTESIAN_POINT('',(5.430952497739,-1.000000014901,
    22.719712143048));
#6739 = VERTEX_POINT('',#6740);
#6740 = CARTESIAN_POINT('',(5.430952497739,-1.000000014901,
    22.571841738947));
#6741 = LINE('',#6742,#6743);
#6742 = CARTESIAN_POINT('',(5.430952497739,-1.000000014901,
    10.61356479795));
#6743 = VECTOR('',#6744,1.);
#6744 = DIRECTION('',(0.,0.,-1.));
#6745 = ORIENTED_EDGE('',*,*,#6746,.F.);
#6746 = EDGE_CURVE('',#6747,#6737,#6749,.T.);
#6747 = VERTEX_POINT('',#6748);
#6748 = CARTESIAN_POINT('',(5.430952497739,1.000000014901,
    22.013182976173));
#6749 = B_SPLINE_CURVE_WITH_KNOTS('',3,(#6750,#6751,#6752,#6753,#6754,
    #6755,#6756,#6757,#6758,#6759,#6760,#6761,#6762,#6763,#6764),
  .UNSPECIFIED.,.F.,.F.,(4,1,1,1,1,1,1,1,1,1,1,1,4),(94.262421725944,
    94.744558752806,95.240031838154,95.735504923501,96.230978008849,
    96.726451094197,97.221924179545,97.717397264893,98.212870350241,
    98.708343435589,99.203816520936,99.699289606284,100.18142663314),
  .UNSPECIFIED.);
#6750 = CARTESIAN_POINT('',(5.430943645695,0.999997592952,
    22.013182976173));
#6751 = CARTESIAN_POINT('',(5.270024003504,1.872762034448,
    22.032366598941));
#6752 = CARTESIAN_POINT('',(4.510155552469,3.561986082401,
    22.071264469385));
#6753 = CARTESIAN_POINT('',(2.299034598626,5.274068135584,
    22.129876587504));
#6754 = CARTESIAN_POINT('',(-0.484853707961,5.732846383794,
    22.189019330531));
#6755 = CARTESIAN_POINT('',(-3.152266338125,4.812948086477,
    22.248162073557));
#6756 = CARTESIAN_POINT('',(-5.061466493422,2.73541181493,
    22.307304816584));
#6757 = CARTESIAN_POINT('',(-5.753354099123,1.583186299877E-13,
    22.36644755961));
#6758 = CARTESIAN_POINT('',(-5.061466493422,-2.73541181493,
    22.425590302637));
#6759 = CARTESIAN_POINT('',(-3.152266338126,-4.812948086477,
    22.484733045664));
#6760 = CARTESIAN_POINT('',(-0.484853707961,-5.732846383794,
    22.54387578869));
#6761 = CARTESIAN_POINT('',(2.299034598625,-5.274068135584,
    22.603018531717));
#6762 = CARTESIAN_POINT('',(4.510155552469,-3.561986082401,
    22.661630649836));
#6763 = CARTESIAN_POINT('',(5.270024003504,-1.872762034448,
    22.70052852028));
#6764 = CARTESIAN_POINT('',(5.430943645695,-0.999997592952,
    22.719712143048));
#6765 = ORIENTED_EDGE('',*,*,#6766,.F.);
#6766 = EDGE_CURVE('',#6767,#6747,#6769,.T.);
#6767 = VERTEX_POINT('',#6768);
#6768 = CARTESIAN_POINT('',(5.430952497739,1.000000014901,
    21.865312572072));
#6769 = LINE('',#6770,#6771);
#6770 = CARTESIAN_POINT('',(5.430952497739,1.000000014901,10.61356479795
    ));
#6771 = VECTOR('',#6772,1.);
#6772 = DIRECTION('',(0.,0.,1.));
#6773 = ORIENTED_EDGE('',*,*,#6774,.T.);
#6774 = EDGE_CURVE('',#6767,#6739,#6775,.T.);
#6775 = B_SPLINE_CURVE_WITH_KNOTS('',3,(#6776,#6777,#6778,#6779,#6780,
    #6781,#6782,#6783,#6784,#6785,#6786,#6787,#6788,#6789,#6790),
  .UNSPECIFIED.,.F.,.F.,(4,1,1,1,1,1,1,1,1,1,1,1,4),(94.262421725944,
    94.744558752806,95.240031838154,95.735504923501,96.230978008849,
    96.726451094197,97.221924179545,97.717397264893,98.212870350241,
    98.708343435589,99.203816520936,99.699289606284,100.18142663314),
  .UNSPECIFIED.);
#6776 = CARTESIAN_POINT('',(5.430943648786,0.99999759325,21.865312572072
    ));
#6777 = CARTESIAN_POINT('',(5.270024080474,1.872762041853,21.88449619484
    ));
#6778 = CARTESIAN_POINT('',(4.510158419712,3.561986357467,
    21.923394065284));
#6779 = CARTESIAN_POINT('',(2.299034848631,5.274067989756,
    21.982006183403));
#6780 = CARTESIAN_POINT('',(-0.484853124499,5.732846171574,
    22.04114892643));
#6781 = CARTESIAN_POINT('',(-3.152266236455,4.812947900387,
    22.100291669456));
#6782 = CARTESIAN_POINT('',(-5.061466168314,2.735411694875,
    22.159434412483));
#6783 = CARTESIAN_POINT('',(-5.753353894012,1.316549812515E-13,
    22.21857715551));
#6784 = CARTESIAN_POINT('',(-5.061466168314,-2.735411694875,
    22.277719898536));
#6785 = CARTESIAN_POINT('',(-3.152266236455,-4.812947900387,
    22.336862641563));
#6786 = CARTESIAN_POINT('',(-0.484853124499,-5.732846171574,
    22.396005384589));
#6787 = CARTESIAN_POINT('',(2.299034848631,-5.274067989756,
    22.455148127616));
#6788 = CARTESIAN_POINT('',(4.510158419712,-3.561986357467,
    22.513760245735));
#6789 = CARTESIAN_POINT('',(5.270024080474,-1.872762041853,
    22.552658116179));
#6790 = CARTESIAN_POINT('',(5.430943648786,-0.99999759325,
    22.571841738947));
#6791 = CYLINDRICAL_SURFACE('',#6792,5.52225);
#6792 = AXIS2_PLACEMENT_3D('',#6793,#6794,#6795);
#6793 = CARTESIAN_POINT('',(0.,0.,10.61356479795));
#6794 = DIRECTION('',(0.,0.,1.));
#6795 = DIRECTION('',(-1.,-4.799959203753E-15,0.));
#6796 = ADVANCED_FACE('',(#6797),#6837,.T.);
#6797 = FACE_BOUND('',#6798,.T.);
#6798 = EDGE_LOOP('',(#6799,#6809,#6821,#6830));
#6799 = ORIENTED_EDGE('',*,*,#6800,.F.);
#6800 = EDGE_CURVE('',#6801,#6803,#6805,.T.);
#6801 = VERTEX_POINT('',#6802);
#6802 = CARTESIAN_POINT('',(5.430952497739,-1.000000014901,
    12.219712143048));
#6803 = VERTEX_POINT('',#6804);
#6804 = CARTESIAN_POINT('',(5.430952497739,-1.000000014901,
    12.071841738947));
#6805 = LINE('',#6806,#6807);
#6806 = CARTESIAN_POINT('',(5.430952497739,-1.000000014901,
    10.61356479795));
#6807 = VECTOR('',#6808,1.);
#6808 = DIRECTION('',(0.,0.,-1.));
#6809 = ORIENTED_EDGE('',*,*,#6810,.F.);
#6810 = EDGE_CURVE('',#6811,#6801,#6813,.T.);
#6811 = VERTEX_POINT('',#6812);
#6812 = CARTESIAN_POINT('',(-2.41168030323,-4.967800637859,12.));
#6813 = B_SPLINE_CURVE_WITH_KNOTS('',3,(#6814,#6815,#6816,#6817,#6818,
    #6819,#6820),.UNSPECIFIED.,.F.,.F.,(4,1,1,1,4),(10.376176187289,
    10.751813439174,11.244598423155,11.901645068464,12.216832332632),
  .UNSPECIFIED.);
#6814 = CARTESIAN_POINT('',(-2.412112854295,-4.967744323021,12.));
#6815 = CARTESIAN_POINT('',(-1.789938734259,-5.268866719868,
    12.014946131362));
#6816 = CARTESIAN_POINT('',(-0.219751931466,-5.695552083288,
    12.049499554244));
#6817 = CARTESIAN_POINT('',(2.636065656734,-5.208958365048,
    12.110196032487));
#6818 = CARTESIAN_POINT('',(4.727371272024,-3.283753635326,
    12.168487282141));
#6819 = CARTESIAN_POINT('',(5.325965092371,-1.570702248019,
    12.207171240275));
#6820 = CARTESIAN_POINT('',(5.430956936093,-1.000006844174,
    12.219712143048));
#6821 = ORIENTED_EDGE('',*,*,#6822,.F.);
#6822 = EDGE_CURVE('',#6823,#6811,#6825,.T.);
#6823 = VERTEX_POINT('',#6824);
#6824 = CARTESIAN_POINT('',(3.910470579365,-3.899162077988,12.));
#6825 = CIRCLE('',#6826,5.52225);
#6826 = AXIS2_PLACEMENT_3D('',#6827,#6828,#6829);
#6827 = CARTESIAN_POINT('',(0.,0.,12.));
#6828 = DIRECTION('',(0.,0.,-1.));
#6829 = DIRECTION('',(0.986013296763,0.16666666915,0.));
#6830 = ORIENTED_EDGE('',*,*,#6831,.T.);
#6831 = EDGE_CURVE('',#6823,#6803,#6832,.T.);
#6832 = B_SPLINE_CURVE_WITH_KNOTS('',3,(#6833,#6834,#6835,#6836),
  .UNSPECIFIED.,.F.,.F.,(4,4),(11.614972387839,12.216832332632),
  .PIECEWISE_BEZIER_KNOTS.);
#6833 = CARTESIAN_POINT('',(3.910470579365,-3.899162077988,12.));
#6834 = CARTESIAN_POINT('',(4.692720403697,-3.114643542318,
    12.023947246316));
#6835 = CARTESIAN_POINT('',(5.230208406668,-2.089501955524,
    12.047894492631));
#6836 = CARTESIAN_POINT('',(5.430951238903,-0.999999451053,
    12.071841738947));
#6837 = CYLINDRICAL_SURFACE('',#6838,5.52225);
#6838 = AXIS2_PLACEMENT_3D('',#6839,#6840,#6841);
#6839 = CARTESIAN_POINT('',(0.,0.,10.61356479795));
#6840 = DIRECTION('',(0.,0.,1.));
#6841 = DIRECTION('',(0.986013296763,0.16666666915,-0.));
#6842 = ADVANCED_FACE('',(#6843),#6901,.T.);
#6843 = FACE_BOUND('',#6844,.T.);
#6844 = EDGE_LOOP('',(#6845,#6855,#6875,#6883));
#6845 = ORIENTED_EDGE('',*,*,#6846,.F.);
#6846 = EDGE_CURVE('',#6847,#6849,#6851,.T.);
#6847 = VERTEX_POINT('',#6848);
#6848 = CARTESIAN_POINT('',(5.430952497739,-1.000000014901,
    23.469712143048));
#6849 = VERTEX_POINT('',#6850);
#6850 = CARTESIAN_POINT('',(5.430952497739,-1.000000014901,
    23.321841738947));
#6851 = LINE('',#6852,#6853);
#6852 = CARTESIAN_POINT('',(5.430952497739,-1.000000014901,
    10.61356479795));
#6853 = VECTOR('',#6854,1.);
#6854 = DIRECTION('',(0.,0.,-1.));
#6855 = ORIENTED_EDGE('',*,*,#6856,.F.);
#6856 = EDGE_CURVE('',#6857,#6847,#6859,.T.);
#6857 = VERTEX_POINT('',#6858);
#6858 = CARTESIAN_POINT('',(5.430952497739,1.000000014901,
    22.763182976173));
#6859 = B_SPLINE_CURVE_WITH_KNOTS('',3,(#6860,#6861,#6862,#6863,#6864,
    #6865,#6866,#6867,#6868,#6869,#6870,#6871,#6872,#6873,#6874),
  .UNSPECIFIED.,.F.,.F.,(4,1,1,1,1,1,1,1,1,1,1,1,4),(100.54560703312,
    101.02677612319,101.52128127174,102.01578642029,102.51029156884,
    103.00479671739,103.49930186595,103.9938070145,104.48831216305,
    104.9828173116,105.47732246015,105.97182760871,106.46461194032),
  .UNSPECIFIED.);
#6860 = CARTESIAN_POINT('',(5.430943677137,0.999997604133,
    22.763182976173));
#6861 = CARTESIAN_POINT('',(5.27034784193,1.871010150744,22.78232808596)
  );
#6862 = CARTESIAN_POINT('',(4.51288037229,3.557060057802,22.821148930441
    ));
#6863 = CARTESIAN_POINT('',(2.308870166656,5.268762058129,
    22.879645509616));
#6864 = CARTESIAN_POINT('',(-0.468130381892,5.733311419441,
    22.938672713698));
#6865 = CARTESIAN_POINT('',(-3.133105905389,4.824343187579,
    22.99769991778));
#6866 = CARTESIAN_POINT('',(-5.047359795974,2.759433317875,
    23.056727121863));
#6867 = CARTESIAN_POINT('',(-5.75233490405,3.340775529088E-02,
    23.115754325945));
#6868 = CARTESIAN_POINT('',(-5.079070084299,-2.700622192123,
    23.174781530027));
#6869 = CARTESIAN_POINT('',(-3.188929209544,-4.787626792309,
    23.23380873411));
#6870 = CARTESIAN_POINT('',(-0.534691103236,-5.727487347071,
    23.292835938192));
#6871 = CARTESIAN_POINT('',(2.247517851234,-5.295224129349,
    23.351863142274));
#6872 = CARTESIAN_POINT('',(4.488829583933,-3.595916886446,
    23.410821877226));
#6873 = CARTESIAN_POINT('',(5.26666165507,-1.892087699391,
    23.450104877484));
#6874 = CARTESIAN_POINT('',(5.430952344015,-0.999999970895,
    23.469712143048));
#6875 = ORIENTED_EDGE('',*,*,#6876,.F.);
#6876 = EDGE_CURVE('',#6877,#6857,#6879,.T.);
#6877 = VERTEX_POINT('',#6878);
#6878 = CARTESIAN_POINT('',(5.430952497739,1.000000014901,
    22.615312572072));
#6879 = LINE('',#6880,#6881);
#6880 = CARTESIAN_POINT('',(5.430952497739,1.000000014901,10.61356479795
    ));
#6881 = VECTOR('',#6882,1.);
#6882 = DIRECTION('',(0.,0.,1.));
#6883 = ORIENTED_EDGE('',*,*,#6884,.T.);
#6884 = EDGE_CURVE('',#6877,#6849,#6885,.T.);
#6885 = B_SPLINE_CURVE_WITH_KNOTS('',3,(#6886,#6887,#6888,#6889,#6890,
    #6891,#6892,#6893,#6894,#6895,#6896,#6897,#6898,#6899,#6900),
  .UNSPECIFIED.,.F.,.F.,(4,1,1,1,1,1,1,1,1,1,1,1,4),(100.54560703312,
    101.02774405998,101.52321714533,102.01869023068,102.51416331602,
    103.00963640137,103.50510948672,104.00058257207,104.49605565742,
    104.99152874276,105.48700182811,105.98247491346,106.46461194032),
  .UNSPECIFIED.);
#6886 = CARTESIAN_POINT('',(5.430943645206,0.999997592906,
    22.615312572072));
#6887 = CARTESIAN_POINT('',(5.270023991323,1.872762033281,22.63449619484
    ));
#6888 = CARTESIAN_POINT('',(4.510155098704,3.561986039053,
    22.673394065284));
#6889 = CARTESIAN_POINT('',(2.299034556936,5.274068158695,
    22.732006183403));
#6890 = CARTESIAN_POINT('',(-0.484853801124,5.732846417627,
    22.79114892643));
#6891 = CARTESIAN_POINT('',(-3.152266355062,4.812948116196,
    22.850291669456));
#6892 = CARTESIAN_POINT('',(-5.061466545323,2.735411834088,
    22.909434412483));
#6893 = CARTESIAN_POINT('',(-5.753354132181,9.376396136167E-14,
    22.96857715551));
#6894 = CARTESIAN_POINT('',(-5.061466545323,-2.735411834088,
    23.027719898536));
#6895 = CARTESIAN_POINT('',(-3.152266355062,-4.812948116196,
    23.086862641563));
#6896 = CARTESIAN_POINT('',(-0.484853801124,-5.732846417627,
    23.146005384589));
#6897 = CARTESIAN_POINT('',(2.299034556935,-5.274068158695,
    23.205148127616));
#6898 = CARTESIAN_POINT('',(4.510155098704,-3.561986039053,
    23.263760245735));
#6899 = CARTESIAN_POINT('',(5.270023991323,-1.872762033281,
    23.302658116179));
#6900 = CARTESIAN_POINT('',(5.430943645206,-0.999997592906,
    23.321841738947));
#6901 = CYLINDRICAL_SURFACE('',#6902,5.52225);
#6902 = AXIS2_PLACEMENT_3D('',#6903,#6904,#6905);
#6903 = CARTESIAN_POINT('',(0.,0.,10.61356479795));
#6904 = DIRECTION('',(0.,0.,1.));
#6905 = DIRECTION('',(-1.,9.398872995831E-15,0.));
#6906 = ADVANCED_FACE('',(#6907),#6954,.T.);
#6907 = FACE_BOUND('',#6908,.T.);
#6908 = EDGE_LOOP('',(#6909,#6919,#6929,#6938,#6947));
#6909 = ORIENTED_EDGE('',*,*,#6910,.F.);
#6910 = EDGE_CURVE('',#6911,#6913,#6915,.T.);
#6911 = VERTEX_POINT('',#6912);
#6912 = CARTESIAN_POINT('',(5.430952497739,1.000000014901,
    23.365312572072));
#6913 = VERTEX_POINT('',#6914);
#6914 = CARTESIAN_POINT('',(5.430952497739,1.000000014901,23.5));
#6915 = LINE('',#6916,#6917);
#6916 = CARTESIAN_POINT('',(5.430952497739,1.000000014901,10.61356479795
    ));
#6917 = VECTOR('',#6918,1.);
#6918 = DIRECTION('',(0.,0.,1.));
#6919 = ORIENTED_EDGE('',*,*,#6920,.T.);
#6920 = EDGE_CURVE('',#6911,#6921,#6923,.T.);
#6921 = VERTEX_POINT('',#6922);
#6922 = CARTESIAN_POINT('',(-0.688579998361,5.479151635824,23.546));
#6923 = B_SPLINE_CURVE_WITH_KNOTS('',3,(#6924,#6925,#6926,#6927,#6928),
  .UNSPECIFIED.,.F.,.F.,(4,1,4),(106.8287923403,107.71929307756,
    108.34251579676),.UNSPECIFIED.);
#6924 = CARTESIAN_POINT('',(5.430922456805,0.999988541571,
    23.365312572072));
#6925 = CARTESIAN_POINT('',(5.132771769468,2.61157470824,23.400744470613
    ));
#6926 = CARTESIAN_POINT('',(3.3345007852,5.09916921668,23.460973613255)
  );
#6927 = CARTESIAN_POINT('',(0.449303746279,5.612679309693,
    23.521202755898));
#6928 = CARTESIAN_POINT('',(-0.691222420999,5.47674361373,23.546));
#6929 = ORIENTED_EDGE('',*,*,#6930,.F.);
#6930 = EDGE_CURVE('',#6931,#6921,#6933,.T.);
#6931 = VERTEX_POINT('',#6932);
#6932 = CARTESIAN_POINT('',(4.955515867537,2.436823249456,23.546));
#6933 = CIRCLE('',#6934,5.52225);
#6934 = AXIS2_PLACEMENT_3D('',#6935,#6936,#6937);
#6935 = CARTESIAN_POINT('',(0.,0.,23.546));
#6936 = DIRECTION('',(0.,0.,1.));
#6937 = DIRECTION('',(0.986013296763,0.16666666915,-0.));
#6938 = ORIENTED_EDGE('',*,*,#6939,.F.);
#6939 = EDGE_CURVE('',#6940,#6931,#6942,.T.);
#6940 = VERTEX_POINT('',#6941);
#6941 = CARTESIAN_POINT('',(5.428453254147,1.013479318998,
    23.513479304097));
#6942 = B_SPLINE_CURVE_WITH_KNOTS('',3,(#6943,#6944,#6945,#6946),
  .UNSPECIFIED.,.F.,.F.,(4,4),(106.83127485131,107.10371959621),
  .PIECEWISE_BEZIER_KNOTS.);
#6943 = CARTESIAN_POINT('',(5.428453254147,1.013479318998,
    23.513479304097));
#6944 = CARTESIAN_POINT('',(5.336414215971,1.506463839679,
    23.524319536065));
#6945 = CARTESIAN_POINT('',(5.176815763727,1.986788497326,
    23.535159768032));
#6946 = CARTESIAN_POINT('',(4.955515867537,2.436823249457,23.546));
#6947 = ORIENTED_EDGE('',*,*,#6948,.F.);
#6948 = EDGE_CURVE('',#6913,#6940,#6949,.T.);
#6949 = ELLIPSE('',#6950,7.809640844815,5.52225);
#6950 = AXIS2_PLACEMENT_3D('',#6951,#6952,#6953);
#6951 = CARTESIAN_POINT('',(0.,0.,22.499999985099));
#6952 = DIRECTION('',(0.,-0.707106781187,0.707106781187));
#6953 = DIRECTION('',(1.777007174028E-17,0.707106781187,0.707106781187)
  );
#6954 = CYLINDRICAL_SURFACE('',#6955,5.52225);
#6955 = AXIS2_PLACEMENT_3D('',#6956,#6957,#6958);
#6956 = CARTESIAN_POINT('',(0.,0.,10.61356479795));
#6957 = DIRECTION('',(0.,0.,1.));
#6958 = DIRECTION('',(0.986013296763,0.16666666915,-0.));
#6959 = ADVANCED_FACE('',(#6960),#7015,.F.);
#6960 = FACE_BOUND('',#6961,.F.);
#6961 = EDGE_LOOP('',(#6962,#7007,#7008));
#6962 = ORIENTED_EDGE('',*,*,#6963,.T.);
#6963 = EDGE_CURVE('',#6964,#6823,#6966,.T.);
#6964 = VERTEX_POINT('',#6965);
#6965 = CARTESIAN_POINT('',(5.558288315333,-1.000000014901,12.));
#6966 = B_SPLINE_CURVE_WITH_KNOTS('',3,(#6967,#6968,#6969,#6970,#6971,
    #6972,#6973,#6974,#6975,#6976,#6977,#6978,#6979,#6980,#6981,#6982,
    #6983,#6984,#6985,#6986,#6987,#6988,#6989,#6990,#6991,#6992,#6993,
    #6994,#6995,#6996,#6997,#6998,#6999,#7000,#7001,#7002,#7003,#7004,
    #7005,#7006),.UNSPECIFIED.,.F.,.F.,(4,3,3,3,3,3,3,3,3,3,3,3,3,4),(
    0.863704915742,0.88565883132,0.897693337685,0.90516463725,
    0.911970440756,0.960439653064,1.009084702931,1.033360261318,
    1.046374053348,1.054559748329,1.061949583065,1.110171220991,
    1.157708598343,1.203289170023),.UNSPECIFIED.);
#6967 = CARTESIAN_POINT('',(5.558288315333,-1.000000014901,12.));
#6968 = CARTESIAN_POINT('',(5.542767558737,-1.071210625113,12.));
#6969 = CARTESIAN_POINT('',(5.525819537617,-1.142144247125,12.));
#6970 = CARTESIAN_POINT('',(5.50746062212,-1.212764254332,12.));
#6971 = CARTESIAN_POINT('',(5.49739679161,-1.251476115239,12.));
#6972 = CARTESIAN_POINT('',(5.486908967585,-1.290093718661,12.));
#6973 = CARTESIAN_POINT('',(5.475999625161,-1.328610882317,12.));
#6974 = CARTESIAN_POINT('',(5.469226853363,-1.352523227312,12.));
#6975 = CARTESIAN_POINT('',(5.462291616334,-1.376396858519,12.));
#6976 = CARTESIAN_POINT('',(5.455194477027,-1.400230274213,12.));
#6977 = CARTESIAN_POINT('',(5.448729505951,-1.421940760147,12.));
#6978 = CARTESIAN_POINT('',(5.442132543766,-1.443609912652,12.));
#6979 = CARTESIAN_POINT('',(5.435405585838,-1.465232680465,12.));
#6980 = CARTESIAN_POINT('',(5.387497891814,-1.619224567355,12.));
#6981 = CARTESIAN_POINT('',(5.332980808541,-1.770933098887,12.));
#6982 = CARTESIAN_POINT('',(5.272110082144,-1.919989095058,12.));
#6983 = CARTESIAN_POINT('',(5.211018527732,-2.069585839495,12.));
#6984 = CARTESIAN_POINT('',(5.143526767741,-2.216511426842,12.));
#6985 = CARTESIAN_POINT('',(5.069846026864,-2.360370200239,12.));
#6986 = CARTESIAN_POINT('',(5.033076794803,-2.432160692027,12.));
#6987 = CARTESIAN_POINT('',(4.99476558689,-2.503187027433,12.));
#6988 = CARTESIAN_POINT('',(4.954934716395,-2.57339717074,12.));
#6989 = CARTESIAN_POINT('',(4.933581936089,-2.611035860194,12.));
#6990 = CARTESIAN_POINT('',(4.911792379665,-2.648439949571,12.));
#6991 = CARTESIAN_POINT('',(4.889569199718,-2.685601154649,12.));
#6992 = CARTESIAN_POINT('',(4.875590785729,-2.708975609166,12.));
#6993 = CARTESIAN_POINT('',(4.861440807771,-2.732253964396,12.));
#6994 = CARTESIAN_POINT('',(4.847120011916,-2.755434117762,12.));
#6995 = CARTESIAN_POINT('',(4.834191566023,-2.776360563583,12.));
#6996 = CARTESIAN_POINT('',(4.821128347437,-2.797199751014,12.));
#6997 = CARTESIAN_POINT('',(4.80793309623,-2.817947338081,12.));
#6998 = CARTESIAN_POINT('',(4.721828785537,-2.953333671764,12.));
#6999 = CARTESIAN_POINT('',(4.630080220479,-3.084863580937,12.));
#7000 = CARTESIAN_POINT('',(4.532903893813,-3.212156271397,12.));
#7001 = CARTESIAN_POINT('',(4.437106490219,-3.337642690372,12.));
#7002 = CARTESIAN_POINT('',(4.336033798922,-3.459011810601,12.));
#7003 = CARTESIAN_POINT('',(4.229855419616,-3.575866237957,12.));
#7004 = CARTESIAN_POINT('',(4.128047715901,-3.687910526028,12.));
#7005 = CARTESIAN_POINT('',(4.021545499086,-3.79580441069,12.));
#7006 = CARTESIAN_POINT('',(3.910470579365,-3.899162077988,12.));
#7007 = ORIENTED_EDGE('',*,*,#6831,.T.);
#7008 = ORIENTED_EDGE('',*,*,#7009,.T.);
#7009 = EDGE_CURVE('',#6803,#6964,#7010,.T.);
#7010 = B_SPLINE_CURVE_WITH_KNOTS('',3,(#7011,#7012,#7013,#7014),
  .UNSPECIFIED.,.F.,.F.,(4,4),(0.,1.461463373669E-02),
  .PIECEWISE_BEZIER_KNOTS.);
#7011 = CARTESIAN_POINT('',(5.430952497739,-1.000000014901,
    12.071841738947));
#7012 = CARTESIAN_POINT('',(5.473386445535,-1.000000014901,
    12.047913622999));
#7013 = CARTESIAN_POINT('',(5.515842356098,-1.000000014901,
    12.02396009653));
#7014 = CARTESIAN_POINT('',(5.558288315333,-1.000000014901,12.));
#7015 = B_SPLINE_SURFACE_WITH_KNOTS('',3,3,(
    (#7016,#7017,#7018,#7019)
    ,(#7020,#7021,#7022,#7023)
    ,(#7024,#7025,#7026,#7027)
    ,(#7028,#7029,#7030,#7031
    )),.UNSPECIFIED.,.F.,.F.,.F.,(4,4),(4,4),(3.538837396327E-02,
    4.985419574452E-02),(11.614972387839,12.220915313654),
  .PIECEWISE_BEZIER_KNOTS.);
#7016 = CARTESIAN_POINT('',(3.999183463938,-3.987618418045,
    11.927670891094));
#7017 = CARTESIAN_POINT('',(4.804606521026,-3.179859441709,
    11.951780594062));
#7018 = CARTESIAN_POINT('',(5.356307337051,-2.122668509673,
    11.975890297031));
#7019 = CARTESIAN_POINT('',(5.558288315333,-1.000000014901,12.));
#7020 = CARTESIAN_POINT('',(3.969612502414,-3.958132971359,
    11.951780594062));
#7021 = CARTESIAN_POINT('',(4.769080060224,-3.156346766671,
    11.975890297031));
#7022 = CARTESIAN_POINT('',(5.316701462601,-2.106972968473,12.));
#7023 = CARTESIAN_POINT('',(5.517188943075,-0.992605764992,
    12.024109702969));
#7024 = CARTESIAN_POINT('',(3.940041540889,-3.928647524674,
    11.975890297031));
#7025 = CARTESIAN_POINT('',(4.733553599422,-3.132834091634,12.));
#7026 = CARTESIAN_POINT('',(5.277095588151,-2.091277427272,
    12.024109702969));
#7027 = CARTESIAN_POINT('',(5.476089570817,-0.985211515083,
    12.048219405938));
#7028 = CARTESIAN_POINT('',(3.910470579365,-3.899162077988,12.));
#7029 = CARTESIAN_POINT('',(4.69802713862,-3.109321416596,
    12.024109702969));
#7030 = CARTESIAN_POINT('',(5.237489713701,-2.075581886071,
    12.048219405938));
#7031 = CARTESIAN_POINT('',(5.434990198559,-0.977817265174,
    12.072329108906));
#7032 = ADVANCED_FACE('',(#7033),#7150,.F.);
#7033 = FACE_BOUND('',#7034,.F.);
#7034 = EDGE_LOOP('',(#7035,#7073,#7133,#7140,#7141));
#7035 = ORIENTED_EDGE('',*,*,#7036,.T.);
#7036 = EDGE_CURVE('',#7037,#7039,#7041,.T.);
#7037 = VERTEX_POINT('',#7038);
#7038 = CARTESIAN_POINT('',(5.869422115524,-1.000000014901,
    12.574162634947));
#7039 = VERTEX_POINT('',#7040);
#7040 = CARTESIAN_POINT('',(1.567788640022,5.743879767215,12.));
#7041 = B_SPLINE_CURVE_WITH_KNOTS('',3,(#7042,#7043,#7044,#7045,#7046,
    #7047,#7048,#7049,#7050,#7051,#7052,#7053,#7054,#7055,#7056,#7057,
    #7058,#7059,#7060,#7061,#7062,#7063,#7064,#7065,#7066,#7067,#7068,
    #7069,#7070,#7071,#7072),.UNSPECIFIED.,.F.,.F.,(4,3,3,3,3,3,3,3,3,3,
    4),(-6.898381310458,-6.403487696236,-5.908594082014,-5.413700467791,
    -4.918806853569,-4.423913239347,-3.929019625124,-3.434126010902,
    -2.93923239668,-2.444338782457,-2.088287668022),.UNSPECIFIED.);
#7042 = CARTESIAN_POINT('',(5.869422115524,-1.000000014901,
    12.574162634947));
#7043 = CARTESIAN_POINT('',(5.704457574991,-1.96824652295,
    12.554471443694));
#7044 = CARTESIAN_POINT('',(5.29531094257,-2.894409797267,
    12.534780252443));
#7045 = CARTESIAN_POINT('',(4.690565717513,-3.667893999849,
    12.51508906119));
#7046 = CARTESIAN_POINT('',(4.085820492456,-4.441378202431,
    12.495397869938));
#7047 = CARTESIAN_POINT('',(3.285476674764,-5.062183333278,
    12.475706678686));
#7048 = CARTESIAN_POINT('',(2.385790044838,-5.455648445227,
    12.456015487434));
#7049 = CARTESIAN_POINT('',(1.486103414912,-5.849113557176,
    12.436324296182));
#7050 = CARTESIAN_POINT('',(0.487073972752,-6.015238650226,
    12.41663310493));
#7051 = CARTESIAN_POINT('',(-0.491508035068,-5.93417450697,
    12.396941913678));
#7052 = CARTESIAN_POINT('',(-1.470090042888,-5.853110363713,
    12.377250722426));
#7053 = CARTESIAN_POINT('',(-2.428224616367,-5.524856984149,
    12.357559531174));
#7054 = CARTESIAN_POINT('',(-3.250914290108,-4.988761128725,
    12.337868339922));
#7055 = CARTESIAN_POINT('',(-4.073603963849,-4.4526652733,12.31817714867
    ));
#7056 = CARTESIAN_POINT('',(-4.760848737851,-3.708726942014,
    12.298485957418));
#7057 = CARTESIAN_POINT('',(-5.230211597302,-2.84622054645,
    12.278794766166));
#7058 = CARTESIAN_POINT('',(-5.699574456753,-1.983714150887,
    12.259103574914));
#7059 = CARTESIAN_POINT('',(-5.951055401653,-1.002639691045,
    12.239412383662));
#7060 = CARTESIAN_POINT('',(-5.954469440064,-2.07027420711E-02,
    12.21972119241));
#7061 = CARTESIAN_POINT('',(-5.957883478474,0.961234206903,
    12.200030001158));
#7062 = CARTESIAN_POINT('',(-5.713230610396,1.944033645009,
    12.180338809906));
#7063 = CARTESIAN_POINT('',(-5.249876620809,2.809782948534,
    12.160647618654));
#7064 = CARTESIAN_POINT('',(-4.786522631221,3.675532252059,
    12.140956427402));
#7065 = CARTESIAN_POINT('',(-4.104467520124,4.424231421002,
    12.12126523615));
#7066 = CARTESIAN_POINT('',(-3.285525530966,4.96603496831,
    12.101574044898));
#7067 = CARTESIAN_POINT('',(-2.466583541807,5.507838515618,
    12.081882853646));
#7068 = CARTESIAN_POINT('',(-1.510754674585,5.842746441291,
    12.062191662394));
#7069 = CARTESIAN_POINT('',(-0.532760012925,5.930613290068,
    12.042500471142));
#7070 = CARTESIAN_POINT('',(0.170858056069,5.99382907732,12.028333647428
    ));
#7071 = CARTESIAN_POINT('',(0.885949318089,5.929174421293,
    12.014166823714));
#7072 = CARTESIAN_POINT('',(1.567854404439,5.743730659357,12.));
#7073 = ORIENTED_EDGE('',*,*,#7074,.T.);
#7074 = EDGE_CURVE('',#7039,#7075,#7077,.T.);
#7075 = VERTEX_POINT('',#7076);
#7076 = CARTESIAN_POINT('',(5.632577055355,1.000000014901,12.));
#7077 = B_SPLINE_CURVE_WITH_KNOTS('',3,(#7078,#7079,#7080,#7081,#7082,
    #7083,#7084,#7085,#7086,#7087,#7088,#7089,#7090,#7091,#7092,#7093,
    #7094,#7095,#7096,#7097,#7098,#7099,#7100,#7101,#7102,#7103,#7104,
    #7105,#7106,#7107,#7108,#7109,#7110,#7111,#7112,#7113,#7114,#7115,
    #7116,#7117,#7118,#7119,#7120,#7121,#7122,#7123,#7124,#7125,#7126,
    #7127,#7128,#7129,#7130,#7131,#7132),.UNSPECIFIED.,.F.,.F.,(4,3,3,3,
    3,3,3,3,3,3,3,3,3,3,3,3,3,3,4),(0.,5.051153482749E-02,
    8.273776180367E-02,0.13325989086,0.183793753945,0.207660552111,
    0.220663613975,0.22920093692,0.235309297235,0.285318638078,
    0.335152846168,0.374728139276,0.424760505022,0.454373005219,
    0.463099264469,0.512739575001,0.562297809689,0.611979158144,
    0.661660506599),.UNSPECIFIED.);
#7078 = CARTESIAN_POINT('',(1.567854404438,5.743730659357,12.));
#7079 = CARTESIAN_POINT('',(1.728695427301,5.693934872206,12.));
#7080 = CARTESIAN_POINT('',(1.88707065527,5.637457169483,12.));
#7081 = CARTESIAN_POINT('',(2.042548223571,5.574408327996,12.));
#7082 = CARTESIAN_POINT('',(2.141742505092,5.534183332195,12.));
#7083 = CARTESIAN_POINT('',(2.239757170661,5.49128257169,12.));
#7084 = CARTESIAN_POINT('',(2.336476775252,5.445724222387,12.));
#7085 = CARTESIAN_POINT('',(2.488107319809,5.374300881242,12.));
#7086 = CARTESIAN_POINT('',(2.636556436291,5.296347868479,12.));
#7087 = CARTESIAN_POINT('',(2.781475348653,5.212172404381,12.));
#7088 = CARTESIAN_POINT('',(2.926427919187,5.127977390093,12.));
#7089 = CARTESIAN_POINT('',(3.067849222675,5.037556535541,12.));
#7090 = CARTESIAN_POINT('',(3.205357902976,4.94117663783,12.));
#7091 = CARTESIAN_POINT('',(3.270302312894,4.89565707084,12.));
#7092 = CARTESIAN_POINT('',(3.334373449068,4.848807734402,12.));
#7093 = CARTESIAN_POINT('',(3.397528060404,4.800654068668,12.));
#7094 = CARTESIAN_POINT('',(3.431935831083,4.77441908356,12.));
#7095 = CARTESIAN_POINT('',(3.466071516009,4.747796910982,12.));
#7096 = CARTESIAN_POINT('',(3.49992784336,4.720791477099,12.));
#7097 = CARTESIAN_POINT('',(3.522156638654,4.703060721623,12.));
#7098 = CARTESIAN_POINT('',(3.544265005999,4.685164749386,12.));
#7099 = CARTESIAN_POINT('',(3.566250838699,4.667104642738,12.));
#7100 = CARTESIAN_POINT('',(3.581981459268,4.654182835819,12.));
#7101 = CARTESIAN_POINT('',(3.597648439131,4.641177697001,12.));
#7102 = CARTESIAN_POINT('',(3.613241494277,4.62809779926,12.));
#7103 = CARTESIAN_POINT('',(3.740902334421,4.521012259,12.));
#7104 = CARTESIAN_POINT('',(3.863785251568,4.408776661528,12.));
#7105 = CARTESIAN_POINT('',(3.981565648609,4.291706317352,12.));
#7106 = CARTESIAN_POINT('',(4.0989335786,4.175045953621,12.));
#7107 = CARTESIAN_POINT('',(4.211235189417,4.053584117091,12.));
#7108 = CARTESIAN_POINT('',(4.318114908422,3.927594703356,12.));
#7109 = CARTESIAN_POINT('',(4.402992272166,3.827541583859,12.));
#7110 = CARTESIAN_POINT('',(4.484449716027,3.724632291205,12.));
#7111 = CARTESIAN_POINT('',(4.562290300406,3.618990049116,12.));
#7112 = CARTESIAN_POINT('',(4.660698885197,3.485433709308,12.));
#7113 = CARTESIAN_POINT('',(4.75332828709,3.347509463447,12.));
#7114 = CARTESIAN_POINT('',(4.839976335223,3.205628297421,12.));
#7115 = CARTESIAN_POINT('',(4.891260445103,3.1216535344,12.));
#7116 = CARTESIAN_POINT('',(4.940448340582,3.036292253259,12.));
#7117 = CARTESIAN_POINT('',(4.987489770805,2.949627418271,12.));
#7118 = CARTESIAN_POINT('',(5.001352015224,2.924088885121,12.));
#7119 = CARTESIAN_POINT('',(5.015030293873,2.898432262308,12.));
#7120 = CARTESIAN_POINT('',(5.028508572821,2.872688125121,12.));
#7121 = CARTESIAN_POINT('',(5.105181283695,2.726239695409,12.));
#7122 = CARTESIAN_POINT('',(5.175468292818,2.57681489504,12.));
#7123 = CARTESIAN_POINT('',(5.239248502078,2.4248559548,12.));
#7124 = CARTESIAN_POINT('',(5.302923256426,2.273148265171,12.));
#7125 = CARTESIAN_POINT('',(5.360112940431,2.118914077851,12.));
#7126 = CARTESIAN_POINT('',(5.410649752436,1.962570740069,12.));
#7127 = CARTESIAN_POINT('',(5.461312109213,1.805839010381,12.));
#7128 = CARTESIAN_POINT('',(5.505288775497,1.646986928771,12.));
#7129 = CARTESIAN_POINT('',(5.54235926167,1.486422917014,12.));
#7130 = CARTESIAN_POINT('',(5.579429747842,1.325858905257,12.));
#7131 = CARTESIAN_POINT('',(5.609594324352,1.163582252134,12.));
#7132 = CARTESIAN_POINT('',(5.632577055355,1.000000014901,12.));
#7133 = ORIENTED_EDGE('',*,*,#7134,.T.);
#7134 = EDGE_CURVE('',#7075,#5935,#7135,.T.);
#7135 = B_SPLINE_CURVE_WITH_KNOTS('',3,(#7136,#7137,#7138,#7139),
  .UNSPECIFIED.,.F.,.F.,(4,4),(2.727976927688E-02,5.049666425155E-02),
  .PIECEWISE_BEZIER_KNOTS.);
#7136 = CARTESIAN_POINT('',(5.632577055355,1.000000014901,12.));
#7137 = CARTESIAN_POINT('',(5.565390912087,1.000000014901,
    12.038437749698));
#7138 = CARTESIAN_POINT('',(5.498139880638,1.000000014901,
    12.076900242656));
#7139 = CARTESIAN_POINT('',(5.430952497739,1.000000014901,
    12.115312572072));
#7140 = ORIENTED_EDGE('',*,*,#5942,.T.);
#7141 = ORIENTED_EDGE('',*,*,#7142,.T.);
#7142 = EDGE_CURVE('',#5907,#7037,#7143,.T.);
#7143 = B_SPLINE_CURVE_WITH_KNOTS('',3,(#7144,#7145,#7146,#7147,#7148,
    #7149),.UNSPECIFIED.,.F.,.F.,(4,2,4),(0.,2.51799495466E-02,
    5.03415805717E-02),.UNSPECIFIED.);
#7144 = CARTESIAN_POINT('',(5.430952497739,-1.000000014901,
    12.821841738947));
#7145 = CARTESIAN_POINT('',(5.504063099333,-1.000000014901,
    12.780615337849));
#7146 = CARTESIAN_POINT('',(5.577238896819,-1.000000014901,
    12.739313506001));
#7147 = CARTESIAN_POINT('',(5.723341272407,-1.000000014901,
    12.656781732055));
#7148 = CARTESIAN_POINT('',(5.796426799813,-1.000000014901,
    12.615462050313));
#7149 = CARTESIAN_POINT('',(5.869422115524,-1.000000014901,
    12.574162634947));
#7150 = B_SPLINE_SURFACE_WITH_KNOTS('',3,3,(
    (#7151,#7152,#7153,#7154,#7155,#7156,#7157,#7158,#7159,#7160,#7161
      ,#7162,#7163,#7164,#7165)
    ,(#7166,#7167,#7168,#7169,#7170,#7171,#7172,#7173,#7174,#7175,#7176
      ,#7177,#7178,#7179,#7180)
    ,(#7181,#7182,#7183,#7184,#7185,#7186,#7187,#7188,#7189,#7190,#7191
      ,#7192,#7193,#7194,#7195)
    ,(#7196,#7197,#7198,#7199,#7200,#7201,#7202,#7203,#7204,#7205,#7206
      ,#7207,#7208,#7209,#7210
    )),.UNSPECIFIED.,.F.,.F.,.F.,(4,4),(4,1,1,1,1,1,1,1,1,1,1,1,4),(0.,
    4.985419574452E-02),(12.57463032763,13.069523941852,13.564417556074,
    14.059311170297,14.554204784519,15.049098398741,15.543992012964,
    16.038885627186,16.533779241408,17.028672855631,17.523566469853,
    18.018460084075,18.513353698298),.UNSPECIFIED.);
#7151 = CARTESIAN_POINT('',(5.862326615568,1.04078943711,11.865279749874
    ));
#7152 = CARTESIAN_POINT('',(5.690633266843,2.007865439287,
    11.884970941126));
#7153 = CARTESIAN_POINT('',(4.85947945231,3.854457123078,11.92435332363)
  );
#7154 = CARTESIAN_POINT('',(2.445555560936,5.700131682607,
    11.983426897386));
#7155 = CARTESIAN_POINT('',(-0.554925807364,6.177654366964,
    12.042500471142));
#7156 = CARTESIAN_POINT('',(-3.422412409028,5.172930589945,
    12.101574044898));
#7157 = CARTESIAN_POINT('',(-5.468577742318,2.926833083116,
    12.160647618654));
#7158 = CARTESIAN_POINT('',(-6.202536346553,-2.156523120352E-02,
    12.21972119241));
#7159 = CARTESIAN_POINT('',(-5.448093511853,-2.964788610728,
    12.278794766166));
#7160 = CARTESIAN_POINT('',(-3.386359189847,-5.196603604586,
    12.337868339922));
#7161 = CARTESIAN_POINT('',(-0.511955469408,-6.181363743277,
    12.396941913678));
#7162 = CARTESIAN_POINT('',(2.485132857072,-5.682988464126,
    12.456015487434));
#7163 = CARTESIAN_POINT('',(4.886164310148,-3.820573071584,
    12.51508906119));
#7164 = CARTESIAN_POINT('',(5.704457574991,-1.96824652295,
    12.554471443694));
#7165 = CARTESIAN_POINT('',(5.869422115524,-1.000000014901,
    12.574162634947));
#7166 = CARTESIAN_POINT('',(5.720625825272,1.015632072903,
    11.948370076115));
#7167 = CARTESIAN_POINT('',(5.553082549512,1.959332469664,
    11.968061267366));
#7168 = CARTESIAN_POINT('',(4.74201890738,3.761289400377,12.007443649871
    ));
#7169 = CARTESIAN_POINT('',(2.386442997201,5.562351375029,
    12.066517223627));
#7170 = CARTESIAN_POINT('',(-0.541512459624,6.028331655457,
    12.125590797383));
#7171 = CARTESIAN_POINT('',(-3.33968782289,5.047893484234,
    12.184664371139));
#7172 = CARTESIAN_POINT('',(-5.336394423527,2.85608735567,
    12.243737944895));
#7173 = CARTESIAN_POINT('',(-6.052612202133,-2.104396882686E-02,
    12.302811518651));
#7174 = CARTESIAN_POINT('',(-5.31640532611,-2.893125444079,
    12.361885092407));
#7175 = CARTESIAN_POINT('',(-3.304506061406,-5.070994288368,
    12.420958666163));
#7176 = CARTESIAN_POINT('',(-0.499580775985,-6.031951370857,
    12.480032239919));
#7177 = CARTESIAN_POINT('',(2.425063653677,-5.545622532573,
    12.539105813675));
#7178 = CARTESIAN_POINT('',(4.768058754169,-3.728224374704,
    12.598179387431));
#7179 = CARTESIAN_POINT('',(5.566572704428,-1.920671199007,
    12.637561769935));
#7180 = CARTESIAN_POINT('',(5.72754981688,-0.975828589169,
    12.657252961187));
#7181 = CARTESIAN_POINT('',(5.578925034976,0.990474708696,
    12.031460402355));
#7182 = CARTESIAN_POINT('',(5.415531832182,1.91079950004,12.051151593607
    ));
#7183 = CARTESIAN_POINT('',(4.624558362451,3.668121677676,
    12.090533976111));
#7184 = CARTESIAN_POINT('',(2.327330433466,5.42457106745,12.149607549868
    ));
#7185 = CARTESIAN_POINT('',(-0.528099111884,5.879008943951,
    12.208681123624));
#7186 = CARTESIAN_POINT('',(-3.256963236752,4.922856378523,
    12.26775469738));
#7187 = CARTESIAN_POINT('',(-5.204211104736,2.785341628224,
    12.326828271136));
#7188 = CARTESIAN_POINT('',(-5.902688057713,-2.05227064502E-02,
    12.385901844892));
#7189 = CARTESIAN_POINT('',(-5.184717140367,-2.82146227743,
    12.444975418648));
#7190 = CARTESIAN_POINT('',(-3.222652932965,-4.94538497215,
    12.504048992404));
#7191 = CARTESIAN_POINT('',(-0.487206082563,-5.882538998437,
    12.56312256616));
#7192 = CARTESIAN_POINT('',(2.364994450282,-5.408256601021,
    12.622196139916));
#7193 = CARTESIAN_POINT('',(4.649953198189,-3.635875677825,
    12.681269713672));
#7194 = CARTESIAN_POINT('',(5.428687833865,-1.873095875063,
    12.720652096176));
#7195 = CARTESIAN_POINT('',(5.585677518236,-0.951657163436,
    12.740343287428));
#7196 = CARTESIAN_POINT('',(5.437224244679,0.965317344488,
    12.114550728596));
#7197 = CARTESIAN_POINT('',(5.277981114851,1.862266530417,
    12.134241919848));
#7198 = CARTESIAN_POINT('',(4.507097817521,3.574953954975,
    12.173624302352));
#7199 = CARTESIAN_POINT('',(2.268217869731,5.286790759872,
    12.232697876108));
#7200 = CARTESIAN_POINT('',(-0.514685764145,5.729686232444,
    12.291771449865));
#7201 = CARTESIAN_POINT('',(-3.174238650614,4.797819272812,
    12.350845023621));
#7202 = CARTESIAN_POINT('',(-5.072027785945,2.714595900778,
    12.409918597377));
#7203 = CARTESIAN_POINT('',(-5.752763913294,-2.000144407354E-02,
    12.468992171133));
#7204 = CARTESIAN_POINT('',(-5.053028954624,-2.749799110781,
    12.528065744889));
#7205 = CARTESIAN_POINT('',(-3.140799804524,-4.819775655933,
    12.587139318645));
#7206 = CARTESIAN_POINT('',(-0.47483138914,-5.733126626018,
    12.646212892401));
#7207 = CARTESIAN_POINT('',(2.304925246888,-5.270890669469,
    12.705286466157));
#7208 = CARTESIAN_POINT('',(4.531847642209,-3.543526980946,
    12.764360039913));
#7209 = CARTESIAN_POINT('',(5.290802963301,-1.825520551119,
    12.803742422417));
#7210 = CARTESIAN_POINT('',(5.443805219592,-0.927485737704,
    12.823433613669));
#7211 = ADVANCED_FACE('',(#7212),#7277,.F.);
#7212 = FACE_BOUND('',#7213,.F.);
#7213 = EDGE_LOOP('',(#7214,#7258,#7267,#7268));
#7214 = ORIENTED_EDGE('',*,*,#7215,.T.);
#7215 = EDGE_CURVE('',#7216,#7218,#7220,.T.);
#7216 = VERTEX_POINT('',#7217);
#7217 = CARTESIAN_POINT('',(5.869422115524,-1.000000014901,
    13.324162634947));
#7218 = VERTEX_POINT('',#7219);
#7219 = CARTESIAN_POINT('',(5.869422115524,1.000000014901,
    12.614449718628));
#7220 = B_SPLINE_CURVE_WITH_KNOTS('',3,(#7221,#7222,#7223,#7224,#7225,
    #7226,#7227,#7228,#7229,#7230,#7231,#7232,#7233,#7234,#7235,#7236,
    #7237,#7238,#7239,#7240,#7241,#7242,#7243,#7244,#7245,#7246,#7247,
    #7248,#7249,#7250,#7251,#7252,#7253,#7254,#7255,#7256,#7257),
  .UNSPECIFIED.,.F.,.F.,(4,3,3,3,3,3,3,3,3,3,3,3,4),(-13.18156661763,
    -12.68609353229,-12.19062044694,-11.69514736159,-11.19967427624,
    -10.70420119089,-10.20872810555,-9.713255020203,-9.217781934855,
    -8.722308849507,-8.226835764159,-7.731362678811,-7.235889593463),
  .UNSPECIFIED.);
#7221 = CARTESIAN_POINT('',(5.869422115524,-1.000000014901,
    13.324162634947));
#7222 = CARTESIAN_POINT('',(5.704264417947,-1.969380243164,
    13.304448387271));
#7223 = CARTESIAN_POINT('',(5.294339234608,-2.896574815757,
    13.284734139595));
#7224 = CARTESIAN_POINT('',(4.688438109321,-3.670612470381,
    13.26501989192));
#7225 = CARTESIAN_POINT('',(4.082536984034,-4.444650125006,
    13.245305644244));
#7226 = CARTESIAN_POINT('',(3.280659916799,-5.065530861661,
    13.225591396569));
#7227 = CARTESIAN_POINT('',(2.379465681693,-5.458412288766,
    13.205877148893));
#7228 = CARTESIAN_POINT('',(1.478271446588,-5.851293715871,
    13.186162901218));
#7229 = CARTESIAN_POINT('',(0.477760043612,-6.016175833426,
    13.166448653542));
#7230 = CARTESIAN_POINT('',(-0.501824023775,-5.933313752874,
    13.146734405867));
#7231 = CARTESIAN_POINT('',(-1.481408091161,-5.850451672323,
    13.127020158191));
#7232 = CARTESIAN_POINT('',(-2.440064822959,-5.519845393665,
    13.107305910516));
#7233 = CARTESIAN_POINT('',(-3.262470451367,-4.981214806351,
    13.08759166284));
#7234 = CARTESIAN_POINT('',(-4.084876079775,-4.442584219036,
    13.067877415165));
#7235 = CARTESIAN_POINT('',(-4.771030604794,-3.695929323065,
    13.048163167489));
#7236 = CARTESIAN_POINT('',(-5.238438624971,-2.83105613723,
    13.028448919814));
#7237 = CARTESIAN_POINT('',(-5.705846645148,-1.966182951396,
    13.008734672138));
#7238 = CARTESIAN_POINT('',(-5.954508160482,-0.983091475698,
    12.989020424463));
#7239 = CARTESIAN_POINT('',(-5.954508160482,5.828670879282E-14,
    12.969306176787));
#7240 = CARTESIAN_POINT('',(-5.954508160482,0.983091475698,
    12.949591929112));
#7241 = CARTESIAN_POINT('',(-5.705846645148,1.966182951396,
    12.929877681436));
#7242 = CARTESIAN_POINT('',(-5.238438624971,2.83105613723,
    12.910163433761));
#7243 = CARTESIAN_POINT('',(-4.771030604794,3.695929323065,
    12.890449186085));
#7244 = CARTESIAN_POINT('',(-4.084876079775,4.442584219037,
    12.870734938409));
#7245 = CARTESIAN_POINT('',(-3.262470451367,4.981214806351,
    12.851020690734));
#7246 = CARTESIAN_POINT('',(-2.440064822958,5.519845393665,
    12.831306443058));
#7247 = CARTESIAN_POINT('',(-1.481408091161,5.850451672323,
    12.811592195383));
#7248 = CARTESIAN_POINT('',(-0.501824023775,5.933313752874,
    12.791877947707));
#7249 = CARTESIAN_POINT('',(0.477760043612,6.016175833426,
    12.772163700032));
#7250 = CARTESIAN_POINT('',(1.478271446588,5.851293715871,
    12.752449452356));
#7251 = CARTESIAN_POINT('',(2.379465681694,5.458412288766,
    12.732735204681));
#7252 = CARTESIAN_POINT('',(3.280659916799,5.065530861661,
    12.713020957005));
#7253 = CARTESIAN_POINT('',(4.082536984034,4.444650125006,12.69330670933
    ));
#7254 = CARTESIAN_POINT('',(4.688438109321,3.670612470381,
    12.673592461654));
#7255 = CARTESIAN_POINT('',(5.294339234608,2.896574815757,
    12.653878213979));
#7256 = CARTESIAN_POINT('',(5.704264417947,1.969380243164,
    12.634163966303));
#7257 = CARTESIAN_POINT('',(5.869422115524,1.000000014901,
    12.614449718628));
#7258 = ORIENTED_EDGE('',*,*,#7259,.T.);
#7259 = EDGE_CURVE('',#7218,#5999,#7260,.T.);
#7260 = B_SPLINE_CURVE_WITH_KNOTS('',3,(#7261,#7262,#7263,#7264,#7265,
    #7266),.UNSPECIFIED.,.F.,.F.,(4,2,4),(0.,2.523621330946E-02,
    5.049666425867E-02),.UNSPECIFIED.);
#7261 = CARTESIAN_POINT('',(5.869422115524,1.000000014901,
    12.614449718628));
#7262 = CARTESIAN_POINT('',(5.796419107725,1.000000014901,
    12.656245111637));
#7263 = CARTESIAN_POINT('',(5.723332917597,1.000000014901,12.69807517446
    ));
#7264 = CARTESIAN_POINT('',(5.57723030504,1.000000014901,12.781666407632
    ));
#7265 = CARTESIAN_POINT('',(5.504053728195,1.000000014901,
    12.823519181351));
#7266 = CARTESIAN_POINT('',(5.430952497739,1.000000014901,
    12.865312572072));
#7267 = ORIENTED_EDGE('',*,*,#6006,.T.);
#7268 = ORIENTED_EDGE('',*,*,#7269,.T.);
#7269 = EDGE_CURVE('',#5971,#7216,#7270,.T.);
#7270 = B_SPLINE_CURVE_WITH_KNOTS('',3,(#7271,#7272,#7273,#7274,#7275,
    #7276),.UNSPECIFIED.,.F.,.F.,(4,2,4),(0.,2.517994954708E-02,
    5.034158057523E-02),.UNSPECIFIED.);
#7271 = CARTESIAN_POINT('',(5.430952497739,-1.000000014901,
    13.571841738947));
#7272 = CARTESIAN_POINT('',(5.504063099335,-1.000000014901,
    13.530615337848));
#7273 = CARTESIAN_POINT('',(5.577238896822,-1.000000014901,13.489313506)
  );
#7274 = CARTESIAN_POINT('',(5.723341272411,-1.000000014901,
    13.406781732053));
#7275 = CARTESIAN_POINT('',(5.796426799823,-1.000000014901,
    13.365462050307));
#7276 = CARTESIAN_POINT('',(5.869422115524,-1.000000014901,
    13.324162634947));
#7277 = B_SPLINE_SURFACE_WITH_KNOTS('',3,3,(
    (#7278,#7279,#7280,#7281,#7282,#7283,#7284,#7285,#7286,#7287,#7288
      ,#7289,#7290,#7291,#7292)
    ,(#7293,#7294,#7295,#7296,#7297,#7298,#7299,#7300,#7301,#7302,#7303
      ,#7304,#7305,#7306,#7307)
    ,(#7308,#7309,#7310,#7311,#7312,#7313,#7314,#7315,#7316,#7317,#7318
      ,#7319,#7320,#7321,#7322)
    ,(#7323,#7324,#7325,#7326,#7327,#7328,#7329,#7330,#7331,#7332,#7333
      ,#7334,#7335,#7336,#7337
    )),.UNSPECIFIED.,.F.,.F.,.F.,(4,4),(4,1,1,1,1,1,1,1,1,1,1,1,4),(0.,
    4.985419574452E-02),(18.850861981303,19.346335066651,19.841808151999
    ,20.337281237346,20.832754322694,21.328227408042,21.82370049339,
    22.319173578738,22.814646664086,23.310119749434,23.805592834781,
    24.301065920129,24.796539005477),.UNSPECIFIED.);
#7278 = CARTESIAN_POINT('',(5.869422115524,1.000000014901,
    12.614449718628));
#7279 = CARTESIAN_POINT('',(5.704264417947,1.969380243164,
    12.634163966303));
#7280 = CARTESIAN_POINT('',(4.884414051269,3.82376938835,12.673592461654
    ));
#7281 = CARTESIAN_POINT('',(2.478782849564,5.686411598316,
    12.732735204681));
#7282 = CARTESIAN_POINT('',(-0.522751359364,6.18105795098,
    12.791877947707));
#7283 = CARTESIAN_POINT('',(-3.398721554756,5.189239115008,
    12.851020690734));
#7284 = CARTESIAN_POINT('',(-5.457185129813,2.949274427094,
    12.910163433761));
#7285 = CARTESIAN_POINT('',(-6.203169675817,5.942163877061E-14,
    12.969306176787));
#7286 = CARTESIAN_POINT('',(-5.457185129813,-2.949274427093,
    13.028448919814));
#7287 = CARTESIAN_POINT('',(-3.398721554756,-5.189239115008,
    13.08759166284));
#7288 = CARTESIAN_POINT('',(-0.522751359364,-6.18105795098,
    13.146734405867));
#7289 = CARTESIAN_POINT('',(2.478782849564,-5.686411598316,
    13.205877148893));
#7290 = CARTESIAN_POINT('',(4.884414051269,-3.823769388351,
    13.26501989192));
#7291 = CARTESIAN_POINT('',(5.704264417947,-1.969380243164,
    13.304448387271));
#7292 = CARTESIAN_POINT('',(5.869422115524,-1.000000014901,
    13.324162634947));
#7293 = CARTESIAN_POINT('',(5.72754981688,0.975828589169,12.697540044868
    ));
#7294 = CARTESIAN_POINT('',(5.566384216264,1.921777515586,
    12.717254292544));
#7295 = CARTESIAN_POINT('',(4.766350801541,3.731343431939,
    12.756682787895));
#7296 = CARTESIAN_POINT('',(2.418867134902,5.548962924731,
    12.815825530922));
#7297 = CARTESIAN_POINT('',(-0.510115713893,6.031652969996,
    12.874968273948));
#7298 = CARTESIAN_POINT('',(-3.316569610334,5.063807809001,
    12.934111016975));
#7299 = CARTESIAN_POINT('',(-5.325277186705,2.877986260377,
    12.993253760001));
#7300 = CARTESIAN_POINT('',(-6.053230222926,4.812661652496E-14,
    13.052396503028));
#7301 = CARTESIAN_POINT('',(-5.325277186705,-2.877986260377,
    13.111539246054));
#7302 = CARTESIAN_POINT('',(-3.316569610334,-5.063807809001,
    13.170681989081));
#7303 = CARTESIAN_POINT('',(-0.510115713893,-6.031652969996,
    13.229824732108));
#7304 = CARTESIAN_POINT('',(2.418867134902,-5.548962924731,
    13.288967475134));
#7305 = CARTESIAN_POINT('',(4.766350801541,-3.731343431939,
    13.348110218161));
#7306 = CARTESIAN_POINT('',(5.566384216264,-1.921777515586,
    13.387538713512));
#7307 = CARTESIAN_POINT('',(5.72754981688,-0.975828589169,
    13.407252961187));
#7308 = CARTESIAN_POINT('',(5.585677518236,0.951657163436,
    12.780630371109));
#7309 = CARTESIAN_POINT('',(5.428504014582,1.874174788009,
    12.800344618785));
#7310 = CARTESIAN_POINT('',(4.648287551814,3.638917475528,
    12.839773114136));
#7311 = CARTESIAN_POINT('',(2.358951420239,5.411514251147,
    12.898915857162));
#7312 = CARTESIAN_POINT('',(-0.497480068422,5.882247989012,
    12.958058600189));
#7313 = CARTESIAN_POINT('',(-3.234417665912,4.938376502993,
    13.017201343216));
#7314 = CARTESIAN_POINT('',(-5.193369243597,2.80669809366,
    13.076344086242));
#7315 = CARTESIAN_POINT('',(-5.903290770035,3.228903098486E-14,
    13.135486829269));
#7316 = CARTESIAN_POINT('',(-5.193369243597,-2.80669809366,
    13.194629572295));
#7317 = CARTESIAN_POINT('',(-3.234417665912,-4.938376502993,
    13.253772315322));
#7318 = CARTESIAN_POINT('',(-0.497480068422,-5.882247989012,
    13.312915058348));
#7319 = CARTESIAN_POINT('',(2.358951420239,-5.411514251147,
    13.372057801375));
#7320 = CARTESIAN_POINT('',(4.648287551814,-3.638917475528,
    13.431200544402));
#7321 = CARTESIAN_POINT('',(5.428504014582,-1.874174788009,
    13.470629039753));
#7322 = CARTESIAN_POINT('',(5.585677518236,-0.951657163436,
    13.490343287428));
#7323 = CARTESIAN_POINT('',(5.443805219592,0.927485737704,12.86372069735
    ));
#7324 = CARTESIAN_POINT('',(5.2906238129,1.826572060432,12.883434945026)
  );
#7325 = CARTESIAN_POINT('',(4.530224302086,3.546491519116,
    12.922863440377));
#7326 = CARTESIAN_POINT('',(2.299035705577,5.274065577562,
    12.982006183403));
#7327 = CARTESIAN_POINT('',(-0.484844422951,5.732843008028,
    13.04114892643));
#7328 = CARTESIAN_POINT('',(-3.15226572149,4.812945196986,
    13.100291669456));
#7329 = CARTESIAN_POINT('',(-5.061461300489,2.735409926943,
    13.159434412483));
#7330 = CARTESIAN_POINT('',(-5.753351317145,1.866134110151E-14,
    13.21857715551));
#7331 = CARTESIAN_POINT('',(-5.061461300489,-2.735409926943,
    13.277719898536));
#7332 = CARTESIAN_POINT('',(-3.15226572149,-4.812945196986,
    13.336862641563));
#7333 = CARTESIAN_POINT('',(-0.484844422951,-5.732843008028,
    13.396005384589));
#7334 = CARTESIAN_POINT('',(2.299035705577,-5.274065577562,
    13.455148127616));
#7335 = CARTESIAN_POINT('',(4.530224302086,-3.546491519116,
    13.514290870642));
#7336 = CARTESIAN_POINT('',(5.2906238129,-1.826572060432,13.553719365994
    ));
#7337 = CARTESIAN_POINT('',(5.443805219592,-0.927485737704,
    13.573433613669));
#7338 = ADVANCED_FACE('',(#7339),#7404,.F.);
#7339 = FACE_BOUND('',#7340,.F.);
#7340 = EDGE_LOOP('',(#7341,#7385,#7394,#7395));
#7341 = ORIENTED_EDGE('',*,*,#7342,.T.);
#7342 = EDGE_CURVE('',#7343,#7345,#7347,.T.);
#7343 = VERTEX_POINT('',#7344);
#7344 = CARTESIAN_POINT('',(5.869422115524,-1.000000014901,
    14.074162634947));
#7345 = VERTEX_POINT('',#7346);
#7346 = CARTESIAN_POINT('',(5.869422115524,1.000000014901,
    13.364449718628));
#7347 = B_SPLINE_CURVE_WITH_KNOTS('',3,(#7348,#7349,#7350,#7351,#7352,
    #7353,#7354,#7355,#7356,#7357,#7358,#7359,#7360,#7361,#7362,#7363,
    #7364,#7365,#7366,#7367,#7368,#7369,#7370,#7371,#7372,#7373,#7374,
    #7375,#7376,#7377,#7378,#7379,#7380,#7381,#7382,#7383,#7384),
  .UNSPECIFIED.,.F.,.F.,(4,3,3,3,3,3,3,3,3,3,3,3,4),(-19.46475192481,
    -18.96927883946,-18.47380575412,-17.97833266877,-17.48285958342,
    -16.98738649807,-16.49191341273,-15.99644032738,-15.50096724203,
    -15.00549415668,-14.51002107133,-14.01454798599,-13.51907490064),
  .UNSPECIFIED.);
#7348 = CARTESIAN_POINT('',(5.869422115524,-1.000000014901,
    14.074162634947));
#7349 = CARTESIAN_POINT('',(5.704264417947,-1.969380243164,
    14.054448387271));
#7350 = CARTESIAN_POINT('',(5.294336696003,-2.896574546903,
    14.034734139595));
#7351 = CARTESIAN_POINT('',(4.688435180685,-3.670612199149,
    14.01501989192));
#7352 = CARTESIAN_POINT('',(4.082533665367,-4.444649851395,
    13.995305644244));
#7353 = CARTESIAN_POINT('',(3.280658356674,-5.065530852147,
    13.975591396569));
#7354 = CARTESIAN_POINT('',(2.379464826647,-5.458412419041,
    13.955877148893));
#7355 = CARTESIAN_POINT('',(1.478271296621,-5.851293985935,
    13.936162901218));
#7356 = CARTESIAN_POINT('',(0.477759545261,-6.01617611897,
    13.916448653542));
#7357 = CARTESIAN_POINT('',(-0.501824548656,-5.933314037864,
    13.896734405867));
#7358 = CARTESIAN_POINT('',(-1.481408642572,-5.850451956758,
    13.877020158191));
#7359 = CARTESIAN_POINT('',(-2.440065079046,-5.519845661511,
    13.857305910516));
#7360 = CARTESIAN_POINT('',(-3.262470645464,-4.98121505182,
    13.83759166284));
#7361 = CARTESIAN_POINT('',(-4.084876211883,-4.442584442129,
    13.817877415165));
#7362 = CARTESIAN_POINT('',(-4.771030908246,-3.695929517995,
    13.798163167489));
#7363 = CARTESIAN_POINT('',(-5.238438968864,-2.831056290285,
    13.778448919814));
#7364 = CARTESIAN_POINT('',(-5.705847029483,-1.966183062574,
    13.758734672138));
#7365 = CARTESIAN_POINT('',(-5.954508454355,-0.983091531287,
    13.739020424463));
#7366 = CARTESIAN_POINT('',(-5.954508454355,1.769417945496E-14,
    13.719306176787));
#7367 = CARTESIAN_POINT('',(-5.954508454355,0.983091531287,
    13.699591929112));
#7368 = CARTESIAN_POINT('',(-5.705847029483,1.966183062574,
    13.679877681436));
#7369 = CARTESIAN_POINT('',(-5.238438968864,2.831056290285,
    13.660163433761));
#7370 = CARTESIAN_POINT('',(-4.771030908246,3.695929517995,
    13.640449186085));
#7371 = CARTESIAN_POINT('',(-4.084876211883,4.442584442129,
    13.620734938409));
#7372 = CARTESIAN_POINT('',(-3.262470645464,4.98121505182,
    13.601020690734));
#7373 = CARTESIAN_POINT('',(-2.440065079046,5.519845661511,
    13.581306443058));
#7374 = CARTESIAN_POINT('',(-1.481408642572,5.850451956758,
    13.561592195383));
#7375 = CARTESIAN_POINT('',(-0.501824548656,5.933314037864,
    13.541877947707));
#7376 = CARTESIAN_POINT('',(0.477759545261,6.01617611897,13.522163700032
    ));
#7377 = CARTESIAN_POINT('',(1.478271296621,5.851293985935,
    13.502449452356));
#7378 = CARTESIAN_POINT('',(2.379464826647,5.458412419041,
    13.482735204681));
#7379 = CARTESIAN_POINT('',(3.280658356674,5.065530852147,
    13.463020957005));
#7380 = CARTESIAN_POINT('',(4.082533665367,4.444649851395,13.44330670933
    ));
#7381 = CARTESIAN_POINT('',(4.688435180685,3.670612199149,
    13.423592461654));
#7382 = CARTESIAN_POINT('',(5.294336696003,2.896574546903,
    13.403878213979));
#7383 = CARTESIAN_POINT('',(5.704264417947,1.969380243164,
    13.384163966303));
#7384 = CARTESIAN_POINT('',(5.869422115524,1.000000014901,
    13.364449718628));
#7385 = ORIENTED_EDGE('',*,*,#7386,.T.);
#7386 = EDGE_CURVE('',#7345,#6063,#7387,.T.);
#7387 = B_SPLINE_CURVE_WITH_KNOTS('',3,(#7388,#7389,#7390,#7391,#7392,
    #7393),.UNSPECIFIED.,.F.,.F.,(4,2,4),(0.,2.523621331011E-02,
    5.049666426234E-02),.UNSPECIFIED.);
#7388 = CARTESIAN_POINT('',(5.869422115524,1.000000014901,
    13.364449718628));
#7389 = CARTESIAN_POINT('',(5.796419107723,1.000000014901,
    13.406245111638));
#7390 = CARTESIAN_POINT('',(5.723332917596,1.000000014901,
    13.448075174461));
#7391 = CARTESIAN_POINT('',(5.577230305034,1.000000014901,
    13.531666407635));
#7392 = CARTESIAN_POINT('',(5.504053728192,1.000000014901,
    13.573519181352));
#7393 = CARTESIAN_POINT('',(5.430952497739,1.000000014901,
    13.615312572072));
#7394 = ORIENTED_EDGE('',*,*,#6070,.T.);
#7395 = ORIENTED_EDGE('',*,*,#7396,.T.);
#7396 = EDGE_CURVE('',#6035,#7343,#7397,.T.);
#7397 = B_SPLINE_CURVE_WITH_KNOTS('',3,(#7398,#7399,#7400,#7401,#7402,
    #7403),.UNSPECIFIED.,.F.,.F.,(4,2,4),(0.,2.517994954779E-02,
    5.034158057538E-02),.UNSPECIFIED.);
#7398 = CARTESIAN_POINT('',(5.430952497739,-1.000000014901,
    14.321841738947));
#7399 = CARTESIAN_POINT('',(5.504063099337,-1.000000014901,
    14.280615337847));
#7400 = CARTESIAN_POINT('',(5.577238896826,-1.000000014901,
    14.239313505997));
#7401 = CARTESIAN_POINT('',(5.723341272403,-1.000000014901,
    14.156781732057));
#7402 = CARTESIAN_POINT('',(5.796426799804,-1.000000014901,
    14.115462050317));
#7403 = CARTESIAN_POINT('',(5.869422115524,-1.000000014901,
    14.074162634947));
#7404 = B_SPLINE_SURFACE_WITH_KNOTS('',3,3,(
    (#7405,#7406,#7407,#7408,#7409,#7410,#7411,#7412,#7413,#7414,#7415
      ,#7416,#7417,#7418,#7419)
    ,(#7420,#7421,#7422,#7423,#7424,#7425,#7426,#7427,#7428,#7429,#7430
      ,#7431,#7432,#7433,#7434)
    ,(#7435,#7436,#7437,#7438,#7439,#7440,#7441,#7442,#7443,#7444,#7445
      ,#7446,#7447,#7448,#7449)
    ,(#7450,#7451,#7452,#7453,#7454,#7455,#7456,#7457,#7458,#7459,#7460
      ,#7461,#7462,#7463,#7464
    )),.UNSPECIFIED.,.F.,.F.,.F.,(4,4),(4,1,1,1,1,1,1,1,1,1,1,1,4),(0.,
    4.985419574452E-02),(25.134047288482,25.62952037383,26.124993459178,
    26.620466544526,27.115939629874,27.611412715222,28.10688580057,
    28.602358885917,29.097831971265,29.593305056613,30.088778141961,
    30.584251227309,31.079724312657),.UNSPECIFIED.);
#7405 = CARTESIAN_POINT('',(5.869422115524,1.000000014901,
    13.364449718628));
#7406 = CARTESIAN_POINT('',(5.704264417947,1.969380243164,
    13.384163966303));
#7407 = CARTESIAN_POINT('',(4.88440897406,3.823768850643,13.423592461654
    ));
#7408 = CARTESIAN_POINT('',(2.478783047981,5.686411852899,
    13.482735204681));
#7409 = CARTESIAN_POINT('',(-0.522752206099,6.181058252006,
    13.541877947707));
#7410 = CARTESIAN_POINT('',(-3.398721515519,5.189239366263,
    13.601020690734));
#7411 = CARTESIAN_POINT('',(-5.45718560461,2.949274593861,
    13.660163433761));
#7412 = CARTESIAN_POINT('',(-6.203169879227,1.877079094577E-14,
    13.719306176787));
#7413 = CARTESIAN_POINT('',(-5.45718560461,-2.949274593861,
    13.778448919814));
#7414 = CARTESIAN_POINT('',(-3.398721515519,-5.189239366263,
    13.83759166284));
#7415 = CARTESIAN_POINT('',(-0.522752206099,-6.181058252006,
    13.896734405867));
#7416 = CARTESIAN_POINT('',(2.478783047981,-5.686411852899,
    13.955877148893));
#7417 = CARTESIAN_POINT('',(4.88440897406,-3.823768850643,14.01501989192
    ));
#7418 = CARTESIAN_POINT('',(5.704264417947,-1.969380243164,
    14.054448387271));
#7419 = CARTESIAN_POINT('',(5.869422115524,-1.000000014901,
    14.074162634947));
#7420 = CARTESIAN_POINT('',(5.72754981688,0.975828589169,13.447540044868
    ));
#7421 = CARTESIAN_POINT('',(5.566384216264,1.921777515586,
    13.467254292544));
#7422 = CARTESIAN_POINT('',(4.766345847055,3.731342907229,
    13.506682787895));
#7423 = CARTESIAN_POINT('',(2.418867328522,5.548963173161,
    13.565825530922));
#7424 = CARTESIAN_POINT('',(-0.510116540161,6.031653263746,
    13.624968273948));
#7425 = CARTESIAN_POINT('',(-3.316569572045,5.063808054182,
    13.684111016975));
#7426 = CARTESIAN_POINT('',(-5.325277650026,2.877986423114,
    13.743253760001));
#7427 = CARTESIAN_POINT('',(-6.05323042142,4.997418368678E-15,
    13.802396503028));
#7428 = CARTESIAN_POINT('',(-5.325277650026,-2.877986423114,
    13.861539246054));
#7429 = CARTESIAN_POINT('',(-3.316569572045,-5.063808054182,
    13.920681989081));
#7430 = CARTESIAN_POINT('',(-0.510116540161,-6.031653263746,
    13.979824732108));
#7431 = CARTESIAN_POINT('',(2.418867328522,-5.548963173161,
    14.038967475134));
#7432 = CARTESIAN_POINT('',(4.766345847055,-3.731342907229,
    14.098110218161));
#7433 = CARTESIAN_POINT('',(5.566384216264,-1.921777515586,
    14.137538713512));
#7434 = CARTESIAN_POINT('',(5.72754981688,-0.975828589169,
    14.157252961187));
#7435 = CARTESIAN_POINT('',(5.585677518236,0.951657163436,
    13.530630371109));
#7436 = CARTESIAN_POINT('',(5.428504014582,1.874174788009,
    13.550344618785));
#7437 = CARTESIAN_POINT('',(4.648282720051,3.638916963815,
    13.589773114136));
#7438 = CARTESIAN_POINT('',(2.358951609064,5.411514493422,
    13.648915857162));
#7439 = CARTESIAN_POINT('',(-0.497480874223,5.882248275485,
    13.708058600189));
#7440 = CARTESIAN_POINT('',(-3.234417628572,4.938376742102,
    13.767201343216));
#7441 = CARTESIAN_POINT('',(-5.193369695441,2.806698252366,
    13.826344086242));
#7442 = CARTESIAN_POINT('',(-5.903290963612,-7.191406920781E-15,
    13.885486829269));
#7443 = CARTESIAN_POINT('',(-5.193369695441,-2.806698252366,
    13.944629572295));
#7444 = CARTESIAN_POINT('',(-3.234417628572,-4.938376742102,
    14.003772315322));
#7445 = CARTESIAN_POINT('',(-0.497480874223,-5.882248275485,
    14.062915058348));
#7446 = CARTESIAN_POINT('',(2.358951609064,-5.411514493422,
    14.122057801375));
#7447 = CARTESIAN_POINT('',(4.648282720051,-3.638916963815,
    14.181200544402));
#7448 = CARTESIAN_POINT('',(5.428504014582,-1.874174788009,
    14.220629039753));
#7449 = CARTESIAN_POINT('',(5.585677518236,-0.951657163436,
    14.240343287428));
#7450 = CARTESIAN_POINT('',(5.443805219592,0.927485737704,13.61372069735
    ));
#7451 = CARTESIAN_POINT('',(5.2906238129,1.826572060432,13.633434945026)
  );
#7452 = CARTESIAN_POINT('',(4.530219593047,3.5464910204,13.672863440377)
  );
#7453 = CARTESIAN_POINT('',(2.299035889605,5.274065813684,
    13.732006183403));
#7454 = CARTESIAN_POINT('',(-0.484845208285,5.732843287225,
    13.79114892643));
#7455 = CARTESIAN_POINT('',(-3.152265685098,4.812945430021,
    13.850291669456));
#7456 = CARTESIAN_POINT('',(-5.061461740856,2.735410081618,
    13.909434412483));
#7457 = CARTESIAN_POINT('',(-5.753351505805,-1.938023221024E-14,
    13.96857715551));
#7458 = CARTESIAN_POINT('',(-5.061461740856,-2.735410081618,
    14.027719898536));
#7459 = CARTESIAN_POINT('',(-3.152265685098,-4.812945430021,
    14.086862641563));
#7460 = CARTESIAN_POINT('',(-0.484845208285,-5.732843287225,
    14.146005384589));
#7461 = CARTESIAN_POINT('',(2.299035889605,-5.274065813684,
    14.205148127616));
#7462 = CARTESIAN_POINT('',(4.530219593047,-3.5464910204,14.264290870643
    ));
#7463 = CARTESIAN_POINT('',(5.2906238129,-1.826572060432,14.303719365994
    ));
#7464 = CARTESIAN_POINT('',(5.443805219592,-0.927485737704,
    14.323433613669));
#7465 = ADVANCED_FACE('',(#7466),#7531,.F.);
#7466 = FACE_BOUND('',#7467,.F.);
#7467 = EDGE_LOOP('',(#7468,#7512,#7521,#7522));
#7468 = ORIENTED_EDGE('',*,*,#7469,.T.);
#7469 = EDGE_CURVE('',#7470,#7472,#7474,.T.);
#7470 = VERTEX_POINT('',#7471);
#7471 = CARTESIAN_POINT('',(5.869422115524,-1.000000014901,
    14.824162634947));
#7472 = VERTEX_POINT('',#7473);
#7473 = CARTESIAN_POINT('',(5.869422115524,1.000000014901,
    14.114449718628));
#7474 = B_SPLINE_CURVE_WITH_KNOTS('',3,(#7475,#7476,#7477,#7478,#7479,
    #7480,#7481,#7482,#7483,#7484,#7485,#7486,#7487,#7488,#7489,#7490,
    #7491,#7492,#7493,#7494,#7495,#7496,#7497,#7498,#7499,#7500,#7501,
    #7502,#7503,#7504,#7505,#7506,#7507,#7508,#7509,#7510,#7511),
  .UNSPECIFIED.,.F.,.F.,(4,3,3,3,3,3,3,3,3,3,3,3,4),(-25.74793723199,
    -25.25246414664,-24.7569910613,-24.26151797595,-23.7660448906,
    -23.27057180525,-22.77509871991,-22.27962563456,-21.78415254921,
    -21.28867946386,-20.79320637851,-20.29773329317,-19.80226020782),
  .UNSPECIFIED.);
#7475 = CARTESIAN_POINT('',(5.869422115524,-1.000000014901,
    14.824162634947));
#7476 = CARTESIAN_POINT('',(5.704264417947,-1.969380243164,
    14.804448387271));
#7477 = CARTESIAN_POINT('',(5.294334237209,-2.896574288422,
    14.784734139595));
#7478 = CARTESIAN_POINT('',(4.688432334429,-3.670611938598,
    14.76501989192));
#7479 = CARTESIAN_POINT('',(4.082530431648,-4.444649588774,
    14.745305644244));
#7480 = CARTESIAN_POINT('',(3.280656806824,-5.065530843866,
    14.725591396569));
#7481 = CARTESIAN_POINT('',(2.379463957959,-5.45841254657,
    14.705877148893));
#7482 = CARTESIAN_POINT('',(1.478271109094,-5.851294249274,
    14.686162901218));
#7483 = CARTESIAN_POINT('',(0.477759036187,-6.01617639959,
    14.666448653542));
#7484 = CARTESIAN_POINT('',(-0.501825076641,-5.933314319108,
    14.646734405867));
#7485 = CARTESIAN_POINT('',(-1.481409189469,-5.850452238626,
    14.627020158191));
#7486 = CARTESIAN_POINT('',(-2.44006534222,-5.519845927346,
    14.607305910516));
#7487 = CARTESIAN_POINT('',(-3.262470847832,-4.981215295545,
    14.58759166284));
#7488 = CARTESIAN_POINT('',(-4.084876353444,-4.442584663744,
    14.567877415165));
#7489 = CARTESIAN_POINT('',(-4.771031211918,-3.695929711421,
    14.548163167489));
#7490 = CARTESIAN_POINT('',(-5.238439310947,-2.831056442077,
    14.528448919814));
#7491 = CARTESIAN_POINT('',(-5.705847409975,-1.966183172733,
    14.508734672138));
#7492 = CARTESIAN_POINT('',(-5.954508749557,-0.983091586366,
    14.489020424463));
#7493 = CARTESIAN_POINT('',(-5.954508749557,1.915134717478E-14,
    14.469306176787));
#7494 = CARTESIAN_POINT('',(-5.954508749557,0.983091586366,
    14.449591929112));
#7495 = CARTESIAN_POINT('',(-5.705847409975,1.966183172733,
    14.429877681436));
#7496 = CARTESIAN_POINT('',(-5.238439310947,2.831056442077,
    14.410163433761));
#7497 = CARTESIAN_POINT('',(-4.771031211918,3.695929711421,
    14.390449186085));
#7498 = CARTESIAN_POINT('',(-4.084876353444,4.442584663744,
    14.370734938409));
#7499 = CARTESIAN_POINT('',(-3.262470847832,4.981215295545,
    14.351020690734));
#7500 = CARTESIAN_POINT('',(-2.44006534222,5.519845927346,
    14.331306443058));
#7501 = CARTESIAN_POINT('',(-1.481409189469,5.850452238626,
    14.311592195383));
#7502 = CARTESIAN_POINT('',(-0.501825076641,5.933314319108,
    14.291877947707));
#7503 = CARTESIAN_POINT('',(0.477759036187,6.01617639959,14.272163700032
    ));
#7504 = CARTESIAN_POINT('',(1.478271109094,5.851294249274,
    14.252449452356));
#7505 = CARTESIAN_POINT('',(2.379463957959,5.45841254657,14.232735204681
    ));
#7506 = CARTESIAN_POINT('',(3.280656806824,5.065530843866,
    14.213020957005));
#7507 = CARTESIAN_POINT('',(4.082530431648,4.444649588774,14.19330670933
    ));
#7508 = CARTESIAN_POINT('',(4.688432334429,3.670611938598,
    14.173592461654));
#7509 = CARTESIAN_POINT('',(5.294334237209,2.896574288422,
    14.153878213979));
#7510 = CARTESIAN_POINT('',(5.704264417947,1.969380243164,
    14.134163966303));
#7511 = CARTESIAN_POINT('',(5.869422115524,1.000000014901,
    14.114449718628));
#7512 = ORIENTED_EDGE('',*,*,#7513,.T.);
#7513 = EDGE_CURVE('',#7472,#6127,#7514,.T.);
#7514 = B_SPLINE_CURVE_WITH_KNOTS('',3,(#7515,#7516,#7517,#7518,#7519,
    #7520),.UNSPECIFIED.,.F.,.F.,(4,2,4),(0.,2.523621330285E-02,
    5.049666424874E-02),.UNSPECIFIED.);
#7515 = CARTESIAN_POINT('',(5.869422115524,1.000000014901,
    14.114449718628));
#7516 = CARTESIAN_POINT('',(5.796419107744,1.000000014901,
    14.156245111626));
#7517 = CARTESIAN_POINT('',(5.723332917606,1.000000014901,
    14.198075174455));
#7518 = CARTESIAN_POINT('',(5.577230305022,1.000000014901,
    14.281666407642));
#7519 = CARTESIAN_POINT('',(5.504053728187,1.000000014901,
    14.323519181356));
#7520 = CARTESIAN_POINT('',(5.430952497739,1.000000014901,
    14.365312572072));
#7521 = ORIENTED_EDGE('',*,*,#6134,.T.);
#7522 = ORIENTED_EDGE('',*,*,#7523,.T.);
#7523 = EDGE_CURVE('',#6099,#7470,#7524,.T.);
#7524 = B_SPLINE_CURVE_WITH_KNOTS('',3,(#7525,#7526,#7527,#7528,#7529,
    #7530),.UNSPECIFIED.,.F.,.F.,(4,2,4),(0.,2.517994954663E-02,
    5.034158057182E-02),.UNSPECIFIED.);
#7525 = CARTESIAN_POINT('',(5.430952497739,-1.000000014901,
    15.071841738947));
#7526 = CARTESIAN_POINT('',(5.504063099334,-1.000000014901,
    15.030615337849));
#7527 = CARTESIAN_POINT('',(5.577238896819,-1.000000014901,
    14.989313506001));
#7528 = CARTESIAN_POINT('',(5.723341272407,-1.000000014901,
    14.906781732055));
#7529 = CARTESIAN_POINT('',(5.796426799813,-1.000000014901,
    14.865462050312));
#7530 = CARTESIAN_POINT('',(5.869422115524,-1.000000014901,
    14.824162634947));
#7531 = B_SPLINE_SURFACE_WITH_KNOTS('',3,3,(
    (#7532,#7533,#7534,#7535,#7536,#7537,#7538,#7539,#7540,#7541,#7542
      ,#7543,#7544,#7545,#7546)
    ,(#7547,#7548,#7549,#7550,#7551,#7552,#7553,#7554,#7555,#7556,#7557
      ,#7558,#7559,#7560,#7561)
    ,(#7562,#7563,#7564,#7565,#7566,#7567,#7568,#7569,#7570,#7571,#7572
      ,#7573,#7574,#7575,#7576)
    ,(#7577,#7578,#7579,#7580,#7581,#7582,#7583,#7584,#7585,#7586,#7587
      ,#7588,#7589,#7590,#7591
    )),.UNSPECIFIED.,.F.,.F.,.F.,(4,4),(4,1,1,1,1,1,1,1,1,1,1,1,4),(0.,
    4.985419574452E-02),(31.417232595662,31.91270568101,32.408178766358,
    32.903651851706,33.399124937054,33.894598022401,34.390071107749,
    34.885544193097,35.381017278445,35.876490363793,36.371963449141,
    36.867436534488,37.362909619836),.UNSPECIFIED.);
#7532 = CARTESIAN_POINT('',(5.869422115524,1.000000014901,
    14.114449718628));
#7533 = CARTESIAN_POINT('',(5.704264417947,1.969380243164,
    14.134163966303));
#7534 = CARTESIAN_POINT('',(4.884404056472,3.823768333681,
    14.173592461654));
#7535 = CARTESIAN_POINT('',(2.478783182,5.686412098959,14.232735204681)
  );
#7536 = CARTESIAN_POINT('',(-0.522753036719,6.181058549905,
    14.291877947707));
#7537 = CARTESIAN_POINT('',(-3.39872149497,5.189239616066,
    14.351020690734));
#7538 = CARTESIAN_POINT('',(-5.457186070393,2.949274759099,
    14.410163433761));
#7539 = CARTESIAN_POINT('',(-6.203170089139,1.960650783342E-14,
    14.469306176787));
#7540 = CARTESIAN_POINT('',(-5.457186070393,-2.949274759099,
    14.528448919814));
#7541 = CARTESIAN_POINT('',(-3.39872149497,-5.189239616066,
    14.58759166284));
#7542 = CARTESIAN_POINT('',(-0.522753036719,-6.181058549905,
    14.646734405867));
#7543 = CARTESIAN_POINT('',(2.478783182,-5.686412098959,14.705877148893)
  );
#7544 = CARTESIAN_POINT('',(4.884404056472,-3.823768333681,
    14.76501989192));
#7545 = CARTESIAN_POINT('',(5.704264417947,-1.969380243164,
    14.804448387271));
#7546 = CARTESIAN_POINT('',(5.869422115524,-1.000000014901,
    14.824162634947));
#7547 = CARTESIAN_POINT('',(5.72754981688,0.975828589169,14.197540044868
    ));
#7548 = CARTESIAN_POINT('',(5.566384216264,1.921777515586,
    14.217254292544));
#7549 = CARTESIAN_POINT('',(4.766341048333,3.731342402762,
    14.256682787895));
#7550 = CARTESIAN_POINT('',(2.418867459302,5.548963413273,
    14.315825530922));
#7551 = CARTESIAN_POINT('',(-0.510117350704,6.031653554445,
    14.374968273948));
#7552 = CARTESIAN_POINT('',(-3.316569551993,5.063808297947,
    14.434111016975));
#7553 = CARTESIAN_POINT('',(-5.325278104549,2.877986584357,
    14.493253760001));
#7554 = CARTESIAN_POINT('',(-6.053230626258,7.503725220199E-15,
    14.552396503028));
#7555 = CARTESIAN_POINT('',(-5.325278104549,-2.877986584357,
    14.611539246054));
#7556 = CARTESIAN_POINT('',(-3.316569551993,-5.063808297947,
    14.670681989081));
#7557 = CARTESIAN_POINT('',(-0.510117350704,-6.031653554445,
    14.729824732108));
#7558 = CARTESIAN_POINT('',(2.418867459302,-5.548963413273,
    14.788967475134));
#7559 = CARTESIAN_POINT('',(4.766341048333,-3.731342402762,
    14.848110218161));
#7560 = CARTESIAN_POINT('',(5.566384216264,-1.921777515586,
    14.887538713512));
#7561 = CARTESIAN_POINT('',(5.72754981688,-0.975828589169,
    14.907252961187));
#7562 = CARTESIAN_POINT('',(5.585677518236,0.951657163436,
    14.280630371109));
#7563 = CARTESIAN_POINT('',(5.428504014582,1.874174788009,
    14.300344618785));
#7564 = CARTESIAN_POINT('',(4.648278040194,3.638916471844,
    14.339773114136));
#7565 = CARTESIAN_POINT('',(2.358951736605,5.411514727587,
    14.398915857162));
#7566 = CARTESIAN_POINT('',(-0.497481664689,5.882248558984,
    14.458058600189));
#7567 = CARTESIAN_POINT('',(-3.234417609016,4.938376979829,
    14.517201343216));
#7568 = CARTESIAN_POINT('',(-5.193370138706,2.806698409615,
    14.576344086242));
#7569 = CARTESIAN_POINT('',(-5.903291163376,-5.93036348048E-15,
    14.635486829269));
#7570 = CARTESIAN_POINT('',(-5.193370138706,-2.806698409615,
    14.694629572295));
#7571 = CARTESIAN_POINT('',(-3.234417609016,-4.938376979829,
    14.753772315322));
#7572 = CARTESIAN_POINT('',(-0.497481664689,-5.882248558984,
    14.812915058348));
#7573 = CARTESIAN_POINT('',(2.358951736605,-5.411514727587,
    14.872057801375));
#7574 = CARTESIAN_POINT('',(4.648278040194,-3.638916471844,
    14.931200544402));
#7575 = CARTESIAN_POINT('',(5.428504014582,-1.874174788009,
    14.970629039753));
#7576 = CARTESIAN_POINT('',(5.585677518236,-0.951657163436,
    14.990343287428));
#7577 = CARTESIAN_POINT('',(5.443805219592,0.927485737704,14.36372069735
    ));
#7578 = CARTESIAN_POINT('',(5.2906238129,1.826572060432,14.383434945026)
  );
#7579 = CARTESIAN_POINT('',(4.530215032055,3.546490540925,
    14.422863440377));
#7580 = CARTESIAN_POINT('',(2.299036013907,5.274066041901,
    14.482006183403));
#7581 = CARTESIAN_POINT('',(-0.484845978674,5.732843563523,
    14.54114892643));
#7582 = CARTESIAN_POINT('',(-3.152265666039,4.81294566171,
    14.600291669456));
#7583 = CARTESIAN_POINT('',(-5.061462172863,2.735410234873,
    14.659434412483));
#7584 = CARTESIAN_POINT('',(-5.753351700495,-1.87593130505E-14,
    14.71857715551));
#7585 = CARTESIAN_POINT('',(-5.061462172863,-2.735410234873,
    14.777719898536));
#7586 = CARTESIAN_POINT('',(-3.152265666039,-4.81294566171,
    14.836862641563));
#7587 = CARTESIAN_POINT('',(-0.484845978674,-5.732843563523,
    14.896005384589));
#7588 = CARTESIAN_POINT('',(2.299036013907,-5.274066041901,
    14.955148127616));
#7589 = CARTESIAN_POINT('',(4.530215032055,-3.546490540925,
    15.014290870642));
#7590 = CARTESIAN_POINT('',(5.2906238129,-1.826572060432,15.053719365994
    ));
#7591 = CARTESIAN_POINT('',(5.443805219592,-0.927485737704,
    15.073433613669));
#7592 = ADVANCED_FACE('',(#7593),#7658,.F.);
#7593 = FACE_BOUND('',#7594,.F.);
#7594 = EDGE_LOOP('',(#7595,#7639,#7648,#7649));
#7595 = ORIENTED_EDGE('',*,*,#7596,.T.);
#7596 = EDGE_CURVE('',#7597,#7599,#7601,.T.);
#7597 = VERTEX_POINT('',#7598);
#7598 = CARTESIAN_POINT('',(5.869422115524,-1.000000014901,
    15.574162634947));
#7599 = VERTEX_POINT('',#7600);
#7600 = CARTESIAN_POINT('',(5.869422115524,1.000000014901,
    14.864449718628));
#7601 = B_SPLINE_CURVE_WITH_KNOTS('',3,(#7602,#7603,#7604,#7605,#7606,
    #7607,#7608,#7609,#7610,#7611,#7612,#7613,#7614,#7615,#7616,#7617,
    #7618,#7619,#7620,#7621,#7622,#7623,#7624,#7625,#7626,#7627,#7628,
    #7629,#7630,#7631,#7632,#7633,#7634,#7635,#7636,#7637,#7638),
  .UNSPECIFIED.,.F.,.F.,(4,3,3,3,3,3,3,3,3,3,3,3,4),(-32.03112253917,
    -31.53564945382,-31.04017636848,-30.54470328313,-30.04923019778,
    -29.55375711243,-29.05828402708,-28.56281094174,-28.06733785639,
    -27.57186477104,-27.07639168569,-26.58091860035,-26.085445515),
  .UNSPECIFIED.);
#7602 = CARTESIAN_POINT('',(5.869422115524,-1.000000014901,
    15.574162634947));
#7603 = CARTESIAN_POINT('',(5.704264417947,-1.969380243164,
    15.554448387271));
#7604 = CARTESIAN_POINT('',(5.294331853957,-2.896574039752,
    15.534734139595));
#7605 = CARTESIAN_POINT('',(4.68842956644,-3.670611688171,15.51501989192
    ));
#7606 = CARTESIAN_POINT('',(4.082527278924,-4.44464933659,
    15.495305644244));
#7607 = CARTESIAN_POINT('',(3.28065526788,-5.06553083684,15.475591396569
    ));
#7608 = CARTESIAN_POINT('',(2.379463077404,-5.458412671565,
    15.455877148893));
#7609 = CARTESIAN_POINT('',(1.478270886928,-5.851294506289,
    15.436162901218));
#7610 = CARTESIAN_POINT('',(0.477758517018,-6.016176675488,
    15.416448653542));
#7611 = CARTESIAN_POINT('',(-0.501825607782,-5.933314596705,
    15.396734405867));
#7612 = CARTESIAN_POINT('',(-1.481409732582,-5.850452517921,
    15.377020158191));
#7613 = CARTESIAN_POINT('',(-2.440065612274,-5.519846191156,
    15.357305910516));
#7614 = CARTESIAN_POINT('',(-3.262471058121,-4.981215537514,
    15.33759166284));
#7615 = CARTESIAN_POINT('',(-4.084876503969,-4.442584883872,
    15.317877415165));
#7616 = CARTESIAN_POINT('',(-4.771031515972,-3.695929903355,
    15.298163167489));
#7617 = CARTESIAN_POINT('',(-5.238439651481,-2.831056592623,
    15.278448919814));
#7618 = CARTESIAN_POINT('',(-5.70584778699,-1.966183281891,
    15.258734672138));
#7619 = CARTESIAN_POINT('',(-5.954509046005,-0.983091640946,
    15.239020424463));
#7620 = CARTESIAN_POINT('',(-5.954509046005,6.28663787694E-14,
    15.219306176787));
#7621 = CARTESIAN_POINT('',(-5.954509046005,0.983091640946,
    15.199591929112));
#7622 = CARTESIAN_POINT('',(-5.70584778699,1.966183281891,
    15.179877681436));
#7623 = CARTESIAN_POINT('',(-5.238439651481,2.831056592623,
    15.160163433761));
#7624 = CARTESIAN_POINT('',(-4.771031515972,3.695929903355,
    15.140449186085));
#7625 = CARTESIAN_POINT('',(-4.084876503969,4.442584883872,
    15.120734938409));
#7626 = CARTESIAN_POINT('',(-3.262471058121,4.981215537514,
    15.101020690734));
#7627 = CARTESIAN_POINT('',(-2.440065612274,5.519846191156,
    15.081306443058));
#7628 = CARTESIAN_POINT('',(-1.481409732582,5.850452517921,
    15.061592195383));
#7629 = CARTESIAN_POINT('',(-0.501825607782,5.933314596705,
    15.041877947707));
#7630 = CARTESIAN_POINT('',(0.477758517018,6.016176675488,
    15.022163700032));
#7631 = CARTESIAN_POINT('',(1.478270886928,5.851294506289,
    15.002449452356));
#7632 = CARTESIAN_POINT('',(2.379463077404,5.458412671565,
    14.982735204681));
#7633 = CARTESIAN_POINT('',(3.28065526788,5.06553083684,14.963020957005)
  );
#7634 = CARTESIAN_POINT('',(4.082527278924,4.44464933659,14.94330670933)
  );
#7635 = CARTESIAN_POINT('',(4.68842956644,3.670611688171,14.923592461654
    ));
#7636 = CARTESIAN_POINT('',(5.294331853957,2.896574039751,
    14.903878213979));
#7637 = CARTESIAN_POINT('',(5.704264417947,1.969380243164,
    14.884163966303));
#7638 = CARTESIAN_POINT('',(5.869422115524,1.000000014901,
    14.864449718628));
#7639 = ORIENTED_EDGE('',*,*,#7640,.T.);
#7640 = EDGE_CURVE('',#7599,#6191,#7641,.T.);
#7641 = B_SPLINE_CURVE_WITH_KNOTS('',3,(#7642,#7643,#7644,#7645,#7646,
    #7647),.UNSPECIFIED.,.F.,.F.,(4,2,4),(0.,2.523621330579E-02,
    5.049666424239E-02),.UNSPECIFIED.);
#7642 = CARTESIAN_POINT('',(5.869422115524,1.000000014901,
    14.864449718628));
#7643 = CARTESIAN_POINT('',(5.796419107736,1.000000014901,
    14.906245111631));
#7644 = CARTESIAN_POINT('',(5.723332917602,1.000000014901,
    14.948075174457));
#7645 = CARTESIAN_POINT('',(5.577230305061,1.000000014901,15.03166640762
    ));
#7646 = CARTESIAN_POINT('',(5.504053728205,1.000000014901,
    15.073519181345));
#7647 = CARTESIAN_POINT('',(5.430952497739,1.000000014901,
    15.115312572072));
#7648 = ORIENTED_EDGE('',*,*,#6198,.T.);
#7649 = ORIENTED_EDGE('',*,*,#7650,.T.);
#7650 = EDGE_CURVE('',#6163,#7597,#7651,.T.);
#7651 = B_SPLINE_CURVE_WITH_KNOTS('',3,(#7652,#7653,#7654,#7655,#7656,
    #7657),.UNSPECIFIED.,.F.,.F.,(4,2,4),(0.,2.517994954708E-02,
    5.034158057664E-02),.UNSPECIFIED.);
#7652 = CARTESIAN_POINT('',(5.430952497739,-1.000000014901,
    15.821841738947));
#7653 = CARTESIAN_POINT('',(5.504063099335,-1.000000014901,
    15.780615337848));
#7654 = CARTESIAN_POINT('',(5.577238896822,-1.000000014901,
    15.739313505999));
#7655 = CARTESIAN_POINT('',(5.723341272415,-1.000000014901,
    15.65678173205));
#7656 = CARTESIAN_POINT('',(5.796426799832,-1.000000014901,
    15.615462050302));
#7657 = CARTESIAN_POINT('',(5.869422115524,-1.000000014901,
    15.574162634947));
#7658 = B_SPLINE_SURFACE_WITH_KNOTS('',3,3,(
    (#7659,#7660,#7661,#7662,#7663,#7664,#7665,#7666,#7667,#7668,#7669
      ,#7670,#7671,#7672,#7673)
    ,(#7674,#7675,#7676,#7677,#7678,#7679,#7680,#7681,#7682,#7683,#7684
      ,#7685,#7686,#7687,#7688)
    ,(#7689,#7690,#7691,#7692,#7693,#7694,#7695,#7696,#7697,#7698,#7699
      ,#7700,#7701,#7702,#7703)
    ,(#7704,#7705,#7706,#7707,#7708,#7709,#7710,#7711,#7712,#7713,#7714
      ,#7715,#7716,#7717,#7718
    )),.UNSPECIFIED.,.F.,.F.,.F.,(4,4),(4,1,1,1,1,1,1,1,1,1,1,1,4),(0.,
    4.985419574452E-02),(37.700417902842,38.195890988189,38.691364073537
    ,39.186837158885,39.682310244233,40.177783329581,40.673256414929,
    41.168729500277,41.664202585625,42.159675670972,42.65514875632,
    43.150621841668,43.646094927016),.UNSPECIFIED.);
#7659 = CARTESIAN_POINT('',(5.869422115524,1.000000014901,
    14.864449718628));
#7660 = CARTESIAN_POINT('',(5.704264417947,1.969380243164,
    14.884163966303));
#7661 = CARTESIAN_POINT('',(4.884399289967,3.823767836339,
    14.923592461654));
#7662 = CARTESIAN_POINT('',(2.478783256837,5.68641233709,14.982735204681
    ));
#7663 = CARTESIAN_POINT('',(-0.522753852891,6.181058844687,
    15.041877947707));
#7664 = CARTESIAN_POINT('',(-3.398721491965,5.18923986439,
    15.101020690734));
#7665 = CARTESIAN_POINT('',(-5.457186527976,2.949274922837,
    15.160163433761));
#7666 = CARTESIAN_POINT('',(-6.203170305019,6.610428069318E-14,
    15.219306176787));
#7667 = CARTESIAN_POINT('',(-5.457186527976,-2.949274922837,
    15.278448919814));
#7668 = CARTESIAN_POINT('',(-3.398721491965,-5.18923986439,
    15.33759166284));
#7669 = CARTESIAN_POINT('',(-0.522753852891,-6.181058844687,
    15.396734405867));
#7670 = CARTESIAN_POINT('',(2.478783256837,-5.686412337091,
    15.455877148893));
#7671 = CARTESIAN_POINT('',(4.884399289967,-3.82376783634,15.51501989192
    ));
#7672 = CARTESIAN_POINT('',(5.704264417947,-1.969380243164,
    15.554448387271));
#7673 = CARTESIAN_POINT('',(5.869422115524,-1.000000014901,
    15.574162634947));
#7674 = CARTESIAN_POINT('',(5.72754981688,0.975828589169,14.947540044868
    ));
#7675 = CARTESIAN_POINT('',(5.566384216264,1.921777515586,
    14.967254292544));
#7676 = CARTESIAN_POINT('',(4.766336397041,3.731341917442,
    15.006682787895));
#7677 = CARTESIAN_POINT('',(2.41886753233,5.548963645648,15.065825530922
    ));
#7678 = CARTESIAN_POINT('',(-0.510118147148,6.031653842101,
    15.124968273948));
#7679 = CARTESIAN_POINT('',(-3.316569549061,5.063808540269,
    15.184111016975));
#7680 = CARTESIAN_POINT('',(-5.325278551072,2.877986744137,
    15.243253760001));
#7681 = CARTESIAN_POINT('',(-6.053230836919,5.156133894068E-14,
    15.302396503028));
#7682 = CARTESIAN_POINT('',(-5.325278551072,-2.877986744137,
    15.361539246054));
#7683 = CARTESIAN_POINT('',(-3.316569549061,-5.063808540269,
    15.420681989081));
#7684 = CARTESIAN_POINT('',(-0.510118147148,-6.031653842101,
    15.479824732108));
#7685 = CARTESIAN_POINT('',(2.41886753233,-5.548963645648,
    15.538967475134));
#7686 = CARTESIAN_POINT('',(4.766336397041,-3.731341917442,
    15.598110218161));
#7687 = CARTESIAN_POINT('',(5.566384216264,-1.921777515586,
    15.637538713512));
#7688 = CARTESIAN_POINT('',(5.72754981688,-0.975828589169,
    15.657252961187));
#7689 = CARTESIAN_POINT('',(5.585677518236,0.951657163436,
    15.030630371109));
#7690 = CARTESIAN_POINT('',(5.428504014582,1.874174788009,
    15.050344618785));
#7691 = CARTESIAN_POINT('',(4.648273504115,3.638915998545,
    15.089773114136));
#7692 = CARTESIAN_POINT('',(2.358951807824,5.411514954206,
    15.148915857162));
#7693 = CARTESIAN_POINT('',(-0.497482441404,5.882248839515,
    15.208058600189));
#7694 = CARTESIAN_POINT('',(-3.234417606157,4.938377216148,
    15.267201343216));
#7695 = CARTESIAN_POINT('',(-5.193370574169,2.806698565437,
    15.326344086242));
#7696 = CARTESIAN_POINT('',(-5.90329136882,3.653763878314E-14,
    15.385486829269));
#7697 = CARTESIAN_POINT('',(-5.193370574169,-2.806698565437,
    15.444629572295));
#7698 = CARTESIAN_POINT('',(-3.234417606157,-4.938377216148,
    15.503772315322));
#7699 = CARTESIAN_POINT('',(-0.497482441405,-5.882248839515,
    15.562915058348));
#7700 = CARTESIAN_POINT('',(2.358951807823,-5.411514954206,
    15.622057801375));
#7701 = CARTESIAN_POINT('',(4.648273504115,-3.638915998545,
    15.681200544402));
#7702 = CARTESIAN_POINT('',(5.428504014582,-1.874174788009,
    15.720629039753));
#7703 = CARTESIAN_POINT('',(5.585677518236,-0.951657163436,
    15.740343287428));
#7704 = CARTESIAN_POINT('',(5.443805219592,0.927485737704,15.11372069735
    ));
#7705 = CARTESIAN_POINT('',(5.2906238129,1.826572060432,15.133434945026)
  );
#7706 = CARTESIAN_POINT('',(4.530210611189,3.546490079648,
    15.172863440377));
#7707 = CARTESIAN_POINT('',(2.299036083317,5.274066262764,
    15.232006183403));
#7708 = CARTESIAN_POINT('',(-0.484846735661,5.732843836929,
    15.29114892643));
#7709 = CARTESIAN_POINT('',(-3.152265663252,4.812945892027,
    15.350291669456));
#7710 = CARTESIAN_POINT('',(-5.061462597265,2.735410386738,
    15.409434412483));
#7711 = CARTESIAN_POINT('',(-5.753351900721,2.21148866319E-14,
    15.46857715551));
#7712 = CARTESIAN_POINT('',(-5.061462597265,-2.735410386738,
    15.527719898536));
#7713 = CARTESIAN_POINT('',(-3.152265663252,-4.812945892027,
    15.586862641563));
#7714 = CARTESIAN_POINT('',(-0.484846735661,-5.732843836929,
    15.646005384589));
#7715 = CARTESIAN_POINT('',(2.299036083317,-5.274066262764,
    15.705148127616));
#7716 = CARTESIAN_POINT('',(4.530210611189,-3.546490079648,
    15.764290870642));
#7717 = CARTESIAN_POINT('',(5.2906238129,-1.826572060432,15.803719365994
    ));
#7718 = CARTESIAN_POINT('',(5.443805219592,-0.927485737704,
    15.823433613669));
#7719 = ADVANCED_FACE('',(#7720),#7785,.F.);
#7720 = FACE_BOUND('',#7721,.F.);
#7721 = EDGE_LOOP('',(#7722,#7766,#7775,#7776));
#7722 = ORIENTED_EDGE('',*,*,#7723,.T.);
#7723 = EDGE_CURVE('',#7724,#7726,#7728,.T.);
#7724 = VERTEX_POINT('',#7725);
#7725 = CARTESIAN_POINT('',(5.869422115524,-1.000000014901,
    16.324162634947));
#7726 = VERTEX_POINT('',#7727);
#7727 = CARTESIAN_POINT('',(5.869422115524,1.000000014901,
    15.614449718628));
#7728 = B_SPLINE_CURVE_WITH_KNOTS('',3,(#7729,#7730,#7731,#7732,#7733,
    #7734,#7735,#7736,#7737,#7738,#7739,#7740,#7741,#7742,#7743,#7744,
    #7745,#7746,#7747,#7748,#7749,#7750,#7751,#7752,#7753,#7754,#7755,
    #7756,#7757,#7758,#7759,#7760,#7761,#7762,#7763,#7764,#7765),
  .UNSPECIFIED.,.F.,.F.,(4,3,3,3,3,3,3,3,3,3,3,3,4),(-38.31430784635,
    -37.818834761,-37.32336167566,-36.82788859031,-36.33241550496,
    -35.83694241961,-35.34146933426,-34.84599624892,-34.35052316357,
    -33.85505007822,-33.35957699287,-32.86410390753,-32.36863082218),
  .UNSPECIFIED.);
#7729 = CARTESIAN_POINT('',(5.869422115524,-1.000000014901,
    16.324162634947));
#7730 = CARTESIAN_POINT('',(5.704264417947,-1.969380243164,
    16.304448387271));
#7731 = CARTESIAN_POINT('',(5.294329542295,-2.89657380037,
    16.284734139595));
#7732 = CARTESIAN_POINT('',(4.688426872899,-3.67061144735,16.26501989192
    ));
#7733 = CARTESIAN_POINT('',(4.082524203504,-4.444649094329,
    16.245305644244));
#7734 = CARTESIAN_POINT('',(3.280653740364,-5.065530831082,
    16.225591396569));
#7735 = CARTESIAN_POINT('',(2.379462186577,-5.458412794214,
    16.205877148893));
#7736 = CARTESIAN_POINT('',(1.478270632789,-5.851294757345,
    16.186162901218));
#7737 = CARTESIAN_POINT('',(0.477757988355,-6.016176946856,
    16.166448653542));
#7738 = CARTESIAN_POINT('',(-0.501826142094,-5.933314870752,
    16.146734405867));
#7739 = CARTESIAN_POINT('',(-1.481410272543,-5.850452794648,
    16.127020158191));
#7740 = CARTESIAN_POINT('',(-2.440065889006,-5.51984645293,
    16.107305910516));
#7741 = CARTESIAN_POINT('',(-3.262471276008,-4.981215777719,
    16.08759166284));
#7742 = CARTESIAN_POINT('',(-4.084876663011,-4.442585102509,
    16.067877415165));
#7743 = CARTESIAN_POINT('',(-4.771031820553,-3.695930093806,
    16.048163167489));
#7744 = CARTESIAN_POINT('',(-5.238439990707,-2.831056741938,
    16.028448919814));
#7745 = CARTESIAN_POINT('',(-5.705848160862,-1.966183390069,
    16.008734672138));
#7746 = CARTESIAN_POINT('',(-5.95450934363,-0.983091695034,
    15.989020424463));
#7747 = CARTESIAN_POINT('',(-5.95450934363,2.22044604925E-14,
    15.969306176787));
#7748 = CARTESIAN_POINT('',(-5.95450934363,0.983091695035,
    15.949591929112));
#7749 = CARTESIAN_POINT('',(-5.705848160862,1.966183390069,
    15.929877681436));
#7750 = CARTESIAN_POINT('',(-5.238439990707,2.831056741938,
    15.910163433761));
#7751 = CARTESIAN_POINT('',(-4.771031820553,3.695930093806,
    15.890449186085));
#7752 = CARTESIAN_POINT('',(-4.084876663011,4.442585102509,
    15.870734938409));
#7753 = CARTESIAN_POINT('',(-3.262471276008,4.981215777719,
    15.851020690734));
#7754 = CARTESIAN_POINT('',(-2.440065889006,5.51984645293,
    15.831306443058));
#7755 = CARTESIAN_POINT('',(-1.481410272543,5.850452794648,
    15.811592195383));
#7756 = CARTESIAN_POINT('',(-0.501826142094,5.933314870752,
    15.791877947707));
#7757 = CARTESIAN_POINT('',(0.477757988355,6.016176946856,
    15.772163700032));
#7758 = CARTESIAN_POINT('',(1.478270632789,5.851294757345,
    15.752449452356));
#7759 = CARTESIAN_POINT('',(2.379462186577,5.458412794214,
    15.732735204681));
#7760 = CARTESIAN_POINT('',(3.280653740364,5.065530831082,
    15.713020957005));
#7761 = CARTESIAN_POINT('',(4.082524203504,4.444649094329,15.69330670933
    ));
#7762 = CARTESIAN_POINT('',(4.6884268729,3.67061144735,15.673592461654)
  );
#7763 = CARTESIAN_POINT('',(5.294329542295,2.89657380037,15.653878213979
    ));
#7764 = CARTESIAN_POINT('',(5.704264417947,1.969380243164,
    15.634163966303));
#7765 = CARTESIAN_POINT('',(5.869422115524,1.000000014901,
    15.614449718628));
#7766 = ORIENTED_EDGE('',*,*,#7767,.T.);
#7767 = EDGE_CURVE('',#7726,#6255,#7768,.T.);
#7768 = B_SPLINE_CURVE_WITH_KNOTS('',3,(#7769,#7770,#7771,#7772,#7773,
    #7774),.UNSPECIFIED.,.F.,.F.,(4,2,4),(0.,2.523621330169E-02,
    5.04966642371E-02),.UNSPECIFIED.);
#7769 = CARTESIAN_POINT('',(5.869422115524,1.000000014901,
    15.614449718628));
#7770 = CARTESIAN_POINT('',(5.796419107748,1.000000014901,
    15.656245111625));
#7771 = CARTESIAN_POINT('',(5.723332917607,1.000000014901,
    15.698075174454));
#7772 = CARTESIAN_POINT('',(5.577230305047,1.000000014901,
    15.781666407628));
#7773 = CARTESIAN_POINT('',(5.504053728198,1.000000014901,
    15.823519181349));
#7774 = CARTESIAN_POINT('',(5.430952497739,1.000000014901,
    15.865312572072));
#7775 = ORIENTED_EDGE('',*,*,#6262,.T.);
#7776 = ORIENTED_EDGE('',*,*,#7777,.T.);
#7777 = EDGE_CURVE('',#6227,#7724,#7778,.T.);
#7778 = B_SPLINE_CURVE_WITH_KNOTS('',3,(#7779,#7780,#7781,#7782,#7783,
    #7784),.UNSPECIFIED.,.F.,.F.,(4,2,4),(0.,2.517994954432E-02,
    5.034158056361E-02),.UNSPECIFIED.);
#7779 = CARTESIAN_POINT('',(5.430952497739,-1.000000014901,
    16.571841738947));
#7780 = CARTESIAN_POINT('',(5.504063099327,-1.000000014901,
    16.530615337853));
#7781 = CARTESIAN_POINT('',(5.577238896804,-1.000000014901,
    16.48931350601));
#7782 = CARTESIAN_POINT('',(5.723341272411,-1.000000014901,
    16.406781732053));
#7783 = CARTESIAN_POINT('',(5.796426799823,-1.000000014901,
    16.365462050307));
#7784 = CARTESIAN_POINT('',(5.869422115524,-1.000000014901,
    16.324162634947));
#7785 = B_SPLINE_SURFACE_WITH_KNOTS('',3,3,(
    (#7786,#7787,#7788,#7789,#7790,#7791,#7792,#7793,#7794,#7795,#7796
      ,#7797,#7798,#7799,#7800)
    ,(#7801,#7802,#7803,#7804,#7805,#7806,#7807,#7808,#7809,#7810,#7811
      ,#7812,#7813,#7814,#7815)
    ,(#7816,#7817,#7818,#7819,#7820,#7821,#7822,#7823,#7824,#7825,#7826
      ,#7827,#7828,#7829,#7830)
    ,(#7831,#7832,#7833,#7834,#7835,#7836,#7837,#7838,#7839,#7840,#7841
      ,#7842,#7843,#7844,#7845
    )),.UNSPECIFIED.,.F.,.F.,.F.,(4,4),(4,1,1,1,1,1,1,1,1,1,1,1,4),(0.,
    4.985419574452E-02),(43.983603210021,44.479076295369,44.974549380717
    ,45.470022466065,45.965495551413,46.46096863676,46.956441722108,
    47.451914807456,47.947387892804,48.442860978152,48.9383340635,
    49.433807148848,49.929280234196),.UNSPECIFIED.);
#7786 = CARTESIAN_POINT('',(5.869422115524,1.000000014901,
    15.614449718628));
#7787 = CARTESIAN_POINT('',(5.704264417947,1.969380243164,
    15.634163966303));
#7788 = CARTESIAN_POINT('',(4.884394666644,3.823767357576,
    15.673592461654));
#7789 = CARTESIAN_POINT('',(2.478783277224,5.686412567835,
    15.732735204681));
#7790 = CARTESIAN_POINT('',(-0.522754656079,6.181059136367,
    15.791877947707));
#7791 = CARTESIAN_POINT('',(-3.398721505469,5.189240111211,
    15.851020690734));
#7792 = CARTESIAN_POINT('',(-5.457186978095,2.949275085104,
    15.910163433761));
#7793 = CARTESIAN_POINT('',(-6.203170526397,2.375513820282E-14,
    15.969306176787));
#7794 = CARTESIAN_POINT('',(-5.457186978095,-2.949275085103,
    16.028448919814));
#7795 = CARTESIAN_POINT('',(-3.398721505469,-5.189240111211,
    16.08759166284));
#7796 = CARTESIAN_POINT('',(-0.522754656079,-6.181059136367,
    16.146734405867));
#7797 = CARTESIAN_POINT('',(2.478783277224,-5.686412567835,
    16.205877148893));
#7798 = CARTESIAN_POINT('',(4.884394666644,-3.823767357577,
    16.26501989192));
#7799 = CARTESIAN_POINT('',(5.704264417947,-1.969380243164,
    16.304448387271));
#7800 = CARTESIAN_POINT('',(5.869422115524,-1.000000014901,
    16.324162634947));
#7801 = CARTESIAN_POINT('',(5.72754981688,0.975828589169,15.697540044868
    ));
#7802 = CARTESIAN_POINT('',(5.566384216264,1.921777515586,
    15.717254292544));
#7803 = CARTESIAN_POINT('',(4.76633188547,3.731341450252,15.756682787895
    ));
#7804 = CARTESIAN_POINT('',(2.418867552224,5.548963870815,
    15.815825530922));
#7805 = CARTESIAN_POINT('',(-0.510118930922,6.03165412673,
    15.874968273948));
#7806 = CARTESIAN_POINT('',(-3.316569562238,5.063808781124,
    15.934111016975));
#7807 = CARTESIAN_POINT('',(-5.325278990311,2.877986902482,
    15.993253760001));
#7808 = CARTESIAN_POINT('',(-6.053231052947,1.134039260939E-14,
    16.052396503028));
#7809 = CARTESIAN_POINT('',(-5.325278990311,-2.877986902482,
    16.111539246055));
#7810 = CARTESIAN_POINT('',(-3.316569562238,-5.063808781124,
    16.170681989081));
#7811 = CARTESIAN_POINT('',(-0.510118930922,-6.03165412673,
    16.229824732108));
#7812 = CARTESIAN_POINT('',(2.418867552224,-5.548963870815,
    16.288967475134));
#7813 = CARTESIAN_POINT('',(4.76633188547,-3.731341450252,
    16.348110218161));
#7814 = CARTESIAN_POINT('',(5.566384216264,-1.921777515586,
    16.387538713512));
#7815 = CARTESIAN_POINT('',(5.72754981688,-0.975828589169,
    16.407252961187));
#7816 = CARTESIAN_POINT('',(5.585677518236,0.951657163436,
    15.780630371109));
#7817 = CARTESIAN_POINT('',(5.428504014582,1.874174788009,
    15.800344618785));
#7818 = CARTESIAN_POINT('',(4.648269104297,3.638915542927,
    15.839773114136));
#7819 = CARTESIAN_POINT('',(2.358951827225,5.411515173796,
    15.898915857162));
#7820 = CARTESIAN_POINT('',(-0.497483205765,5.882249117094,
    15.958058600189));
#7821 = CARTESIAN_POINT('',(-3.234417619007,4.938377451037,
    16.017201343216));
#7822 = CARTESIAN_POINT('',(-5.193371002527,2.80669871986,
    16.076344086242));
#7823 = CARTESIAN_POINT('',(-5.903291579496,-4.77490215132E-15,
    16.135486829269));
#7824 = CARTESIAN_POINT('',(-5.193371002527,-2.80669871986,
    16.194629572295));
#7825 = CARTESIAN_POINT('',(-3.234417619007,-4.938377451037,
    16.253772315322));
#7826 = CARTESIAN_POINT('',(-0.497483205765,-5.882249117094,
    16.312915058349));
#7827 = CARTESIAN_POINT('',(2.358951827225,-5.411515173796,
    16.372057801375));
#7828 = CARTESIAN_POINT('',(4.648269104297,-3.638915542927,
    16.431200544402));
#7829 = CARTESIAN_POINT('',(5.428504014582,-1.874174788009,
    16.470629039753));
#7830 = CARTESIAN_POINT('',(5.585677518236,-0.951657163436,
    16.490343287428));
#7831 = CARTESIAN_POINT('',(5.443805219592,0.927485737704,15.86372069735
    ));
#7832 = CARTESIAN_POINT('',(5.2906238129,1.826572060432,15.883434945026)
  );
#7833 = CARTESIAN_POINT('',(4.530206323123,3.546489635602,
    15.922863440377));
#7834 = CARTESIAN_POINT('',(2.299036102225,5.274066476776,
    15.982006183403));
#7835 = CARTESIAN_POINT('',(-0.484847480607,5.732844107457,
    16.04114892643));
#7836 = CARTESIAN_POINT('',(-3.152265675777,4.81294612095,
    16.100291669456));
#7837 = CARTESIAN_POINT('',(-5.061463014744,2.735410537238,
    16.159434412483));
#7838 = CARTESIAN_POINT('',(-5.753352106046,-1.707027519097E-14,
    16.21857715551));
#7839 = CARTESIAN_POINT('',(-5.061463014744,-2.735410537238,
    16.277719898536));
#7840 = CARTESIAN_POINT('',(-3.152265675777,-4.81294612095,
    16.336862641563));
#7841 = CARTESIAN_POINT('',(-0.484847480607,-5.732844107457,
    16.396005384589));
#7842 = CARTESIAN_POINT('',(2.299036102225,-5.274066476776,
    16.455148127616));
#7843 = CARTESIAN_POINT('',(4.530206323123,-3.546489635602,
    16.514290870643));
#7844 = CARTESIAN_POINT('',(5.2906238129,-1.826572060432,16.553719365994
    ));
#7845 = CARTESIAN_POINT('',(5.443805219592,-0.927485737704,
    16.573433613669));
#7846 = ADVANCED_FACE('',(#7847),#7912,.F.);
#7847 = FACE_BOUND('',#7848,.F.);
#7848 = EDGE_LOOP('',(#7849,#7893,#7902,#7903));
#7849 = ORIENTED_EDGE('',*,*,#7850,.T.);
#7850 = EDGE_CURVE('',#7851,#7853,#7855,.T.);
#7851 = VERTEX_POINT('',#7852);
#7852 = CARTESIAN_POINT('',(5.869422115524,-1.000000014901,
    17.074162634947));
#7853 = VERTEX_POINT('',#7854);
#7854 = CARTESIAN_POINT('',(5.869422115524,1.000000014901,
    16.364449718628));
#7855 = B_SPLINE_CURVE_WITH_KNOTS('',3,(#7856,#7857,#7858,#7859,#7860,
    #7861,#7862,#7863,#7864,#7865,#7866,#7867,#7868,#7869,#7870,#7871,
    #7872,#7873,#7874,#7875,#7876,#7877,#7878,#7879,#7880,#7881,#7882,
    #7883,#7884,#7885,#7886,#7887,#7888,#7889,#7890,#7891,#7892),
  .UNSPECIFIED.,.F.,.F.,(4,3,3,3,3,3,3,3,3,3,3,3,4),(-44.59749315353,
    -44.10202006818,-43.60654698284,-43.11107389749,-42.61560081214,
    -42.12012772679,-41.62465464144,-41.1291815561,-40.63370847075,
    -40.1382353854,-39.64276230005,-39.1472892147,-38.65181612936),
  .UNSPECIFIED.);
#7856 = CARTESIAN_POINT('',(5.869422115524,-1.000000014901,
    17.074162634947));
#7857 = CARTESIAN_POINT('',(5.704264417947,-1.969380243164,
    17.054448387271));
#7858 = CARTESIAN_POINT('',(5.294327298563,-2.896573569794,
    17.034734139595));
#7859 = CARTESIAN_POINT('',(4.688424250252,-3.670611215653,
    17.01501989192));
#7860 = CARTESIAN_POINT('',(4.082521201942,-4.444648861512,
    16.995305644244));
#7861 = CARTESIAN_POINT('',(3.280652224704,-5.065530826598,
    16.975591396569));
#7862 = CARTESIAN_POINT('',(2.379461286912,-5.458412914689,
    16.955877148893));
#7863 = CARTESIAN_POINT('',(1.47827034912,-5.85129500278,16.936162901218
    ));
#7864 = CARTESIAN_POINT('',(0.477757450773,-6.016177213874,
    16.916448653542));
#7865 = CARTESIAN_POINT('',(-0.501826679561,-5.933315141344,
    16.896734405867));
#7866 = CARTESIAN_POINT('',(-1.481410809896,-5.850453068815,
    16.877020158191));
#7867 = CARTESIAN_POINT('',(-2.440066172218,-5.519846712662,
    16.857305910516));
#7868 = CARTESIAN_POINT('',(-3.262471501191,-4.981216016155,
    16.83759166284));
#7869 = CARTESIAN_POINT('',(-4.084876830163,-4.442585319648,
    16.817877415165));
#7870 = CARTESIAN_POINT('',(-4.771032125787,-3.695930282787,
    16.798163167489));
#7871 = CARTESIAN_POINT('',(-5.238440328841,-2.831056890035,
    16.778448919814));
#7872 = CARTESIAN_POINT('',(-5.705848531894,-1.966183497284,
    16.758734672138));
#7873 = CARTESIAN_POINT('',(-5.954509642376,-0.983091748642,
    16.739020424463));
#7874 = CARTESIAN_POINT('',(-5.954509642376,6.585010314808E-14,
    16.719306176787));
#7875 = CARTESIAN_POINT('',(-5.954509642376,0.983091748642,
    16.699591929111));
#7876 = CARTESIAN_POINT('',(-5.705848531894,1.966183497284,
    16.679877681436));
#7877 = CARTESIAN_POINT('',(-5.238440328841,2.831056890035,
    16.66016343376));
#7878 = CARTESIAN_POINT('',(-4.771032125787,3.695930282787,
    16.640449186085));
#7879 = CARTESIAN_POINT('',(-4.084876830163,4.442585319648,
    16.620734938409));
#7880 = CARTESIAN_POINT('',(-3.26247150119,4.981216016155,
    16.601020690734));
#7881 = CARTESIAN_POINT('',(-2.440066172218,5.519846712662,
    16.581306443058));
#7882 = CARTESIAN_POINT('',(-1.481410809896,5.850453068815,
    16.561592195383));
#7883 = CARTESIAN_POINT('',(-0.501826679561,5.933315141344,
    16.541877947707));
#7884 = CARTESIAN_POINT('',(0.477757450773,6.016177213874,
    16.522163700032));
#7885 = CARTESIAN_POINT('',(1.47827034912,5.85129500278,16.502449452356)
  );
#7886 = CARTESIAN_POINT('',(2.379461286912,5.458412914689,
    16.482735204681));
#7887 = CARTESIAN_POINT('',(3.280652224704,5.065530826598,
    16.463020957005));
#7888 = CARTESIAN_POINT('',(4.082521201942,4.444648861511,16.44330670933
    ));
#7889 = CARTESIAN_POINT('',(4.688424250252,3.670611215653,
    16.423592461654));
#7890 = CARTESIAN_POINT('',(5.294327298563,2.896573569794,
    16.403878213979));
#7891 = CARTESIAN_POINT('',(5.704264417947,1.969380243164,
    16.384163966303));
#7892 = CARTESIAN_POINT('',(5.869422115524,1.000000014901,
    16.364449718628));
#7893 = ORIENTED_EDGE('',*,*,#7894,.T.);
#7894 = EDGE_CURVE('',#7853,#6319,#7895,.T.);
#7895 = B_SPLINE_CURVE_WITH_KNOTS('',3,(#7896,#7897,#7898,#7899,#7900,
    #7901),.UNSPECIFIED.,.F.,.F.,(4,2,4),(0.,2.523621330167E-02,
    5.049666424333E-02),.UNSPECIFIED.);
#7896 = CARTESIAN_POINT('',(5.869422115524,1.000000014901,
    16.364449718628));
#7897 = CARTESIAN_POINT('',(5.796419107748,1.000000014901,
    16.406245111625));
#7898 = CARTESIAN_POINT('',(5.723332917607,1.000000014901,
    16.448075174454));
#7899 = CARTESIAN_POINT('',(5.577230305029,1.000000014901,
    16.531666407638));
#7900 = CARTESIAN_POINT('',(5.50405372819,1.000000014901,16.573519181354
    ));
#7901 = CARTESIAN_POINT('',(5.430952497739,1.000000014901,
    16.615312572072));
#7902 = ORIENTED_EDGE('',*,*,#6326,.T.);
#7903 = ORIENTED_EDGE('',*,*,#7904,.T.);
#7904 = EDGE_CURVE('',#6291,#7851,#7905,.T.);
#7905 = B_SPLINE_CURVE_WITH_KNOTS('',3,(#7906,#7907,#7908,#7909,#7910,
    #7911),.UNSPECIFIED.,.F.,.F.,(4,2,4),(0.,2.517994954639E-02,
    5.034158057312E-02),.UNSPECIFIED.);
#7906 = CARTESIAN_POINT('',(5.430952497739,-1.000000014901,
    17.321841738947));
#7907 = CARTESIAN_POINT('',(5.504063099333,-1.000000014901,
    17.280615337849));
#7908 = CARTESIAN_POINT('',(5.577238896817,-1.000000014901,
    17.239313506002));
#7909 = CARTESIAN_POINT('',(5.723341272414,-1.000000014901,
    17.156781732051));
#7910 = CARTESIAN_POINT('',(5.796426799828,-1.000000014901,
    17.115462050304));
#7911 = CARTESIAN_POINT('',(5.869422115524,-1.000000014901,
    17.074162634947));
#7912 = B_SPLINE_SURFACE_WITH_KNOTS('',3,3,(
    (#7913,#7914,#7915,#7916,#7917,#7918,#7919,#7920,#7921,#7922,#7923
      ,#7924,#7925,#7926,#7927)
    ,(#7928,#7929,#7930,#7931,#7932,#7933,#7934,#7935,#7936,#7937,#7938
      ,#7939,#7940,#7941,#7942)
    ,(#7943,#7944,#7945,#7946,#7947,#7948,#7949,#7950,#7951,#7952,#7953
      ,#7954,#7955,#7956,#7957)
    ,(#7958,#7959,#7960,#7961,#7962,#7963,#7964,#7965,#7966,#7967,#7968
      ,#7969,#7970,#7971,#7972
    )),.UNSPECIFIED.,.F.,.F.,.F.,(4,4),(4,1,1,1,1,1,1,1,1,1,1,1,4),(0.,
    4.985419574452E-02),(50.266788517201,50.762261602549,51.257734687897
    ,51.753207773244,52.248680858592,52.74415394394,53.239627029288,
    53.735100114636,54.230573199984,54.726046285331,55.221519370679,
    55.716992456027,56.212465541375),.UNSPECIFIED.);
#7913 = CARTESIAN_POINT('',(5.869422115524,1.000000014901,
    16.364449718628));
#7914 = CARTESIAN_POINT('',(5.704264417947,1.969380243164,
    16.384163966303));
#7915 = CARTESIAN_POINT('',(4.884390179179,3.823766896424,
    16.423592461654));
#7916 = CARTESIAN_POINT('',(2.478783247467,5.686412791685,
    16.482735204681));
#7917 = CARTESIAN_POINT('',(-0.522755447574,6.181059424968,
    16.541877947707));
#7918 = CARTESIAN_POINT('',(-3.398721534539,5.189240356509,
    16.601020690734));
#7919 = CARTESIAN_POINT('',(-5.457187421411,2.949275245926,
    16.66016343376));
#7920 = CARTESIAN_POINT('',(-6.203170752859,6.901107337626E-14,
    16.719306176787));
#7921 = CARTESIAN_POINT('',(-5.457187421411,-2.949275245926,
    16.778448919814));
#7922 = CARTESIAN_POINT('',(-3.39872153454,-5.189240356509,
    16.83759166284));
#7923 = CARTESIAN_POINT('',(-0.522755447574,-6.181059424968,
    16.896734405867));
#7924 = CARTESIAN_POINT('',(2.478783247467,-5.686412791685,
    16.955877148893));
#7925 = CARTESIAN_POINT('',(4.884390179179,-3.823766896425,
    17.01501989192));
#7926 = CARTESIAN_POINT('',(5.704264417947,-1.969380243164,
    17.054448387271));
#7927 = CARTESIAN_POINT('',(5.869422115524,-1.000000014901,
    17.074162634947));
#7928 = CARTESIAN_POINT('',(5.72754981688,0.975828589169,16.447540044868
    ));
#7929 = CARTESIAN_POINT('',(5.566384216264,1.921777515586,
    16.467254292544));
#7930 = CARTESIAN_POINT('',(4.766327506474,3.731341000247,
    16.506682787895));
#7931 = CARTESIAN_POINT('',(2.418867523187,5.548964089255,
    16.565825530922));
#7932 = CARTESIAN_POINT('',(-0.510119703285,6.031654408356,
    16.624968273948));
#7933 = CARTESIAN_POINT('',(-3.316569590606,5.063809020493,
    16.684111016975));
#7934 = CARTESIAN_POINT('',(-5.325279422912,2.877987059417,
    16.743253760001));
#7935 = CARTESIAN_POINT('',(-6.053231273935,5.454483462728E-14,
    16.802396503028));
#7936 = CARTESIAN_POINT('',(-5.325279422912,-2.877987059417,
    16.861539246055));
#7937 = CARTESIAN_POINT('',(-3.316569590606,-5.063809020493,
    16.920681989081));
#7938 = CARTESIAN_POINT('',(-0.510119703285,-6.031654408356,
    16.979824732108));
#7939 = CARTESIAN_POINT('',(2.418867523186,-5.548964089255,
    17.038967475134));
#7940 = CARTESIAN_POINT('',(4.766327506474,-3.731341000247,
    17.098110218161));
#7941 = CARTESIAN_POINT('',(5.566384216264,-1.921777515586,
    17.137538713512));
#7942 = CARTESIAN_POINT('',(5.72754981688,-0.975828589169,
    17.157252961187));
#7943 = CARTESIAN_POINT('',(5.585677518236,0.951657163436,
    16.530630371109));
#7944 = CARTESIAN_POINT('',(5.428504014582,1.874174788009,
    16.550344618785));
#7945 = CARTESIAN_POINT('',(4.648264833769,3.638915104069,
    16.589773114136));
#7946 = CARTESIAN_POINT('',(2.358951798906,5.411515386825,
    16.648915857162));
#7947 = CARTESIAN_POINT('',(-0.497483958996,5.882249391743,
    16.708058600189));
#7948 = CARTESIAN_POINT('',(-3.234417646673,4.938377684476,
    16.767201343216));
#7949 = CARTESIAN_POINT('',(-5.193371424413,2.806698872907,
    16.826344086242));
#7950 = CARTESIAN_POINT('',(-5.90329179501,3.960429296851E-14,
    16.885486829269));
#7951 = CARTESIAN_POINT('',(-5.193371424413,-2.806698872907,
    16.944629572295));
#7952 = CARTESIAN_POINT('',(-3.234417646673,-4.938377684476,
    17.003772315322));
#7953 = CARTESIAN_POINT('',(-0.497483958996,-5.882249391743,
    17.062915058349));
#7954 = CARTESIAN_POINT('',(2.358951798906,-5.411515386825,
    17.122057801375));
#7955 = CARTESIAN_POINT('',(4.648264833769,-3.638915104069,
    17.181200544402));
#7956 = CARTESIAN_POINT('',(5.428504014582,-1.874174788009,
    17.220629039753));
#7957 = CARTESIAN_POINT('',(5.585677518236,-0.951657163436,
    17.240343287428));
#7958 = CARTESIAN_POINT('',(5.443805219592,0.927485737704,16.61372069735
    ));
#7959 = CARTESIAN_POINT('',(5.2906238129,1.826572060432,16.633434945026)
  );
#7960 = CARTESIAN_POINT('',(4.530202161063,3.546489207891,
    16.672863440377));
#7961 = CARTESIAN_POINT('',(2.299036074626,5.274066684394,
    16.732006183403));
#7962 = CARTESIAN_POINT('',(-0.484848214707,5.732844375131,
    16.79114892643));
#7963 = CARTESIAN_POINT('',(-3.152265702739,4.81294634846,
    16.850291669456));
#7964 = CARTESIAN_POINT('',(-5.061463425913,2.735410686398,
    16.909434412483));
#7965 = CARTESIAN_POINT('',(-5.753352316086,2.644238722149E-14,
    16.96857715551));
#7966 = CARTESIAN_POINT('',(-5.061463425914,-2.735410686398,
    17.027719898536));
#7967 = CARTESIAN_POINT('',(-3.152265702739,-4.81294634846,
    17.086862641563));
#7968 = CARTESIAN_POINT('',(-0.484848214707,-5.732844375131,
    17.146005384589));
#7969 = CARTESIAN_POINT('',(2.299036074626,-5.274066684394,
    17.205148127616));
#7970 = CARTESIAN_POINT('',(4.530202161063,-3.546489207891,
    17.264290870643));
#7971 = CARTESIAN_POINT('',(5.2906238129,-1.826572060432,17.303719365994
    ));
#7972 = CARTESIAN_POINT('',(5.443805219592,-0.927485737704,
    17.323433613669));
#7973 = ADVANCED_FACE('',(#7974),#8039,.F.);
#7974 = FACE_BOUND('',#7975,.F.);
#7975 = EDGE_LOOP('',(#7976,#8020,#8029,#8030));
#7976 = ORIENTED_EDGE('',*,*,#7977,.T.);
#7977 = EDGE_CURVE('',#7978,#7980,#7982,.T.);
#7978 = VERTEX_POINT('',#7979);
#7979 = CARTESIAN_POINT('',(5.869422115524,-1.000000014901,
    17.824162634947));
#7980 = VERTEX_POINT('',#7981);
#7981 = CARTESIAN_POINT('',(5.869422115524,1.000000014901,
    17.114449718628));
#7982 = B_SPLINE_CURVE_WITH_KNOTS('',3,(#7983,#7984,#7985,#7986,#7987,
    #7988,#7989,#7990,#7991,#7992,#7993,#7994,#7995,#7996,#7997,#7998,
    #7999,#8000,#8001,#8002,#8003,#8004,#8005,#8006,#8007,#8008,#8009,
    #8010,#8011,#8012,#8013,#8014,#8015,#8016,#8017,#8018,#8019),
  .UNSPECIFIED.,.F.,.F.,(4,3,3,3,3,3,3,3,3,3,3,3,4),(-50.88067846071,
    -50.38520537536,-49.88973229002,-49.39425920467,-48.89878611932,
    -48.40331303397,-47.90783994862,-47.41236686328,-46.91689377793,
    -46.42142069258,-45.92594760723,-45.43047452188,-44.93500143654),
  .UNSPECIFIED.);
#7983 = CARTESIAN_POINT('',(5.869422115524,-1.000000014901,
    17.824162634947));
#7984 = CARTESIAN_POINT('',(5.704264417947,-1.969380243164,
    17.804448387271));
#7985 = CARTESIAN_POINT('',(5.29432511936,-2.896573347574,
    17.784734139595));
#7986 = CARTESIAN_POINT('',(4.688421695186,-3.67061099263,17.76501989192
    ));
#7987 = CARTESIAN_POINT('',(4.082518271012,-4.444648637687,
    17.745305644244));
#7988 = CARTESIAN_POINT('',(3.28065072125,-5.06553082339,17.725591396569
    ));
#7989 = CARTESIAN_POINT('',(2.379460379703,-5.458413033146,
    17.705877148893));
#7990 = CARTESIAN_POINT('',(1.478270038155,-5.851295242902,
    17.686162901218));
#7991 = CARTESIAN_POINT('',(0.477756904822,-6.016177476711,
    17.666448653542));
#7992 = CARTESIAN_POINT('',(-0.501827220145,-5.933315408573,
    17.646734405867));
#7993 = CARTESIAN_POINT('',(-1.481411345113,-5.850453340435,
    17.627020158191));
#7994 = CARTESIAN_POINT('',(-2.440066461716,-5.51984697035,
    17.607305910516));
#7995 = CARTESIAN_POINT('',(-3.262471733385,-4.981216252818,
    17.58759166284));
#7996 = CARTESIAN_POINT('',(-4.084877005054,-4.442585535287,
    17.567877415165));
#7997 = CARTESIAN_POINT('',(-4.77103243179,-3.695930470308,
    17.548163167489));
#7998 = CARTESIAN_POINT('',(-5.238440666076,-2.831057036931,
    17.528448919814));
#7999 = CARTESIAN_POINT('',(-5.705848900363,-1.966183603553,
    17.508734672138));
#8000 = CARTESIAN_POINT('',(-5.9545099422,-0.983091801776,
    17.489020424463));
#8001 = CARTESIAN_POINT('',(-5.9545099422,2.498001805407E-14,
    17.469306176787));
#8002 = CARTESIAN_POINT('',(-5.9545099422,0.983091801777,17.449591929111
    ));
#8003 = CARTESIAN_POINT('',(-5.705848900363,1.966183603553,
    17.429877681436));
#8004 = CARTESIAN_POINT('',(-5.238440666076,2.831057036931,
    17.41016343376));
#8005 = CARTESIAN_POINT('',(-4.77103243179,3.695930470308,
    17.390449186085));
#8006 = CARTESIAN_POINT('',(-4.084877005054,4.442585535287,
    17.370734938409));
#8007 = CARTESIAN_POINT('',(-3.262471733385,4.981216252819,
    17.351020690734));
#8008 = CARTESIAN_POINT('',(-2.440066461716,5.51984697035,
    17.331306443058));
#8009 = CARTESIAN_POINT('',(-1.481411345113,5.850453340435,
    17.311592195383));
#8010 = CARTESIAN_POINT('',(-0.501827220145,5.933315408573,
    17.291877947707));
#8011 = CARTESIAN_POINT('',(0.477756904822,6.016177476711,
    17.272163700032));
#8012 = CARTESIAN_POINT('',(1.478270038156,5.851295242902,
    17.252449452356));
#8013 = CARTESIAN_POINT('',(2.379460379703,5.458413033146,
    17.232735204681));
#8014 = CARTESIAN_POINT('',(3.28065072125,5.06553082339,17.213020957005)
  );
#8015 = CARTESIAN_POINT('',(4.082518271012,4.444648637687,17.19330670933
    ));
#8016 = CARTESIAN_POINT('',(4.688421695186,3.67061099263,17.173592461654
    ));
#8017 = CARTESIAN_POINT('',(5.29432511936,2.896573347574,17.153878213979
    ));
#8018 = CARTESIAN_POINT('',(5.704264417947,1.969380243164,
    17.134163966303));
#8019 = CARTESIAN_POINT('',(5.869422115524,1.000000014901,
    17.114449718628));
#8020 = ORIENTED_EDGE('',*,*,#8021,.T.);
#8021 = EDGE_CURVE('',#7980,#6383,#8022,.T.);
#8022 = B_SPLINE_CURVE_WITH_KNOTS('',3,(#8023,#8024,#8025,#8026,#8027,
    #8028),.UNSPECIFIED.,.F.,.F.,(4,2,4),(0.,2.523621331016E-02,
    5.049666425937E-02),.UNSPECIFIED.);
#8023 = CARTESIAN_POINT('',(5.869422115524,1.000000014901,
    17.114449718628));
#8024 = CARTESIAN_POINT('',(5.796419107723,1.000000014901,
    17.156245111639));
#8025 = CARTESIAN_POINT('',(5.723332917596,1.000000014901,17.19807517446
    ));
#8026 = CARTESIAN_POINT('',(5.577230305043,1.000000014901,17.28166640763
    ));
#8027 = CARTESIAN_POINT('',(5.504053728196,1.000000014901,17.32351918135
    ));
#8028 = CARTESIAN_POINT('',(5.430952497739,1.000000014901,
    17.365312572072));
#8029 = ORIENTED_EDGE('',*,*,#6390,.T.);
#8030 = ORIENTED_EDGE('',*,*,#8031,.T.);
#8031 = EDGE_CURVE('',#6355,#7978,#8032,.T.);
#8032 = B_SPLINE_CURVE_WITH_KNOTS('',3,(#8033,#8034,#8035,#8036,#8037,
    #8038),.UNSPECIFIED.,.F.,.F.,(4,2,4),(0.,2.517994954864E-02,
    5.034158058046E-02),.UNSPECIFIED.);
#8033 = CARTESIAN_POINT('',(5.430952497739,-1.000000014901,
    18.071841738947));
#8034 = CARTESIAN_POINT('',(5.504063099339,-1.000000014901,
    18.030615337846));
#8035 = CARTESIAN_POINT('',(5.577238896832,-1.000000014901,
    17.989313505994));
#8036 = CARTESIAN_POINT('',(5.723341272407,-1.000000014901,
    17.906781732055));
#8037 = CARTESIAN_POINT('',(5.796426799814,-1.000000014901,
    17.865462050312));
#8038 = CARTESIAN_POINT('',(5.869422115524,-1.000000014901,
    17.824162634947));
#8039 = B_SPLINE_SURFACE_WITH_KNOTS('',3,3,(
    (#8040,#8041,#8042,#8043,#8044,#8045,#8046,#8047,#8048,#8049,#8050
      ,#8051,#8052,#8053,#8054)
    ,(#8055,#8056,#8057,#8058,#8059,#8060,#8061,#8062,#8063,#8064,#8065
      ,#8066,#8067,#8068,#8069)
    ,(#8070,#8071,#8072,#8073,#8074,#8075,#8076,#8077,#8078,#8079,#8080
      ,#8081,#8082,#8083,#8084)
    ,(#8085,#8086,#8087,#8088,#8089,#8090,#8091,#8092,#8093,#8094,#8095
      ,#8096,#8097,#8098,#8099
    )),.UNSPECIFIED.,.F.,.F.,.F.,(4,4),(4,1,1,1,1,1,1,1,1,1,1,1,4),(0.,
    4.985419574452E-02),(56.54997382438,57.045446909728,57.540919995076,
    58.036393080424,58.531866165772,59.02733925112,59.522812336468,
    60.018285421815,60.513758507163,61.009231592511,61.504704677859,
    62.000177763207,62.495650848555),.UNSPECIFIED.);
#8040 = CARTESIAN_POINT('',(5.869422115524,1.000000014901,
    17.114449718628));
#8041 = CARTESIAN_POINT('',(5.704264417947,1.969380243164,
    17.134163966303));
#8042 = CARTESIAN_POINT('',(4.884385820773,3.823766451984,
    17.173592461654));
#8043 = CARTESIAN_POINT('',(2.478783171489,5.686413009093,
    17.232735204681));
#8044 = CARTESIAN_POINT('',(-0.522756228511,6.18105971052,
    17.291877947707));
#8045 = CARTESIAN_POINT('',(-3.398721578319,5.189240600265,
    17.351020690734));
#8046 = CARTESIAN_POINT('',(-5.457187858526,2.94927540533,17.41016343376
    ));
#8047 = CARTESIAN_POINT('',(-6.203170984036,2.52088208647E-14,
    17.469306176787));
#8048 = CARTESIAN_POINT('',(-5.457187858526,-2.94927540533,
    17.528448919814));
#8049 = CARTESIAN_POINT('',(-3.398721578319,-5.189240600265,
    17.58759166284));
#8050 = CARTESIAN_POINT('',(-0.522756228511,-6.18105971052,
    17.646734405867));
#8051 = CARTESIAN_POINT('',(2.478783171489,-5.686413009093,
    17.705877148893));
#8052 = CARTESIAN_POINT('',(4.884385820773,-3.823766451984,
    17.76501989192));
#8053 = CARTESIAN_POINT('',(5.704264417947,-1.969380243164,
    17.804448387271));
#8054 = CARTESIAN_POINT('',(5.869422115524,-1.000000014901,
    17.824162634947));
#8055 = CARTESIAN_POINT('',(5.72754981688,0.975828589169,17.197540044868
    ));
#8056 = CARTESIAN_POINT('',(5.566384216264,1.921777515586,
    17.217254292544));
#8057 = CARTESIAN_POINT('',(4.766323253417,3.731340566549,
    17.256682787895));
#8058 = CARTESIAN_POINT('',(2.418867449045,5.548964301407,
    17.315825530922));
#8059 = CARTESIAN_POINT('',(-0.510120465345,6.031654687005,
    17.374968273948));
#8060 = CARTESIAN_POINT('',(-3.316569633327,5.063809258357,
    17.434111016975));
#8061 = CARTESIAN_POINT('',(-5.325279849461,2.877987214967,
    17.493253760001));
#8062 = CARTESIAN_POINT('',(-6.053231499524,1.472477854247E-14,
    17.552396503028));
#8063 = CARTESIAN_POINT('',(-5.325279849461,-2.877987214967,
    17.611539246055));
#8064 = CARTESIAN_POINT('',(-3.316569633327,-5.063809258357,
    17.670681989081));
#8065 = CARTESIAN_POINT('',(-0.510120465345,-6.031654687005,
    17.729824732108));
#8066 = CARTESIAN_POINT('',(2.418867449045,-5.548964301407,
    17.788967475134));
#8067 = CARTESIAN_POINT('',(4.766323253417,-3.731340566549,
    17.848110218161));
#8068 = CARTESIAN_POINT('',(5.566384216264,-1.921777515586,
    17.887538713512));
#8069 = CARTESIAN_POINT('',(5.72754981688,-0.975828589169,
    17.907252961187));
#8070 = CARTESIAN_POINT('',(5.585677518236,0.951657163436,
    17.280630371109));
#8071 = CARTESIAN_POINT('',(5.428504014582,1.874174788009,
    17.300344618785));
#8072 = CARTESIAN_POINT('',(4.648260686061,3.638914681114,
    17.339773114136));
#8073 = CARTESIAN_POINT('',(2.358951726601,5.411515593722,
    17.398915857162));
#8074 = CARTESIAN_POINT('',(-0.49748470218,5.882249663491,
    17.458058600189));
#8075 = CARTESIAN_POINT('',(-3.234417688335,4.938377916449,
    17.517201343216));
#8076 = CARTESIAN_POINT('',(-5.193371840396,2.806699024605,
    17.576344086242));
#8077 = CARTESIAN_POINT('',(-5.903292015012,-2.827157480154E-15,
    17.635486829269));
#8078 = CARTESIAN_POINT('',(-5.193371840396,-2.806699024605,
    17.694629572295));
#8079 = CARTESIAN_POINT('',(-3.234417688335,-4.938377916449,
    17.753772315322));
#8080 = CARTESIAN_POINT('',(-0.49748470218,-5.882249663491,
    17.812915058349));
#8081 = CARTESIAN_POINT('',(2.358951726601,-5.411515593722,
    17.872057801375));
#8082 = CARTESIAN_POINT('',(4.648260686061,-3.638914681114,
    17.931200544402));
#8083 = CARTESIAN_POINT('',(5.428504014582,-1.874174788009,
    17.970629039753));
#8084 = CARTESIAN_POINT('',(5.585677518236,-0.951657163436,
    17.990343287428));
#8085 = CARTESIAN_POINT('',(5.443805219592,0.927485737704,17.36372069735
    ));
#8086 = CARTESIAN_POINT('',(5.2906238129,1.826572060432,17.383434945026)
  );
#8087 = CARTESIAN_POINT('',(4.530198118704,3.546488795678,
    17.422863440377));
#8088 = CARTESIAN_POINT('',(2.299036004157,5.274066886037,
    17.482006183403));
#8089 = CARTESIAN_POINT('',(-0.484848939015,5.732844639976,
    17.54114892643));
#8090 = CARTESIAN_POINT('',(-3.152265743344,4.812946574541,
    17.600291669456));
#8091 = CARTESIAN_POINT('',(-5.061463831331,2.735410834243,
    17.659434412483));
#8092 = CARTESIAN_POINT('',(-5.7533525305,-1.460698031413E-14,
    17.71857715551));
#8093 = CARTESIAN_POINT('',(-5.061463831331,-2.735410834243,
    17.777719898536));
#8094 = CARTESIAN_POINT('',(-3.152265743344,-4.812946574541,
    17.836862641563));
#8095 = CARTESIAN_POINT('',(-0.484848939015,-5.732844639976,
    17.896005384589));
#8096 = CARTESIAN_POINT('',(2.299036004157,-5.274066886037,
    17.955148127616));
#8097 = CARTESIAN_POINT('',(4.530198118704,-3.546488795678,
    18.014290870643));
#8098 = CARTESIAN_POINT('',(5.2906238129,-1.826572060432,18.053719365994
    ));
#8099 = CARTESIAN_POINT('',(5.443805219592,-0.927485737704,
    18.073433613669));
#8100 = ADVANCED_FACE('',(#8101),#8166,.F.);
#8101 = FACE_BOUND('',#8102,.F.);
#8102 = EDGE_LOOP('',(#8103,#8147,#8156,#8157));
#8103 = ORIENTED_EDGE('',*,*,#8104,.T.);
#8104 = EDGE_CURVE('',#8105,#8107,#8109,.T.);
#8105 = VERTEX_POINT('',#8106);
#8106 = CARTESIAN_POINT('',(5.869422115524,-1.000000014901,
    18.574162634947));
#8107 = VERTEX_POINT('',#8108);
#8108 = CARTESIAN_POINT('',(5.869422115524,1.000000014901,
    17.864449718628));
#8109 = B_SPLINE_CURVE_WITH_KNOTS('',3,(#8110,#8111,#8112,#8113,#8114,
    #8115,#8116,#8117,#8118,#8119,#8120,#8121,#8122,#8123,#8124,#8125,
    #8126,#8127,#8128,#8129,#8130,#8131,#8132,#8133,#8134,#8135,#8136,
    #8137,#8138,#8139,#8140,#8141,#8142,#8143,#8144,#8145,#8146),
  .UNSPECIFIED.,.F.,.F.,(4,3,3,3,3,3,3,3,3,3,3,3,4),(-57.16386376789,
    -56.66839068254,-56.17291759719,-55.67744451185,-55.1819714265,
    -54.68649834115,-54.1910252558,-53.69555217046,-53.20007908511,
    -52.70460599976,-52.20913291441,-51.71365982906,-51.21818674372),
  .UNSPECIFIED.);
#8110 = CARTESIAN_POINT('',(5.869422115524,-1.000000014901,
    18.574162634947));
#8111 = CARTESIAN_POINT('',(5.704264417947,-1.969380243164,
    18.554448387271));
#8112 = CARTESIAN_POINT('',(5.294323001525,-2.89657313329,
    18.534734139595));
#8113 = CARTESIAN_POINT('',(4.688419204609,-3.670610777863,
    18.51501989192));
#8114 = CARTESIAN_POINT('',(4.082515407692,-4.444648422435,
    18.495305644244));
#8115 = CARTESIAN_POINT('',(3.280649230281,-5.065530821452,
    18.475591396569));
#8116 = CARTESIAN_POINT('',(2.379459466115,-5.458413149725,
    18.455877148893));
#8117 = CARTESIAN_POINT('',(1.478269701949,-5.851295477998,
    18.436162901218));
#8118 = CARTESIAN_POINT('',(0.477756351028,-6.016177735527,
    18.416448653542));
#8119 = CARTESIAN_POINT('',(-0.501827763787,-5.933315672526,
    18.396734405867));
#8120 = CARTESIAN_POINT('',(-1.481411878603,-5.850453609525,
    18.377020158191));
#8121 = CARTESIAN_POINT('',(-2.440066757311,-5.519847225995,
    18.357305910516));
#8122 = CARTESIAN_POINT('',(-3.262471972326,-4.981216487709,
    18.33759166284));
#8123 = CARTESIAN_POINT('',(-4.084877187341,-4.442585749423,
    18.317877415165));
#8124 = CARTESIAN_POINT('',(-4.771032738661,-3.695930656381,
    18.298163167489));
#8125 = CARTESIAN_POINT('',(-5.238441002592,-2.831057182637,
    18.278448919814));
#8126 = CARTESIAN_POINT('',(-5.705849266522,-1.966183708893,
    18.258734672138));
#8127 = CARTESIAN_POINT('',(-5.954510243063,-0.983091854446,
    18.239020424463));
#8128 = CARTESIAN_POINT('',(-5.954510243063,-1.589006703995E-14,
    18.219306176787));
#8129 = CARTESIAN_POINT('',(-5.954510243063,0.983091854446,
    18.199591929111));
#8130 = CARTESIAN_POINT('',(-5.705849266522,1.966183708893,
    18.179877681436));
#8131 = CARTESIAN_POINT('',(-5.238441002592,2.831057182637,
    18.16016343376));
#8132 = CARTESIAN_POINT('',(-4.771032738661,3.695930656381,
    18.140449186085));
#8133 = CARTESIAN_POINT('',(-4.084877187341,4.442585749423,
    18.120734938409));
#8134 = CARTESIAN_POINT('',(-3.262471972326,4.981216487709,
    18.101020690734));
#8135 = CARTESIAN_POINT('',(-2.440066757311,5.519847225995,
    18.081306443058));
#8136 = CARTESIAN_POINT('',(-1.481411878603,5.850453609525,
    18.061592195383));
#8137 = CARTESIAN_POINT('',(-0.501827763788,5.933315672526,
    18.041877947707));
#8138 = CARTESIAN_POINT('',(0.477756351028,6.016177735527,
    18.022163700032));
#8139 = CARTESIAN_POINT('',(1.478269701949,5.851295477998,
    18.002449452356));
#8140 = CARTESIAN_POINT('',(2.379459466115,5.458413149725,
    17.982735204681));
#8141 = CARTESIAN_POINT('',(3.280649230281,5.065530821452,
    17.963020957005));
#8142 = CARTESIAN_POINT('',(4.082515407692,4.444648422435,17.94330670933
    ));
#8143 = CARTESIAN_POINT('',(4.688419204609,3.670610777863,
    17.923592461654));
#8144 = CARTESIAN_POINT('',(5.294323001525,2.89657313329,17.903878213979
    ));
#8145 = CARTESIAN_POINT('',(5.704264417947,1.969380243164,
    17.884163966303));
#8146 = CARTESIAN_POINT('',(5.869422115524,1.000000014901,
    17.864449718628));
#8147 = ORIENTED_EDGE('',*,*,#8148,.T.);
#8148 = EDGE_CURVE('',#8107,#6447,#8149,.T.);
#8149 = B_SPLINE_CURVE_WITH_KNOTS('',3,(#8150,#8151,#8152,#8153,#8154,
    #8155),.UNSPECIFIED.,.F.,.F.,(4,2,4),(0.,2.523621330573E-02,
    5.049666424214E-02),.UNSPECIFIED.);
#8150 = CARTESIAN_POINT('',(5.869422115524,1.000000014901,
    17.864449718628));
#8151 = CARTESIAN_POINT('',(5.796419107736,1.000000014901,
    17.906245111631));
#8152 = CARTESIAN_POINT('',(5.723332917602,1.000000014901,
    17.948075174457));
#8153 = CARTESIAN_POINT('',(5.577230305061,1.000000014901,18.03166640762
    ));
#8154 = CARTESIAN_POINT('',(5.504053728205,1.000000014901,
    18.073519181345));
#8155 = CARTESIAN_POINT('',(5.430952497739,1.000000014901,
    18.115312572072));
#8156 = ORIENTED_EDGE('',*,*,#6454,.T.);
#8157 = ORIENTED_EDGE('',*,*,#8158,.T.);
#8158 = EDGE_CURVE('',#6419,#8105,#8159,.T.);
#8159 = B_SPLINE_CURVE_WITH_KNOTS('',3,(#8160,#8161,#8162,#8163,#8164,
    #8165),.UNSPECIFIED.,.F.,.F.,(4,2,4),(0.,2.517994954638E-02,
    5.034158057095E-02),.UNSPECIFIED.);
#8160 = CARTESIAN_POINT('',(5.430952497739,-1.000000014901,
    18.821841738947));
#8161 = CARTESIAN_POINT('',(5.504063099333,-1.000000014901,
    18.780615337849));
#8162 = CARTESIAN_POINT('',(5.577238896817,-1.000000014901,
    18.739313506002));
#8163 = CARTESIAN_POINT('',(5.723341272407,-1.000000014901,
    18.656781732055));
#8164 = CARTESIAN_POINT('',(5.796426799814,-1.000000014901,
    18.615462050312));
#8165 = CARTESIAN_POINT('',(5.869422115524,-1.000000014901,
    18.574162634947));
#8166 = B_SPLINE_SURFACE_WITH_KNOTS('',3,3,(
    (#8167,#8168,#8169,#8170,#8171,#8172,#8173,#8174,#8175,#8176,#8177
      ,#8178,#8179,#8180,#8181)
    ,(#8182,#8183,#8184,#8185,#8186,#8187,#8188,#8189,#8190,#8191,#8192
      ,#8193,#8194,#8195,#8196)
    ,(#8197,#8198,#8199,#8200,#8201,#8202,#8203,#8204,#8205,#8206,#8207
      ,#8208,#8209,#8210,#8211)
    ,(#8212,#8213,#8214,#8215,#8216,#8217,#8218,#8219,#8220,#8221,#8222
      ,#8223,#8224,#8225,#8226
    )),.UNSPECIFIED.,.F.,.F.,.F.,(4,4),(4,1,1,1,1,1,1,1,1,1,1,1,4),(0.,
    4.985419574452E-02),(62.83315913156,63.328632216908,63.824105302256,
    64.319578387604,64.815051472951,65.310524558299,65.805997643647,
    66.301470728995,66.796943814343,67.292416899691,67.787889985039,
    68.283363070386,68.778836155734),.UNSPECIFIED.);
#8167 = CARTESIAN_POINT('',(5.869422115524,1.000000014901,
    17.864449718628));
#8168 = CARTESIAN_POINT('',(5.704264417947,1.969380243164,
    17.884163966303));
#8169 = CARTESIAN_POINT('',(4.884381585103,3.823766023417,
    17.923592461654));
#8170 = CARTESIAN_POINT('',(2.47878305287,5.68641322047,17.982735204681)
  );
#8171 = CARTESIAN_POINT('',(-0.522756999894,6.181059993055,
    18.041877947707));
#8172 = CARTESIAN_POINT('',(-3.39872163602,5.189240842466,
    18.101020690734));
#8173 = CARTESIAN_POINT('',(-5.457188289982,2.949275563339,
    18.16016343376));
#8174 = CARTESIAN_POINT('',(-6.203171219604,-1.615141229968E-14,
    18.219306176787));
#8175 = CARTESIAN_POINT('',(-5.457188289982,-2.949275563339,
    18.278448919814));
#8176 = CARTESIAN_POINT('',(-3.39872163602,-5.189240842466,
    18.33759166284));
#8177 = CARTESIAN_POINT('',(-0.522756999894,-6.181059993055,
    18.396734405867));
#8178 = CARTESIAN_POINT('',(2.47878305287,-5.68641322047,18.455877148893
    ));
#8179 = CARTESIAN_POINT('',(4.884381585103,-3.823766023417,
    18.51501989192));
#8180 = CARTESIAN_POINT('',(5.704264417947,-1.969380243164,
    18.554448387271));
#8181 = CARTESIAN_POINT('',(5.869422115524,-1.000000014901,
    18.574162634947));
#8182 = CARTESIAN_POINT('',(5.72754981688,0.975828589169,17.947540044868
    ));
#8183 = CARTESIAN_POINT('',(5.566384216264,1.921777515586,
    17.967254292544));
#8184 = CARTESIAN_POINT('',(4.766319120129,3.731340148341,
    18.006682787895));
#8185 = CARTESIAN_POINT('',(2.418867333294,5.548964507675,
    18.065825530922));
#8186 = CARTESIAN_POINT('',(-0.510121218083,6.031654962711,
    18.124968273948));
#8187 = CARTESIAN_POINT('',(-3.316569689634,5.063809494703,
    18.184111016975));
#8188 = CARTESIAN_POINT('',(-5.325280270488,2.877987369157,
    18.243253760001));
#8189 = CARTESIAN_POINT('',(-6.053231729397,-2.762125581685E-14,
    18.302396503028));
#8190 = CARTESIAN_POINT('',(-5.325280270488,-2.877987369157,
    18.361539246055));
#8191 = CARTESIAN_POINT('',(-3.316569689634,-5.063809494703,
    18.420681989081));
#8192 = CARTESIAN_POINT('',(-0.510121218083,-6.031654962711,
    18.479824732108));
#8193 = CARTESIAN_POINT('',(2.418867333294,-5.548964507675,
    18.538967475134));
#8194 = CARTESIAN_POINT('',(4.766319120129,-3.731340148341,
    18.598110218161));
#8195 = CARTESIAN_POINT('',(5.566384216264,-1.921777515586,
    18.637538713512));
#8196 = CARTESIAN_POINT('',(5.72754981688,-0.975828589169,
    18.657252961187));
#8197 = CARTESIAN_POINT('',(5.585677518236,0.951657163436,
    18.030630371109));
#8198 = CARTESIAN_POINT('',(5.428504014582,1.874174788009,
    18.050344618785));
#8199 = CARTESIAN_POINT('',(4.648256655155,3.638914273265,
    18.089773114136));
#8200 = CARTESIAN_POINT('',(2.358951613717,5.411515794881,
    18.148915857162));
#8201 = CARTESIAN_POINT('',(-0.497485436272,5.882249932367,
    18.208058600189));
#8202 = CARTESIAN_POINT('',(-3.234417743248,4.938378146941,
    18.267201343216));
#8203 = CARTESIAN_POINT('',(-5.193372250994,2.806699174976,
    18.326344086242));
#8204 = CARTESIAN_POINT('',(-5.903292239191,-4.061260918833E-14,
    18.385486829269));
#8205 = CARTESIAN_POINT('',(-5.193372250994,-2.806699174976,
    18.444629572295));
#8206 = CARTESIAN_POINT('',(-3.234417743247,-4.938378146941,
    18.503772315322));
#8207 = CARTESIAN_POINT('',(-0.497485436272,-5.882249932367,
    18.562915058349));
#8208 = CARTESIAN_POINT('',(2.358951613717,-5.411515794881,
    18.622057801375));
#8209 = CARTESIAN_POINT('',(4.648256655155,-3.638914273265,
    18.681200544402));
#8210 = CARTESIAN_POINT('',(5.428504014582,-1.874174788009,
    18.720629039753));
#8211 = CARTESIAN_POINT('',(5.585677518236,-0.951657163436,
    18.740343287428));
#8212 = CARTESIAN_POINT('',(5.443805219592,0.927485737704,18.11372069735
    ));
#8213 = CARTESIAN_POINT('',(5.2906238129,1.826572060432,18.133434945026)
  );
#8214 = CARTESIAN_POINT('',(4.530194190181,3.546488398189,
    18.172863440377));
#8215 = CARTESIAN_POINT('',(2.29903589414,5.274067082086,18.232006183403
    ));
#8216 = CARTESIAN_POINT('',(-0.484849654462,5.732844902023,
    18.29114892643));
#8217 = CARTESIAN_POINT('',(-3.152265796861,4.812946799178,
    18.350291669456));
#8218 = CARTESIAN_POINT('',(-5.0614642315,2.735410980794,18.409434412483
    ));
#8219 = CARTESIAN_POINT('',(-5.753352748985,-5.255060958375E-14,
    18.46857715551));
#8220 = CARTESIAN_POINT('',(-5.0614642315,-2.735410980794,
    18.527719898536));
#8221 = CARTESIAN_POINT('',(-3.152265796861,-4.812946799178,
    18.586862641563));
#8222 = CARTESIAN_POINT('',(-0.484849654461,-5.732844902023,
    18.646005384589));
#8223 = CARTESIAN_POINT('',(2.299035894141,-5.274067082086,
    18.705148127616));
#8224 = CARTESIAN_POINT('',(4.530194190181,-3.546488398189,
    18.764290870643));
#8225 = CARTESIAN_POINT('',(5.2906238129,-1.826572060432,18.803719365994
    ));
#8226 = CARTESIAN_POINT('',(5.443805219592,-0.927485737704,
    18.823433613669));
#8227 = ADVANCED_FACE('',(#8228),#8293,.F.);
#8228 = FACE_BOUND('',#8229,.F.);
#8229 = EDGE_LOOP('',(#8230,#8274,#8283,#8284));
#8230 = ORIENTED_EDGE('',*,*,#8231,.T.);
#8231 = EDGE_CURVE('',#8232,#8234,#8236,.T.);
#8232 = VERTEX_POINT('',#8233);
#8233 = CARTESIAN_POINT('',(5.869422115524,-1.000000014901,
    19.324162634947));
#8234 = VERTEX_POINT('',#8235);
#8235 = CARTESIAN_POINT('',(5.869422115524,1.000000014901,
    18.614449718628));
#8236 = B_SPLINE_CURVE_WITH_KNOTS('',3,(#8237,#8238,#8239,#8240,#8241,
    #8242,#8243,#8244,#8245,#8246,#8247,#8248,#8249,#8250,#8251,#8252,
    #8253,#8254,#8255,#8256,#8257,#8258,#8259,#8260,#8261,#8262,#8263,
    #8264,#8265,#8266,#8267,#8268,#8269,#8270,#8271,#8272,#8273),
  .UNSPECIFIED.,.F.,.F.,(4,3,3,3,3,3,3,3,3,3,3,3,4),(-63.44704907507,
    -62.95157598972,-62.45610290437,-61.96062981903,-61.46515673368,
    -60.96968364833,-60.47421056298,-59.97873747763,-59.48326439229,
    -58.98779130694,-58.49231822159,-57.99684513624,-57.5013720509),
  .UNSPECIFIED.);
#8237 = CARTESIAN_POINT('',(5.869422115524,-1.000000014901,
    19.324162634947));
#8238 = CARTESIAN_POINT('',(5.704264417947,-1.969380243164,
    19.304448387271));
#8239 = CARTESIAN_POINT('',(5.294320942113,-2.896572926553,
    19.284734139595));
#8240 = CARTESIAN_POINT('',(4.68841677563,-3.670610570957,19.26501989192
    ));
#8241 = CARTESIAN_POINT('',(4.082512609148,-4.44464821536,
    19.245305644244));
#8242 = CARTESIAN_POINT('',(3.280647752016,-5.065530820777,
    19.225591396569));
#8243 = CARTESIAN_POINT('',(2.379458547201,-5.458413264555,
    19.205877148893));
#8244 = CARTESIAN_POINT('',(1.478269342387,-5.851295708333,
    19.186162901218));
#8245 = CARTESIAN_POINT('',(0.477755789888,-6.016177990472,
    19.166448653542));
#8246 = CARTESIAN_POINT('',(-0.501828310413,-5.933315933289,
    19.146734405867));
#8247 = CARTESIAN_POINT('',(-1.481412410714,-5.850453876106,
    19.127020158191));
#8248 = CARTESIAN_POINT('',(-2.440067058818,-5.519847479602,
    19.107305910516));
#8249 = CARTESIAN_POINT('',(-3.262472217762,-4.98121672083,
    19.08759166284));
#8250 = CARTESIAN_POINT('',(-4.084877376706,-4.442585962057,
    19.067877415165));
#8251 = CARTESIAN_POINT('',(-4.77103304649,-3.695930841017,
    19.048163167489));
#8252 = CARTESIAN_POINT('',(-5.238441338548,-2.831057327168,
    19.028448919814));
#8253 = CARTESIAN_POINT('',(-5.705849630606,-1.966183813318,
    19.008734672138));
#8254 = CARTESIAN_POINT('',(-5.954510544938,-0.983091906659,
    18.989020424463));
#8255 = CARTESIAN_POINT('',(-5.954510544938,1.126876369995E-13,
    18.969306176787));
#8256 = CARTESIAN_POINT('',(-5.954510544938,0.983091906659,
    18.949591929111));
#8257 = CARTESIAN_POINT('',(-5.705849630605,1.966183813318,
    18.929877681436));
#8258 = CARTESIAN_POINT('',(-5.238441338547,2.831057327168,
    18.91016343376));
#8259 = CARTESIAN_POINT('',(-4.77103304649,3.695930841017,
    18.890449186085));
#8260 = CARTESIAN_POINT('',(-4.084877376706,4.442585962057,
    18.870734938409));
#8261 = CARTESIAN_POINT('',(-3.262472217762,4.98121672083,
    18.851020690734));
#8262 = CARTESIAN_POINT('',(-2.440067058818,5.519847479602,
    18.831306443058));
#8263 = CARTESIAN_POINT('',(-1.481412410714,5.850453876106,
    18.811592195383));
#8264 = CARTESIAN_POINT('',(-0.501828310413,5.933315933289,
    18.791877947707));
#8265 = CARTESIAN_POINT('',(0.477755789889,6.016177990472,
    18.772163700032));
#8266 = CARTESIAN_POINT('',(1.478269342387,5.851295708333,
    18.752449452356));
#8267 = CARTESIAN_POINT('',(2.379458547202,5.458413264555,
    18.732735204681));
#8268 = CARTESIAN_POINT('',(3.280647752016,5.065530820777,
    18.713020957005));
#8269 = CARTESIAN_POINT('',(4.082512609148,4.44464821536,18.69330670933)
  );
#8270 = CARTESIAN_POINT('',(4.68841677563,3.670610570956,18.673592461654
    ));
#8271 = CARTESIAN_POINT('',(5.294320942113,2.896572926553,
    18.653878213979));
#8272 = CARTESIAN_POINT('',(5.704264417947,1.969380243163,
    18.634163966303));
#8273 = CARTESIAN_POINT('',(5.869422115524,1.000000014901,
    18.614449718628));
#8274 = ORIENTED_EDGE('',*,*,#8275,.T.);
#8275 = EDGE_CURVE('',#8234,#6511,#8276,.T.);
#8276 = B_SPLINE_CURVE_WITH_KNOTS('',3,(#8277,#8278,#8279,#8280,#8281,
    #8282),.UNSPECIFIED.,.F.,.F.,(4,2,4),(0.,2.523621330611E-02,
    5.049666425593E-02),.UNSPECIFIED.);
#8277 = CARTESIAN_POINT('',(5.869422115524,1.000000014901,
    18.614449718628));
#8278 = CARTESIAN_POINT('',(5.796419107735,1.000000014901,
    18.656245111632));
#8279 = CARTESIAN_POINT('',(5.723332917601,1.000000014901,
    18.698075174458));
#8280 = CARTESIAN_POINT('',(5.577230305024,1.000000014901,
    18.781666407641));
#8281 = CARTESIAN_POINT('',(5.504053728188,1.000000014901,
    18.823519181355));
#8282 = CARTESIAN_POINT('',(5.430952497739,1.000000014901,
    18.865312572072));
#8283 = ORIENTED_EDGE('',*,*,#6518,.T.);
#8284 = ORIENTED_EDGE('',*,*,#8285,.T.);
#8285 = EDGE_CURVE('',#6483,#8232,#8286,.T.);
#8286 = B_SPLINE_CURVE_WITH_KNOTS('',3,(#8287,#8288,#8289,#8290,#8291,
    #8292),.UNSPECIFIED.,.F.,.F.,(4,2,4),(0.,2.517994954735E-02,
    5.034158057444E-02),.UNSPECIFIED.);
#8287 = CARTESIAN_POINT('',(5.430952497739,-1.000000014901,
    19.571841738947));
#8288 = CARTESIAN_POINT('',(5.504063099336,-1.000000014901,
    19.530615337848));
#8289 = CARTESIAN_POINT('',(5.577238896823,-1.000000014901,
    19.489313505999));
#8290 = CARTESIAN_POINT('',(5.723341272406,-1.000000014901,
    19.406781732056));
#8291 = CARTESIAN_POINT('',(5.79642679981,-1.000000014901,
    19.365462050314));
#8292 = CARTESIAN_POINT('',(5.869422115524,-1.000000014901,
    19.324162634947));
#8293 = B_SPLINE_SURFACE_WITH_KNOTS('',3,3,(
    (#8294,#8295,#8296,#8297,#8298,#8299,#8300,#8301,#8302,#8303,#8304
      ,#8305,#8306,#8307,#8308)
    ,(#8309,#8310,#8311,#8312,#8313,#8314,#8315,#8316,#8317,#8318,#8319
      ,#8320,#8321,#8322,#8323)
    ,(#8324,#8325,#8326,#8327,#8328,#8329,#8330,#8331,#8332,#8333,#8334
      ,#8335,#8336,#8337,#8338)
    ,(#8339,#8340,#8341,#8342,#8343,#8344,#8345,#8346,#8347,#8348,#8349
      ,#8350,#8351,#8352,#8353
    )),.UNSPECIFIED.,.F.,.F.,.F.,(4,4),(4,1,1,1,1,1,1,1,1,1,1,1,4),(0.,
    4.985419574452E-02),(69.11634443874,69.611817524087,70.107290609435,
    70.602763694783,71.098236780131,71.593709865479,72.089182950827,
    72.584656036175,73.080129121522,73.57560220687,74.071075292218,
    74.566548377566,75.062021462914),.UNSPECIFIED.);
#8294 = CARTESIAN_POINT('',(5.869422115524,1.000000014901,
    18.614449718628));
#8295 = CARTESIAN_POINT('',(5.704264417947,1.969380243163,
    18.634163966303));
#8296 = CARTESIAN_POINT('',(4.884377466279,3.823765609943,
    18.673592461654));
#8297 = CARTESIAN_POINT('',(2.478782894885,5.686413426194,
    18.732735204681));
#8298 = CARTESIAN_POINT('',(-0.52275776261,6.181060272611,
    18.791877947707));
#8299 = CARTESIAN_POINT('',(-3.398721706922,5.189241083097,
    18.851020690734));
#8300 = CARTESIAN_POINT('',(-5.457188716273,2.949275719977,
    18.91016343376));
#8301 = CARTESIAN_POINT('',(-6.20317145927,1.180423852768E-13,
    18.969306176787));
#8302 = CARTESIAN_POINT('',(-5.457188716273,-2.949275719977,
    19.028448919814));
#8303 = CARTESIAN_POINT('',(-3.398721706922,-5.189241083097,
    19.08759166284));
#8304 = CARTESIAN_POINT('',(-0.52275776261,-6.181060272611,
    19.146734405867));
#8305 = CARTESIAN_POINT('',(2.478782894885,-5.686413426194,
    19.205877148893));
#8306 = CARTESIAN_POINT('',(4.884377466279,-3.823765609943,
    19.26501989192));
#8307 = CARTESIAN_POINT('',(5.704264417947,-1.969380243164,
    19.304448387271));
#8308 = CARTESIAN_POINT('',(5.869422115524,-1.000000014901,
    19.324162634947));
#8309 = CARTESIAN_POINT('',(5.72754981688,0.975828589168,18.697540044868
    ));
#8310 = CARTESIAN_POINT('',(5.566384216264,1.921777515586,
    18.717254292544));
#8311 = CARTESIAN_POINT('',(4.766315100863,3.731339744861,
    18.756682787895));
#8312 = CARTESIAN_POINT('',(2.418867179127,5.548964708427,
    18.815825530922));
#8313 = CARTESIAN_POINT('',(-0.510121962363,6.03165523551,
    18.874968273948));
#8314 = CARTESIAN_POINT('',(-3.316569758822,5.063809729518,
    18.934111016975));
#8315 = CARTESIAN_POINT('',(-5.325280686475,2.87798752201,
    18.993253760001));
#8316 = CARTESIAN_POINT('',(-6.053231963271,1.022258686289E-13,
    19.052396503028));
#8317 = CARTESIAN_POINT('',(-5.325280686475,-2.877987522009,
    19.111539246055));
#8318 = CARTESIAN_POINT('',(-3.316569758822,-5.063809729518,
    19.170681989081));
#8319 = CARTESIAN_POINT('',(-0.510121962363,-6.03165523551,
    19.229824732108));
#8320 = CARTESIAN_POINT('',(2.418867179127,-5.548964708427,
    19.288967475134));
#8321 = CARTESIAN_POINT('',(4.766315100863,-3.731339744861,
    19.348110218161));
#8322 = CARTESIAN_POINT('',(5.566384216264,-1.921777515586,
    19.387538713512));
#8323 = CARTESIAN_POINT('',(5.72754981688,-0.975828589169,
    19.407252961187));
#8324 = CARTESIAN_POINT('',(5.585677518236,0.951657163436,
    18.780630371109));
#8325 = CARTESIAN_POINT('',(5.428504014582,1.874174788009,
    18.800344618785));
#8326 = CARTESIAN_POINT('',(4.648252735446,3.638913879779,
    18.839773114136));
#8327 = CARTESIAN_POINT('',(2.358951463369,5.41151599066,18.898915857162
    ));
#8328 = CARTESIAN_POINT('',(-0.497486162116,5.882250198409,
    18.958058600189));
#8329 = CARTESIAN_POINT('',(-3.234417810722,4.93837837594,
    19.017201343216));
#8330 = CARTESIAN_POINT('',(-5.193372656677,2.806699324042,
    19.076344086242));
#8331 = CARTESIAN_POINT('',(-5.903292467271,8.733973531319E-14,
    19.135486829269));
#8332 = CARTESIAN_POINT('',(-5.193372656677,-2.806699324042,
    19.194629572295));
#8333 = CARTESIAN_POINT('',(-3.234417810722,-4.938378375939,
    19.253772315322));
#8334 = CARTESIAN_POINT('',(-0.497486162117,-5.882250198409,
    19.312915058349));
#8335 = CARTESIAN_POINT('',(2.358951463369,-5.41151599066,
    19.372057801375));
#8336 = CARTESIAN_POINT('',(4.648252735446,-3.638913879779,
    19.431200544402));
#8337 = CARTESIAN_POINT('',(5.428504014582,-1.874174788009,
    19.470629039753));
#8338 = CARTESIAN_POINT('',(5.585677518236,-0.951657163436,
    19.490343287428));
#8339 = CARTESIAN_POINT('',(5.443805219592,0.927485737704,18.86372069735
    ));
#8340 = CARTESIAN_POINT('',(5.2906238129,1.826572060432,18.883434945026)
  );
#8341 = CARTESIAN_POINT('',(4.53019037003,3.546488014697,18.922863440377
    ));
#8342 = CARTESIAN_POINT('',(2.299035747612,5.274067272892,
    18.982006183403));
#8343 = CARTESIAN_POINT('',(-0.48485036187,5.732845161308,19.04114892643
    ));
#8344 = CARTESIAN_POINT('',(-3.152265862622,4.812947022361,
    19.100291669456));
#8345 = CARTESIAN_POINT('',(-5.061464626879,2.735411126074,
    19.159434412483));
#8346 = CARTESIAN_POINT('',(-5.753352971272,7.175581449832E-14,
    19.21857715551));
#8347 = CARTESIAN_POINT('',(-5.061464626879,-2.735411126074,
    19.277719898536));
#8348 = CARTESIAN_POINT('',(-3.152265862622,-4.81294702236,
    19.336862641563));
#8349 = CARTESIAN_POINT('',(-0.48485036187,-5.732845161308,
    19.396005384589));
#8350 = CARTESIAN_POINT('',(2.299035747611,-5.274067272892,
    19.455148127616));
#8351 = CARTESIAN_POINT('',(4.53019037003,-3.546488014697,
    19.514290870643));
#8352 = CARTESIAN_POINT('',(5.2906238129,-1.826572060432,19.553719365994
    ));
#8353 = CARTESIAN_POINT('',(5.443805219592,-0.927485737704,
    19.573433613669));
#8354 = ADVANCED_FACE('',(#8355),#8420,.F.);
#8355 = FACE_BOUND('',#8356,.F.);
#8356 = EDGE_LOOP('',(#8357,#8401,#8410,#8411));
#8357 = ORIENTED_EDGE('',*,*,#8358,.T.);
#8358 = EDGE_CURVE('',#8359,#8361,#8363,.T.);
#8359 = VERTEX_POINT('',#8360);
#8360 = CARTESIAN_POINT('',(5.869422115524,-1.000000014901,
    20.074162634947));
#8361 = VERTEX_POINT('',#8362);
#8362 = CARTESIAN_POINT('',(5.869422115524,1.000000014901,
    19.364449718628));
#8363 = B_SPLINE_CURVE_WITH_KNOTS('',3,(#8364,#8365,#8366,#8367,#8368,
    #8369,#8370,#8371,#8372,#8373,#8374,#8375,#8376,#8377,#8378,#8379,
    #8380,#8381,#8382,#8383,#8384,#8385,#8386,#8387,#8388,#8389,#8390,
    #8391,#8392,#8393,#8394,#8395,#8396,#8397,#8398,#8399,#8400),
  .UNSPECIFIED.,.F.,.F.,(4,3,3,3,3,3,3,3,3,3,3,3,4),(-69.73023438225,
    -69.2347612969,-68.73928821155,-68.24381512621,-67.74834204086,
    -67.25286895551,-66.75739587016,-66.26192278481,-65.76644969947,
    -65.27097661412,-64.77550352877,-64.28003044342,-63.78455735808),
  .UNSPECIFIED.);
#8364 = CARTESIAN_POINT('',(5.869422115524,-1.000000014901,
    20.074162634947));
#8365 = CARTESIAN_POINT('',(5.704264417947,-1.969380243164,
    20.054448387271));
#8366 = CARTESIAN_POINT('',(5.294318938376,-2.896572726997,
    20.034734139595));
#8367 = CARTESIAN_POINT('',(4.688414405545,-3.670610371545,
    20.01501989192));
#8368 = CARTESIAN_POINT('',(4.082509872713,-4.444648016092,
    19.995305644244));
#8369 = CARTESIAN_POINT('',(3.280646286622,-5.065530821353,
    19.975591396569));
#8370 = CARTESIAN_POINT('',(2.379457623913,-5.458413377752,
    19.955877148893));
#8371 = CARTESIAN_POINT('',(1.478268961205,-5.851295934151,
    19.936162901218));
#8372 = CARTESIAN_POINT('',(0.477755221881,-6.016178241689,
    19.916448653542));
#8373 = CARTESIAN_POINT('',(-0.501828859935,-5.933316190945,
    19.896734405867));
#8374 = CARTESIAN_POINT('',(-1.48141294175,-5.850454140202,
    19.877020158191));
#8375 = CARTESIAN_POINT('',(-2.440067366055,-5.519847731176,
    19.857305910516));
#8376 = CARTESIAN_POINT('',(-3.262472469456,-4.981216952183,
    19.83759166284));
#8377 = CARTESIAN_POINT('',(-4.084877572857,-4.442586173189,
    19.817877415165));
#8378 = CARTESIAN_POINT('',(-4.771033355354,-3.695931024228,
    19.798163167489));
#8379 = CARTESIAN_POINT('',(-5.23844167409,-2.831057470536,
    19.778448919814));
#8380 = CARTESIAN_POINT('',(-5.705849992826,-1.966183916844,
    19.758734672138));
#8381 = CARTESIAN_POINT('',(-5.954510847802,-0.983091958422,
    19.739020424463));
#8382 = CARTESIAN_POINT('',(-5.954510847802,-1.353084311262E-14,
    19.719306176787));
#8383 = CARTESIAN_POINT('',(-5.954510847802,0.983091958422,
    19.699591929111));
#8384 = CARTESIAN_POINT('',(-5.705849992826,1.966183916844,
    19.679877681436));
#8385 = CARTESIAN_POINT('',(-5.23844167409,2.831057470536,19.66016343376
    ));
#8386 = CARTESIAN_POINT('',(-4.771033355354,3.695931024228,
    19.640449186085));
#8387 = CARTESIAN_POINT('',(-4.084877572857,4.442586173189,
    19.620734938409));
#8388 = CARTESIAN_POINT('',(-3.262472469456,4.981216952183,
    19.601020690734));
#8389 = CARTESIAN_POINT('',(-2.440067366055,5.519847731176,
    19.581306443058));
#8390 = CARTESIAN_POINT('',(-1.48141294175,5.850454140202,
    19.561592195383));
#8391 = CARTESIAN_POINT('',(-0.501828859935,5.933316190945,
    19.541877947707));
#8392 = CARTESIAN_POINT('',(0.477755221881,6.016178241689,
    19.522163700032));
#8393 = CARTESIAN_POINT('',(1.478268961205,5.851295934151,
    19.502449452356));
#8394 = CARTESIAN_POINT('',(2.379457623913,5.458413377752,
    19.482735204681));
#8395 = CARTESIAN_POINT('',(3.280646286622,5.065530821353,
    19.463020957005));
#8396 = CARTESIAN_POINT('',(4.082509872713,4.444648016092,19.44330670933
    ));
#8397 = CARTESIAN_POINT('',(4.688414405545,3.670610371545,
    19.423592461654));
#8398 = CARTESIAN_POINT('',(5.294318938376,2.896572726997,
    19.403878213979));
#8399 = CARTESIAN_POINT('',(5.704264417947,1.969380243164,
    19.384163966303));
#8400 = CARTESIAN_POINT('',(5.869422115524,1.000000014901,
    19.364449718628));
#8401 = ORIENTED_EDGE('',*,*,#8402,.T.);
#8402 = EDGE_CURVE('',#8361,#6575,#8403,.T.);
#8403 = B_SPLINE_CURVE_WITH_KNOTS('',3,(#8404,#8405,#8406,#8407,#8408,
    #8409),.UNSPECIFIED.,.F.,.F.,(4,2,4),(0.,2.523621330586E-02,
    5.049666425511E-02),.UNSPECIFIED.);
#8404 = CARTESIAN_POINT('',(5.869422115524,1.000000014901,
    19.364449718628));
#8405 = CARTESIAN_POINT('',(5.796419107736,1.000000014901,
    19.406245111631));
#8406 = CARTESIAN_POINT('',(5.723332917602,1.000000014901,
    19.448075174457));
#8407 = CARTESIAN_POINT('',(5.577230305025,1.000000014901,19.53166640764
    ));
#8408 = CARTESIAN_POINT('',(5.504053728188,1.000000014901,
    19.573519181355));
#8409 = CARTESIAN_POINT('',(5.430952497739,1.000000014901,
    19.615312572072));
#8410 = ORIENTED_EDGE('',*,*,#6582,.T.);
#8411 = ORIENTED_EDGE('',*,*,#8412,.T.);
#8412 = EDGE_CURVE('',#6547,#8359,#8413,.T.);
#8413 = B_SPLINE_CURVE_WITH_KNOTS('',3,(#8414,#8415,#8416,#8417,#8418,
    #8419),.UNSPECIFIED.,.F.,.F.,(4,2,4),(0.,2.51799495471E-02,
    5.034158057397E-02),.UNSPECIFIED.);
#8414 = CARTESIAN_POINT('',(5.430952497739,-1.000000014901,
    20.321841738947));
#8415 = CARTESIAN_POINT('',(5.504063099335,-1.000000014901,
    20.280615337848));
#8416 = CARTESIAN_POINT('',(5.577238896822,-1.000000014901,20.239313506)
  );
#8417 = CARTESIAN_POINT('',(5.723341272408,-1.000000014901,
    20.156781732055));
#8418 = CARTESIAN_POINT('',(5.796426799814,-1.000000014901,
    20.115462050312));
#8419 = CARTESIAN_POINT('',(5.869422115524,-1.000000014901,
    20.074162634947));
#8420 = B_SPLINE_SURFACE_WITH_KNOTS('',3,3,(
    (#8421,#8422,#8423,#8424,#8425,#8426,#8427,#8428,#8429,#8430,#8431
      ,#8432,#8433,#8434,#8435)
    ,(#8436,#8437,#8438,#8439,#8440,#8441,#8442,#8443,#8444,#8445,#8446
      ,#8447,#8448,#8449,#8450)
    ,(#8451,#8452,#8453,#8454,#8455,#8456,#8457,#8458,#8459,#8460,#8461
      ,#8462,#8463,#8464,#8465)
    ,(#8466,#8467,#8468,#8469,#8470,#8471,#8472,#8473,#8474,#8475,#8476
      ,#8477,#8478,#8479,#8480
    )),.UNSPECIFIED.,.F.,.F.,.F.,(4,4),(4,1,1,1,1,1,1,1,1,1,1,1,4),(0.,
    4.985419574452E-02),(75.399529745919,75.895002831267,76.390475916615
    ,76.885949001963,77.381422087311,77.876895172658,78.372368258006,
    78.867841343354,79.363314428702,79.85878751405,80.354260599398,
    80.849733684746,81.345206770093),.UNSPECIFIED.);
#8421 = CARTESIAN_POINT('',(5.869422115524,1.000000014901,
    19.364449718628));
#8422 = CARTESIAN_POINT('',(5.704264417947,1.969380243164,
    19.384163966303));
#8423 = CARTESIAN_POINT('',(4.884373458805,3.823765210831,
    19.423592461654));
#8424 = CARTESIAN_POINT('',(2.47878270053,5.686413626613,19.482735204681
    ));
#8425 = CARTESIAN_POINT('',(-0.522758517444,6.181060549227,
    19.541877947707));
#8426 = CARTESIAN_POINT('',(-3.398721790361,5.189241322151,
    19.601020690734));
#8427 = CARTESIAN_POINT('',(-5.45718913785,2.949275875267,19.66016343376
    ));
#8428 = CARTESIAN_POINT('',(-6.203171702777,-1.375325633962E-14,
    19.719306176787));
#8429 = CARTESIAN_POINT('',(-5.45718913785,-2.949275875267,
    19.778448919814));
#8430 = CARTESIAN_POINT('',(-3.398721790361,-5.189241322151,
    19.83759166284));
#8431 = CARTESIAN_POINT('',(-0.522758517444,-6.181060549227,
    19.896734405867));
#8432 = CARTESIAN_POINT('',(2.47878270053,-5.686413626613,
    19.955877148893));
#8433 = CARTESIAN_POINT('',(4.884373458805,-3.823765210831,
    20.01501989192));
#8434 = CARTESIAN_POINT('',(5.704264417947,-1.969380243164,
    20.054448387271));
#8435 = CARTESIAN_POINT('',(5.869422115524,-1.000000014901,
    20.074162634947));
#8436 = CARTESIAN_POINT('',(5.72754981688,0.975828589169,19.447540044868
    ));
#8437 = CARTESIAN_POINT('',(5.566384216264,1.921777515586,
    19.467254292544));
#8438 = CARTESIAN_POINT('',(4.766311190255,3.731339355396,
    19.506682787895));
#8439 = CARTESIAN_POINT('',(2.41886698947,5.548964904002,19.565825530922
    ));
#8440 = CARTESIAN_POINT('',(-0.510122698952,6.03165550544,
    19.624968273948));
#8441 = CARTESIAN_POINT('',(-3.316569840244,5.063809962793,
    19.684111016975));
#8442 = CARTESIAN_POINT('',(-5.325281097862,2.877987673545,
    19.743253760001));
#8443 = CARTESIAN_POINT('',(-6.053232200892,-2.427045236403E-14,
    19.802396503028));
#8444 = CARTESIAN_POINT('',(-5.325281097862,-2.877987673545,
    19.861539246055));
#8445 = CARTESIAN_POINT('',(-3.316569840244,-5.063809962793,
    19.920681989081));
#8446 = CARTESIAN_POINT('',(-0.510122698952,-6.03165550544,
    19.979824732108));
#8447 = CARTESIAN_POINT('',(2.41886698947,-5.548964904002,
    20.038967475134));
#8448 = CARTESIAN_POINT('',(4.766311190255,-3.731339355396,
    20.098110218161));
#8449 = CARTESIAN_POINT('',(5.566384216264,-1.921777515586,
    20.137538713512));
#8450 = CARTESIAN_POINT('',(5.72754981688,-0.975828589169,
    20.157252961187));
#8451 = CARTESIAN_POINT('',(5.585677518236,0.951657163436,
    19.530630371109));
#8452 = CARTESIAN_POINT('',(5.428504014582,1.874174788009,
    19.550344618785));
#8453 = CARTESIAN_POINT('',(4.648248921705,3.638913499962,
    19.589773114136));
#8454 = CARTESIAN_POINT('',(2.35895127841,5.41151618139,19.648915857162)
  );
#8455 = CARTESIAN_POINT('',(-0.49748688046,5.882250461653,
    19.708058600189));
#8456 = CARTESIAN_POINT('',(-3.234417890127,4.938378603436,
    19.767201343216));
#8457 = CARTESIAN_POINT('',(-5.193373057874,2.806699471824,
    19.826344086242));
#8458 = CARTESIAN_POINT('',(-5.903292699007,-3.906387094782E-14,
    19.885486829269));
#8459 = CARTESIAN_POINT('',(-5.193373057874,-2.806699471824,
    19.944629572295));
#8460 = CARTESIAN_POINT('',(-3.234417890127,-4.938378603436,
    20.003772315322));
#8461 = CARTESIAN_POINT('',(-0.49748688046,-5.882250461653,
    20.062915058349));
#8462 = CARTESIAN_POINT('',(2.35895127841,-5.41151618139,20.122057801375
    ));
#8463 = CARTESIAN_POINT('',(4.648248921705,-3.638913499962,
    20.181200544402));
#8464 = CARTESIAN_POINT('',(5.428504014582,-1.874174788009,
    20.220629039753));
#8465 = CARTESIAN_POINT('',(5.585677518236,-0.951657163436,
    20.240343287428));
#8466 = CARTESIAN_POINT('',(5.443805219592,0.927485737704,19.61372069735
    ));
#8467 = CARTESIAN_POINT('',(5.2906238129,1.826572060432,19.633434945026)
  );
#8468 = CARTESIAN_POINT('',(4.530186653155,3.546487644527,
    19.672863440377));
#8469 = CARTESIAN_POINT('',(2.29903556735,5.274067458778,19.732006183403
    ));
#8470 = CARTESIAN_POINT('',(-0.484851061968,5.732845417865,
    19.79114892643));
#8471 = CARTESIAN_POINT('',(-3.15226594001,4.812947244079,
    19.850291669456));
#8472 = CARTESIAN_POINT('',(-5.061465017886,2.735411270103,
    19.909434412483));
#8473 = CARTESIAN_POINT('',(-5.753353197122,-5.039008205103E-14,
    19.96857715551));
#8474 = CARTESIAN_POINT('',(-5.061465017886,-2.735411270103,
    20.027719898536));
#8475 = CARTESIAN_POINT('',(-3.15226594001,-4.812947244079,
    20.086862641563));
#8476 = CARTESIAN_POINT('',(-0.484851061968,-5.732845417865,
    20.146005384589));
#8477 = CARTESIAN_POINT('',(2.29903556735,-5.274067458778,
    20.205148127616));
#8478 = CARTESIAN_POINT('',(4.530186653155,-3.546487644527,
    20.264290870643));
#8479 = CARTESIAN_POINT('',(5.2906238129,-1.826572060432,20.303719365994
    ));
#8480 = CARTESIAN_POINT('',(5.443805219592,-0.927485737704,
    20.323433613669));
#8481 = ADVANCED_FACE('',(#8482),#8547,.F.);
#8482 = FACE_BOUND('',#8483,.F.);
#8483 = EDGE_LOOP('',(#8484,#8528,#8537,#8538));
#8484 = ORIENTED_EDGE('',*,*,#8485,.T.);
#8485 = EDGE_CURVE('',#8486,#8488,#8490,.T.);
#8486 = VERTEX_POINT('',#8487);
#8487 = CARTESIAN_POINT('',(5.869422115524,-1.000000014901,
    20.824162634947));
#8488 = VERTEX_POINT('',#8489);
#8489 = CARTESIAN_POINT('',(5.869422115524,1.000000014901,
    20.114449718628));
#8490 = B_SPLINE_CURVE_WITH_KNOTS('',3,(#8491,#8492,#8493,#8494,#8495,
    #8496,#8497,#8498,#8499,#8500,#8501,#8502,#8503,#8504,#8505,#8506,
    #8507,#8508,#8509,#8510,#8511,#8512,#8513,#8514,#8515,#8516,#8517,
    #8518,#8519,#8520,#8521,#8522,#8523,#8524,#8525,#8526,#8527),
  .UNSPECIFIED.,.F.,.F.,(4,3,3,3,3,3,3,3,3,3,3,3,4),(-76.01341968943,
    -75.51794660408,-75.02247351873,-74.52700043339,-74.03152734804,
    -73.53605426269,-73.04058117734,-72.54510809199,-72.04963500665,
    -71.5541619213,-71.05868883595,-70.5632157506,-70.06774266525),
  .UNSPECIFIED.);
#8491 = CARTESIAN_POINT('',(5.869422115524,-1.000000014901,
    20.824162634947));
#8492 = CARTESIAN_POINT('',(5.704264417947,-1.969380243164,
    20.804448387271));
#8493 = CARTESIAN_POINT('',(5.294316987748,-2.896572534282,
    20.784734139595));
#8494 = CARTESIAN_POINT('',(4.688412091816,-3.670610179282,
    20.76501989192));
#8495 = CARTESIAN_POINT('',(4.082507195883,-4.444647824282,
    20.745305644244));
#8496 = CARTESIAN_POINT('',(3.280644834218,-5.065530823164,
    20.725591396569));
#8497 = CARTESIAN_POINT('',(2.379456697111,-5.458413489422,
    20.705877148893));
#8498 = CARTESIAN_POINT('',(1.478268560004,-5.851296155679,
    20.686162901218));
#8499 = CARTESIAN_POINT('',(0.477754647456,-6.016178489312,
    20.666448653542));
#8500 = CARTESIAN_POINT('',(-0.501829412257,-5.933316445574,
    20.646734405867));
#8501 = CARTESIAN_POINT('',(-1.481413471969,-5.850454401836,
    20.627020158191));
#8502 = CARTESIAN_POINT('',(-2.440067678846,-5.519847980727,
    20.607305910516));
#8503 = CARTESIAN_POINT('',(-3.262472727184,-4.981217181774,
    20.58759166284));
#8504 = CARTESIAN_POINT('',(-4.084877775523,-4.442586382821,
    20.567877415165));
#8505 = CARTESIAN_POINT('',(-4.771033665323,-3.695931206025,
    20.548163167489));
#8506 = CARTESIAN_POINT('',(-5.238442009351,-2.831057612755,
    20.528448919814));
#8507 = CARTESIAN_POINT('',(-5.70585035338,-1.966184019485,
    20.508734672138));
#8508 = CARTESIAN_POINT('',(-5.954511151637,-0.983092009743,
    20.489020424463));
#8509 = CARTESIAN_POINT('',(-5.954511151637,3.080868893335E-14,
    20.469306176787));
#8510 = CARTESIAN_POINT('',(-5.954511151637,0.983092009743,
    20.449591929111));
#8511 = CARTESIAN_POINT('',(-5.70585035338,1.966184019486,
    20.429877681436));
#8512 = CARTESIAN_POINT('',(-5.238442009351,2.831057612755,
    20.41016343376));
#8513 = CARTESIAN_POINT('',(-4.771033665323,3.695931206025,
    20.390449186085));
#8514 = CARTESIAN_POINT('',(-4.084877775523,4.442586382821,
    20.370734938409));
#8515 = CARTESIAN_POINT('',(-3.262472727184,4.981217181774,
    20.351020690734));
#8516 = CARTESIAN_POINT('',(-2.440067678846,5.519847980727,
    20.331306443058));
#8517 = CARTESIAN_POINT('',(-1.481413471969,5.850454401836,
    20.311592195383));
#8518 = CARTESIAN_POINT('',(-0.501829412257,5.933316445574,
    20.291877947707));
#8519 = CARTESIAN_POINT('',(0.477754647456,6.016178489312,
    20.272163700032));
#8520 = CARTESIAN_POINT('',(1.478268560004,5.851296155679,
    20.252449452356));
#8521 = CARTESIAN_POINT('',(2.379456697111,5.458413489422,
    20.232735204681));
#8522 = CARTESIAN_POINT('',(3.280644834218,5.065530823164,
    20.213020957005));
#8523 = CARTESIAN_POINT('',(4.082507195883,4.444647824282,20.19330670933
    ));
#8524 = CARTESIAN_POINT('',(4.688412091816,3.670610179282,
    20.173592461654));
#8525 = CARTESIAN_POINT('',(5.294316987748,2.896572534282,
    20.153878213979));
#8526 = CARTESIAN_POINT('',(5.704264417947,1.969380243164,
    20.134163966303));
#8527 = CARTESIAN_POINT('',(5.869422115524,1.000000014901,
    20.114449718628));
#8528 = ORIENTED_EDGE('',*,*,#8529,.T.);
#8529 = EDGE_CURVE('',#8488,#6639,#8530,.T.);
#8530 = B_SPLINE_CURVE_WITH_KNOTS('',3,(#8531,#8532,#8533,#8534,#8535,
    #8536),.UNSPECIFIED.,.F.,.F.,(4,2,4),(0.,2.523621329899E-02,
    5.049666423845E-02),.UNSPECIFIED.);
#8531 = CARTESIAN_POINT('',(5.869422115524,1.000000014901,
    20.114449718628));
#8532 = CARTESIAN_POINT('',(5.796419107756,1.000000014901,20.15624511162
    ));
#8533 = CARTESIAN_POINT('',(5.723332917611,1.000000014901,
    20.198075174452));
#8534 = CARTESIAN_POINT('',(5.577230305024,1.000000014901,
    20.281666407641));
#8535 = CARTESIAN_POINT('',(5.504053728188,1.000000014901,
    20.323519181355));
#8536 = CARTESIAN_POINT('',(5.430952497739,1.000000014901,
    20.365312572072));
#8537 = ORIENTED_EDGE('',*,*,#6646,.T.);
#8538 = ORIENTED_EDGE('',*,*,#8539,.T.);
#8539 = EDGE_CURVE('',#6611,#8486,#8540,.T.);
#8540 = B_SPLINE_CURVE_WITH_KNOTS('',3,(#8541,#8542,#8543,#8544,#8545,
    #8546),.UNSPECIFIED.,.F.,.F.,(4,2,4),(0.,2.517994954333E-02,
    5.034158056093E-02),.UNSPECIFIED.);
#8541 = CARTESIAN_POINT('',(5.430952497739,-1.000000014901,
    21.071841738947));
#8542 = CARTESIAN_POINT('',(5.504063099324,-1.000000014901,
    21.030615337854));
#8543 = CARTESIAN_POINT('',(5.577238896798,-1.000000014901,
    20.989313506013));
#8544 = CARTESIAN_POINT('',(5.723341272416,-1.000000014901,
    20.90678173205));
#8545 = CARTESIAN_POINT('',(5.796426799833,-1.000000014901,
    20.865462050301));
#8546 = CARTESIAN_POINT('',(5.869422115524,-1.000000014901,
    20.824162634947));
#8547 = B_SPLINE_SURFACE_WITH_KNOTS('',3,3,(
    (#8548,#8549,#8550,#8551,#8552,#8553,#8554,#8555,#8556,#8557,#8558
      ,#8559,#8560,#8561,#8562)
    ,(#8563,#8564,#8565,#8566,#8567,#8568,#8569,#8570,#8571,#8572,#8573
      ,#8574,#8575,#8576,#8577)
    ,(#8578,#8579,#8580,#8581,#8582,#8583,#8584,#8585,#8586,#8587,#8588
      ,#8589,#8590,#8591,#8592)
    ,(#8593,#8594,#8595,#8596,#8597,#8598,#8599,#8600,#8601,#8602,#8603
      ,#8604,#8605,#8606,#8607
    )),.UNSPECIFIED.,.F.,.F.,.F.,(4,4),(4,1,1,1,1,1,1,1,1,1,1,1,4),(0.,
    4.985419574452E-02),(81.682715053099,82.178188138447,82.673661223794
    ,83.169134309142,83.66460739449,84.160080479838,84.655553565186,
    85.151026650534,85.646499735882,86.141972821229,86.637445906577,
    87.132918991925,87.628392077273),.UNSPECIFIED.);
#8548 = CARTESIAN_POINT('',(5.869422115524,1.000000014901,
    20.114449718628));
#8549 = CARTESIAN_POINT('',(5.704264417947,1.969380243164,
    20.134163966303));
#8550 = CARTESIAN_POINT('',(4.884369557549,3.8237648254,20.173592461654)
  );
#8551 = CARTESIAN_POINT('',(2.478782472553,5.686413822046,
    20.232735204681));
#8552 = CARTESIAN_POINT('',(-0.522759265093,6.181060822946,
    20.291877947707));
#8553 = CARTESIAN_POINT('',(-3.398721885723,5.189241559617,
    20.351020690734));
#8554 = CARTESIAN_POINT('',(-5.457189555123,2.949276029228,
    20.41016343376));
#8555 = CARTESIAN_POINT('',(-6.203171949895,3.193261614176E-14,
    20.469306176787));
#8556 = CARTESIAN_POINT('',(-5.457189555123,-2.949276029228,
    20.528448919814));
#8557 = CARTESIAN_POINT('',(-3.398721885723,-5.189241559617,
    20.58759166284));
#8558 = CARTESIAN_POINT('',(-0.522759265093,-6.181060822946,
    20.646734405867));
#8559 = CARTESIAN_POINT('',(2.478782472553,-5.686413822046,
    20.705877148893));
#8560 = CARTESIAN_POINT('',(4.884369557549,-3.8237648254,20.76501989192)
  );
#8561 = CARTESIAN_POINT('',(5.704264417947,-1.969380243164,
    20.804448387271));
#8562 = CARTESIAN_POINT('',(5.869422115524,-1.000000014901,
    20.824162634947));
#8563 = CARTESIAN_POINT('',(5.72754981688,0.975828589169,20.197540044868
    ));
#8564 = CARTESIAN_POINT('',(5.566384216264,1.921777515586,
    20.217254292544));
#8565 = CARTESIAN_POINT('',(4.766307383298,3.731338979282,
    20.256682787895));
#8566 = CARTESIAN_POINT('',(2.418866767003,5.548965094711,
    20.315825530922));
#8567 = CARTESIAN_POINT('',(-0.510123428529,6.031655772542,
    20.374968273948));
#8568 = CARTESIAN_POINT('',(-3.316569933301,5.06381019452,
    20.434111016975));
#8569 = CARTESIAN_POINT('',(-5.325281505049,2.877987823785,
    20.493253760001));
#8570 = CARTESIAN_POINT('',(-6.053232442036,2.044606357278E-14,
    20.552396503028));
#8571 = CARTESIAN_POINT('',(-5.325281505049,-2.877987823785,
    20.611539246055));
#8572 = CARTESIAN_POINT('',(-3.316569933301,-5.06381019452,
    20.670681989081));
#8573 = CARTESIAN_POINT('',(-0.510123428529,-6.031655772542,
    20.729824732108));
#8574 = CARTESIAN_POINT('',(2.418866767003,-5.548965094711,
    20.788967475134));
#8575 = CARTESIAN_POINT('',(4.766307383298,-3.731338979282,
    20.848110218161));
#8576 = CARTESIAN_POINT('',(5.566384216264,-1.921777515586,
    20.887538713512));
#8577 = CARTESIAN_POINT('',(5.72754981688,-0.975828589169,
    20.907252961187));
#8578 = CARTESIAN_POINT('',(5.585677518236,0.951657163436,
    20.280630371109));
#8579 = CARTESIAN_POINT('',(5.428504014582,1.874174788009,
    20.300344618785));
#8580 = CARTESIAN_POINT('',(4.648245209047,3.638913133163,
    20.339773114136));
#8581 = CARTESIAN_POINT('',(2.358951061454,5.411516367375,
    20.398915857162));
#8582 = CARTESIAN_POINT('',(-0.497487591965,5.882250722139,
    20.458058600189));
#8583 = CARTESIAN_POINT('',(-3.234417980879,4.938378829423,
    20.517201343216));
#8584 = CARTESIAN_POINT('',(-5.193373454975,2.806699618343,
    20.576344086242));
#8585 = CARTESIAN_POINT('',(-5.903292934178,4.939217604661E-15,
    20.635486829269));
#8586 = CARTESIAN_POINT('',(-5.193373454975,-2.806699618343,
    20.694629572295));
#8587 = CARTESIAN_POINT('',(-3.234417980879,-4.938378829423,
    20.753772315322));
#8588 = CARTESIAN_POINT('',(-0.497487591965,-5.882250722139,
    20.812915058349));
#8589 = CARTESIAN_POINT('',(2.358951061454,-5.411516367375,
    20.872057801375));
#8590 = CARTESIAN_POINT('',(4.648245209047,-3.638913133163,
    20.931200544402));
#8591 = CARTESIAN_POINT('',(5.428504014582,-1.874174788009,
    20.970629039753));
#8592 = CARTESIAN_POINT('',(5.585677518236,-0.951657163436,
    20.990343287428));
#8593 = CARTESIAN_POINT('',(5.443805219592,0.927485737704,20.36372069735
    ));
#8594 = CARTESIAN_POINT('',(5.2906238129,1.826572060432,20.383434945026)
  );
#8595 = CARTESIAN_POINT('',(4.530183034796,3.546487287045,
    20.422863440377));
#8596 = CARTESIAN_POINT('',(2.299035355904,5.274067640039,
    20.482006183403));
#8597 = CARTESIAN_POINT('',(-0.484851755401,5.732845671735,
    20.54114892643));
#8598 = CARTESIAN_POINT('',(-3.152266028457,4.812947464326,
    20.600291669456));
#8599 = CARTESIAN_POINT('',(-5.0614654049,2.7354114129,20.659434412483)
  );
#8600 = CARTESIAN_POINT('',(-5.753353426319,-8.040586798285E-15,
    20.71857715551));
#8601 = CARTESIAN_POINT('',(-5.0614654049,-2.7354114129,20.777719898536)
  );
#8602 = CARTESIAN_POINT('',(-3.152266028457,-4.812947464326,
    20.836862641563));
#8603 = CARTESIAN_POINT('',(-0.484851755401,-5.732845671735,
    20.896005384589));
#8604 = CARTESIAN_POINT('',(2.299035355904,-5.274067640039,
    20.955148127616));
#8605 = CARTESIAN_POINT('',(4.530183034796,-3.546487287045,
    21.014290870643));
#8606 = CARTESIAN_POINT('',(5.2906238129,-1.826572060432,21.053719365994
    ));
#8607 = CARTESIAN_POINT('',(5.443805219592,-0.927485737704,
    21.073433613669));
#8608 = ADVANCED_FACE('',(#8609),#8674,.F.);
#8609 = FACE_BOUND('',#8610,.F.);
#8610 = EDGE_LOOP('',(#8611,#8655,#8664,#8665));
#8611 = ORIENTED_EDGE('',*,*,#8612,.T.);
#8612 = EDGE_CURVE('',#8613,#8615,#8617,.T.);
#8613 = VERTEX_POINT('',#8614);
#8614 = CARTESIAN_POINT('',(5.869422115524,-1.000000014901,
    21.574162634947));
#8615 = VERTEX_POINT('',#8616);
#8616 = CARTESIAN_POINT('',(5.869422115524,1.000000014901,
    20.864449718628));
#8617 = B_SPLINE_CURVE_WITH_KNOTS('',3,(#8618,#8619,#8620,#8621,#8622,
    #8623,#8624,#8625,#8626,#8627,#8628,#8629,#8630,#8631,#8632,#8633,
    #8634,#8635,#8636,#8637,#8638,#8639,#8640,#8641,#8642,#8643,#8644,
    #8645,#8646,#8647,#8648,#8649,#8650,#8651,#8652,#8653,#8654),
  .UNSPECIFIED.,.F.,.F.,(4,3,3,3,3,3,3,3,3,3,3,3,4),(-82.29660499661,
    -81.80113191126,-81.30565882591,-80.81018574057,-80.31471265522,
    -79.81923956987,-79.32376648452,-78.82829339917,-78.33282031383,
    -77.83734722848,-77.34187414313,-76.84640105778,-76.35092797243),
  .UNSPECIFIED.);
#8618 = CARTESIAN_POINT('',(5.869422115524,-1.000000014901,
    21.574162634947));
#8619 = CARTESIAN_POINT('',(5.704264417947,-1.969380243164,
    21.554448387271));
#8620 = CARTESIAN_POINT('',(5.294315087827,-2.896572348087,
    21.534734139595));
#8621 = CARTESIAN_POINT('',(4.688409832062,-3.670609993845,
    21.51501989192));
#8622 = CARTESIAN_POINT('',(4.082504576297,-4.444647639603,
    21.495305644244));
#8623 = CARTESIAN_POINT('',(3.280643394887,-5.065530826195,
    21.475591396569));
#8624 = CARTESIAN_POINT('',(2.379455767573,-5.458413599661,
    21.455877148893));
#8625 = CARTESIAN_POINT('',(1.47826814026,-5.851296373128,
    21.436162901218));
#8626 = CARTESIAN_POINT('',(0.477754067044,-6.016178733469,
    21.416448653542));
#8627 = CARTESIAN_POINT('',(-0.501829967275,-5.933316697253,
    21.396734405867));
#8628 = CARTESIAN_POINT('',(-1.481414001595,-5.850454661037,
    21.377020158191));
#8629 = CARTESIAN_POINT('',(-2.440067997017,-5.519848228265,
    21.357305910516));
#8630 = CARTESIAN_POINT('',(-3.262472990733,-4.98121740961,
    21.33759166284));
#8631 = CARTESIAN_POINT('',(-4.084877984448,-4.442586590956,
    21.317877415165));
#8632 = CARTESIAN_POINT('',(-4.771033976457,-3.695931386419,
    21.298163167489));
#8633 = CARTESIAN_POINT('',(-5.238442344453,-2.831057753837,
    21.278448919814));
#8634 = CARTESIAN_POINT('',(-5.705850712449,-1.966184121255,
    21.258734672138));
#8635 = CARTESIAN_POINT('',(-5.954511456432,-0.983092060627,
    21.239020424463));
#8636 = CARTESIAN_POINT('',(-5.954511456432,7.438494264989E-14,
    21.219306176787));
#8637 = CARTESIAN_POINT('',(-5.954511456432,0.983092060628,
    21.199591929111));
#8638 = CARTESIAN_POINT('',(-5.705850712449,1.966184121255,
    21.179877681436));
#8639 = CARTESIAN_POINT('',(-5.238442344453,2.831057753837,
    21.16016343376));
#8640 = CARTESIAN_POINT('',(-4.771033976457,3.695931386419,
    21.140449186085));
#8641 = CARTESIAN_POINT('',(-4.084877984448,4.442586590956,
    21.120734938409));
#8642 = CARTESIAN_POINT('',(-3.262472990732,4.98121740961,
    21.101020690734));
#8643 = CARTESIAN_POINT('',(-2.440067997017,5.519848228265,
    21.081306443058));
#8644 = CARTESIAN_POINT('',(-1.481414001595,5.850454661037,
    21.061592195383));
#8645 = CARTESIAN_POINT('',(-0.501829967275,5.933316697253,
    21.041877947707));
#8646 = CARTESIAN_POINT('',(0.477754067044,6.016178733469,
    21.022163700032));
#8647 = CARTESIAN_POINT('',(1.47826814026,5.851296373127,21.002449452356
    ));
#8648 = CARTESIAN_POINT('',(2.379455767573,5.458413599661,
    20.982735204681));
#8649 = CARTESIAN_POINT('',(3.280643394887,5.065530826194,
    20.963020957005));
#8650 = CARTESIAN_POINT('',(4.082504576297,4.444647639603,20.94330670933
    ));
#8651 = CARTESIAN_POINT('',(4.688409832062,3.670609993845,
    20.923592461654));
#8652 = CARTESIAN_POINT('',(5.294315087827,2.896572348087,
    20.903878213979));
#8653 = CARTESIAN_POINT('',(5.704264417947,1.969380243163,
    20.884163966303));
#8654 = CARTESIAN_POINT('',(5.869422115524,1.000000014901,
    20.864449718628));
#8655 = ORIENTED_EDGE('',*,*,#8656,.T.);
#8656 = EDGE_CURVE('',#8615,#6703,#8657,.T.);
#8657 = B_SPLINE_CURVE_WITH_KNOTS('',3,(#8658,#8659,#8660,#8661,#8662,
    #8663),.UNSPECIFIED.,.F.,.F.,(4,2,4),(0.,2.523621329759E-02,
    5.049666424226E-02),.UNSPECIFIED.);
#8658 = CARTESIAN_POINT('',(5.869422115524,1.000000014901,
    20.864449718628));
#8659 = CARTESIAN_POINT('',(5.79641910776,1.000000014901,20.906245111618
    ));
#8660 = CARTESIAN_POINT('',(5.723332917612,1.000000014901,
    20.948075174451));
#8661 = CARTESIAN_POINT('',(5.577230305003,1.000000014901,
    21.031666407653));
#8662 = CARTESIAN_POINT('',(5.504053728179,1.000000014901,21.07351918136
    ));
#8663 = CARTESIAN_POINT('',(5.430952497739,1.000000014901,
    21.115312572072));
#8664 = ORIENTED_EDGE('',*,*,#6710,.T.);
#8665 = ORIENTED_EDGE('',*,*,#8666,.T.);
#8666 = EDGE_CURVE('',#6675,#8613,#8667,.T.);
#8667 = B_SPLINE_CURVE_WITH_KNOTS('',3,(#8668,#8669,#8670,#8671,#8672,
    #8673),.UNSPECIFIED.,.F.,.F.,(4,2,4),(0.,2.51799495473E-02,
    5.034158057323E-02),.UNSPECIFIED.);
#8668 = CARTESIAN_POINT('',(5.430952497739,-1.000000014901,
    21.821841738947));
#8669 = CARTESIAN_POINT('',(5.504063099335,-1.000000014901,
    21.780615337848));
#8670 = CARTESIAN_POINT('',(5.577238896823,-1.000000014901,
    21.739313505999));
#8671 = CARTESIAN_POINT('',(5.723341272403,-1.000000014901,
    21.656781732057));
#8672 = CARTESIAN_POINT('',(5.796426799804,-1.000000014901,
    21.615462050318));
#8673 = CARTESIAN_POINT('',(5.869422115524,-1.000000014901,
    21.574162634947));
#8674 = B_SPLINE_SURFACE_WITH_KNOTS('',3,3,(
    (#8675,#8676,#8677,#8678,#8679,#8680,#8681,#8682,#8683,#8684,#8685
      ,#8686,#8687,#8688,#8689)
    ,(#8690,#8691,#8692,#8693,#8694,#8695,#8696,#8697,#8698,#8699,#8700
      ,#8701,#8702,#8703,#8704)
    ,(#8705,#8706,#8707,#8708,#8709,#8710,#8711,#8712,#8713,#8714,#8715
      ,#8716,#8717,#8718,#8719)
    ,(#8720,#8721,#8722,#8723,#8724,#8725,#8726,#8727,#8728,#8729,#8730
      ,#8731,#8732,#8733,#8734
    )),.UNSPECIFIED.,.F.,.F.,.F.,(4,4),(4,1,1,1,1,1,1,1,1,1,1,1,4),(0.,
    4.985419574452E-02),(87.965900360278,88.461373445626,88.956846530974
    ,89.452319616322,89.94779270167,90.443265787018,90.938738872366,
    91.434211957713,91.929685043061,92.425158128409,92.920631213757,
    93.416104299105,93.911577384453),.UNSPECIFIED.);
#8675 = CARTESIAN_POINT('',(5.869422115524,1.000000014901,
    20.864449718628));
#8676 = CARTESIAN_POINT('',(5.704264417947,1.969380243163,
    20.884163966303));
#8677 = CARTESIAN_POINT('',(4.884365757708,3.823764453011,
    20.923592461654));
#8678 = CARTESIAN_POINT('',(2.478782213476,5.686414012786,
    20.982735204681));
#8679 = CARTESIAN_POINT('',(-0.522760006172,6.18106109381,
    21.041877947707));
#8680 = CARTESIAN_POINT('',(-3.398721992439,5.189241795492,
    21.101020690734));
#8681 = CARTESIAN_POINT('',(-5.457189968466,2.949276181883,
    21.16016343376));
#8682 = CARTESIAN_POINT('',(-6.203172200415,7.752353079051E-14,
    21.219306176787));
#8683 = CARTESIAN_POINT('',(-5.457189968466,-2.949276181882,
    21.278448919814));
#8684 = CARTESIAN_POINT('',(-3.398721992439,-5.189241795492,
    21.33759166284));
#8685 = CARTESIAN_POINT('',(-0.522760006172,-6.18106109381,
    21.396734405867));
#8686 = CARTESIAN_POINT('',(2.478782213476,-5.686414012786,
    21.455877148893));
#8687 = CARTESIAN_POINT('',(4.884365757708,-3.823764453011,
    21.51501989192));
#8688 = CARTESIAN_POINT('',(5.704264417947,-1.969380243164,
    21.554448387271));
#8689 = CARTESIAN_POINT('',(5.869422115524,-1.000000014901,
    21.574162634947));
#8690 = CARTESIAN_POINT('',(5.72754981688,0.975828589169,20.947540044868
    ));
#8691 = CARTESIAN_POINT('',(5.566384216264,1.921777515586,
    20.967254292544));
#8692 = CARTESIAN_POINT('',(4.766303675305,3.731338615893,
    21.006682787895));
#8693 = CARTESIAN_POINT('',(2.418866514189,5.54896528084,21.065825530922
    ));
#8694 = CARTESIAN_POINT('',(-0.510124151696,6.031656036859,
    21.124968273948));
#8695 = CARTESIAN_POINT('',(-3.316570037438,5.063810424694,
    21.184111016975));
#8696 = CARTESIAN_POINT('',(-5.325281908401,2.87798797275,
    21.243253760001));
#8697 = CARTESIAN_POINT('',(-6.053232686501,6.31377209531E-14,
    21.302396503028));
#8698 = CARTESIAN_POINT('',(-5.325281908401,-2.87798797275,
    21.361539246055));
#8699 = CARTESIAN_POINT('',(-3.316570037438,-5.063810424694,
    21.420681989081));
#8700 = CARTESIAN_POINT('',(-0.510124151696,-6.031656036859,
    21.479824732108));
#8701 = CARTESIAN_POINT('',(2.418866514189,-5.54896528084,
    21.538967475134));
#8702 = CARTESIAN_POINT('',(4.766303675305,-3.731338615894,
    21.598110218161));
#8703 = CARTESIAN_POINT('',(5.566384216264,-1.921777515586,
    21.637538713512));
#8704 = CARTESIAN_POINT('',(5.72754981688,-0.975828589169,
    21.657252961187));
#8705 = CARTESIAN_POINT('',(5.585677518236,0.951657163436,
    21.030630371109));
#8706 = CARTESIAN_POINT('',(5.428504014582,1.874174788009,
    21.050344618785));
#8707 = CARTESIAN_POINT('',(4.648241592901,3.638912778776,
    21.089773114136));
#8708 = CARTESIAN_POINT('',(2.358950814902,5.411516548894,
    21.148915857162));
#8709 = CARTESIAN_POINT('',(-0.497488297219,5.882250979908,
    21.208058600189));
#8710 = CARTESIAN_POINT('',(-3.234418082436,4.938379053895,
    21.267201343216));
#8711 = CARTESIAN_POINT('',(-5.193373848336,2.806699763617,
    21.326344086242));
#8712 = CARTESIAN_POINT('',(-5.903293172587,4.703931470647E-14,
    21.385486829269));
#8713 = CARTESIAN_POINT('',(-5.193373848336,-2.806699763617,
    21.444629572295));
#8714 = CARTESIAN_POINT('',(-3.234418082436,-4.938379053895,
    21.503772315322));
#8715 = CARTESIAN_POINT('',(-0.497488297219,-5.882250979908,
    21.562915058349));
#8716 = CARTESIAN_POINT('',(2.358950814902,-5.411516548894,
    21.622057801375));
#8717 = CARTESIAN_POINT('',(4.648241592901,-3.638912778776,
    21.681200544402));
#8718 = CARTESIAN_POINT('',(5.428504014582,-1.874174788009,
    21.720629039753));
#8719 = CARTESIAN_POINT('',(5.585677518236,-0.951657163436,
    21.740343287428));
#8720 = CARTESIAN_POINT('',(5.443805219592,0.927485737704,21.11372069735
    ));
#8721 = CARTESIAN_POINT('',(5.2906238129,1.826572060432,21.133434945026)
  );
#8722 = CARTESIAN_POINT('',(4.530179510498,3.546486941659,
    21.172863440377));
#8723 = CARTESIAN_POINT('',(2.299035115614,5.274067816948,
    21.232006183403));
#8724 = CARTESIAN_POINT('',(-0.484852442742,5.732845922958,
    21.29114892643));
#8725 = CARTESIAN_POINT('',(-3.152266127435,4.812947683097,
    21.350291669456));
#8726 = CARTESIAN_POINT('',(-5.06146578827,2.735411554485,
    21.409434412483));
#8727 = CARTESIAN_POINT('',(-5.753353658674,3.345271652669E-14,
    21.46857715551));
#8728 = CARTESIAN_POINT('',(-5.06146578827,-2.735411554485,
    21.527719898536));
#8729 = CARTESIAN_POINT('',(-3.152266127435,-4.812947683097,
    21.586862641563));
#8730 = CARTESIAN_POINT('',(-0.484852442742,-5.732845922958,
    21.646005384589));
#8731 = CARTESIAN_POINT('',(2.299035115614,-5.274067816948,
    21.705148127616));
#8732 = CARTESIAN_POINT('',(4.530179510498,-3.546486941659,
    21.764290870643));
#8733 = CARTESIAN_POINT('',(5.2906238129,-1.826572060432,21.803719365994
    ));
#8734 = CARTESIAN_POINT('',(5.443805219592,-0.927485737704,
    21.823433613669));
#8735 = ADVANCED_FACE('',(#8736),#8801,.F.);
#8736 = FACE_BOUND('',#8737,.F.);
#8737 = EDGE_LOOP('',(#8738,#8782,#8791,#8792));
#8738 = ORIENTED_EDGE('',*,*,#8739,.T.);
#8739 = EDGE_CURVE('',#8740,#8742,#8744,.T.);
#8740 = VERTEX_POINT('',#8741);
#8741 = CARTESIAN_POINT('',(5.869422115524,-1.000000014901,
    22.324162634947));
#8742 = VERTEX_POINT('',#8743);
#8743 = CARTESIAN_POINT('',(5.869422115524,1.000000014901,
    21.614449718628));
#8744 = B_SPLINE_CURVE_WITH_KNOTS('',3,(#8745,#8746,#8747,#8748,#8749,
    #8750,#8751,#8752,#8753,#8754,#8755,#8756,#8757,#8758,#8759,#8760,
    #8761,#8762,#8763,#8764,#8765,#8766,#8767,#8768,#8769,#8770,#8771,
    #8772,#8773,#8774,#8775,#8776,#8777,#8778,#8779,#8780,#8781),
  .UNSPECIFIED.,.F.,.F.,(4,3,3,3,3,3,3,3,3,3,3,3,4),(-88.57979030379,
    -88.08431721844,-87.58884413309,-87.09337104774,-86.5978979624,
    -86.10242487705,-85.6069517917,-85.11147870635,-84.61600562101,
    -84.12053253566,-83.62505945031,-83.12958636496,-82.63411327961),
  .UNSPECIFIED.);
#8745 = CARTESIAN_POINT('',(5.869422115524,-1.000000014902,
    22.324162634947));
#8746 = CARTESIAN_POINT('',(5.704264417947,-1.969380243164,
    22.304448387271));
#8747 = CARTESIAN_POINT('',(5.294313236365,-2.896572168114,
    22.284734139595));
#8748 = CARTESIAN_POINT('',(4.688407624047,-3.670609814929,
    22.26501989192));
#8749 = CARTESIAN_POINT('',(4.082502011729,-4.444647461744,
    22.245305644244));
#8750 = CARTESIAN_POINT('',(3.280641968674,-5.065530830425,
    22.225591396569));
#8751 = CARTESIAN_POINT('',(2.379454836005,-5.458413708558,
    22.205877148893));
#8752 = CARTESIAN_POINT('',(1.478267703335,-5.851296586691,
    22.186162901218));
#8753 = CARTESIAN_POINT('',(0.477753481052,-6.016178974278,
    22.166448653542));
#8754 = CARTESIAN_POINT('',(-0.501830524882,-5.933316946055,
    22.146734405867));
#8755 = CARTESIAN_POINT('',(-1.481414530816,-5.850454917833,
    22.127020158191));
#8756 = CARTESIAN_POINT('',(-2.440068320399,-5.519848473802,
    22.107305910516));
#8757 = CARTESIAN_POINT('',(-3.262473259898,-4.9812176357,22.08759166284
    ));
#8758 = CARTESIAN_POINT('',(-4.084878199396,-4.442586797597,
    22.067877415165));
#8759 = CARTESIAN_POINT('',(-4.77103428881,-3.695931565423,
    22.048163167489));
#8760 = CARTESIAN_POINT('',(-5.238442679505,-2.831057893795,
    22.028448919814));
#8761 = CARTESIAN_POINT('',(-5.7058510702,-1.966184222166,
    22.008734672138));
#8762 = CARTESIAN_POINT('',(-5.954511762177,-0.983092111083,
    21.989020424463));
#8763 = CARTESIAN_POINT('',(-5.954511762177,2.031014245674E-13,
    21.969306176787));
#8764 = CARTESIAN_POINT('',(-5.954511762177,0.983092111083,
    21.949591929111));
#8765 = CARTESIAN_POINT('',(-5.7058510702,1.966184222166,21.929877681436
    ));
#8766 = CARTESIAN_POINT('',(-5.238442679505,2.831057893795,
    21.91016343376));
#8767 = CARTESIAN_POINT('',(-4.771034288809,3.695931565423,
    21.890449186085));
#8768 = CARTESIAN_POINT('',(-4.084878199396,4.442586797597,
    21.870734938409));
#8769 = CARTESIAN_POINT('',(-3.262473259897,4.9812176357,21.851020690734
    ));
#8770 = CARTESIAN_POINT('',(-2.440068320399,5.519848473802,
    21.831306443058));
#8771 = CARTESIAN_POINT('',(-1.481414530815,5.850454917833,
    21.811592195383));
#8772 = CARTESIAN_POINT('',(-0.501830524882,5.933316946055,
    21.791877947707));
#8773 = CARTESIAN_POINT('',(0.477753481052,6.016178974278,
    21.772163700032));
#8774 = CARTESIAN_POINT('',(1.478267703336,5.851296586691,
    21.752449452356));
#8775 = CARTESIAN_POINT('',(2.379454836005,5.458413708558,
    21.732735204681));
#8776 = CARTESIAN_POINT('',(3.280641968675,5.065530830425,
    21.713020957005));
#8777 = CARTESIAN_POINT('',(4.08250201173,4.444647461744,21.69330670933)
  );
#8778 = CARTESIAN_POINT('',(4.688407624048,3.670609814929,
    21.673592461654));
#8779 = CARTESIAN_POINT('',(5.294313236366,2.896572168114,
    21.653878213979));
#8780 = CARTESIAN_POINT('',(5.704264417947,1.969380243163,
    21.634163966303));
#8781 = CARTESIAN_POINT('',(5.869422115524,1.000000014901,
    21.614449718628));
#8782 = ORIENTED_EDGE('',*,*,#8783,.T.);
#8783 = EDGE_CURVE('',#8742,#6767,#8784,.T.);
#8784 = B_SPLINE_CURVE_WITH_KNOTS('',3,(#8785,#8786,#8787,#8788,#8789,
    #8790),.UNSPECIFIED.,.F.,.F.,(4,2,4),(0.,2.523621330493E-02,
    5.049666425409E-02),.UNSPECIFIED.);
#8785 = CARTESIAN_POINT('',(5.869422115524,1.000000014901,
    21.614449718628));
#8786 = CARTESIAN_POINT('',(5.796419107738,1.000000014901,21.65624511163
    ));
#8787 = CARTESIAN_POINT('',(5.723332917603,1.000000014901,
    21.698075174457));
#8788 = CARTESIAN_POINT('',(5.577230305021,1.000000014901,
    21.781666407643));
#8789 = CARTESIAN_POINT('',(5.504053728187,1.000000014901,
    21.823519181356));
#8790 = CARTESIAN_POINT('',(5.430952497739,1.000000014901,
    21.865312572072));
#8791 = ORIENTED_EDGE('',*,*,#6774,.T.);
#8792 = ORIENTED_EDGE('',*,*,#8793,.T.);
#8793 = EDGE_CURVE('',#6739,#8740,#8794,.T.);
#8794 = B_SPLINE_CURVE_WITH_KNOTS('',3,(#8795,#8796,#8797,#8798,#8799,
    #8800),.UNSPECIFIED.,.F.,.F.,(4,2,4),(0.,2.517994954473E-02,
    5.0341580568E-02),.UNSPECIFIED.);
#8795 = CARTESIAN_POINT('',(5.430952497739,-1.000000014901,
    22.571841738947));
#8796 = CARTESIAN_POINT('',(5.504063099328,-1.000000014901,
    22.530615337852));
#8797 = CARTESIAN_POINT('',(5.577238896807,-1.000000014901,
    22.489313506008));
#8798 = CARTESIAN_POINT('',(5.723341272419,-1.000000014901,
    22.406781732048));
#8799 = CARTESIAN_POINT('',(5.79642679984,-1.000000014901,
    22.365462050297));
#8800 = CARTESIAN_POINT('',(5.869422115524,-1.000000014901,
    22.324162634947));
#8801 = B_SPLINE_SURFACE_WITH_KNOTS('',3,3,(
    (#8802,#8803,#8804,#8805,#8806,#8807,#8808,#8809,#8810,#8811,#8812
      ,#8813,#8814,#8815,#8816)
    ,(#8817,#8818,#8819,#8820,#8821,#8822,#8823,#8824,#8825,#8826,#8827
      ,#8828,#8829,#8830,#8831)
    ,(#8832,#8833,#8834,#8835,#8836,#8837,#8838,#8839,#8840,#8841,#8842
      ,#8843,#8844,#8845,#8846)
    ,(#8847,#8848,#8849,#8850,#8851,#8852,#8853,#8854,#8855,#8856,#8857
      ,#8858,#8859,#8860,#8861
    )),.UNSPECIFIED.,.F.,.F.,.F.,(4,4),(4,1,1,1,1,1,1,1,1,1,1,1,4),(0.,
    4.985419574452E-02),(94.249085667458,94.744558752806,95.240031838154
    ,95.735504923501,96.230978008849,96.726451094197,97.221924179545,
    97.717397264893,98.212870350241,98.708343435589,99.203816520936,
    99.699289606284,100.19476269163),.UNSPECIFIED.);
#8802 = CARTESIAN_POINT('',(5.869422115524,1.000000014901,
    21.614449718628));
#8803 = CARTESIAN_POINT('',(5.704264417947,1.969380243163,
    21.634163966303));
#8804 = CARTESIAN_POINT('',(4.884362054785,3.823764093064,
    21.673592461654));
#8805 = CARTESIAN_POINT('',(2.478781925619,5.686414199105,
    21.732735204681));
#8806 = CARTESIAN_POINT('',(-0.522760741232,6.181061361864,
    21.791877947707));
#8807 = CARTESIAN_POINT('',(-3.398722109983,5.189242029772,
    21.851020690734));
#8808 = CARTESIAN_POINT('',(-5.457190378223,2.949276333249,
    21.91016343376));
#8809 = CARTESIAN_POINT('',(-6.203172454153,1.828415299966E-13,
    21.969306176787));
#8810 = CARTESIAN_POINT('',(-5.457190378223,-2.949276333249,
    22.028448919814));
#8811 = CARTESIAN_POINT('',(-3.398722109983,-5.189242029771,
    22.08759166284));
#8812 = CARTESIAN_POINT('',(-0.522760741232,-6.181061361864,
    22.146734405867));
#8813 = CARTESIAN_POINT('',(2.478781925619,-5.686414199105,
    22.205877148893));
#8814 = CARTESIAN_POINT('',(4.884362054784,-3.823764093064,
    22.26501989192));
#8815 = CARTESIAN_POINT('',(5.704264417947,-1.969380243164,
    22.304448387271));
#8816 = CARTESIAN_POINT('',(5.869422115524,-1.000000014901,
    22.324162634947));
#8817 = CARTESIAN_POINT('',(5.72754981688,0.975828589168,21.697540044868
    ));
#8818 = CARTESIAN_POINT('',(5.566384216264,1.921777515586,
    21.717254292544));
#8819 = CARTESIAN_POINT('',(4.766300061886,3.731338264647,
    21.756682787895));
#8820 = CARTESIAN_POINT('',(2.41886623329,5.548965462655,21.815825530922
    ));
#8821 = CARTESIAN_POINT('',(-0.510124868987,6.031656298434,
    21.874968273948));
#8822 = CARTESIAN_POINT('',(-3.31657015214,5.06381065331,21.934111016975
    ));
#8823 = CARTESIAN_POINT('',(-5.325282308253,2.877988120458,
    21.993253760001));
#8824 = CARTESIAN_POINT('',(-6.053232934106,1.663846573402E-13,
    22.052396503028));
#8825 = CARTESIAN_POINT('',(-5.325282308253,-2.877988120458,
    22.111539246055));
#8826 = CARTESIAN_POINT('',(-3.31657015214,-5.06381065331,
    22.170681989081));
#8827 = CARTESIAN_POINT('',(-0.510124868988,-6.031656298434,
    22.229824732108));
#8828 = CARTESIAN_POINT('',(2.41886623329,-5.548965462656,
    22.288967475134));
#8829 = CARTESIAN_POINT('',(4.766300061886,-3.731338264647,
    22.348110218161));
#8830 = CARTESIAN_POINT('',(5.566384216264,-1.921777515586,
    22.387538713512));
#8831 = CARTESIAN_POINT('',(5.72754981688,-0.975828589169,
    22.407252961187));
#8832 = CARTESIAN_POINT('',(5.585677518236,0.951657163436,
    21.780630371109));
#8833 = CARTESIAN_POINT('',(5.428504014582,1.874174788009,
    21.800344618785));
#8834 = CARTESIAN_POINT('',(4.648238068988,3.63891243623,21.839773114136
    ));
#8835 = CARTESIAN_POINT('',(2.358950540961,5.411516726206,
    21.898915857162));
#8836 = CARTESIAN_POINT('',(-0.497488996743,5.882251235004,
    21.958058600189));
#8837 = CARTESIAN_POINT('',(-3.234418194297,4.938379276849,
    22.017201343216));
#8838 = CARTESIAN_POINT('',(-5.193374238284,2.806699907666,
    22.076344086242));
#8839 = CARTESIAN_POINT('',(-5.903293414059,1.482253495814E-13,
    22.135486829269));
#8840 = CARTESIAN_POINT('',(-5.193374238284,-2.806699907666,
    22.194629572295));
#8841 = CARTESIAN_POINT('',(-3.234418194298,-4.938379276849,
    22.253772315322));
#8842 = CARTESIAN_POINT('',(-0.497488996743,-5.882251235004,
    22.312915058349));
#8843 = CARTESIAN_POINT('',(2.358950540961,-5.411516726206,
    22.372057801375));
#8844 = CARTESIAN_POINT('',(4.648238068987,-3.63891243623,
    22.431200544402));
#8845 = CARTESIAN_POINT('',(5.428504014582,-1.874174788009,
    22.470629039753));
#8846 = CARTESIAN_POINT('',(5.585677518236,-0.951657163436,
    22.490343287428));
#8847 = CARTESIAN_POINT('',(5.443805219592,0.927485737703,21.86372069735
    ));
#8848 = CARTESIAN_POINT('',(5.2906238129,1.826572060431,21.883434945026)
  );
#8849 = CARTESIAN_POINT('',(4.530176076089,3.546486607813,
    21.922863440377));
#8850 = CARTESIAN_POINT('',(2.299034848631,5.274067989756,
    21.982006183403));
#8851 = CARTESIAN_POINT('',(-0.484853124499,5.732846171574,
    22.04114892643));
#8852 = CARTESIAN_POINT('',(-3.152266236455,4.812947900387,
    22.100291669456));
#8853 = CARTESIAN_POINT('',(-5.061466168314,2.735411694875,
    22.159434412483));
#8854 = CARTESIAN_POINT('',(-5.753353894012,1.316549812515E-13,
    22.21857715551));
#8855 = CARTESIAN_POINT('',(-5.061466168314,-2.735411694875,
    22.277719898536));
#8856 = CARTESIAN_POINT('',(-3.152266236455,-4.812947900387,
    22.336862641563));
#8857 = CARTESIAN_POINT('',(-0.484853124499,-5.732846171574,
    22.396005384589));
#8858 = CARTESIAN_POINT('',(2.299034848631,-5.274067989756,
    22.455148127616));
#8859 = CARTESIAN_POINT('',(4.530176076089,-3.546486607814,
    22.514290870643));
#8860 = CARTESIAN_POINT('',(5.2906238129,-1.826572060432,22.553719365994
    ));
#8861 = CARTESIAN_POINT('',(5.443805219592,-0.927485737704,
    22.573433613669));
#8862 = ADVANCED_FACE('',(#8863),#8928,.F.);
#8863 = FACE_BOUND('',#8864,.F.);
#8864 = EDGE_LOOP('',(#8865,#8909,#8918,#8919));
#8865 = ORIENTED_EDGE('',*,*,#8866,.T.);
#8866 = EDGE_CURVE('',#8867,#8869,#8871,.T.);
#8867 = VERTEX_POINT('',#8868);
#8868 = CARTESIAN_POINT('',(5.869422115524,-1.000000014901,
    23.074162634947));
#8869 = VERTEX_POINT('',#8870);
#8870 = CARTESIAN_POINT('',(5.869422115524,1.000000014901,
    22.364449718628));
#8871 = B_SPLINE_CURVE_WITH_KNOTS('',3,(#8872,#8873,#8874,#8875,#8876,
    #8877,#8878,#8879,#8880,#8881,#8882,#8883,#8884,#8885,#8886,#8887,
    #8888,#8889,#8890,#8891,#8892,#8893,#8894,#8895,#8896,#8897,#8898,
    #8899,#8900,#8901,#8902,#8903,#8904,#8905,#8906,#8907,#8908),
  .UNSPECIFIED.,.F.,.F.,(4,3,3,3,3,3,3,3,3,3,3,3,4),(-94.86297561097,
    -94.36750252562,-93.87202944027,-93.37655635492,-92.88108326958,
    -92.38561018423,-91.89013709888,-91.39466401353,-90.89919092818,
    -90.40371784284,-89.90824475749,-89.41277167214,-88.91729858679),
  .UNSPECIFIED.);
#8872 = CARTESIAN_POINT('',(5.869422115524,-1.000000014901,
    23.074162634947));
#8873 = CARTESIAN_POINT('',(5.704264417947,-1.969380243164,
    23.054448387271));
#8874 = CARTESIAN_POINT('',(5.294311431253,-2.896571994081,
    23.034734139595));
#8875 = CARTESIAN_POINT('',(4.688405465665,-3.670609642248,
    23.01501989192));
#8876 = CARTESIAN_POINT('',(4.082499500078,-4.444647290416,
    22.995305644244));
#8877 = CARTESIAN_POINT('',(3.280640555598,-5.065530835834,
    22.975591396569));
#8878 = CARTESIAN_POINT('',(2.379453903045,-5.458413816193,
    22.955877148893));
#8879 = CARTESIAN_POINT('',(1.478267250492,-5.851296796553,
    22.936162901218));
#8880 = CARTESIAN_POINT('',(0.477752889867,-6.016179211853,
    22.916448653542));
#8881 = CARTESIAN_POINT('',(-0.501831084963,-5.933317192053,
    22.896734405867));
#8882 = CARTESIAN_POINT('',(-1.481415059793,-5.850455172253,
    22.877020158191));
#8883 = CARTESIAN_POINT('',(-2.440068648828,-5.519848717353,
    22.857305910516));
#8884 = CARTESIAN_POINT('',(-3.262473534486,-4.981217860052,
    22.83759166284));
#8885 = CARTESIAN_POINT('',(-4.084878420145,-4.442587002751,
    22.817877415165));
#8886 = CARTESIAN_POINT('',(-4.771034602426,-3.695931743049,
    22.798163167489));
#8887 = CARTESIAN_POINT('',(-5.238443014606,-2.83105803264,
    22.778448919814));
#8888 = CARTESIAN_POINT('',(-5.705851426786,-1.966184322231,
    22.758734672138));
#8889 = CARTESIAN_POINT('',(-5.954512068865,-0.983092161115,
    22.739020424463));
#8890 = CARTESIAN_POINT('',(-5.954512068864,1.623701173514E-13,
    22.719306176787));
#8891 = CARTESIAN_POINT('',(-5.954512068864,0.983092161116,
    22.699591929111));
#8892 = CARTESIAN_POINT('',(-5.705851426786,1.966184322231,
    22.679877681436));
#8893 = CARTESIAN_POINT('',(-5.238443014606,2.83105803264,22.66016343376
    ));
#8894 = CARTESIAN_POINT('',(-4.771034602426,3.695931743049,
    22.640449186085));
#8895 = CARTESIAN_POINT('',(-4.084878420144,4.442587002751,
    22.620734938409));
#8896 = CARTESIAN_POINT('',(-3.262473534486,4.981217860052,
    22.601020690734));
#8897 = CARTESIAN_POINT('',(-2.440068648828,5.519848717353,
    22.581306443058));
#8898 = CARTESIAN_POINT('',(-1.481415059793,5.850455172253,
    22.561592195383));
#8899 = CARTESIAN_POINT('',(-0.501831084963,5.933317192053,
    22.541877947707));
#8900 = CARTESIAN_POINT('',(0.477752889867,6.016179211853,
    22.522163700032));
#8901 = CARTESIAN_POINT('',(1.478267250492,5.851296796553,
    22.502449452356));
#8902 = CARTESIAN_POINT('',(2.379453903045,5.458413816193,
    22.482735204681));
#8903 = CARTESIAN_POINT('',(3.280640555598,5.065530835834,
    22.463020957005));
#8904 = CARTESIAN_POINT('',(4.082499500078,4.444647290416,22.44330670933
    ));
#8905 = CARTESIAN_POINT('',(4.688405465666,3.670609642248,
    22.423592461654));
#8906 = CARTESIAN_POINT('',(5.294311431253,2.89657199408,22.403878213979
    ));
#8907 = CARTESIAN_POINT('',(5.704264417947,1.969380243163,
    22.384163966303));
#8908 = CARTESIAN_POINT('',(5.869422115524,1.000000014901,
    22.364449718628));
#8909 = ORIENTED_EDGE('',*,*,#8910,.T.);
#8910 = EDGE_CURVE('',#8869,#6877,#8911,.T.);
#8911 = B_SPLINE_CURVE_WITH_KNOTS('',3,(#8912,#8913,#8914,#8915,#8916,
    #8917),.UNSPECIFIED.,.F.,.F.,(4,2,4),(0.,2.52362133059E-02,
    5.049666425635E-02),.UNSPECIFIED.);
#8912 = CARTESIAN_POINT('',(5.869422115524,1.000000014901,
    22.364449718628));
#8913 = CARTESIAN_POINT('',(5.796419107736,1.000000014901,
    22.406245111631));
#8914 = CARTESIAN_POINT('',(5.723332917602,1.000000014901,
    22.448075174457));
#8915 = CARTESIAN_POINT('',(5.577230305022,1.000000014901,
    22.531666407642));
#8916 = CARTESIAN_POINT('',(5.504053728187,1.000000014901,
    22.573519181356));
#8917 = CARTESIAN_POINT('',(5.430952497739,1.000000014901,
    22.615312572072));
#8918 = ORIENTED_EDGE('',*,*,#6884,.T.);
#8919 = ORIENTED_EDGE('',*,*,#8920,.T.);
#8920 = EDGE_CURVE('',#6849,#8867,#8921,.T.);
#8921 = B_SPLINE_CURVE_WITH_KNOTS('',3,(#8922,#8923,#8924,#8925,#8926,
    #8927),.UNSPECIFIED.,.F.,.F.,(4,2,4),(0.,2.517994954589E-02,
    5.034158057003E-02),.UNSPECIFIED.);
#8922 = CARTESIAN_POINT('',(5.430952497739,-1.000000014901,
    23.321841738947));
#8923 = CARTESIAN_POINT('',(5.504063099331,-1.000000014901,
    23.28061533785));
#8924 = CARTESIAN_POINT('',(5.577238896814,-1.000000014901,
    23.239313506004));
#8925 = CARTESIAN_POINT('',(5.723341272411,-1.000000014901,
    23.156781732053));
#8926 = CARTESIAN_POINT('',(5.796426799822,-1.000000014901,
    23.115462050308));
#8927 = CARTESIAN_POINT('',(5.869422115524,-1.000000014901,
    23.074162634947));
#8928 = B_SPLINE_SURFACE_WITH_KNOTS('',3,3,(
    (#8929,#8930,#8931,#8932,#8933,#8934,#8935,#8936,#8937,#8938,#8939
      ,#8940,#8941,#8942,#8943)
    ,(#8944,#8945,#8946,#8947,#8948,#8949,#8950,#8951,#8952,#8953,#8954
      ,#8955,#8956,#8957,#8958)
    ,(#8959,#8960,#8961,#8962,#8963,#8964,#8965,#8966,#8967,#8968,#8969
      ,#8970,#8971,#8972,#8973)
    ,(#8974,#8975,#8976,#8977,#8978,#8979,#8980,#8981,#8982,#8983,#8984
      ,#8985,#8986,#8987,#8988
    )),.UNSPECIFIED.,.F.,.F.,.F.,(4,4),(4,1,1,1,1,1,1,1,1,1,1,1,4),(0.,
    4.985419574452E-02),(100.53227097463,101.02774405998,101.52321714533
    ,102.01869023068,102.51416331602,103.00963640137,103.50510948672,
    104.00058257207,104.49605565742,104.99152874276,105.48700182811,
    105.98247491346,106.47794799881),.UNSPECIFIED.);
#8929 = CARTESIAN_POINT('',(5.869422115524,1.000000014901,
    22.364449718628));
#8930 = CARTESIAN_POINT('',(5.704264417947,1.969380243163,
    22.384163966303));
#8931 = CARTESIAN_POINT('',(4.884358444559,3.823763744997,
    22.423592461654));
#8932 = CARTESIAN_POINT('',(2.478781611118,5.686414381252,
    22.482735204681));
#8933 = CARTESIAN_POINT('',(-0.522761470758,6.181061627154,
    22.541877947707));
#8934 = CARTESIAN_POINT('',(-3.398722237863,5.189242262453,
    22.601020690734));
#8935 = CARTESIAN_POINT('',(-5.457190784708,2.949276483347,
    22.66016343376));
#8936 = CARTESIAN_POINT('',(-6.203172710943,1.410408564405E-13,
    22.719306176787));
#8937 = CARTESIAN_POINT('',(-5.457190784708,-2.949276483347,
    22.778448919814));
#8938 = CARTESIAN_POINT('',(-3.398722237863,-5.189242262452,
    22.83759166284));
#8939 = CARTESIAN_POINT('',(-0.522761470758,-6.181061627154,
    22.896734405867));
#8940 = CARTESIAN_POINT('',(2.478781611117,-5.686414381252,
    22.955877148893));
#8941 = CARTESIAN_POINT('',(4.884358444559,-3.823763744998,
    23.01501989192));
#8942 = CARTESIAN_POINT('',(5.704264417947,-1.969380243164,
    23.054448387271));
#8943 = CARTESIAN_POINT('',(5.869422115524,-1.000000014901,
    23.074162634947));
#8944 = CARTESIAN_POINT('',(5.72754981688,0.975828589168,22.447540044868
    ));
#8945 = CARTESIAN_POINT('',(5.566384216264,1.921777515586,
    22.467254292544));
#8946 = CARTESIAN_POINT('',(4.766296538925,3.731337924994,
    22.506682787895));
#8947 = CARTESIAN_POINT('',(2.41886592639,5.5489656404,22.565825530922)
  );
#8948 = CARTESIAN_POINT('',(-0.51012558088,6.031656557312,
    22.624968273948));
#8949 = CARTESIAN_POINT('',(-3.316570276929,5.063810880367,
    22.684111016975));
#8950 = CARTESIAN_POINT('',(-5.325282704913,2.877988266928,
    22.743253760001));
#8951 = CARTESIAN_POINT('',(-6.053233184689,1.249057824637E-13,
    22.802396503028));
#8952 = CARTESIAN_POINT('',(-5.325282704913,-2.877988266927,
    22.861539246055));
#8953 = CARTESIAN_POINT('',(-3.316570276929,-5.063810880367,
    22.920681989081));
#8954 = CARTESIAN_POINT('',(-0.51012558088,-6.031656557312,
    22.979824732108));
#8955 = CARTESIAN_POINT('',(2.41886592639,-5.5489656404,23.038967475134)
  );
#8956 = CARTESIAN_POINT('',(4.766296538924,-3.731337924994,
    23.098110218161));
#8957 = CARTESIAN_POINT('',(5.566384216264,-1.921777515586,
    23.137538713512));
#8958 = CARTESIAN_POINT('',(5.72754981688,-0.975828589169,
    23.157252961187));
#8959 = CARTESIAN_POINT('',(5.585677518236,0.951657163436,
    22.530630371109));
#8960 = CARTESIAN_POINT('',(5.428504014582,1.874174788009,
    22.550344618785));
#8961 = CARTESIAN_POINT('',(4.64823463329,3.63891210499,22.589773114136)
  );
#8962 = CARTESIAN_POINT('',(2.358950241663,5.411516899547,
    22.648915857162));
#8963 = CARTESIAN_POINT('',(-0.497489691002,5.882251487469,
    22.708058600189));
#8964 = CARTESIAN_POINT('',(-3.234418315995,4.938379498281,
    22.767201343216));
#8965 = CARTESIAN_POINT('',(-5.193374625118,2.806700050508,
    22.826344086242));
#8966 = CARTESIAN_POINT('',(-5.903293658435,1.101247007088E-13,
    22.885486829269));
#8967 = CARTESIAN_POINT('',(-5.193374625118,-2.806700050508,
    22.944629572295));
#8968 = CARTESIAN_POINT('',(-3.234418315996,-4.938379498281,
    23.003772315322));
#8969 = CARTESIAN_POINT('',(-0.497489691002,-5.882251487469,
    23.062915058349));
#8970 = CARTESIAN_POINT('',(2.358950241663,-5.411516899547,
    23.122057801375));
#8971 = CARTESIAN_POINT('',(4.64823463329,-3.638912104991,
    23.181200544402));
#8972 = CARTESIAN_POINT('',(5.428504014582,-1.874174788009,
    23.220629039753));
#8973 = CARTESIAN_POINT('',(5.585677518236,-0.951657163436,
    23.240343287428));
#8974 = CARTESIAN_POINT('',(5.443805219592,0.927485737704,22.61372069735
    ));
#8975 = CARTESIAN_POINT('',(5.2906238129,1.826572060432,22.633434945026)
  );
#8976 = CARTESIAN_POINT('',(4.530172727656,3.546486284987,
    22.672863440377));
#8977 = CARTESIAN_POINT('',(2.299034556936,5.274068158695,
    22.732006183403));
#8978 = CARTESIAN_POINT('',(-0.484853801124,5.732846417627,
    22.79114892643));
#8979 = CARTESIAN_POINT('',(-3.152266355062,4.812948116196,
    22.850291669456));
#8980 = CARTESIAN_POINT('',(-5.061466545323,2.735411834088,
    22.909434412483));
#8981 = CARTESIAN_POINT('',(-5.753354132181,9.376396136167E-14,
    22.96857715551));
#8982 = CARTESIAN_POINT('',(-5.061466545323,-2.735411834088,
    23.027719898536));
#8983 = CARTESIAN_POINT('',(-3.152266355062,-4.812948116196,
    23.086862641563));
#8984 = CARTESIAN_POINT('',(-0.484853801124,-5.732846417627,
    23.146005384589));
#8985 = CARTESIAN_POINT('',(2.299034556935,-5.274068158695,
    23.205148127616));
#8986 = CARTESIAN_POINT('',(4.530172727656,-3.546486284987,
    23.264290870643));
#8987 = CARTESIAN_POINT('',(5.2906238129,-1.826572060432,23.303719365994
    ));
#8988 = CARTESIAN_POINT('',(5.443805219592,-0.927485737704,
    23.323433613669));
#8989 = ADVANCED_FACE('',(#8990),#9018,.F.);
#8990 = FACE_BOUND('',#8991,.F.);
#8991 = EDGE_LOOP('',(#8992,#9010,#9011));
#8992 = ORIENTED_EDGE('',*,*,#8993,.T.);
#8993 = EDGE_CURVE('',#8994,#6931,#8996,.T.);
#8994 = VERTEX_POINT('',#8995);
#8995 = CARTESIAN_POINT('',(5.478778182425,1.046000014901,23.546));
#8996 = B_SPLINE_CURVE_WITH_KNOTS('',3,(#8997,#8998,#8999,#9000,#9001,
    #9002,#9003,#9004,#9005,#9006,#9007,#9008,#9009),.UNSPECIFIED.,.F.,
  .F.,(4,3,3,3,4),(-0.149565190868,-0.101351792197,-5.329491404021E-02,
    -5.949612127265E-03,0.),.UNSPECIFIED.);
#8997 = CARTESIAN_POINT('',(5.478777916747,1.045999934357,23.546));
#8998 = CARTESIAN_POINT('',(5.442949733036,1.202022021486,23.546));
#8999 = CARTESIAN_POINT('',(5.400396928126,1.356361147413,23.546));
#9000 = CARTESIAN_POINT('',(5.351280694413,1.508603188532,23.546));
#9001 = CARTESIAN_POINT('',(5.302323912188,1.660350989396,23.546));
#9002 = CARTESIAN_POINT('',(5.246845935096,1.810015977562,23.546));
#9003 = CARTESIAN_POINT('',(5.184959706188,1.95716609735,23.546));
#9004 = CARTESIAN_POINT('',(5.12398982416,2.102137371288,23.546));
#9005 = CARTESIAN_POINT('',(5.05679969953,2.244668281176,23.546));
#9006 = CARTESIAN_POINT('',(4.983457044847,2.384315102846,23.546));
#9007 = CARTESIAN_POINT('',(4.974240494733,2.401863716756,23.546));
#9008 = CARTESIAN_POINT('',(4.964926738025,2.419366739782,23.546));
#9009 = CARTESIAN_POINT('',(4.955515867537,2.436823249457,23.546));
#9010 = ORIENTED_EDGE('',*,*,#6939,.F.);
#9011 = ORIENTED_EDGE('',*,*,#9012,.T.);
#9012 = EDGE_CURVE('',#6940,#8994,#9013,.T.);
#9013 = B_SPLINE_CURVE_WITH_KNOTS('',3,(#9014,#9015,#9016,#9017),
  .UNSPECIFIED.,.F.,.F.,(4,4),(0.,6.816341015894E-03),
  .PIECEWISE_BEZIER_KNOTS.);
#9014 = CARTESIAN_POINT('',(5.428453254147,1.013479318998,
    23.513479304097));
#9015 = CARTESIAN_POINT('',(5.445231328568,1.024313203541,23.52431318864
    ));
#9016 = CARTESIAN_POINT('',(5.462006750988,1.035153821534,
    23.535153835871));
#9017 = CARTESIAN_POINT('',(5.478777916747,1.045999934357,23.546));
#9018 = B_SPLINE_SURFACE_WITH_KNOTS('',3,3,(
    (#9019,#9020,#9021,#9022)
    ,(#9023,#9024,#9025,#9026)
    ,(#9027,#9028,#9029,#9030)
    ,(#9031,#9032,#9033,#9034
    )),.UNSPECIFIED.,.F.,.F.,.F.,(4,4),(4,4),(0.,6.406842203191E-03),(
    106.83127485131,107.10371959621),.PIECEWISE_BEZIER_KNOTS.);
#9019 = CARTESIAN_POINT('',(5.428453254147,1.013479318998,
    23.513479304097));
#9020 = CARTESIAN_POINT('',(5.336414215971,1.506463839679,
    23.524319536065));
#9021 = CARTESIAN_POINT('',(5.176815763727,1.986788497326,
    23.535159768032));
#9022 = CARTESIAN_POINT('',(4.955515867537,2.436823249457,23.546));
#9023 = CARTESIAN_POINT('',(5.446634073146,1.016873634689,
    23.524157374436));
#9024 = CARTESIAN_POINT('',(5.354286780479,1.511509244901,
    23.534997606403));
#9025 = CARTESIAN_POINT('',(5.194153805704,1.993442592032,
    23.545837838371));
#9026 = CARTESIAN_POINT('',(4.972112738287,2.444984587568,
    23.556678070339));
#9027 = CARTESIAN_POINT('',(5.464814892145,1.02026795038,23.534835444774
    ));
#9028 = CARTESIAN_POINT('',(5.372159344987,1.516554650123,
    23.545675676742));
#9029 = CARTESIAN_POINT('',(5.211491847681,2.000096686737,23.55651590871
    ));
#9030 = CARTESIAN_POINT('',(4.988709609037,2.45314592568,23.567356140677
    ));
#9031 = CARTESIAN_POINT('',(5.482995711143,1.023662266071,
    23.545513515113));
#9032 = CARTESIAN_POINT('',(5.390031909495,1.521600055346,
    23.556353747081));
#9033 = CARTESIAN_POINT('',(5.228829889658,2.006750781443,
    23.567193979048));
#9034 = CARTESIAN_POINT('',(5.005306479787,2.461307263791,
    23.578034211016));
#9035 = ADVANCED_FACE('',(#9036),#9101,.F.);
#9036 = FACE_BOUND('',#9037,.F.);
#9037 = EDGE_LOOP('',(#9038,#9039,#9050,#9092));
#9038 = ORIENTED_EDGE('',*,*,#5914,.F.);
#9039 = ORIENTED_EDGE('',*,*,#9040,.T.);
#9040 = EDGE_CURVE('',#5915,#9041,#9043,.T.);
#9041 = VERTEX_POINT('',#9042);
#9042 = CARTESIAN_POINT('',(5.869422115524,1.000000014901,
    12.510862080174));
#9043 = B_SPLINE_CURVE_WITH_KNOTS('',3,(#9044,#9045,#9046,#9047,#9048,
    #9049),.UNSPECIFIED.,.F.,.F.,(4,2,4),(0.,2.517994954499E-02,
    5.034158056387E-02),.UNSPECIFIED.);
#9044 = CARTESIAN_POINT('',(5.430952497739,1.000000014901,
    12.263182976173));
#9045 = CARTESIAN_POINT('',(5.504063099329,1.000000014901,
    12.304409377268));
#9046 = CARTESIAN_POINT('',(5.577238896808,1.000000014901,
    12.345711209113));
#9047 = CARTESIAN_POINT('',(5.723341272404,1.000000014901,
    12.428242983063));
#9048 = CARTESIAN_POINT('',(5.796426799807,1.000000014901,
    12.469562664804));
#9049 = CARTESIAN_POINT('',(5.869422115524,1.000000014901,
    12.510862080174));
#9050 = ORIENTED_EDGE('',*,*,#9051,.T.);
#9051 = EDGE_CURVE('',#9041,#9052,#9054,.T.);
#9052 = VERTEX_POINT('',#9053);
#9053 = CARTESIAN_POINT('',(5.869422115524,-1.000000014901,
    13.220574996493));
#9054 = B_SPLINE_CURVE_WITH_KNOTS('',3,(#9055,#9056,#9057,#9058,#9059,
    #9060,#9061,#9062,#9063,#9064,#9065,#9066,#9067,#9068,#9069,#9070,
    #9071,#9072,#9073,#9074,#9075,#9076,#9077,#9078,#9079,#9080,#9081,
    #9082,#9083,#9084,#9085,#9086,#9087,#9088,#9089,#9090,#9091),
  .UNSPECIFIED.,.F.,.F.,(4,3,3,3,3,3,3,3,3,3,3,3,4),(4.279788154856,
    4.775261240204,5.270734325552,5.7662074109,6.261680496247,
    6.757153581595,7.252626666943,7.748099752291,8.243572837639,
    8.739045922987,9.234519008335,9.729992093682,10.22546517903),
  .UNSPECIFIED.);
#9055 = CARTESIAN_POINT('',(5.869422115524,1.000000014901,
    12.510862080174));
#9056 = CARTESIAN_POINT('',(5.704264417947,1.969380243164,
    12.530576327849));
#9057 = CARTESIAN_POINT('',(5.294339591759,2.896574853739,
    12.550290575525));
#9058 = CARTESIAN_POINT('',(4.688438520534,3.670612508716,12.5700048232)
  );
#9059 = CARTESIAN_POINT('',(4.082537449309,4.444650163692,
    12.589719070876));
#9060 = CARTESIAN_POINT('',(3.280660133046,5.06553086307,12.609433318551
    ));
#9061 = CARTESIAN_POINT('',(2.37946579861,5.458412270544,12.629147566227
    ));
#9062 = CARTESIAN_POINT('',(1.478271464173,5.851293678018,
    12.648861813902));
#9063 = CARTESIAN_POINT('',(0.477760111564,6.016175793588,
    12.668576061578));
#9064 = CARTESIAN_POINT('',(-0.501823951519,5.933313713212,
    12.688290309253));
#9065 = CARTESIAN_POINT('',(-1.481408014602,5.850451632836,
    12.708004556929));
#9066 = CARTESIAN_POINT('',(-2.440064788157,5.519845356515,
    12.727718804604));
#9067 = CARTESIAN_POINT('',(-3.262470425229,4.981214772311,
    12.74743305228));
#9068 = CARTESIAN_POINT('',(-4.084876062301,4.442584188108,
    12.767147299955));
#9069 = CARTESIAN_POINT('',(-4.771030562889,3.695929296023,
    12.786861547631));
#9070 = CARTESIAN_POINT('',(-5.238438577315,2.831056115991,
    12.806575795307));
#9071 = CARTESIAN_POINT('',(-5.70584659174,1.966182935959,
    12.826290042982));
#9072 = CARTESIAN_POINT('',(-5.954508120003,0.983091467979,
    12.846004290658));
#9073 = CARTESIAN_POINT('',(-5.954508120003,3.524958103185E-14,
    12.865718538333));
#9074 = CARTESIAN_POINT('',(-5.954508120003,-0.983091467979,
    12.885432786009));
#9075 = CARTESIAN_POINT('',(-5.70584659174,-1.966182935959,
    12.905147033684));
#9076 = CARTESIAN_POINT('',(-5.238438577315,-2.831056115991,
    12.92486128136));
#9077 = CARTESIAN_POINT('',(-4.771030562889,-3.695929296023,
    12.944575529035));
#9078 = CARTESIAN_POINT('',(-4.084876062301,-4.442584188108,
    12.964289776711));
#9079 = CARTESIAN_POINT('',(-3.262470425229,-4.981214772311,
    12.984004024386));
#9080 = CARTESIAN_POINT('',(-2.440064788157,-5.519845356515,
    13.003718272062));
#9081 = CARTESIAN_POINT('',(-1.481408014602,-5.850451632836,
    13.023432519737));
#9082 = CARTESIAN_POINT('',(-0.501823951519,-5.933313713212,
    13.043146767413));
#9083 = CARTESIAN_POINT('',(0.477760111564,-6.016175793588,
    13.062861015088));
#9084 = CARTESIAN_POINT('',(1.478271464173,-5.851293678018,
    13.082575262764));
#9085 = CARTESIAN_POINT('',(2.379465798609,-5.458412270544,
    13.102289510439));
#9086 = CARTESIAN_POINT('',(3.280660133046,-5.06553086307,
    13.122003758115));
#9087 = CARTESIAN_POINT('',(4.082537449309,-4.444650163692,
    13.14171800579));
#9088 = CARTESIAN_POINT('',(4.688438520534,-3.670612508716,
    13.161432253466));
#9089 = CARTESIAN_POINT('',(5.294339591759,-2.896574853739,
    13.181146501141));
#9090 = CARTESIAN_POINT('',(5.704264417947,-1.969380243164,
    13.200860748817));
#9091 = CARTESIAN_POINT('',(5.869422115524,-1.000000014901,
    13.220574996493));
#9092 = ORIENTED_EDGE('',*,*,#9093,.T.);
#9093 = EDGE_CURVE('',#9052,#5905,#9094,.T.);
#9094 = B_SPLINE_CURVE_WITH_KNOTS('',3,(#9095,#9096,#9097,#9098,#9099,
    #9100),.UNSPECIFIED.,.F.,.F.,(4,2,4),(0.,2.523621330066E-02,
    5.049666423426E-02),.UNSPECIFIED.);
#9095 = CARTESIAN_POINT('',(5.869422115524,-1.000000014901,
    13.220574996493));
#9096 = CARTESIAN_POINT('',(5.796419107751,-1.000000014901,
    13.178779603497));
#9097 = CARTESIAN_POINT('',(5.723332917608,-1.000000014901,
    13.136949540667));
#9098 = CARTESIAN_POINT('',(5.577230305048,-1.000000014901,
    13.053358307493));
#9099 = CARTESIAN_POINT('',(5.504053728199,-1.000000014901,
    13.011505533771));
#9100 = CARTESIAN_POINT('',(5.430952497739,-1.000000014901,
    12.969712143048));
#9101 = B_SPLINE_SURFACE_WITH_KNOTS('',3,3,(
    (#9102,#9103,#9104,#9105,#9106,#9107,#9108,#9109,#9110,#9111,#9112
      ,#9113,#9114,#9115,#9116)
    ,(#9117,#9118,#9119,#9120,#9121,#9122,#9123,#9124,#9125,#9126,#9127
      ,#9128,#9129,#9130,#9131)
    ,(#9132,#9133,#9134,#9135,#9136,#9137,#9138,#9139,#9140,#9141,#9142
      ,#9143,#9144,#9145,#9146)
    ,(#9147,#9148,#9149,#9150,#9151,#9152,#9153,#9154,#9155,#9156,#9157
      ,#9158,#9159,#9160,#9161
    )),.UNSPECIFIED.,.F.,.F.,.F.,(4,4),(4,1,1,1,1,1,1,1,1,1,1,1,4),(0.,
    4.985419574452E-02),(12.567676674123,13.063149759471,13.558622844819
    ,14.054095930167,14.549569015515,15.045042100863,15.54051518621,
    16.035988271558,16.531461356906,17.026934442254,17.522407527602,
    18.01788061295,18.513353698298),.UNSPECIFIED.);
#9102 = CARTESIAN_POINT('',(5.443805219592,0.927485737704,
    12.261591101451));
#9103 = CARTESIAN_POINT('',(5.2906238129,1.826572060432,12.281305349126)
  );
#9104 = CARTESIAN_POINT('',(4.530224964592,3.546491589572,
    12.320733844478));
#9105 = CARTESIAN_POINT('',(2.299035675173,5.274065544295,
    12.379876587504));
#9106 = CARTESIAN_POINT('',(-0.484844313212,5.732842969239,
    12.439019330531));
#9107 = CARTESIAN_POINT('',(-3.152265727943,4.812945164695,
    12.498162073557));
#9108 = CARTESIAN_POINT('',(-5.061461238963,2.735409905466,
    12.557304816584));
#9109 = CARTESIAN_POINT('',(-5.753351291592,-1.683674312323E-14,
    12.61644755961));
#9110 = CARTESIAN_POINT('',(-5.061461238963,-2.735409905466,
    12.675590302637));
#9111 = CARTESIAN_POINT('',(-3.152265727943,-4.812945164695,
    12.734733045664));
#9112 = CARTESIAN_POINT('',(-0.484844313212,-5.732842969239,
    12.79387578869));
#9113 = CARTESIAN_POINT('',(2.299035675173,-5.274065544295,
    12.853018531717));
#9114 = CARTESIAN_POINT('',(4.530224964592,-3.546491589572,
    12.912161274743));
#9115 = CARTESIAN_POINT('',(5.2906238129,-1.826572060432,12.951589770094
    ));
#9116 = CARTESIAN_POINT('',(5.443805219592,-0.927485737704,
    12.97130401777));
#9117 = CARTESIAN_POINT('',(5.585677518236,0.951657163436,
    12.344681427692));
#9118 = CARTESIAN_POINT('',(5.428504014582,1.874174788009,
    12.364395675367));
#9119 = CARTESIAN_POINT('',(4.648288231585,3.638917547819,
    12.403824170718));
#9120 = CARTESIAN_POINT('',(2.358951389043,5.411514217013,
    12.462966913745));
#9121 = CARTESIAN_POINT('',(-0.497479955824,5.882247949212,
    12.522109656772));
#9122 = CARTESIAN_POINT('',(-3.234417672533,4.938376469861,
    12.581252399798));
#9123 = CARTESIAN_POINT('',(-5.193369180468,2.806698071624,
    12.640395142825));
#9124 = CARTESIAN_POINT('',(-5.903290743817,-4.301357732212E-15,
    12.699537885851));
#9125 = CARTESIAN_POINT('',(-5.193369180468,-2.806698071624,
    12.758680628878));
#9126 = CARTESIAN_POINT('',(-3.234417672533,-4.938376469861,
    12.817823371905));
#9127 = CARTESIAN_POINT('',(-0.497479955824,-5.882247949212,
    12.876966114931));
#9128 = CARTESIAN_POINT('',(2.358951389043,-5.411514217013,
    12.936108857958));
#9129 = CARTESIAN_POINT('',(4.648288231585,-3.638917547819,
    12.995251600984));
#9130 = CARTESIAN_POINT('',(5.428504014582,-1.874174788009,
    13.034680096335));
#9131 = CARTESIAN_POINT('',(5.585677518236,-0.951657163436,
    13.054394344011));
#9132 = CARTESIAN_POINT('',(5.72754981688,0.975828589169,12.427771753933
    ));
#9133 = CARTESIAN_POINT('',(5.566384216264,1.921777515586,
    12.447486001608));
#9134 = CARTESIAN_POINT('',(4.766351498578,3.731343506067,
    12.486914496959));
#9135 = CARTESIAN_POINT('',(2.418867102913,5.54896288973,12.546057239986
    ));
#9136 = CARTESIAN_POINT('',(-0.510115598435,6.031652929185,
    12.605199983013));
#9137 = CARTESIAN_POINT('',(-3.316569617123,5.063807775027,
    12.664342726039));
#9138 = CARTESIAN_POINT('',(-5.325277121973,2.877986237781,
    12.723485469066));
#9139 = CARTESIAN_POINT('',(-6.053230196042,1.069194636293E-14,
    12.782628212092));
#9140 = CARTESIAN_POINT('',(-5.325277121973,-2.877986237781,
    12.841770955119));
#9141 = CARTESIAN_POINT('',(-3.316569617123,-5.063807775027,
    12.900913698145));
#9142 = CARTESIAN_POINT('',(-0.510115598435,-6.031652929185,
    12.960056441172));
#9143 = CARTESIAN_POINT('',(2.418867102913,-5.54896288973,
    13.019199184199));
#9144 = CARTESIAN_POINT('',(4.766351498578,-3.731343506067,
    13.078341927225));
#9145 = CARTESIAN_POINT('',(5.566384216264,-1.921777515586,
    13.117770422576));
#9146 = CARTESIAN_POINT('',(5.72754981688,-0.975828589169,
    13.137484670252));
#9147 = CARTESIAN_POINT('',(5.869422115524,1.000000014901,
    12.510862080174));
#9148 = CARTESIAN_POINT('',(5.704264417947,1.969380243164,
    12.530576327849));
#9149 = CARTESIAN_POINT('',(4.884414765572,3.823769464314,12.5700048232)
  );
#9150 = CARTESIAN_POINT('',(2.478782816783,5.686411562448,
    12.629147566227));
#9151 = CARTESIAN_POINT('',(-0.522751241046,6.181057909158,
    12.688290309253));
#9152 = CARTESIAN_POINT('',(-3.398721561713,5.189239080193,
    12.74743305228));
#9153 = CARTESIAN_POINT('',(-5.457185063477,2.949274403938,
    12.806575795307));
#9154 = CARTESIAN_POINT('',(-6.203169648266,2.126099679065E-14,
    12.865718538333));
#9155 = CARTESIAN_POINT('',(-5.457185063477,-2.949274403938,
    12.92486128136));
#9156 = CARTESIAN_POINT('',(-3.398721561713,-5.189239080193,
    12.984004024386));
#9157 = CARTESIAN_POINT('',(-0.522751241046,-6.181057909158,
    13.043146767413));
#9158 = CARTESIAN_POINT('',(2.478782816783,-5.686411562448,
    13.102289510439));
#9159 = CARTESIAN_POINT('',(4.884414765572,-3.823769464314,
    13.161432253466));
#9160 = CARTESIAN_POINT('',(5.704264417947,-1.969380243164,
    13.200860748817));
#9161 = CARTESIAN_POINT('',(5.869422115524,-1.000000014901,
    13.220574996493));
#9162 = ADVANCED_FACE('',(#9163),#9228,.F.);
#9163 = FACE_BOUND('',#9164,.F.);
#9164 = EDGE_LOOP('',(#9165,#9166,#9177,#9219));
#9165 = ORIENTED_EDGE('',*,*,#5978,.F.);
#9166 = ORIENTED_EDGE('',*,*,#9167,.T.);
#9167 = EDGE_CURVE('',#5979,#9168,#9170,.T.);
#9168 = VERTEX_POINT('',#9169);
#9169 = CARTESIAN_POINT('',(5.869422115524,1.000000014901,
    13.260862080174));
#9170 = B_SPLINE_CURVE_WITH_KNOTS('',3,(#9171,#9172,#9173,#9174,#9175,
    #9176),.UNSPECIFIED.,.F.,.F.,(4,2,4),(0.,2.51799495446E-02,
    5.034158056221E-02),.UNSPECIFIED.);
#9171 = CARTESIAN_POINT('',(5.430952497739,1.000000014901,
    13.013182976173));
#9172 = CARTESIAN_POINT('',(5.504063099328,1.000000014901,
    13.054409377268));
#9173 = CARTESIAN_POINT('',(5.577238896806,1.000000014901,
    13.095711209111));
#9174 = CARTESIAN_POINT('',(5.723341272404,1.000000014901,
    13.178242983063));
#9175 = CARTESIAN_POINT('',(5.796426799807,1.000000014901,
    13.219562664804));
#9176 = CARTESIAN_POINT('',(5.869422115524,1.000000014901,
    13.260862080174));
#9177 = ORIENTED_EDGE('',*,*,#9178,.T.);
#9178 = EDGE_CURVE('',#9168,#9179,#9181,.T.);
#9179 = VERTEX_POINT('',#9180);
#9180 = CARTESIAN_POINT('',(5.869422115524,-1.000000014901,
    13.970574996493));
#9181 = B_SPLINE_CURVE_WITH_KNOTS('',3,(#9182,#9183,#9184,#9185,#9186,
    #9187,#9188,#9189,#9190,#9191,#9192,#9193,#9194,#9195,#9196,#9197,
    #9198,#9199,#9200,#9201,#9202,#9203,#9204,#9205,#9206,#9207,#9208,
    #9209,#9210,#9211,#9212,#9213,#9214,#9215,#9216,#9217,#9218),
  .UNSPECIFIED.,.F.,.F.,(4,3,3,3,3,3,3,3,3,3,3,3,4),(10.562973462036,
    11.058446547384,11.553919632731,12.049392718079,12.544865803427,
    13.040338888775,13.535811974123,14.031285059471,14.526758144818,
    15.022231230166,15.517704315514,16.013177400862,16.50865048621),
  .UNSPECIFIED.);
#9182 = CARTESIAN_POINT('',(5.869422115524,1.000000014901,
    13.260862080174));
#9183 = CARTESIAN_POINT('',(5.704264417947,1.969380243164,
    13.280576327849));
#9184 = CARTESIAN_POINT('',(5.294337041776,2.896574583406,
    13.300290575525));
#9185 = CARTESIAN_POINT('',(4.688435580179,3.670612235962,13.3200048232)
  );
#9186 = CARTESIAN_POINT('',(4.082534118582,4.444649888518,
    13.339719070876));
#9187 = CARTESIAN_POINT('',(3.280658571557,5.065530853388,
    13.359433318551));
#9188 = CARTESIAN_POINT('',(2.379464945598,5.458412401216,
    13.379147566227));
#9189 = CARTESIAN_POINT('',(1.478271319638,5.851293949044,
    13.398861813902));
#9190 = CARTESIAN_POINT('',(0.477759614744,6.01617607983,13.418576061578
    ));
#9191 = CARTESIAN_POINT('',(-0.501824475978,5.933313998728,
    13.438290309253));
#9192 = CARTESIAN_POINT('',(-1.4814085667,5.850451917626,13.458004556929
    ));
#9193 = CARTESIAN_POINT('',(-2.440065043249,5.519845624636,
    13.477718804604));
#9194 = CARTESIAN_POINT('',(-3.262470618156,4.98121501802,13.49743305228
    ));
#9195 = CARTESIAN_POINT('',(-4.084876193062,4.442584411404,
    13.517147299955));
#9196 = CARTESIAN_POINT('',(-4.771030866325,3.695929491162,
    13.536861547631));
#9197 = CARTESIAN_POINT('',(-5.238438921481,2.831056269221,
    13.556575795307));
#9198 = CARTESIAN_POINT('',(-5.705846976637,1.96618304728,
    13.576290042982));
#9199 = CARTESIAN_POINT('',(-5.954508413685,0.98309152364,
    13.596004290658));
#9200 = CARTESIAN_POINT('',(-5.954508413685,1.61676227961E-14,
    13.615718538333));
#9201 = CARTESIAN_POINT('',(-5.954508413685,-0.98309152364,
    13.635432786009));
#9202 = CARTESIAN_POINT('',(-5.705846976637,-1.96618304728,
    13.655147033684));
#9203 = CARTESIAN_POINT('',(-5.238438921481,-2.831056269221,
    13.67486128136));
#9204 = CARTESIAN_POINT('',(-4.771030866325,-3.695929491162,
    13.694575529035));
#9205 = CARTESIAN_POINT('',(-4.084876193062,-4.442584411404,
    13.714289776711));
#9206 = CARTESIAN_POINT('',(-3.262470618156,-4.98121501802,
    13.734004024386));
#9207 = CARTESIAN_POINT('',(-2.440065043249,-5.519845624636,
    13.753718272062));
#9208 = CARTESIAN_POINT('',(-1.4814085667,-5.850451917626,
    13.773432519737));
#9209 = CARTESIAN_POINT('',(-0.501824475978,-5.933313998728,
    13.793146767413));
#9210 = CARTESIAN_POINT('',(0.477759614744,-6.01617607983,
    13.812861015088));
#9211 = CARTESIAN_POINT('',(1.478271319638,-5.851293949044,
    13.832575262764));
#9212 = CARTESIAN_POINT('',(2.379464945598,-5.458412401216,
    13.852289510439));
#9213 = CARTESIAN_POINT('',(3.280658571557,-5.065530853388,
    13.872003758115));
#9214 = CARTESIAN_POINT('',(4.082534118582,-4.444649888518,
    13.89171800579));
#9215 = CARTESIAN_POINT('',(4.688435580179,-3.670612235962,
    13.911432253466));
#9216 = CARTESIAN_POINT('',(5.294337041776,-2.896574583406,
    13.931146501141));
#9217 = CARTESIAN_POINT('',(5.704264417947,-1.969380243164,
    13.950860748817));
#9218 = CARTESIAN_POINT('',(5.869422115524,-1.000000014901,
    13.970574996493));
#9219 = ORIENTED_EDGE('',*,*,#9220,.T.);
#9220 = EDGE_CURVE('',#9179,#5969,#9221,.T.);
#9221 = B_SPLINE_CURVE_WITH_KNOTS('',3,(#9222,#9223,#9224,#9225,#9226,
    #9227),.UNSPECIFIED.,.F.,.F.,(4,2,4),(0.,2.523621330311E-02,
    5.049666424192E-02),.UNSPECIFIED.);
#9222 = CARTESIAN_POINT('',(5.869422115524,-1.000000014901,
    13.970574996493));
#9223 = CARTESIAN_POINT('',(5.796419107744,-1.000000014901,
    13.928779603493));
#9224 = CARTESIAN_POINT('',(5.723332917605,-1.000000014901,
    13.886949540665));
#9225 = CARTESIAN_POINT('',(5.577230305044,-1.000000014901,
    13.80335830749));
#9226 = CARTESIAN_POINT('',(5.504053728197,-1.000000014901,
    13.76150553377));
#9227 = CARTESIAN_POINT('',(5.430952497739,-1.000000014901,
    13.719712143048));
#9228 = B_SPLINE_SURFACE_WITH_KNOTS('',3,3,(
    (#9229,#9230,#9231,#9232,#9233,#9234,#9235,#9236,#9237,#9238,#9239
      ,#9240,#9241,#9242,#9243)
    ,(#9244,#9245,#9246,#9247,#9248,#9249,#9250,#9251,#9252,#9253,#9254
      ,#9255,#9256,#9257,#9258)
    ,(#9259,#9260,#9261,#9262,#9263,#9264,#9265,#9266,#9267,#9268,#9269
      ,#9270,#9271,#9272,#9273)
    ,(#9274,#9275,#9276,#9277,#9278,#9279,#9280,#9281,#9282,#9283,#9284
      ,#9285,#9286,#9287,#9288
    )),.UNSPECIFIED.,.F.,.F.,.F.,(4,4),(4,1,1,1,1,1,1,1,1,1,1,1,4),(0.,
    4.985419574452E-02),(18.850861981303,19.346335066651,19.841808151999
    ,20.337281237346,20.832754322694,21.328227408042,21.82370049339,
    22.319173578738,22.814646664086,23.310119749434,23.805592834781,
    24.301065920129,24.796539005477),.UNSPECIFIED.);
#9229 = CARTESIAN_POINT('',(5.443805219592,0.927485737704,
    13.011591101451));
#9230 = CARTESIAN_POINT('',(5.2906238129,1.826572060432,13.031305349126)
  );
#9231 = CARTESIAN_POINT('',(4.530220234446,3.546491088112,
    13.070733844478));
#9232 = CARTESIAN_POINT('',(2.299035867858,5.274065781555,
    13.129876587504));
#9233 = CARTESIAN_POINT('',(-0.484845100744,5.732843248836,
    13.189019330531));
#9234 = CARTESIAN_POINT('',(-3.152265689068,4.812945397915,
    13.248162073557));
#9235 = CARTESIAN_POINT('',(-5.06146168055,2.73541006034,13.307304816584
    ));
#9236 = CARTESIAN_POINT('',(-5.753351479377,-2.147356603865E-14,
    13.36644755961));
#9237 = CARTESIAN_POINT('',(-5.06146168055,-2.73541006034,
    13.425590302637));
#9238 = CARTESIAN_POINT('',(-3.152265689068,-4.812945397915,
    13.484733045664));
#9239 = CARTESIAN_POINT('',(-0.484845100744,-5.732843248836,
    13.54387578869));
#9240 = CARTESIAN_POINT('',(2.299035867858,-5.274065781555,
    13.603018531717));
#9241 = CARTESIAN_POINT('',(4.530220234446,-3.546491088112,
    13.662161274743));
#9242 = CARTESIAN_POINT('',(5.2906238129,-1.826572060432,13.701589770094
    ));
#9243 = CARTESIAN_POINT('',(5.443805219592,-0.927485737704,
    13.72130401777));
#9244 = CARTESIAN_POINT('',(5.585677518236,0.951657163436,
    13.094681427692));
#9245 = CARTESIAN_POINT('',(5.428504014582,1.874174788009,
    13.114395675367));
#9246 = CARTESIAN_POINT('',(4.648283378166,3.638917033291,
    13.153824170718));
#9247 = CARTESIAN_POINT('',(2.35895158675,5.411514460456,13.212966913745
    ));
#9248 = CARTESIAN_POINT('',(-0.49748076388,5.882248236096,
    13.272109656772));
#9249 = CARTESIAN_POINT('',(-3.234417632645,4.938376709159,
    13.331252399798));
#9250 = CARTESIAN_POINT('',(-5.193369633563,2.806698230533,
    13.390395142825));
#9251 = CARTESIAN_POINT('',(-5.903290936496,-9.638702937801E-15,
    13.449537885851));
#9252 = CARTESIAN_POINT('',(-5.193369633563,-2.806698230533,
    13.508680628878));
#9253 = CARTESIAN_POINT('',(-3.234417632645,-4.938376709159,
    13.567823371905));
#9254 = CARTESIAN_POINT('',(-0.49748076388,-5.882248236096,
    13.626966114931));
#9255 = CARTESIAN_POINT('',(2.35895158675,-5.411514460456,
    13.686108857958));
#9256 = CARTESIAN_POINT('',(4.648283378166,-3.638917033291,
    13.745251600984));
#9257 = CARTESIAN_POINT('',(5.428504014582,-1.874174788009,
    13.784680096335));
#9258 = CARTESIAN_POINT('',(5.585677518236,-0.951657163436,
    13.804394344011));
#9259 = CARTESIAN_POINT('',(5.72754981688,0.975828589169,13.177771753933
    ));
#9260 = CARTESIAN_POINT('',(5.566384216264,1.921777515586,
    13.197486001608));
#9261 = CARTESIAN_POINT('',(4.766346521886,3.73134297847,13.236914496959
    ));
#9262 = CARTESIAN_POINT('',(2.418867305641,5.548963139357,
    13.296057239986));
#9263 = CARTESIAN_POINT('',(-0.510116427015,6.031653223355,
    13.355199983013));
#9264 = CARTESIAN_POINT('',(-3.316569576222,5.063808020402,
    13.414342726039));
#9265 = CARTESIAN_POINT('',(-5.325277586576,2.877986400726,
    13.473485469066));
#9266 = CARTESIAN_POINT('',(-6.053230393614,4.392320326087E-15,
    13.532628212092));
#9267 = CARTESIAN_POINT('',(-5.325277586576,-2.877986400726,
    13.591770955119));
#9268 = CARTESIAN_POINT('',(-3.316569576222,-5.063808020402,
    13.650913698145));
#9269 = CARTESIAN_POINT('',(-0.510116427015,-6.031653223355,
    13.710056441172));
#9270 = CARTESIAN_POINT('',(2.418867305641,-5.548963139357,
    13.769199184199));
#9271 = CARTESIAN_POINT('',(4.766346521886,-3.73134297847,
    13.828341927225));
#9272 = CARTESIAN_POINT('',(5.566384216264,-1.921777515586,
    13.867770422576));
#9273 = CARTESIAN_POINT('',(5.72754981688,-0.975828589169,
    13.887484670252));
#9274 = CARTESIAN_POINT('',(5.869422115524,1.000000014901,
    13.260862080174));
#9275 = CARTESIAN_POINT('',(5.704264417947,1.969380243164,
    13.280576327849));
#9276 = CARTESIAN_POINT('',(4.884409665606,3.823768923648,13.3200048232)
  );
#9277 = CARTESIAN_POINT('',(2.478783024533,5.686411818258,
    13.379147566227));
#9278 = CARTESIAN_POINT('',(-0.52275209015,6.181058210615,
    13.438290309253));
#9279 = CARTESIAN_POINT('',(-3.398721519799,5.189239331646,
    13.49743305228));
#9280 = CARTESIAN_POINT('',(-5.457185539589,2.94927457092,
    13.556575795307));
#9281 = CARTESIAN_POINT('',(-6.203169850733,1.720325461051E-14,
    13.615718538333));
#9282 = CARTESIAN_POINT('',(-5.457185539589,-2.94927457092,
    13.67486128136));
#9283 = CARTESIAN_POINT('',(-3.398721519799,-5.189239331646,
    13.734004024386));
#9284 = CARTESIAN_POINT('',(-0.52275209015,-6.181058210615,
    13.793146767413));
#9285 = CARTESIAN_POINT('',(2.478783024533,-5.686411818258,
    13.852289510439));
#9286 = CARTESIAN_POINT('',(4.884409665606,-3.823768923648,
    13.911432253466));
#9287 = CARTESIAN_POINT('',(5.704264417947,-1.969380243164,
    13.950860748817));
#9288 = CARTESIAN_POINT('',(5.869422115524,-1.000000014901,
    13.970574996493));
#9289 = ADVANCED_FACE('',(#9290),#9355,.F.);
#9290 = FACE_BOUND('',#9291,.F.);
#9291 = EDGE_LOOP('',(#9292,#9293,#9304,#9346));
#9292 = ORIENTED_EDGE('',*,*,#6042,.F.);
#9293 = ORIENTED_EDGE('',*,*,#9294,.T.);
#9294 = EDGE_CURVE('',#6043,#9295,#9297,.T.);
#9295 = VERTEX_POINT('',#9296);
#9296 = CARTESIAN_POINT('',(5.869422115524,1.000000014901,
    14.010862080174));
#9297 = B_SPLINE_CURVE_WITH_KNOTS('',3,(#9298,#9299,#9300,#9301,#9302,
    #9303),.UNSPECIFIED.,.F.,.F.,(4,2,4),(0.,2.517994954392E-02,
    5.034158055872E-02),.UNSPECIFIED.);
#9298 = CARTESIAN_POINT('',(5.430952497739,1.000000014901,
    13.763182976173));
#9299 = CARTESIAN_POINT('',(5.504063099326,1.000000014901,
    13.804409377267));
#9300 = CARTESIAN_POINT('',(5.577238896801,1.000000014901,
    13.845711209109));
#9301 = CARTESIAN_POINT('',(5.723341272402,1.000000014901,
    13.928242983062));
#9302 = CARTESIAN_POINT('',(5.796426799802,1.000000014901,
    13.969562664802));
#9303 = CARTESIAN_POINT('',(5.869422115524,1.000000014901,
    14.010862080174));
#9304 = ORIENTED_EDGE('',*,*,#9305,.T.);
#9305 = EDGE_CURVE('',#9295,#9306,#9308,.T.);
#9306 = VERTEX_POINT('',#9307);
#9307 = CARTESIAN_POINT('',(5.869422115524,-1.000000014901,
    14.720574996493));
#9308 = B_SPLINE_CURVE_WITH_KNOTS('',3,(#9309,#9310,#9311,#9312,#9313,
    #9314,#9315,#9316,#9317,#9318,#9319,#9320,#9321,#9322,#9323,#9324,
    #9325,#9326,#9327,#9328,#9329,#9330,#9331,#9332,#9333,#9334,#9335,
    #9336,#9337,#9338,#9339,#9340,#9341,#9342,#9343,#9344,#9345),
  .UNSPECIFIED.,.F.,.F.,(4,3,3,3,3,3,3,3,3,3,3,3,4),(16.846158769215,
    17.341631854563,17.837104939911,18.332578025259,18.828051110607,
    19.323524195955,19.818997281302,20.31447036665,20.809943451998,
    21.305416537346,21.800889622694,22.296362708042,22.791835793389),
  .UNSPECIFIED.);
#9309 = CARTESIAN_POINT('',(5.869422115524,1.000000014901,
    14.010862080174));
#9310 = CARTESIAN_POINT('',(5.704264417947,1.969380243164,
    14.030576327849));
#9311 = CARTESIAN_POINT('',(5.294334572221,2.896574323527,
    14.050290575525));
#9312 = CARTESIAN_POINT('',(4.688432722797,3.67061197397,14.0700048232)
  );
#9313 = CARTESIAN_POINT('',(4.082530873372,4.444649624413,
    14.089719070876));
#9314 = CARTESIAN_POINT('',(3.280657020249,5.065530844936,
    14.109433318551));
#9315 = CARTESIAN_POINT('',(2.379464078684,5.458412529112,
    14.129147566227));
#9316 = CARTESIAN_POINT('',(1.478271137119,5.851294213288,
    14.148861813902));
#9317 = CARTESIAN_POINT('',(0.477759107114,6.016176361117,
    14.168576061578));
#9318 = CARTESIAN_POINT('',(-0.50182500353,5.933314280483,
    14.188290309253));
#9319 = CARTESIAN_POINT('',(-1.481409114174,5.850452199848,
    14.208004556929));
#9320 = CARTESIAN_POINT('',(-2.440065305457,5.51984589075,
    14.227718804604));
#9321 = CARTESIAN_POINT('',(-3.262470819402,4.981215261987,
    14.24743305228));
#9322 = CARTESIAN_POINT('',(-4.084876333348,4.442584633223,
    14.267147299955));
#9323 = CARTESIAN_POINT('',(-4.771031169957,3.695929684795,
    14.286861547631));
#9324 = CARTESIAN_POINT('',(-5.238439263797,2.831056421187,
    14.306575795307));
#9325 = CARTESIAN_POINT('',(-5.705847357637,1.966183157578,
    14.326290042982));
#9326 = CARTESIAN_POINT('',(-5.954508708709,0.983091578789,
    14.346004290658));
#9327 = CARTESIAN_POINT('',(-5.954508708709,1.762479051592E-14,
    14.365718538333));
#9328 = CARTESIAN_POINT('',(-5.954508708709,-0.983091578789,
    14.385432786009));
#9329 = CARTESIAN_POINT('',(-5.705847357637,-1.966183157578,
    14.405147033684));
#9330 = CARTESIAN_POINT('',(-5.238439263797,-2.831056421187,
    14.42486128136));
#9331 = CARTESIAN_POINT('',(-4.771031169957,-3.695929684795,
    14.444575529035));
#9332 = CARTESIAN_POINT('',(-4.084876333348,-4.442584633223,
    14.464289776711));
#9333 = CARTESIAN_POINT('',(-3.262470819402,-4.981215261987,
    14.484004024386));
#9334 = CARTESIAN_POINT('',(-2.440065305457,-5.51984589075,
    14.503718272062));
#9335 = CARTESIAN_POINT('',(-1.481409114174,-5.850452199848,
    14.523432519737));
#9336 = CARTESIAN_POINT('',(-0.50182500353,-5.933314280483,
    14.543146767413));
#9337 = CARTESIAN_POINT('',(0.477759107114,-6.016176361117,
    14.562861015088));
#9338 = CARTESIAN_POINT('',(1.478271137119,-5.851294213288,
    14.582575262764));
#9339 = CARTESIAN_POINT('',(2.379464078684,-5.458412529112,
    14.602289510439));
#9340 = CARTESIAN_POINT('',(3.280657020248,-5.065530844936,
    14.622003758115));
#9341 = CARTESIAN_POINT('',(4.082530873372,-4.444649624413,
    14.64171800579));
#9342 = CARTESIAN_POINT('',(4.688432722797,-3.67061197397,
    14.661432253466));
#9343 = CARTESIAN_POINT('',(5.294334572221,-2.896574323527,
    14.681146501141));
#9344 = CARTESIAN_POINT('',(5.704264417947,-1.969380243164,
    14.700860748817));
#9345 = CARTESIAN_POINT('',(5.869422115524,-1.000000014901,
    14.720574996493));
#9346 = ORIENTED_EDGE('',*,*,#9347,.T.);
#9347 = EDGE_CURVE('',#9306,#6033,#9348,.T.);
#9348 = B_SPLINE_CURVE_WITH_KNOTS('',3,(#9349,#9350,#9351,#9352,#9353,
    #9354),.UNSPECIFIED.,.F.,.F.,(4,2,4),(0.,2.523621330064E-02,
    5.049666423685E-02),.UNSPECIFIED.);
#9349 = CARTESIAN_POINT('',(5.869422115524,-1.000000014901,
    14.720574996493));
#9350 = CARTESIAN_POINT('',(5.796419107751,-1.000000014901,
    14.678779603497));
#9351 = CARTESIAN_POINT('',(5.723332917608,-1.000000014901,
    14.636949540667));
#9352 = CARTESIAN_POINT('',(5.577230305041,-1.000000014901,
    14.553358307489));
#9353 = CARTESIAN_POINT('',(5.504053728195,-1.000000014901,
    14.511505533769));
#9354 = CARTESIAN_POINT('',(5.430952497739,-1.000000014901,
    14.469712143048));
#9355 = B_SPLINE_SURFACE_WITH_KNOTS('',3,3,(
    (#9356,#9357,#9358,#9359,#9360,#9361,#9362,#9363,#9364,#9365,#9366
      ,#9367,#9368,#9369,#9370)
    ,(#9371,#9372,#9373,#9374,#9375,#9376,#9377,#9378,#9379,#9380,#9381
      ,#9382,#9383,#9384,#9385)
    ,(#9386,#9387,#9388,#9389,#9390,#9391,#9392,#9393,#9394,#9395,#9396
      ,#9397,#9398,#9399,#9400)
    ,(#9401,#9402,#9403,#9404,#9405,#9406,#9407,#9408,#9409,#9410,#9411
      ,#9412,#9413,#9414,#9415
    )),.UNSPECIFIED.,.F.,.F.,.F.,(4,4),(4,1,1,1,1,1,1,1,1,1,1,1,4),(0.,
    4.985419574452E-02),(25.134047288482,25.62952037383,26.124993459178,
    26.620466544526,27.115939629874,27.611412715222,28.10688580057,
    28.602358885917,29.097831971265,29.593305056613,30.088778141961,
    30.584251227309,31.079724312657),.UNSPECIFIED.);
#9356 = CARTESIAN_POINT('',(5.443805219592,0.927485737704,
    13.761591101451));
#9357 = CARTESIAN_POINT('',(5.2906238129,1.826572060432,13.781305349126)
  );
#9358 = CARTESIAN_POINT('',(4.530215653492,3.546490606043,
    13.820733844478));
#9359 = CARTESIAN_POINT('',(2.29903600011,5.27406601083,13.879876587504)
  );
#9360 = CARTESIAN_POINT('',(-0.4848458731,5.732843525534,13.939019330531
    ));
#9361 = CARTESIAN_POINT('',(-3.15226566768,4.812945629791,
    13.998162073557));
#9362 = CARTESIAN_POINT('',(-5.061462113664,2.735410213789,
    14.057304816584));
#9363 = CARTESIAN_POINT('',(-5.753351673265,-1.453743841185E-14,
    14.11644755961));
#9364 = CARTESIAN_POINT('',(-5.061462113664,-2.735410213789,
    14.175590302637));
#9365 = CARTESIAN_POINT('',(-3.15226566768,-4.812945629791,
    14.234733045664));
#9366 = CARTESIAN_POINT('',(-0.4848458731,-5.732843525534,14.29387578869
    ));
#9367 = CARTESIAN_POINT('',(2.29903600011,-5.27406601083,14.353018531717
    ));
#9368 = CARTESIAN_POINT('',(4.530215653492,-3.546490606043,
    14.412161274743));
#9369 = CARTESIAN_POINT('',(5.2906238129,-1.826572060432,14.451589770094
    ));
#9370 = CARTESIAN_POINT('',(5.443805219592,-0.927485737704,
    14.47130401777));
#9371 = CARTESIAN_POINT('',(5.585677518236,0.951657163436,
    13.844681427692));
#9372 = CARTESIAN_POINT('',(5.428504014582,1.874174788009,
    13.864395675367));
#9373 = CARTESIAN_POINT('',(4.648278677826,3.638916538659,
    13.903824170718));
#9374 = CARTESIAN_POINT('',(2.358951722448,5.411514695706,
    13.962966913745));
#9375 = CARTESIAN_POINT('',(-0.497481556364,5.882248520005,
    14.022109656772));
#9376 = CARTESIAN_POINT('',(-3.2344176107,4.938376947078,14.081252399798
    ));
#9377 = CARTESIAN_POINT('',(-5.193370077965,2.806698387982,
    14.140395142825));
#9378 = CARTESIAN_POINT('',(-5.903291135437,-1.696034481382E-15,
    14.199537885851));
#9379 = CARTESIAN_POINT('',(-5.193370077965,-2.806698387982,
    14.258680628878));
#9380 = CARTESIAN_POINT('',(-3.2344176107,-4.938376947078,
    14.317823371905));
#9381 = CARTESIAN_POINT('',(-0.497481556364,-5.882248520005,
    14.376966114931));
#9382 = CARTESIAN_POINT('',(2.358951722448,-5.411514695706,
    14.436108857958));
#9383 = CARTESIAN_POINT('',(4.648278677826,-3.638916538659,
    14.495251600984));
#9384 = CARTESIAN_POINT('',(5.428504014582,-1.874174788009,
    14.534680096335));
#9385 = CARTESIAN_POINT('',(5.585677518236,-0.951657163436,
    14.554394344011));
#9386 = CARTESIAN_POINT('',(5.72754981688,0.975828589169,13.927771753933
    ));
#9387 = CARTESIAN_POINT('',(5.566384216264,1.921777515586,
    13.947486001608));
#9388 = CARTESIAN_POINT('',(4.766341702161,3.731342471274,
    13.986914496959));
#9389 = CARTESIAN_POINT('',(2.418867444787,5.548963380582,
    14.046057239986));
#9390 = CARTESIAN_POINT('',(-0.510117239628,6.031653514476,
    14.105199983013));
#9391 = CARTESIAN_POINT('',(-3.31656955372,5.063808264365,
    14.164342726039));
#9392 = CARTESIAN_POINT('',(-5.325278042265,2.877986562174,
    14.223485469066));
#9393 = CARTESIAN_POINT('',(-6.053230597608,1.308369457066E-14,
    14.282628212092));
#9394 = CARTESIAN_POINT('',(-5.325278042265,-2.877986562174,
    14.341770955119));
#9395 = CARTESIAN_POINT('',(-3.31656955372,-5.063808264365,
    14.400913698145));
#9396 = CARTESIAN_POINT('',(-0.510117239628,-6.031653514476,
    14.460056441172));
#9397 = CARTESIAN_POINT('',(2.418867444787,-5.548963380582,
    14.519199184199));
#9398 = CARTESIAN_POINT('',(4.766341702161,-3.731342471274,
    14.578341927225));
#9399 = CARTESIAN_POINT('',(5.566384216264,-1.921777515586,
    14.617770422576));
#9400 = CARTESIAN_POINT('',(5.72754981688,-0.975828589169,
    14.637484670252));
#9401 = CARTESIAN_POINT('',(5.869422115524,1.000000014901,
    14.010862080174));
#9402 = CARTESIAN_POINT('',(5.704264417947,1.969380243164,
    14.030576327849));
#9403 = CARTESIAN_POINT('',(4.884404726496,3.82376840389,14.0700048232)
  );
#9404 = CARTESIAN_POINT('',(2.478783167125,5.686412065459,
    14.129147566227));
#9405 = CARTESIAN_POINT('',(-0.522752922892,6.181058508946,
    14.188290309253));
#9406 = CARTESIAN_POINT('',(-3.398721496739,5.189239581652,
    14.24743305228));
#9407 = CARTESIAN_POINT('',(-5.457186006566,2.949274736367,
    14.306575795307));
#9408 = CARTESIAN_POINT('',(-6.20317005978,2.544051722073E-14,
    14.365718538333));
#9409 = CARTESIAN_POINT('',(-5.457186006566,-2.949274736367,
    14.42486128136));
#9410 = CARTESIAN_POINT('',(-3.398721496739,-5.189239581652,
    14.484004024386));
#9411 = CARTESIAN_POINT('',(-0.522752922892,-6.181058508946,
    14.543146767413));
#9412 = CARTESIAN_POINT('',(2.478783167125,-5.686412065459,
    14.602289510439));
#9413 = CARTESIAN_POINT('',(4.884404726496,-3.82376840389,
    14.661432253466));
#9414 = CARTESIAN_POINT('',(5.704264417947,-1.969380243164,
    14.700860748817));
#9415 = CARTESIAN_POINT('',(5.869422115524,-1.000000014901,
    14.720574996493));
#9416 = ADVANCED_FACE('',(#9417),#9482,.F.);
#9417 = FACE_BOUND('',#9418,.F.);
#9418 = EDGE_LOOP('',(#9419,#9420,#9431,#9473));
#9419 = ORIENTED_EDGE('',*,*,#6106,.F.);
#9420 = ORIENTED_EDGE('',*,*,#9421,.T.);
#9421 = EDGE_CURVE('',#6107,#9422,#9424,.T.);
#9422 = VERTEX_POINT('',#9423);
#9423 = CARTESIAN_POINT('',(5.869422115524,1.000000014901,
    14.760862080174));
#9424 = B_SPLINE_CURVE_WITH_KNOTS('',3,(#9425,#9426,#9427,#9428,#9429,
    #9430),.UNSPECIFIED.,.F.,.F.,(4,2,4),(0.,2.517994954549E-02,
    5.034158056666E-02),.UNSPECIFIED.);
#9425 = CARTESIAN_POINT('',(5.430952497739,1.000000014901,
    14.513182976173));
#9426 = CARTESIAN_POINT('',(5.50406309933,1.000000014901,14.554409377269
    ));
#9427 = CARTESIAN_POINT('',(5.577238896811,1.000000014901,
    14.595711209115));
#9428 = CARTESIAN_POINT('',(5.723341272406,1.000000014901,
    14.678242983064));
#9429 = CARTESIAN_POINT('',(5.796426799811,1.000000014901,
    14.719562664806));
#9430 = CARTESIAN_POINT('',(5.869422115524,1.000000014901,
    14.760862080174));
#9431 = ORIENTED_EDGE('',*,*,#9432,.T.);
#9432 = EDGE_CURVE('',#9422,#9433,#9435,.T.);
#9433 = VERTEX_POINT('',#9434);
#9434 = CARTESIAN_POINT('',(5.869422115524,-1.000000014901,
    15.470574996493));
#9435 = B_SPLINE_CURVE_WITH_KNOTS('',3,(#9436,#9437,#9438,#9439,#9440,
    #9441,#9442,#9443,#9444,#9445,#9446,#9447,#9448,#9449,#9450,#9451,
    #9452,#9453,#9454,#9455,#9456,#9457,#9458,#9459,#9460,#9461,#9462,
    #9463,#9464,#9465,#9466,#9467,#9468,#9469,#9470,#9471,#9472),
  .UNSPECIFIED.,.F.,.F.,(4,3,3,3,3,3,3,3,3,3,3,3,4),(23.129344076395,
    23.624817161743,24.120290247091,24.615763332438,25.111236417786,
    25.606709503134,26.102182588482,26.59765567383,27.093128759178,
    27.588601844525,28.084074929873,28.579548015221,29.075021100569),
  .UNSPECIFIED.);
#9436 = CARTESIAN_POINT('',(5.869422115524,1.000000014901,
    14.760862080174));
#9437 = CARTESIAN_POINT('',(5.704264417947,1.969380243164,
    14.780576327849));
#9438 = CARTESIAN_POINT('',(5.294332178777,2.896574073533,
    14.800290575525));
#9439 = CARTESIAN_POINT('',(4.688429944232,3.670611722176,14.8200048232)
  );
#9440 = CARTESIAN_POINT('',(4.082527709686,4.444649370819,
    14.839719070876));
#9441 = CARTESIAN_POINT('',(3.280655479765,5.065530837735,
    14.859433318551));
#9442 = CARTESIAN_POINT('',(2.379463199669,5.458412654445,
    14.879147566227));
#9443 = CARTESIAN_POINT('',(1.478270919573,5.851294471154,
    14.898861813902));
#9444 = CARTESIAN_POINT('',(0.477758589303,6.016176637656,
    14.918576061578));
#9445 = CARTESIAN_POINT('',(-0.501825534234,5.933314558577,
    14.938290309253));
#9446 = CARTESIAN_POINT('',(-1.48140965777,5.850452479499,
    14.958004556929));
#9447 = CARTESIAN_POINT('',(-2.440065574573,5.51984615484,
    14.977718804604));
#9448 = CARTESIAN_POINT('',(-3.262471028617,4.981215504199,
    14.99743305228));
#9449 = CARTESIAN_POINT('',(-4.084876482662,4.442584853558,
    15.017147299955));
#9450 = CARTESIAN_POINT('',(-4.771031473949,3.695929876934,
    15.036861547631));
#9451 = CARTESIAN_POINT('',(-5.238439604531,2.831056571904,
    15.056575795307));
#9452 = CARTESIAN_POINT('',(-5.705847735112,1.966183266873,
    15.076290042982));
#9453 = CARTESIAN_POINT('',(-5.954509004989,0.983091633437,
    15.096004290658));
#9454 = CARTESIAN_POINT('',(-5.954509004989,1.866562460151E-14,
    15.115718538333));
#9455 = CARTESIAN_POINT('',(-5.954509004989,-0.983091633437,
    15.135432786009));
#9456 = CARTESIAN_POINT('',(-5.705847735112,-1.966183266873,
    15.155147033684));
#9457 = CARTESIAN_POINT('',(-5.238439604531,-2.831056571904,
    15.17486128136));
#9458 = CARTESIAN_POINT('',(-4.771031473949,-3.695929876934,
    15.194575529035));
#9459 = CARTESIAN_POINT('',(-4.084876482662,-4.442584853558,
    15.214289776711));
#9460 = CARTESIAN_POINT('',(-3.262471028617,-4.981215504199,
    15.234004024386));
#9461 = CARTESIAN_POINT('',(-2.440065574573,-5.51984615484,
    15.253718272062));
#9462 = CARTESIAN_POINT('',(-1.48140965777,-5.850452479499,
    15.273432519737));
#9463 = CARTESIAN_POINT('',(-0.501825534234,-5.933314558577,
    15.293146767413));
#9464 = CARTESIAN_POINT('',(0.477758589303,-6.016176637656,
    15.312861015088));
#9465 = CARTESIAN_POINT('',(1.478270919573,-5.851294471154,
    15.332575262764));
#9466 = CARTESIAN_POINT('',(2.379463199669,-5.458412654445,
    15.352289510439));
#9467 = CARTESIAN_POINT('',(3.280655479765,-5.065530837735,
    15.372003758115));
#9468 = CARTESIAN_POINT('',(4.082527709686,-4.444649370819,
    15.39171800579));
#9469 = CARTESIAN_POINT('',(4.688429944232,-3.670611722176,
    15.411432253466));
#9470 = CARTESIAN_POINT('',(5.294332178777,-2.896574073533,
    15.431146501141));
#9471 = CARTESIAN_POINT('',(5.704264417947,-1.969380243164,
    15.450860748817));
#9472 = CARTESIAN_POINT('',(5.869422115524,-1.000000014901,
    15.470574996493));
#9473 = ORIENTED_EDGE('',*,*,#9474,.T.);
#9474 = EDGE_CURVE('',#9433,#6097,#9475,.T.);
#9475 = B_SPLINE_CURVE_WITH_KNOTS('',3,(#9476,#9477,#9478,#9479,#9480,
    #9481),.UNSPECIFIED.,.F.,.F.,(4,2,4),(0.,2.523621330114E-02,
    5.049666423231E-02),.UNSPECIFIED.);
#9476 = CARTESIAN_POINT('',(5.869422115524,-1.000000014901,
    15.470574996493));
#9477 = CARTESIAN_POINT('',(5.796419107749,-1.000000014901,
    15.428779603496));
#9478 = CARTESIAN_POINT('',(5.723332917608,-1.000000014901,
    15.386949540666));
#9479 = CARTESIAN_POINT('',(5.577230305057,-1.000000014901,
    15.303358307498));
#9480 = CARTESIAN_POINT('',(5.504053728203,-1.000000014901,
    15.261505533774));
#9481 = CARTESIAN_POINT('',(5.430952497739,-1.000000014901,
    15.219712143048));
#9482 = B_SPLINE_SURFACE_WITH_KNOTS('',3,3,(
    (#9483,#9484,#9485,#9486,#9487,#9488,#9489,#9490,#9491,#9492,#9493
      ,#9494,#9495,#9496,#9497)
    ,(#9498,#9499,#9500,#9501,#9502,#9503,#9504,#9505,#9506,#9507,#9508
      ,#9509,#9510,#9511,#9512)
    ,(#9513,#9514,#9515,#9516,#9517,#9518,#9519,#9520,#9521,#9522,#9523
      ,#9524,#9525,#9526,#9527)
    ,(#9528,#9529,#9530,#9531,#9532,#9533,#9534,#9535,#9536,#9537,#9538
      ,#9539,#9540,#9541,#9542
    )),.UNSPECIFIED.,.F.,.F.,.F.,(4,4),(4,1,1,1,1,1,1,1,1,1,1,1,4),(0.,
    4.985419574452E-02),(31.417232595662,31.91270568101,32.408178766358,
    32.903651851706,33.399124937054,33.894598022401,34.390071107749,
    34.885544193097,35.381017278445,35.876490363793,36.371963449141,
    36.867436534488,37.362909619836),.UNSPECIFIED.);
#9483 = CARTESIAN_POINT('',(5.443805219592,0.927485737704,
    14.511591101451));
#9484 = CARTESIAN_POINT('',(5.2906238129,1.826572060432,14.531305349126)
  );
#9485 = CARTESIAN_POINT('',(4.530211213721,3.546490142312,
    14.570733844478));
#9486 = CARTESIAN_POINT('',(2.299036076831,5.274066232678,
    14.629876587504));
#9487 = CARTESIAN_POINT('',(-0.484846631854,5.732843799338,
    14.689019330531));
#9488 = CARTESIAN_POINT('',(-3.152265662705,4.812945860299,
    14.748162073557));
#9489 = CARTESIAN_POINT('',(-5.061462539075,2.735410365844,
    14.807304816584));
#9490 = CARTESIAN_POINT('',(-5.753351872753,-1.972987098428E-14,
    14.86644755961));
#9491 = CARTESIAN_POINT('',(-5.061462539075,-2.735410365844,
    14.925590302637));
#9492 = CARTESIAN_POINT('',(-3.152265662705,-4.812945860299,
    14.984733045664));
#9493 = CARTESIAN_POINT('',(-0.484846631854,-5.732843799338,
    15.04387578869));
#9494 = CARTESIAN_POINT('',(2.299036076831,-5.274066232678,
    15.103018531717));
#9495 = CARTESIAN_POINT('',(4.530211213721,-3.546490142312,
    15.162161274743));
#9496 = CARTESIAN_POINT('',(5.2906238129,-1.826572060432,15.201589770094
    ));
#9497 = CARTESIAN_POINT('',(5.443805219592,-0.927485737704,
    15.22130401777));
#9498 = CARTESIAN_POINT('',(5.585677518236,0.951657163436,
    14.594681427692));
#9499 = CARTESIAN_POINT('',(5.428504014582,1.874174788009,
    14.614395675367));
#9500 = CARTESIAN_POINT('',(4.64827412235,3.638916062842,14.653824170718
    ));
#9501 = CARTESIAN_POINT('',(2.358951801168,5.411514923336,
    14.712966913745));
#9502 = CARTESIAN_POINT('',(-0.497482334892,5.882248800945,
    14.772109656772));
#9503 = CARTESIAN_POINT('',(-3.234417605595,4.938377183593,
    14.831252399798));
#9504 = CARTESIAN_POINT('',(-5.193370514462,2.806698544,14.890395142825)
  );
#9505 = CARTESIAN_POINT('',(-5.903291340124,-6.49642093385E-15,
    14.949537885851));
#9506 = CARTESIAN_POINT('',(-5.193370514462,-2.806698544,15.008680628878
    ));
#9507 = CARTESIAN_POINT('',(-3.234417605595,-4.938377183593,
    15.067823371905));
#9508 = CARTESIAN_POINT('',(-0.497482334892,-5.882248800945,
    15.126966114931));
#9509 = CARTESIAN_POINT('',(2.358951801168,-5.411514923336,
    15.186108857958));
#9510 = CARTESIAN_POINT('',(4.64827412235,-3.638916062842,
    15.245251600984));
#9511 = CARTESIAN_POINT('',(5.428504014582,-1.874174788009,
    15.284680096335));
#9512 = CARTESIAN_POINT('',(5.585677518236,-0.951657163436,
    15.304394344011));
#9513 = CARTESIAN_POINT('',(5.72754981688,0.975828589169,14.677771753933
    ));
#9514 = CARTESIAN_POINT('',(5.566384216264,1.921777515586,
    14.697486001608));
#9515 = CARTESIAN_POINT('',(4.766337030979,3.731341983372,
    14.736914496959));
#9516 = CARTESIAN_POINT('',(2.418867525506,5.548963613994,
    14.796057239986));
#9517 = CARTESIAN_POINT('',(-0.51011803793,6.031653802551,
    14.855199983013));
#9518 = CARTESIAN_POINT('',(-3.316569548485,5.063808506887,
    14.914342726039));
#9519 = CARTESIAN_POINT('',(-5.325278489849,2.877986722155,
    14.973485469066));
#9520 = CARTESIAN_POINT('',(-6.053230807494,7.45885366479E-15,
    15.032628212092));
#9521 = CARTESIAN_POINT('',(-5.325278489849,-2.877986722155,
    15.091770955119));
#9522 = CARTESIAN_POINT('',(-3.316569548485,-5.063808506887,
    15.150913698145));
#9523 = CARTESIAN_POINT('',(-0.51011803793,-6.031653802551,
    15.210056441172));
#9524 = CARTESIAN_POINT('',(2.418867525506,-5.548963613994,
    15.269199184199));
#9525 = CARTESIAN_POINT('',(4.766337030979,-3.731341983372,
    15.328341927225));
#9526 = CARTESIAN_POINT('',(5.566384216264,-1.921777515586,
    15.367770422576));
#9527 = CARTESIAN_POINT('',(5.72754981688,-0.975828589169,
    15.387484670252));
#9528 = CARTESIAN_POINT('',(5.869422115524,1.000000014901,
    14.760862080174));
#9529 = CARTESIAN_POINT('',(5.704264417947,1.969380243164,
    14.780576327849));
#9530 = CARTESIAN_POINT('',(4.884399939608,3.823767903902,14.8200048232)
  );
#9531 = CARTESIAN_POINT('',(2.478783249844,5.686412304652,
    14.879147566227));
#9532 = CARTESIAN_POINT('',(-0.522753740968,6.181058804158,
    14.938290309253));
#9533 = CARTESIAN_POINT('',(-3.398721491375,5.189239830181,
    14.99743305228));
#9534 = CARTESIAN_POINT('',(-5.457186465236,2.94927490031,
    15.056575795307));
#9535 = CARTESIAN_POINT('',(-6.203170274865,1.912835052745E-14,
    15.115718538333));
#9536 = CARTESIAN_POINT('',(-5.457186465236,-2.94927490031,
    15.17486128136));
#9537 = CARTESIAN_POINT('',(-3.398721491375,-5.189239830181,
    15.234004024386));
#9538 = CARTESIAN_POINT('',(-0.522753740968,-6.181058804158,
    15.293146767413));
#9539 = CARTESIAN_POINT('',(2.478783249844,-5.686412304652,
    15.352289510439));
#9540 = CARTESIAN_POINT('',(4.884399939607,-3.823767903902,
    15.411432253466));
#9541 = CARTESIAN_POINT('',(5.704264417947,-1.969380243164,
    15.450860748817));
#9542 = CARTESIAN_POINT('',(5.869422115524,-1.000000014901,
    15.470574996493));
#9543 = ADVANCED_FACE('',(#9544),#9609,.F.);
#9544 = FACE_BOUND('',#9545,.F.);
#9545 = EDGE_LOOP('',(#9546,#9547,#9558,#9600));
#9546 = ORIENTED_EDGE('',*,*,#6170,.F.);
#9547 = ORIENTED_EDGE('',*,*,#9548,.T.);
#9548 = EDGE_CURVE('',#6171,#9549,#9551,.T.);
#9549 = VERTEX_POINT('',#9550);
#9550 = CARTESIAN_POINT('',(5.869422115524,1.000000014901,
    15.510862080174));
#9551 = B_SPLINE_CURVE_WITH_KNOTS('',3,(#9552,#9553,#9554,#9555,#9556,
    #9557),.UNSPECIFIED.,.F.,.F.,(4,2,4),(0.,2.517994954517E-02,
    5.03415805653E-02),.UNSPECIFIED.);
#9552 = CARTESIAN_POINT('',(5.430952497739,1.000000014901,
    15.263182976173));
#9553 = CARTESIAN_POINT('',(5.504063099329,1.000000014901,
    15.304409377269));
#9554 = CARTESIAN_POINT('',(5.577238896809,1.000000014901,
    15.345711209114));
#9555 = CARTESIAN_POINT('',(5.723341272406,1.000000014901,
    15.428242983064));
#9556 = CARTESIAN_POINT('',(5.796426799811,1.000000014901,
    15.469562664806));
#9557 = CARTESIAN_POINT('',(5.869422115524,1.000000014901,
    15.510862080174));
#9558 = ORIENTED_EDGE('',*,*,#9559,.T.);
#9559 = EDGE_CURVE('',#9549,#9560,#9562,.T.);
#9560 = VERTEX_POINT('',#9561);
#9561 = CARTESIAN_POINT('',(5.869422115524,-1.000000014901,
    16.220574996492));
#9562 = B_SPLINE_CURVE_WITH_KNOTS('',3,(#9563,#9564,#9565,#9566,#9567,
    #9568,#9569,#9570,#9571,#9572,#9573,#9574,#9575,#9576,#9577,#9578,
    #9579,#9580,#9581,#9582,#9583,#9584,#9585,#9586,#9587,#9588,#9589,
    #9590,#9591,#9592,#9593,#9594,#9595,#9596,#9597,#9598,#9599),
  .UNSPECIFIED.,.F.,.F.,(4,3,3,3,3,3,3,3,3,3,3,3,4),(29.412529383574,
    29.908002468922,30.40347555427,30.898948639618,31.394421724966,
    31.889894810314,32.385367895662,32.880840981009,33.376314066357,
    33.871787151705,34.367260237053,34.862733322401,35.358206407749),
  .UNSPECIFIED.);
#9563 = CARTESIAN_POINT('',(5.869422115524,1.000000014901,
    15.510862080174));
#9564 = CARTESIAN_POINT('',(5.704264417947,1.969380243164,
    15.530576327849));
#9565 = CARTESIAN_POINT('',(5.294329857452,2.896573832898,
    15.550290575525));
#9566 = CARTESIAN_POINT('',(4.688427240626,3.670611480058,15.5700048232)
  );
#9567 = CARTESIAN_POINT('',(4.0825246238,4.444649127217,15.589719070876)
  );
#9568 = CARTESIAN_POINT('',(3.280653950643,5.065530831802,
    15.609433318551));
#9569 = CARTESIAN_POINT('',(2.379462310172,5.458412777407,
    15.629147566227));
#9570 = CARTESIAN_POINT('',(1.478270669701,5.851294723012,
    15.648861813902));
#9571 = CARTESIAN_POINT('',(0.477758061916,6.016176909639,
    15.668576061578));
#9572 = CARTESIAN_POINT('',(-0.501826068108,5.933314833109,
    15.688290309253));
#9573 = CARTESIAN_POINT('',(-1.481410198132,5.85045275658,
    15.708004556929));
#9574 = CARTESIAN_POINT('',(-2.440065850394,5.519846416896,
    15.727718804604));
#9575 = CARTESIAN_POINT('',(-3.262471245474,4.981215744648,
    15.74743305228));
#9576 = CARTESIAN_POINT('',(-4.084876640553,4.4425850724,15.767147299955
    ));
#9577 = CARTESIAN_POINT('',(-4.771031778449,3.695930067589,
    15.786861547631));
#9578 = CARTESIAN_POINT('',(-5.238439943924,2.831056721387,
    15.806575795307));
#9579 = CARTESIAN_POINT('',(-5.7058481094,1.966183375186,15.826290042982
    ));
#9580 = CARTESIAN_POINT('',(-5.954509302455,0.983091687593,
    15.846004290658));
#9581 = CARTESIAN_POINT('',(-5.954509302455,6.307454558652E-14,
    15.865718538333));
#9582 = CARTESIAN_POINT('',(-5.954509302455,-0.983091687593,
    15.885432786009));
#9583 = CARTESIAN_POINT('',(-5.7058481094,-1.966183375185,
    15.905147033684));
#9584 = CARTESIAN_POINT('',(-5.238439943924,-2.831056721387,
    15.92486128136));
#9585 = CARTESIAN_POINT('',(-4.771031778449,-3.695930067589,
    15.944575529035));
#9586 = CARTESIAN_POINT('',(-4.084876640553,-4.4425850724,
    15.964289776711));
#9587 = CARTESIAN_POINT('',(-3.262471245474,-4.981215744648,
    15.984004024386));
#9588 = CARTESIAN_POINT('',(-2.440065850394,-5.519846416896,
    16.003718272062));
#9589 = CARTESIAN_POINT('',(-1.481410198132,-5.85045275658,
    16.023432519737));
#9590 = CARTESIAN_POINT('',(-0.501826068108,-5.933314833109,
    16.043146767413));
#9591 = CARTESIAN_POINT('',(0.477758061916,-6.016176909639,
    16.062861015088));
#9592 = CARTESIAN_POINT('',(1.478270669701,-5.851294723012,
    16.082575262764));
#9593 = CARTESIAN_POINT('',(2.379462310172,-5.458412777407,
    16.102289510439));
#9594 = CARTESIAN_POINT('',(3.280653950643,-5.065530831802,
    16.122003758115));
#9595 = CARTESIAN_POINT('',(4.0825246238,-4.444649127217,16.14171800579)
  );
#9596 = CARTESIAN_POINT('',(4.688427240626,-3.670611480058,
    16.161432253466));
#9597 = CARTESIAN_POINT('',(5.294329857452,-2.896573832898,
    16.181146501142));
#9598 = CARTESIAN_POINT('',(5.704264417947,-1.969380243164,
    16.200860748817));
#9599 = CARTESIAN_POINT('',(5.869422115524,-1.000000014901,
    16.220574996492));
#9600 = ORIENTED_EDGE('',*,*,#9601,.T.);
#9601 = EDGE_CURVE('',#9560,#6161,#9602,.T.);
#9602 = B_SPLINE_CURVE_WITH_KNOTS('',3,(#9603,#9604,#9605,#9606,#9607,
    #9608),.UNSPECIFIED.,.F.,.F.,(4,2,4),(0.,2.52362132958E-02,
    5.049666421772E-02),.UNSPECIFIED.);
#9603 = CARTESIAN_POINT('',(5.869422115524,-1.000000014901,
    16.220574996492));
#9604 = CARTESIAN_POINT('',(5.796419107765,-1.000000014901,
    16.178779603505));
#9605 = CARTESIAN_POINT('',(5.723332917615,-1.000000014901,
    16.13694954067));
#9606 = CARTESIAN_POINT('',(5.577230305062,-1.000000014901,
    16.053358307501));
#9607 = CARTESIAN_POINT('',(5.504053728205,-1.000000014901,
    16.011505533775));
#9608 = CARTESIAN_POINT('',(5.430952497739,-1.000000014901,
    15.969712143048));
#9609 = B_SPLINE_SURFACE_WITH_KNOTS('',3,3,(
    (#9610,#9611,#9612,#9613,#9614,#9615,#9616,#9617,#9618,#9619,#9620
      ,#9621,#9622,#9623,#9624)
    ,(#9625,#9626,#9627,#9628,#9629,#9630,#9631,#9632,#9633,#9634,#9635
      ,#9636,#9637,#9638,#9639)
    ,(#9640,#9641,#9642,#9643,#9644,#9645,#9646,#9647,#9648,#9649,#9650
      ,#9651,#9652,#9653,#9654)
    ,(#9655,#9656,#9657,#9658,#9659,#9660,#9661,#9662,#9663,#9664,#9665
      ,#9666,#9667,#9668,#9669
    )),.UNSPECIFIED.,.F.,.F.,.F.,(4,4),(4,1,1,1,1,1,1,1,1,1,1,1,4),(0.,
    4.985419574452E-02),(37.700417902842,38.195890988189,38.691364073537
    ,39.186837158885,39.682310244233,40.177783329581,40.673256414929,
    41.168729500277,41.664202585625,42.159675670972,42.65514875632,
    43.150621841668,43.646094927016),.UNSPECIFIED.);
#9610 = CARTESIAN_POINT('',(5.443805219592,0.927485737704,
    15.261591101451));
#9611 = CARTESIAN_POINT('',(5.2906238129,1.826572060432,15.281305349126)
  );
#9612 = CARTESIAN_POINT('',(4.530206907729,3.546489695941,
    15.320733844478));
#9613 = CARTESIAN_POINT('',(2.299036102468,5.274066447608,
    15.379876587504));
#9614 = CARTESIAN_POINT('',(-0.484847378389,5.732844070263,
    15.439019330531));
#9615 = CARTESIAN_POINT('',(-3.152265673169,4.812946089416,
    15.498162073557));
#9616 = CARTESIAN_POINT('',(-5.061462957471,2.735410516531,
    15.557304816584));
#9617 = CARTESIAN_POINT('',(-5.753352077398,2.28214778695E-14,
    15.61644755961));
#9618 = CARTESIAN_POINT('',(-5.061462957472,-2.735410516531,
    15.675590302637));
#9619 = CARTESIAN_POINT('',(-3.152265673169,-4.812946089416,
    15.734733045664));
#9620 = CARTESIAN_POINT('',(-0.484847378389,-5.732844070263,
    15.79387578869));
#9621 = CARTESIAN_POINT('',(2.299036102468,-5.274066447608,
    15.853018531717));
#9622 = CARTESIAN_POINT('',(4.530206907729,-3.546489695941,
    15.912161274743));
#9623 = CARTESIAN_POINT('',(5.2906238129,-1.826572060432,15.951589770094
    ));
#9624 = CARTESIAN_POINT('',(5.443805219592,-0.927485737704,
    15.97130401777));
#9625 = CARTESIAN_POINT('',(5.585677518236,0.951657163436,
    15.344681427692));
#9626 = CARTESIAN_POINT('',(5.428504014582,1.874174788009,
    15.364395675367));
#9627 = CARTESIAN_POINT('',(4.648269704138,3.638915604838,
    15.403824170718));
#9628 = CARTESIAN_POINT('',(2.358951827474,5.411515143867,
    15.462966913745));
#9629 = CARTESIAN_POINT('',(-0.497483100882,5.88224907893,
    15.522109656772));
#9630 = CARTESIAN_POINT('',(-3.234417616331,4.938377418681,
    15.581252399798));
#9631 = CARTESIAN_POINT('',(-5.193370943763,2.806698698614,
    15.640395142825));
#9632 = CARTESIAN_POINT('',(-5.903291550102,3.85933892767E-14,
    15.699537885851));
#9633 = CARTESIAN_POINT('',(-5.193370943763,-2.806698698614,
    15.758680628878));
#9634 = CARTESIAN_POINT('',(-3.234417616331,-4.938377418681,
    15.817823371905));
#9635 = CARTESIAN_POINT('',(-0.497483100882,-5.88224907893,
    15.876966114931));
#9636 = CARTESIAN_POINT('',(2.358951827474,-5.411515143867,
    15.936108857958));
#9637 = CARTESIAN_POINT('',(4.648269704138,-3.638915604838,
    15.995251600984));
#9638 = CARTESIAN_POINT('',(5.428504014582,-1.874174788009,
    16.034680096335));
#9639 = CARTESIAN_POINT('',(5.585677518236,-0.951657163436,
    16.054394344011));
#9640 = CARTESIAN_POINT('',(5.72754981688,0.975828589169,15.427771753933
    ));
#9641 = CARTESIAN_POINT('',(5.566384216264,1.921777515586,
    15.447486001608));
#9642 = CARTESIAN_POINT('',(4.766332500547,3.731341513735,
    15.486914496959));
#9643 = CARTESIAN_POINT('',(2.41886755248,5.548963840127,15.546057239986
    ));
#9644 = CARTESIAN_POINT('',(-0.510118823375,6.031654087598,
    15.605199983013));
#9645 = CARTESIAN_POINT('',(-3.316569559494,5.063808747946,
    15.664342726039));
#9646 = CARTESIAN_POINT('',(-5.325278930054,2.877986880696,
    15.723485469066));
#9647 = CARTESIAN_POINT('',(-6.053231022806,4.934696523615E-14,
    15.782628212092));
#9648 = CARTESIAN_POINT('',(-5.325278930054,-2.877986880696,
    15.841770955119));
#9649 = CARTESIAN_POINT('',(-3.316569559494,-5.063808747946,
    15.900913698145));
#9650 = CARTESIAN_POINT('',(-0.510118823376,-6.031654087598,
    15.960056441172));
#9651 = CARTESIAN_POINT('',(2.41886755248,-5.548963840127,
    16.019199184198));
#9652 = CARTESIAN_POINT('',(4.766332500547,-3.731341513735,
    16.078341927225));
#9653 = CARTESIAN_POINT('',(5.566384216264,-1.921777515586,
    16.117770422576));
#9654 = CARTESIAN_POINT('',(5.72754981688,-0.975828589169,
    16.137484670252));
#9655 = CARTESIAN_POINT('',(5.869422115524,1.000000014901,
    15.510862080174));
#9656 = CARTESIAN_POINT('',(5.704264417947,1.969380243164,
    15.530576327849));
#9657 = CARTESIAN_POINT('',(4.884395296957,3.823767422632,15.5700048232)
  );
#9658 = CARTESIAN_POINT('',(2.478783277486,5.686412536386,
    15.629147566227));
#9659 = CARTESIAN_POINT('',(-0.522754545869,6.181059096265,
    15.688290309253));
#9660 = CARTESIAN_POINT('',(-3.398721502657,5.189240077211,
    15.74743305228));
#9661 = CARTESIAN_POINT('',(-5.457186916345,2.949275062778,
    15.806575795307));
#9662 = CARTESIAN_POINT('',(-6.20317049551,6.66721709486E-14,
    15.865718538333));
#9663 = CARTESIAN_POINT('',(-5.457186916345,-2.949275062778,
    15.92486128136));
#9664 = CARTESIAN_POINT('',(-3.398721502657,-5.189240077211,
    15.984004024386));
#9665 = CARTESIAN_POINT('',(-0.522754545869,-6.181059096265,
    16.043146767413));
#9666 = CARTESIAN_POINT('',(2.478783277486,-5.686412536386,
    16.102289510439));
#9667 = CARTESIAN_POINT('',(4.884395296957,-3.823767422632,
    16.161432253466));
#9668 = CARTESIAN_POINT('',(5.704264417947,-1.969380243164,
    16.200860748817));
#9669 = CARTESIAN_POINT('',(5.869422115524,-1.000000014901,
    16.220574996492));
#9670 = ADVANCED_FACE('',(#9671),#9736,.F.);
#9671 = FACE_BOUND('',#9672,.F.);
#9672 = EDGE_LOOP('',(#9673,#9674,#9685,#9727));
#9673 = ORIENTED_EDGE('',*,*,#6234,.F.);
#9674 = ORIENTED_EDGE('',*,*,#9675,.T.);
#9675 = EDGE_CURVE('',#6235,#9676,#9678,.T.);
#9676 = VERTEX_POINT('',#9677);
#9677 = CARTESIAN_POINT('',(5.869422115524,1.000000014901,
    16.260862080174));
#9678 = B_SPLINE_CURVE_WITH_KNOTS('',3,(#9679,#9680,#9681,#9682,#9683,
    #9684),.UNSPECIFIED.,.F.,.F.,(4,2,4),(0.,2.517994954394E-02,
    5.034158056145E-02),.UNSPECIFIED.);
#9679 = CARTESIAN_POINT('',(5.430952497739,1.000000014901,
    16.013182976173));
#9680 = CARTESIAN_POINT('',(5.504063099326,1.000000014901,
    16.054409377267));
#9681 = CARTESIAN_POINT('',(5.577238896802,1.000000014901,
    16.095711209109));
#9682 = CARTESIAN_POINT('',(5.72334127241,1.000000014901,16.178242983067
    ));
#9683 = CARTESIAN_POINT('',(5.796426799819,1.000000014901,
    16.219562664811));
#9684 = CARTESIAN_POINT('',(5.869422115524,1.000000014901,
    16.260862080174));
#9685 = ORIENTED_EDGE('',*,*,#9686,.T.);
#9686 = EDGE_CURVE('',#9676,#9687,#9689,.T.);
#9687 = VERTEX_POINT('',#9688);
#9688 = CARTESIAN_POINT('',(5.869422115524,-1.000000014901,
    16.970574996492));
#9689 = B_SPLINE_CURVE_WITH_KNOTS('',3,(#9690,#9691,#9692,#9693,#9694,
    #9695,#9696,#9697,#9698,#9699,#9700,#9701,#9702,#9703,#9704,#9705,
    #9706,#9707,#9708,#9709,#9710,#9711,#9712,#9713,#9714,#9715,#9716,
    #9717,#9718,#9719,#9720,#9721,#9722,#9723,#9724,#9725,#9726),
  .UNSPECIFIED.,.F.,.F.,(4,3,3,3,3,3,3,3,3,3,3,3,4),(35.695714690754,
    36.191187776102,36.68666086145,37.182133946797,37.677607032145,
    38.173080117493,38.668553202841,39.164026288189,39.659499373537,
    40.154972458885,40.650445544232,41.14591862958,41.641391714928),
  .UNSPECIFIED.);
#9690 = CARTESIAN_POINT('',(5.869422115524,1.000000014901,
    16.260862080174));
#9691 = CARTESIAN_POINT('',(5.704264417947,1.969380243164,
    16.280576327849));
#9692 = CARTESIAN_POINT('',(5.294327604545,2.896573601133,
    16.300290575525));
#9693 = CARTESIAN_POINT('',(4.688424608389,3.670611247128,16.3200048232)
  );
#9694 = CARTESIAN_POINT('',(4.082521612233,4.444648893122,
    16.339719070876));
#9695 = CARTESIAN_POINT('',(3.280652433323,5.065530827142,
    16.359433318551));
#9696 = CARTESIAN_POINT('',(2.379461411648,5.458412898173,
    16.379147566227));
#9697 = CARTESIAN_POINT('',(1.478270389973,5.851294969204,
    16.398861813902));
#9698 = CARTESIAN_POINT('',(0.477757525532,6.016177177247,
    16.418576061578));
#9699 = CARTESIAN_POINT('',(-0.501826605141,5.933315104173,
    16.438290309253));
#9700 = CARTESIAN_POINT('',(-1.481410735815,5.8504530311,16.458004556929
    ));
#9701 = CARTESIAN_POINT('',(-2.440066132723,5.51984667691,
    16.477718804604));
#9702 = CARTESIAN_POINT('',(-3.262471469666,4.981215983328,
    16.49743305228));
#9703 = CARTESIAN_POINT('',(-4.084876806608,4.442585289747,
    16.517147299955));
#9704 = CARTESIAN_POINT('',(-4.771032083586,3.695930256773,
    16.536861547631));
#9705 = CARTESIAN_POINT('',(-5.238440282196,2.831056869652,
    16.556575795307));
#9706 = CARTESIAN_POINT('',(-5.705848480807,1.966183482532,
    16.576290042982));
#9707 = CARTESIAN_POINT('',(-5.954509601049,0.983091741266,
    16.596004290658));
#9708 = CARTESIAN_POINT('',(-5.954509601049,-2.019218126037E-14,
    16.615718538333));
#9709 = CARTESIAN_POINT('',(-5.954509601049,-0.983091741266,
    16.635432786009));
#9710 = CARTESIAN_POINT('',(-5.705848480807,-1.966183482532,
    16.655147033684));
#9711 = CARTESIAN_POINT('',(-5.238440282196,-2.831056869653,
    16.67486128136));
#9712 = CARTESIAN_POINT('',(-4.771032083586,-3.695930256773,
    16.694575529035));
#9713 = CARTESIAN_POINT('',(-4.084876806608,-4.442585289747,
    16.714289776711));
#9714 = CARTESIAN_POINT('',(-3.262471469665,-4.981215983328,
    16.734004024386));
#9715 = CARTESIAN_POINT('',(-2.440066132723,-5.51984667691,
    16.753718272062));
#9716 = CARTESIAN_POINT('',(-1.481410735815,-5.8504530311,
    16.773432519737));
#9717 = CARTESIAN_POINT('',(-0.501826605141,-5.933315104173,
    16.793146767413));
#9718 = CARTESIAN_POINT('',(0.477757525532,-6.016177177247,
    16.812861015088));
#9719 = CARTESIAN_POINT('',(1.478270389973,-5.851294969204,
    16.832575262764));
#9720 = CARTESIAN_POINT('',(2.379461411648,-5.458412898173,
    16.852289510439));
#9721 = CARTESIAN_POINT('',(3.280652433323,-5.065530827142,
    16.872003758115));
#9722 = CARTESIAN_POINT('',(4.082521612233,-4.444648893122,
    16.89171800579));
#9723 = CARTESIAN_POINT('',(4.688424608389,-3.670611247128,
    16.911432253466));
#9724 = CARTESIAN_POINT('',(5.294327604545,-2.896573601133,
    16.931146501142));
#9725 = CARTESIAN_POINT('',(5.704264417947,-1.969380243164,
    16.950860748817));
#9726 = CARTESIAN_POINT('',(5.869422115524,-1.000000014901,
    16.970574996492));
#9727 = ORIENTED_EDGE('',*,*,#9728,.T.);
#9728 = EDGE_CURVE('',#9687,#6225,#9729,.T.);
#9729 = B_SPLINE_CURVE_WITH_KNOTS('',3,(#9730,#9731,#9732,#9733,#9734,
    #9735),.UNSPECIFIED.,.F.,.F.,(4,2,4),(0.,2.523621330709E-02,
    5.049666424039E-02),.UNSPECIFIED.);
#9730 = CARTESIAN_POINT('',(5.869422115524,-1.000000014901,
    16.970574996492));
#9731 = CARTESIAN_POINT('',(5.796419107732,-1.000000014901,
    16.928779603487));
#9732 = CARTESIAN_POINT('',(5.7233329176,-1.000000014901,16.886949540662
    ));
#9733 = CARTESIAN_POINT('',(5.577230305076,-1.000000014901,
    16.803358307509));
#9734 = CARTESIAN_POINT('',(5.504053728211,-1.000000014901,
    16.761505533779));
#9735 = CARTESIAN_POINT('',(5.430952497739,-1.000000014901,
    16.719712143048));
#9736 = B_SPLINE_SURFACE_WITH_KNOTS('',3,3,(
    (#9737,#9738,#9739,#9740,#9741,#9742,#9743,#9744,#9745,#9746,#9747
      ,#9748,#9749,#9750,#9751)
    ,(#9752,#9753,#9754,#9755,#9756,#9757,#9758,#9759,#9760,#9761,#9762
      ,#9763,#9764,#9765,#9766)
    ,(#9767,#9768,#9769,#9770,#9771,#9772,#9773,#9774,#9775,#9776,#9777
      ,#9778,#9779,#9780,#9781)
    ,(#9782,#9783,#9784,#9785,#9786,#9787,#9788,#9789,#9790,#9791,#9792
      ,#9793,#9794,#9795,#9796
    )),.UNSPECIFIED.,.F.,.F.,.F.,(4,4),(4,1,1,1,1,1,1,1,1,1,1,1,4),(0.,
    4.985419574452E-02),(43.983603210021,44.479076295369,44.974549380717
    ,45.470022466065,45.965495551413,46.46096863676,46.956441722108,
    47.451914807456,47.947387892804,48.442860978152,48.9383340635,
    49.433807148848,49.929280234196),.UNSPECIFIED.);
#9737 = CARTESIAN_POINT('',(5.443805219592,0.927485737704,
    16.011591101451));
#9738 = CARTESIAN_POINT('',(5.2906238129,1.826572060432,16.031305349127)
  );
#9739 = CARTESIAN_POINT('',(4.530202728652,3.546489266024,
    16.070733844478));
#9740 = CARTESIAN_POINT('',(2.299036081068,5.274066656084,
    16.129876587504));
#9741 = CARTESIAN_POINT('',(-0.484848113921,5.73284433833,
    16.189019330531));
#9742 = CARTESIAN_POINT('',(-3.152265698186,4.812946317122,
    16.248162073557));
#9743 = CARTESIAN_POINT('',(-5.061463369478,2.735410665875,
    16.307304816584));
#9744 = CARTESIAN_POINT('',(-5.753352286808,-5.684992946877E-14,
    16.36644755961));
#9745 = CARTESIAN_POINT('',(-5.061463369478,-2.735410665875,
    16.425590302637));
#9746 = CARTESIAN_POINT('',(-3.152265698186,-4.812946317122,
    16.484733045664));
#9747 = CARTESIAN_POINT('',(-0.48484811392,-5.73284433833,16.54387578869
    ));
#9748 = CARTESIAN_POINT('',(2.299036081068,-5.274066656084,
    16.603018531717));
#9749 = CARTESIAN_POINT('',(4.530202728652,-3.546489266024,
    16.662161274743));
#9750 = CARTESIAN_POINT('',(5.2906238129,-1.826572060432,16.701589770094
    ));
#9751 = CARTESIAN_POINT('',(5.443805219592,-0.927485737704,
    16.72130401777));
#9752 = CARTESIAN_POINT('',(5.585677518236,0.951657163436,
    16.094681427692));
#9753 = CARTESIAN_POINT('',(5.428504014582,1.874174788009,
    16.114395675367));
#9754 = CARTESIAN_POINT('',(4.648265416149,3.638915163717,
    16.153824170718));
#9755 = CARTESIAN_POINT('',(2.358951805516,5.411515357776,
    16.212966913745));
#9756 = CARTESIAN_POINT('',(-0.497483855583,5.882249353983,
    16.272109656772));
#9757 = CARTESIAN_POINT('',(-3.234417642001,4.938377652321,
    16.331252399798));
#9758 = CARTESIAN_POINT('',(-5.193371366507,2.80669885185,
    16.390395142825));
#9759 = CARTESIAN_POINT('',(-5.90329176497,-4.61683143285E-14,
    16.449537885851));
#9760 = CARTESIAN_POINT('',(-5.193371366507,-2.80669885185,
    16.508680628878));
#9761 = CARTESIAN_POINT('',(-3.234417642001,-4.938377652322,
    16.567823371904));
#9762 = CARTESIAN_POINT('',(-0.497483855583,-5.882249353983,
    16.626966114931));
#9763 = CARTESIAN_POINT('',(2.358951805516,-5.411515357776,
    16.686108857958));
#9764 = CARTESIAN_POINT('',(4.648265416149,-3.638915163717,
    16.745251600984));
#9765 = CARTESIAN_POINT('',(5.428504014582,-1.874174788009,
    16.784680096335));
#9766 = CARTESIAN_POINT('',(5.585677518236,-0.951657163436,
    16.804394344011));
#9767 = CARTESIAN_POINT('',(5.72754981688,0.975828589169,16.177771753933
    ));
#9768 = CARTESIAN_POINT('',(5.566384216264,1.921777515586,
    16.197486001608));
#9769 = CARTESIAN_POINT('',(4.766328103646,3.73134106141,16.236914496959
    ));
#9770 = CARTESIAN_POINT('',(2.418867529964,5.548964059469,
    16.296057239986));
#9771 = CARTESIAN_POINT('',(-0.510119597245,6.031654369636,
    16.355199983013));
#9772 = CARTESIAN_POINT('',(-3.316569585816,5.063808987521,
    16.414342726039));
#9773 = CARTESIAN_POINT('',(-5.325279363535,2.877987037824,
    16.473485469066));
#9774 = CARTESIAN_POINT('',(-6.053231243131,-3.121405313212E-14,
    16.532628212092));
#9775 = CARTESIAN_POINT('',(-5.325279363535,-2.877987037824,
    16.591770955119));
#9776 = CARTESIAN_POINT('',(-3.316569585816,-5.063808987521,
    16.650913698145));
#9777 = CARTESIAN_POINT('',(-0.510119597245,-6.031654369636,
    16.710056441172));
#9778 = CARTESIAN_POINT('',(2.418867529964,-5.548964059469,
    16.769199184198));
#9779 = CARTESIAN_POINT('',(4.766328103646,-3.73134106141,
    16.828341927225));
#9780 = CARTESIAN_POINT('',(5.566384216264,-1.921777515586,
    16.867770422576));
#9781 = CARTESIAN_POINT('',(5.72754981688,-0.975828589169,
    16.887484670252));
#9782 = CARTESIAN_POINT('',(5.869422115524,1.000000014901,
    16.260862080174));
#9783 = CARTESIAN_POINT('',(5.704264417947,1.969380243164,
    16.280576327849));
#9784 = CARTESIAN_POINT('',(4.884390791144,3.823766959103,16.3200048232)
  );
#9785 = CARTESIAN_POINT('',(2.478783254413,5.686412761161,
    16.379147566227));
#9786 = CARTESIAN_POINT('',(-0.522755338908,6.18105938529,
    16.438290309253));
#9787 = CARTESIAN_POINT('',(-3.39872152963,5.189240322721,16.49743305228
    ));
#9788 = CARTESIAN_POINT('',(-5.457187360564,2.949275223799,
    16.556575795307));
#9789 = CARTESIAN_POINT('',(-6.203170721292,-1.99390149285E-14,
    16.615718538333));
#9790 = CARTESIAN_POINT('',(-5.457187360564,-2.949275223799,
    16.67486128136));
#9791 = CARTESIAN_POINT('',(-3.39872152963,-5.189240322721,
    16.734004024386));
#9792 = CARTESIAN_POINT('',(-0.522755338908,-6.18105938529,
    16.793146767413));
#9793 = CARTESIAN_POINT('',(2.478783254413,-5.686412761161,
    16.852289510439));
#9794 = CARTESIAN_POINT('',(4.884390791144,-3.823766959103,
    16.911432253466));
#9795 = CARTESIAN_POINT('',(5.704264417947,-1.969380243164,
    16.950860748817));
#9796 = CARTESIAN_POINT('',(5.869422115524,-1.000000014901,
    16.970574996492));
#9797 = ADVANCED_FACE('',(#9798),#9863,.F.);
#9798 = FACE_BOUND('',#9799,.F.);
#9799 = EDGE_LOOP('',(#9800,#9801,#9812,#9854));
#9800 = ORIENTED_EDGE('',*,*,#6298,.F.);
#9801 = ORIENTED_EDGE('',*,*,#9802,.T.);
#9802 = EDGE_CURVE('',#6299,#9803,#9805,.T.);
#9803 = VERTEX_POINT('',#9804);
#9804 = CARTESIAN_POINT('',(5.869422115524,1.000000014901,
    17.010862080174));
#9805 = B_SPLINE_CURVE_WITH_KNOTS('',3,(#9806,#9807,#9808,#9809,#9810,
    #9811),.UNSPECIFIED.,.F.,.F.,(4,2,4),(0.,2.517994954701E-02,
    5.034158057468E-02),.UNSPECIFIED.);
#9806 = CARTESIAN_POINT('',(5.430952497739,1.000000014901,
    16.763182976173));
#9807 = CARTESIAN_POINT('',(5.504063099335,1.000000014901,
    16.804409377272));
#9808 = CARTESIAN_POINT('',(5.577238896821,1.000000014901,16.84571120912
    ));
#9809 = CARTESIAN_POINT('',(5.723341272411,1.000000014901,
    16.928242983067));
#9810 = CARTESIAN_POINT('',(5.796426799821,1.000000014901,
    16.969562664812));
#9811 = CARTESIAN_POINT('',(5.869422115524,1.000000014901,
    17.010862080174));
#9812 = ORIENTED_EDGE('',*,*,#9813,.T.);
#9813 = EDGE_CURVE('',#9803,#9814,#9816,.T.);
#9814 = VERTEX_POINT('',#9815);
#9815 = CARTESIAN_POINT('',(5.869422115524,-1.000000014901,
    17.720574996492));
#9816 = B_SPLINE_CURVE_WITH_KNOTS('',3,(#9817,#9818,#9819,#9820,#9821,
    #9822,#9823,#9824,#9825,#9826,#9827,#9828,#9829,#9830,#9831,#9832,
    #9833,#9834,#9835,#9836,#9837,#9838,#9839,#9840,#9841,#9842,#9843,
    #9844,#9845,#9846,#9847,#9848,#9849,#9850,#9851,#9852,#9853),
  .UNSPECIFIED.,.F.,.F.,(4,3,3,3,3,3,3,3,3,3,3,3,4),(41.978899997934,
    42.474373083281,42.969846168629,43.465319253977,43.960792339325,
    44.456265424673,44.951738510021,45.447211595369,45.942684680716,
    46.438157766064,46.933630851412,47.42910393676,47.924577022108),
  .UNSPECIFIED.);
#9817 = CARTESIAN_POINT('',(5.869422115524,1.000000014901,
    17.010862080174));
#9818 = CARTESIAN_POINT('',(5.704264417947,1.969380243164,
    17.030576327849));
#9819 = CARTESIAN_POINT('',(5.294325416623,2.896573377785,
    17.050290575525));
#9820 = CARTESIAN_POINT('',(4.688422044178,3.670611022933,17.0700048232)
  );
#9821 = CARTESIAN_POINT('',(4.082518671732,4.444648668081,
    17.089719070876));
#9822 = CARTESIAN_POINT('',(3.280650928165,5.065530823757,
    17.109433318551));
#9823 = CARTESIAN_POINT('',(2.379460505408,5.4584130169,17.129147566227)
  );
#9824 = CARTESIAN_POINT('',(1.478270082652,5.851295210042,
    17.148861813902));
#9825 = CARTESIAN_POINT('',(0.477756980706,6.016177440651,
    17.168576061578));
#9826 = CARTESIAN_POINT('',(-0.501827145298,5.933315371861,
    17.188290309253));
#9827 = CARTESIAN_POINT('',(-1.481411271302,5.850453303071,
    17.208004556929));
#9828 = CARTESIAN_POINT('',(-2.440066421364,5.519846934881,
    17.227718804604));
#9829 = CARTESIAN_POINT('',(-3.262471700908,4.981216220237,
    17.24743305228));
#9830 = CARTESIAN_POINT('',(-4.084876980451,4.442585505593,
    17.267147299955));
#9831 = CARTESIAN_POINT('',(-4.771032389476,3.695930444495,
    17.286861547631));
#9832 = CARTESIAN_POINT('',(-5.238440619545,2.831057016713,
    17.306575795307));
#9833 = CARTESIAN_POINT('',(-5.705848849614,1.966183588931,
    17.326290042982));
#9834 = CARTESIAN_POINT('',(-5.954509900726,0.983091794466,
    17.346004290658));
#9835 = CARTESIAN_POINT('',(-5.954509900726,-1.880440247959E-14,
    17.365718538333));
#9836 = CARTESIAN_POINT('',(-5.954509900726,-0.983091794466,
    17.385432786009));
#9837 = CARTESIAN_POINT('',(-5.705848849614,-1.966183588931,
    17.405147033684));
#9838 = CARTESIAN_POINT('',(-5.238440619545,-2.831057016713,
    17.42486128136));
#9839 = CARTESIAN_POINT('',(-4.771032389476,-3.695930444495,
    17.444575529035));
#9840 = CARTESIAN_POINT('',(-4.084876980451,-4.442585505593,
    17.464289776711));
#9841 = CARTESIAN_POINT('',(-3.262471700908,-4.981216220237,
    17.484004024386));
#9842 = CARTESIAN_POINT('',(-2.440066421364,-5.519846934881,
    17.503718272062));
#9843 = CARTESIAN_POINT('',(-1.481411271302,-5.850453303071,
    17.523432519737));
#9844 = CARTESIAN_POINT('',(-0.501827145298,-5.933315371861,
    17.543146767413));
#9845 = CARTESIAN_POINT('',(0.477756980706,-6.016177440651,
    17.562861015088));
#9846 = CARTESIAN_POINT('',(1.478270082652,-5.851295210042,
    17.582575262764));
#9847 = CARTESIAN_POINT('',(2.379460505408,-5.4584130169,17.602289510439
    ));
#9848 = CARTESIAN_POINT('',(3.280650928165,-5.065530823757,
    17.622003758115));
#9849 = CARTESIAN_POINT('',(4.082518671732,-4.444648668081,
    17.64171800579));
#9850 = CARTESIAN_POINT('',(4.688422044178,-3.670611022933,
    17.661432253466));
#9851 = CARTESIAN_POINT('',(5.294325416623,-2.896573377785,
    17.681146501142));
#9852 = CARTESIAN_POINT('',(5.704264417947,-1.969380243164,
    17.700860748817));
#9853 = CARTESIAN_POINT('',(5.869422115524,-1.000000014901,
    17.720574996492));
#9854 = ORIENTED_EDGE('',*,*,#9855,.T.);
#9855 = EDGE_CURVE('',#9814,#6289,#9856,.T.);
#9856 = B_SPLINE_CURVE_WITH_KNOTS('',3,(#9857,#9858,#9859,#9860,#9861,
    #9862),.UNSPECIFIED.,.F.,.F.,(4,2,4),(0.,2.523621331149E-02,
    5.04966642514E-02),.UNSPECIFIED.);
#9857 = CARTESIAN_POINT('',(5.869422115524,-1.000000014901,
    17.720574996492));
#9858 = CARTESIAN_POINT('',(5.796419107719,-1.000000014901,
    17.678779603479));
#9859 = CARTESIAN_POINT('',(5.723332917594,-1.000000014901,
    17.636949540659));
#9860 = CARTESIAN_POINT('',(5.577230305076,-1.000000014901,
    17.553358307509));
#9861 = CARTESIAN_POINT('',(5.504053728211,-1.000000014901,
    17.511505533778));
#9862 = CARTESIAN_POINT('',(5.430952497739,-1.000000014901,
    17.469712143048));
#9863 = B_SPLINE_SURFACE_WITH_KNOTS('',3,3,(
    (#9864,#9865,#9866,#9867,#9868,#9869,#9870,#9871,#9872,#9873,#9874
      ,#9875,#9876,#9877,#9878)
    ,(#9879,#9880,#9881,#9882,#9883,#9884,#9885,#9886,#9887,#9888,#9889
      ,#9890,#9891,#9892,#9893)
    ,(#9894,#9895,#9896,#9897,#9898,#9899,#9900,#9901,#9902,#9903,#9904
      ,#9905,#9906,#9907,#9908)
    ,(#9909,#9910,#9911,#9912,#9913,#9914,#9915,#9916,#9917,#9918,#9919
      ,#9920,#9921,#9922,#9923
    )),.UNSPECIFIED.,.F.,.F.,.F.,(4,4),(4,1,1,1,1,1,1,1,1,1,1,1,4),(0.,
    4.985419574452E-02),(50.266788517201,50.762261602549,51.257734687897
    ,51.753207773244,52.248680858592,52.74415394394,53.239627029288,
    53.735100114636,54.230573199984,54.726046285331,55.221519370679,
    55.716992456027,56.212465541375),.UNSPECIFIED.);
#9864 = CARTESIAN_POINT('',(5.443805219592,0.927485737704,
    16.761591101451));
#9865 = CARTESIAN_POINT('',(5.2906238129,1.826572060432,16.781305349127)
  );
#9866 = CARTESIAN_POINT('',(4.530198670119,3.546488851719,
    16.820733844478));
#9867 = CARTESIAN_POINT('',(2.299036016316,5.274066858528,
    16.879876587504));
#9868 = CARTESIAN_POINT('',(-0.484848839523,5.732844603564,
    16.939019330531));
#9869 = CARTESIAN_POINT('',(-3.152265736951,4.812946543401,
    16.998162073557));
#9870 = CARTESIAN_POINT('',(-5.061463775659,2.7354108139,17.057304816584
    ));
#9871 = CARTESIAN_POINT('',(-5.753352500637,-5.682996668223E-14,
    17.11644755961));
#9872 = CARTESIAN_POINT('',(-5.061463775659,-2.7354108139,
    17.175590302637));
#9873 = CARTESIAN_POINT('',(-3.152265736951,-4.812946543401,
    17.234733045664));
#9874 = CARTESIAN_POINT('',(-0.484848839523,-5.732844603564,
    17.29387578869));
#9875 = CARTESIAN_POINT('',(2.299036016316,-5.274066858528,
    17.353018531717));
#9876 = CARTESIAN_POINT('',(4.530198670119,-3.546488851718,
    17.412161274743));
#9877 = CARTESIAN_POINT('',(5.2906238129,-1.826572060432,17.451589770094
    ));
#9878 = CARTESIAN_POINT('',(5.443805219592,-0.927485737704,
    17.47130401777));
#9879 = CARTESIAN_POINT('',(5.585677518236,0.951657163436,
    16.844681427692));
#9880 = CARTESIAN_POINT('',(5.428504014582,1.874174788009,
    16.864395675367));
#9881 = CARTESIAN_POINT('',(4.648261251846,3.638914738614,
    16.903824170718));
#9882 = CARTESIAN_POINT('',(2.358951739077,5.411515565496,
    16.962966913745));
#9883 = CARTESIAN_POINT('',(-0.497484600095,5.882249626129,
    17.022109656772));
#9884 = CARTESIAN_POINT('',(-3.234417681776,4.938377884497,
    17.081252399798));
#9885 = CARTESIAN_POINT('',(-5.193371783273,2.806699003732,
    17.140395142825));
#9886 = CARTESIAN_POINT('',(-5.903291984371,-4.515742165829E-14,
    17.199537885851));
#9887 = CARTESIAN_POINT('',(-5.193371783273,-2.806699003732,
    17.258680628878));
#9888 = CARTESIAN_POINT('',(-3.234417681776,-4.938377884498,
    17.317823371904));
#9889 = CARTESIAN_POINT('',(-0.497484600095,-5.882249626129,
    17.376966114931));
#9890 = CARTESIAN_POINT('',(2.358951739077,-5.411515565496,
    17.436108857958));
#9891 = CARTESIAN_POINT('',(4.648261251846,-3.638914738614,
    17.495251600984));
#9892 = CARTESIAN_POINT('',(5.428504014582,-1.874174788009,
    17.534680096335));
#9893 = CARTESIAN_POINT('',(5.585677518236,-0.951657163436,
    17.554394344011));
#9894 = CARTESIAN_POINT('',(5.72754981688,0.975828589169,16.927771753933
    ));
#9895 = CARTESIAN_POINT('',(5.566384216264,1.921777515586,
    16.947486001608));
#9896 = CARTESIAN_POINT('',(4.766323833572,3.73134062551,16.986914496959
    ));
#9897 = CARTESIAN_POINT('',(2.418867461837,5.548964272465,
    17.046057239986));
#9898 = CARTESIAN_POINT('',(-0.510120360668,6.031654648695,
    17.105199983013));
#9899 = CARTESIAN_POINT('',(-3.316569626601,5.063809225594,
    17.164342726039));
#9900 = CARTESIAN_POINT('',(-5.325279790887,2.877987193565,
    17.223485469066));
#9901 = CARTESIAN_POINT('',(-6.053231468105,-3.124469122571E-14,
    17.282628212092));
#9902 = CARTESIAN_POINT('',(-5.325279790887,-2.877987193565,
    17.341770955119));
#9903 = CARTESIAN_POINT('',(-3.316569626601,-5.063809225594,
    17.400913698145));
#9904 = CARTESIAN_POINT('',(-0.510120360668,-6.031654648695,
    17.460056441172));
#9905 = CARTESIAN_POINT('',(2.418867461837,-5.548964272465,
    17.519199184198));
#9906 = CARTESIAN_POINT('',(4.766323833572,-3.73134062551,
    17.578341927225));
#9907 = CARTESIAN_POINT('',(5.566384216264,-1.921777515586,
    17.617770422576));
#9908 = CARTESIAN_POINT('',(5.72754981688,-0.975828589169,
    17.637484670252));
#9909 = CARTESIAN_POINT('',(5.869422115524,1.000000014901,
    17.010862080174));
#9910 = CARTESIAN_POINT('',(5.704264417947,1.969380243164,
    17.030576327849));
#9911 = CARTESIAN_POINT('',(4.884386415299,3.823766512406,17.0700048232)
  );
#9912 = CARTESIAN_POINT('',(2.478783184598,5.686412979433,
    17.129147566227));
#9913 = CARTESIAN_POINT('',(-0.52275612124,6.18105967126,17.188290309253
    ));
#9914 = CARTESIAN_POINT('',(-3.398721571426,5.189240566691,
    17.24743305228));
#9915 = CARTESIAN_POINT('',(-5.457187798501,2.949275383397,
    17.306575795307));
#9916 = CARTESIAN_POINT('',(-6.203170951839,-1.945424170657E-14,
    17.365718538333));
#9917 = CARTESIAN_POINT('',(-5.457187798501,-2.949275383397,
    17.42486128136));
#9918 = CARTESIAN_POINT('',(-3.398721571426,-5.189240566691,
    17.484004024386));
#9919 = CARTESIAN_POINT('',(-0.52275612124,-6.18105967126,
    17.543146767413));
#9920 = CARTESIAN_POINT('',(2.478783184598,-5.686412979433,
    17.602289510439));
#9921 = CARTESIAN_POINT('',(4.884386415299,-3.823766512406,
    17.661432253466));
#9922 = CARTESIAN_POINT('',(5.704264417947,-1.969380243164,
    17.700860748817));
#9923 = CARTESIAN_POINT('',(5.869422115524,-1.000000014901,
    17.720574996492));
#9924 = ADVANCED_FACE('',(#9925),#9990,.F.);
#9925 = FACE_BOUND('',#9926,.F.);
#9926 = EDGE_LOOP('',(#9927,#9928,#9939,#9981));
#9927 = ORIENTED_EDGE('',*,*,#6362,.F.);
#9928 = ORIENTED_EDGE('',*,*,#9929,.T.);
#9929 = EDGE_CURVE('',#6363,#9930,#9932,.T.);
#9930 = VERTEX_POINT('',#9931);
#9931 = CARTESIAN_POINT('',(5.869422115524,1.000000014901,
    17.760862080174));
#9932 = B_SPLINE_CURVE_WITH_KNOTS('',3,(#9933,#9934,#9935,#9936,#9937,
    #9938),.UNSPECIFIED.,.F.,.F.,(4,2,4),(0.,2.51799495421E-02,
    5.034158055465E-02),.UNSPECIFIED.);
#9933 = CARTESIAN_POINT('',(5.430952497739,1.000000014901,
    17.513182976173));
#9934 = CARTESIAN_POINT('',(5.50406309932,1.000000014901,17.554409377264
    ));
#9935 = CARTESIAN_POINT('',(5.57723889679,1.000000014901,17.595711209102
    ));
#9936 = CARTESIAN_POINT('',(5.723341272413,1.000000014901,
    17.678242983068));
#9937 = CARTESIAN_POINT('',(5.796426799826,1.000000014901,
    17.719562664815));
#9938 = CARTESIAN_POINT('',(5.869422115524,1.000000014901,
    17.760862080174));
#9939 = ORIENTED_EDGE('',*,*,#9940,.T.);
#9940 = EDGE_CURVE('',#9930,#9941,#9943,.T.);
#9941 = VERTEX_POINT('',#9942);
#9942 = CARTESIAN_POINT('',(5.869422115524,-1.000000014901,
    18.470574996492));
#9943 = B_SPLINE_CURVE_WITH_KNOTS('',3,(#9944,#9945,#9946,#9947,#9948,
    #9949,#9950,#9951,#9952,#9953,#9954,#9955,#9956,#9957,#9958,#9959,
    #9960,#9961,#9962,#9963,#9964,#9965,#9966,#9967,#9968,#9969,#9970,
    #9971,#9972,#9973,#9974,#9975,#9976,#9977,#9978,#9979,#9980),
  .UNSPECIFIED.,.F.,.F.,(4,3,3,3,3,3,3,3,3,3,3,3,4),(48.262085305113,
    48.757558390461,49.253031475809,49.748504561157,50.243977646504,
    50.739450731852,51.2349238172,51.730396902548,52.225869987896,
    52.721343073244,53.216816158592,53.71228924394,54.207762329287),
  .UNSPECIFIED.);
#9944 = CARTESIAN_POINT('',(5.869422115524,1.000000014901,
    17.760862080174));
#9945 = CARTESIAN_POINT('',(5.704264417947,1.969380243164,
    17.780576327849));
#9946 = CARTESIAN_POINT('',(5.294323290492,2.896573162429,
    17.800290575525));
#9947 = CARTESIAN_POINT('',(4.68841954487,3.670610807049,17.8200048232)
  );
#9948 = CARTESIAN_POINT('',(4.082515799247,4.444648451669,
    17.839719070876));
#9949 = CARTESIAN_POINT('',(3.280649435457,5.065530821645,
    17.859433318551));
#9950 = CARTESIAN_POINT('',(2.379459592637,5.458413133731,
    17.879147566227));
#9951 = CARTESIAN_POINT('',(1.478269749816,5.851295445817,
    17.898861813902));
#9952 = CARTESIAN_POINT('',(0.477756427964,6.016177700013,
    17.918576061578));
#9953 = CARTESIAN_POINT('',(-0.501827688522,5.933315636261,
    17.938290309253));
#9954 = CARTESIAN_POINT('',(-1.481411805008,5.850453572509,
    17.958004556929));
#9955 = CARTESIAN_POINT('',(-2.440066716129,5.519847190808,
    17.977718804604));
#9956 = CARTESIAN_POINT('',(-3.262471938932,4.981216455372,
    17.99743305228));
#9957 = CARTESIAN_POINT('',(-4.084877161736,4.442585719937,
    18.017147299955));
#9958 = CARTESIAN_POINT('',(-4.771032696222,3.695930630767,
    18.036861547631));
#9959 = CARTESIAN_POINT('',(-5.23844095615,2.831057162583,
    18.056575795307));
#9960 = CARTESIAN_POINT('',(-5.705849216078,1.966183694398,
    18.076290042982));
#9961 = CARTESIAN_POINT('',(-5.954510201448,0.983091847199,
    18.096004290658));
#9962 = CARTESIAN_POINT('',(-5.954510201448,2.532696274926E-14,
    18.115718538333));
#9963 = CARTESIAN_POINT('',(-5.954510201448,-0.983091847199,
    18.135432786009));
#9964 = CARTESIAN_POINT('',(-5.705849216078,-1.966183694398,
    18.155147033684));
#9965 = CARTESIAN_POINT('',(-5.23844095615,-2.831057162583,
    18.17486128136));
#9966 = CARTESIAN_POINT('',(-4.771032696222,-3.695930630767,
    18.194575529035));
#9967 = CARTESIAN_POINT('',(-4.084877161736,-4.442585719937,
    18.214289776711));
#9968 = CARTESIAN_POINT('',(-3.262471938932,-4.981216455372,
    18.234004024386));
#9969 = CARTESIAN_POINT('',(-2.440066716129,-5.519847190808,
    18.253718272062));
#9970 = CARTESIAN_POINT('',(-1.481411805008,-5.850453572509,
    18.273432519737));
#9971 = CARTESIAN_POINT('',(-0.501827688522,-5.933315636261,
    18.293146767413));
#9972 = CARTESIAN_POINT('',(0.477756427964,-6.016177700013,
    18.312861015088));
#9973 = CARTESIAN_POINT('',(1.478269749816,-5.851295445817,
    18.332575262764));
#9974 = CARTESIAN_POINT('',(2.379459592637,-5.458413133731,
    18.352289510439));
#9975 = CARTESIAN_POINT('',(3.280649435457,-5.065530821644,
    18.372003758115));
#9976 = CARTESIAN_POINT('',(4.082515799247,-4.444648451669,
    18.39171800579));
#9977 = CARTESIAN_POINT('',(4.68841954487,-3.670610807049,
    18.411432253466));
#9978 = CARTESIAN_POINT('',(5.294323290492,-2.896573162429,
    18.431146501142));
#9979 = CARTESIAN_POINT('',(5.704264417947,-1.969380243164,
    18.450860748817));
#9980 = CARTESIAN_POINT('',(5.869422115524,-1.000000014901,
    18.470574996492));
#9981 = ORIENTED_EDGE('',*,*,#9982,.T.);
#9982 = EDGE_CURVE('',#9941,#6353,#9983,.T.);
#9983 = B_SPLINE_CURVE_WITH_KNOTS('',3,(#9984,#9985,#9986,#9987,#9988,
    #9989),.UNSPECIFIED.,.F.,.F.,(4,2,4),(0.,2.523621329981E-02,
    5.049666423356E-02),.UNSPECIFIED.);
#9984 = CARTESIAN_POINT('',(5.869422115524,-1.000000014901,
    18.470574996492));
#9985 = CARTESIAN_POINT('',(5.796419107753,-1.000000014901,
    18.428779603499));
#9986 = CARTESIAN_POINT('',(5.72333291761,-1.000000014901,
    18.386949540667));
#9987 = CARTESIAN_POINT('',(5.577230305044,-1.000000014901,
    18.303358307491));
#9988 = CARTESIAN_POINT('',(5.504053728197,-1.000000014901,
    18.26150553377));
#9989 = CARTESIAN_POINT('',(5.430952497739,-1.000000014901,
    18.219712143048));
#9990 = B_SPLINE_SURFACE_WITH_KNOTS('',3,3,(
    (#9991,#9992,#9993,#9994,#9995,#9996,#9997,#9998,#9999,#10000,#10001
      ,#10002,#10003,#10004,#10005)
    ,(#10006,#10007,#10008,#10009,#10010,#10011,#10012,#10013,#10014
      ,#10015,#10016,#10017,#10018,#10019,#10020)
    ,(#10021,#10022,#10023,#10024,#10025,#10026,#10027,#10028,#10029
      ,#10030,#10031,#10032,#10033,#10034,#10035)
    ,(#10036,#10037,#10038,#10039,#10040,#10041,#10042,#10043,#10044
      ,#10045,#10046,#10047,#10048,#10049,#10050
  )),.UNSPECIFIED.,.F.,.F.,.F.,(4,4),(4,1,1,1,1,1,1,1,1,1,1,1,4),(0.,
    4.985419574452E-02),(56.54997382438,57.045446909728,57.540919995076,
    58.036393080424,58.531866165772,59.02733925112,59.522812336468,
    60.018285421815,60.513758507163,61.009231592511,61.504704677859,
    62.000177763207,62.495650848555),.UNSPECIFIED.);
#9991 = CARTESIAN_POINT('',(5.443805219592,0.927485737704,
    17.511591101451));
#9992 = CARTESIAN_POINT('',(5.2906238129,1.826572060432,17.531305349127)
  );
#9993 = CARTESIAN_POINT('',(4.530194726206,3.54648845224,17.570733844478
    ));
#9994 = CARTESIAN_POINT('',(2.299035911575,5.274067055328,
    17.629876587504));
#9995 = CARTESIAN_POINT('',(-0.484849556142,5.732844865996,
    17.689019330531));
#9996 = CARTESIAN_POINT('',(-3.152265788726,4.812946768238,
    17.748162073557));
#9997 = CARTESIAN_POINT('',(-5.061464176525,2.735410960629,
    17.807304816584));
#9998 = CARTESIAN_POINT('',(-5.753352718576,-1.323715678757E-14,
    17.86644755961));
#9999 = CARTESIAN_POINT('',(-5.061464176525,-2.735410960629,
    17.925590302637));
#10000 = CARTESIAN_POINT('',(-3.152265788726,-4.812946768238,
    17.984733045664));
#10001 = CARTESIAN_POINT('',(-0.484849556142,-5.732844865996,
    18.04387578869));
#10002 = CARTESIAN_POINT('',(2.299035911575,-5.274067055328,
    18.103018531717));
#10003 = CARTESIAN_POINT('',(4.530194726207,-3.54648845224,
    18.162161274743));
#10004 = CARTESIAN_POINT('',(5.2906238129,-1.826572060432,
    18.201589770094));
#10005 = CARTESIAN_POINT('',(5.443805219592,-0.927485737704,
    18.22130401777));
#10006 = CARTESIAN_POINT('',(5.585677518236,0.951657163436,
    17.594681427692));
#10007 = CARTESIAN_POINT('',(5.428504014582,1.874174788009,
    17.614395675367));
#10008 = CARTESIAN_POINT('',(4.64825720515,3.638914328725,
    17.653824170718));
#10009 = CARTESIAN_POINT('',(2.358951631606,5.411515767425,
    17.712966913745));
#10010 = CARTESIAN_POINT('',(-0.497485335391,5.8822498954,
    17.772109656772));
#10011 = CARTESIAN_POINT('',(-3.234417734901,4.938378115194,
    17.831252399798));
#10012 = CARTESIAN_POINT('',(-5.193372194586,2.806699154285,
    17.890395142825));
#10013 = CARTESIAN_POINT('',(-5.90329220799,2.34285960842E-16,
    17.949537885851));
#10014 = CARTESIAN_POINT('',(-5.193372194586,-2.806699154285,
    18.008680628878));
#10015 = CARTESIAN_POINT('',(-3.234417734901,-4.938378115194,
    18.067823371904));
#10016 = CARTESIAN_POINT('',(-0.497485335391,-5.8822498954,
    18.126966114931));
#10017 = CARTESIAN_POINT('',(2.358951631606,-5.411515767425,
    18.186108857958));
#10018 = CARTESIAN_POINT('',(4.64825720515,-3.638914328724,
    18.245251600984));
#10019 = CARTESIAN_POINT('',(5.428504014582,-1.874174788009,
    18.284680096335));
#10020 = CARTESIAN_POINT('',(5.585677518236,-0.951657163436,
    18.304394344011));
#10021 = CARTESIAN_POINT('',(5.72754981688,0.975828589169,
    17.677771753933));
#10022 = CARTESIAN_POINT('',(5.566384216264,1.921777515586,
    17.697486001608));
#10023 = CARTESIAN_POINT('',(4.766319684094,3.731340205209,
    17.736914496959));
#10024 = CARTESIAN_POINT('',(2.418867351637,5.548964479522,
    17.796057239986));
#10025 = CARTESIAN_POINT('',(-0.510121114639,6.031654924805,
    17.855199983013));
#10026 = CARTESIAN_POINT('',(-3.316569681075,5.063809462151,
    17.914342726039));
#10027 = CARTESIAN_POINT('',(-5.325280212647,2.877987347941,
    17.973485469066));
#10028 = CARTESIAN_POINT('',(-6.053231697404,1.405715765052E-14,
    18.032628212092));
#10029 = CARTESIAN_POINT('',(-5.325280212647,-2.877987347941,
    18.091770955119));
#10030 = CARTESIAN_POINT('',(-3.316569681075,-5.063809462151,
    18.150913698145));
#10031 = CARTESIAN_POINT('',(-0.510121114639,-6.031654924805,
    18.210056441172));
#10032 = CARTESIAN_POINT('',(2.418867351637,-5.548964479522,
    18.269199184198));
#10033 = CARTESIAN_POINT('',(4.766319684094,-3.731340205209,
    18.328341927225));
#10034 = CARTESIAN_POINT('',(5.566384216264,-1.921777515586,
    18.367770422576));
#10035 = CARTESIAN_POINT('',(5.72754981688,-0.975828589169,
    18.387484670252));
#10036 = CARTESIAN_POINT('',(5.869422115524,1.000000014901,
    17.760862080174));
#10037 = CARTESIAN_POINT('',(5.704264417947,1.969380243164,
    17.780576327849));
#10038 = CARTESIAN_POINT('',(4.884382163037,3.823766081694,17.8200048232
    ));
#10039 = CARTESIAN_POINT('',(2.478783071667,5.68641319162,
    17.879147566227));
#10040 = CARTESIAN_POINT('',(-0.522756893888,6.18105995421,
    17.938290309253));
#10041 = CARTESIAN_POINT('',(-3.398721627249,5.189240809107,
    17.99743305228));
#10042 = CARTESIAN_POINT('',(-5.457188230708,2.949275541597,
    18.056575795307));
#10043 = CARTESIAN_POINT('',(-6.203171186818,2.694288549683E-14,
    18.115718538333));
#10044 = CARTESIAN_POINT('',(-5.457188230708,-2.949275541597,
    18.17486128136));
#10045 = CARTESIAN_POINT('',(-3.398721627249,-5.189240809107,
    18.234004024386));
#10046 = CARTESIAN_POINT('',(-0.522756893888,-6.18105995421,
    18.293146767413));
#10047 = CARTESIAN_POINT('',(2.478783071667,-5.68641319162,
    18.352289510439));
#10048 = CARTESIAN_POINT('',(4.884382163037,-3.823766081694,
    18.411432253466));
#10049 = CARTESIAN_POINT('',(5.704264417947,-1.969380243164,
    18.450860748817));
#10050 = CARTESIAN_POINT('',(5.869422115524,-1.000000014901,
    18.470574996492));
#10051 = ADVANCED_FACE('',(#10052),#10117,.F.);
#10052 = FACE_BOUND('',#10053,.F.);
#10053 = EDGE_LOOP('',(#10054,#10055,#10066,#10108));
#10054 = ORIENTED_EDGE('',*,*,#6426,.F.);
#10055 = ORIENTED_EDGE('',*,*,#10056,.T.);
#10056 = EDGE_CURVE('',#6427,#10057,#10059,.T.);
#10057 = VERTEX_POINT('',#10058);
#10058 = CARTESIAN_POINT('',(5.869422115524,1.000000014901,
    18.510862080174));
#10059 = B_SPLINE_CURVE_WITH_KNOTS('',3,(#10060,#10061,#10062,#10063,
    #10064,#10065),.UNSPECIFIED.,.F.,.F.,(4,2,4),(0.,2.517994954421E-02,
    5.034158056122E-02),.UNSPECIFIED.);
#10060 = CARTESIAN_POINT('',(5.430952497739,1.000000014901,
    18.263182976173));
#10061 = CARTESIAN_POINT('',(5.504063099327,1.000000014901,
    18.304409377267));
#10062 = CARTESIAN_POINT('',(5.577238896803,1.000000014901,
    18.34571120911));
#10063 = CARTESIAN_POINT('',(5.723341272406,1.000000014901,
    18.428242983064));
#10064 = CARTESIAN_POINT('',(5.796426799811,1.000000014901,
    18.469562664806));
#10065 = CARTESIAN_POINT('',(5.869422115524,1.000000014901,
    18.510862080174));
#10066 = ORIENTED_EDGE('',*,*,#10067,.T.);
#10067 = EDGE_CURVE('',#10057,#10068,#10070,.T.);
#10068 = VERTEX_POINT('',#10069);
#10069 = CARTESIAN_POINT('',(5.869422115524,-1.000000014901,
    19.220574996492));
#10070 = B_SPLINE_CURVE_WITH_KNOTS('',3,(#10071,#10072,#10073,#10074,
    #10075,#10076,#10077,#10078,#10079,#10080,#10081,#10082,#10083,
    #10084,#10085,#10086,#10087,#10088,#10089,#10090,#10091,#10092,
    #10093,#10094,#10095,#10096,#10097,#10098,#10099,#10100,#10101,
    #10102,#10103,#10104,#10105,#10106,#10107),.UNSPECIFIED.,.F.,.F.,(4,
    3,3,3,3,3,3,3,3,3,3,3,4),(54.545270612293,55.040743697641,
    55.536216782988,56.031689868336,56.527162953684,57.022636039032,
    57.51810912438,58.013582209728,58.509055295075,59.004528380423,
    59.500001465771,59.995474551119,60.490947636467),.UNSPECIFIED.);
#10071 = CARTESIAN_POINT('',(5.869422115524,1.000000014901,
    18.510862080174));
#10072 = CARTESIAN_POINT('',(5.704264417947,1.969380243164,
    18.530576327849));
#10073 = CARTESIAN_POINT('',(5.294321223178,2.896572954672,
    18.550290575525));
#10074 = CARTESIAN_POINT('',(4.688417107548,3.67061059908,18.5700048232)
  );
#10075 = CARTESIAN_POINT('',(4.082512991918,4.444648243488,
    18.589719070876));
#10076 = CARTESIAN_POINT('',(3.280647955427,5.065530820796,
    18.609433318551));
#10077 = CARTESIAN_POINT('',(2.3794586744,5.458413248795,18.629147566227
    ));
#10078 = CARTESIAN_POINT('',(1.478269393373,5.851295676794,
    18.648861813902));
#10079 = CARTESIAN_POINT('',(0.477755867811,6.016177955485,
    18.668576061578));
#10080 = CARTESIAN_POINT('',(-0.50182823474,5.93331589746,
    18.688290309253));
#10081 = CARTESIAN_POINT('',(-1.481412337291,5.850453839436,
    18.708004556929));
#10082 = CARTESIAN_POINT('',(-2.44006701683,5.519847444696,
    18.727718804604));
#10083 = CARTESIAN_POINT('',(-3.262472183485,4.981216688737,
    18.74743305228));
#10084 = CARTESIAN_POINT('',(-4.084877350141,4.442585932778,
    18.767147299956));
#10085 = CARTESIAN_POINT('',(-4.771033003913,3.695930815601,
    18.786861547631));
#10086 = CARTESIAN_POINT('',(-5.238441292174,2.831057307275,
    18.806575795307));
#10087 = CARTESIAN_POINT('',(-5.705849580435,1.966183798949,
    18.826290042982));
#10088 = CARTESIAN_POINT('',(-5.954510503184,0.983091899475,
    18.846004290658));
#10089 = CARTESIAN_POINT('',(-5.954510503184,6.904199434388E-14,
    18.865718538333));
#10090 = CARTESIAN_POINT('',(-5.954510503184,-0.983091899474,
    18.885432786009));
#10091 = CARTESIAN_POINT('',(-5.705849580435,-1.966183798949,
    18.905147033684));
#10092 = CARTESIAN_POINT('',(-5.238441292174,-2.831057307275,
    18.92486128136));
#10093 = CARTESIAN_POINT('',(-4.771033003913,-3.695930815601,
    18.944575529035));
#10094 = CARTESIAN_POINT('',(-4.084877350141,-4.442585932778,
    18.964289776711));
#10095 = CARTESIAN_POINT('',(-3.262472183486,-4.981216688737,
    18.984004024386));
#10096 = CARTESIAN_POINT('',(-2.44006701683,-5.519847444696,
    19.003718272062));
#10097 = CARTESIAN_POINT('',(-1.481412337291,-5.850453839436,
    19.023432519737));
#10098 = CARTESIAN_POINT('',(-0.50182823474,-5.93331589746,
    19.043146767413));
#10099 = CARTESIAN_POINT('',(0.47775586781,-6.016177955485,
    19.062861015088));
#10100 = CARTESIAN_POINT('',(1.478269393373,-5.851295676794,
    19.082575262764));
#10101 = CARTESIAN_POINT('',(2.3794586744,-5.458413248795,
    19.102289510439));
#10102 = CARTESIAN_POINT('',(3.280647955427,-5.065530820796,
    19.122003758115));
#10103 = CARTESIAN_POINT('',(4.082512991918,-4.444648243488,
    19.14171800579));
#10104 = CARTESIAN_POINT('',(4.688417107548,-3.67061059908,
    19.161432253466));
#10105 = CARTESIAN_POINT('',(5.294321223178,-2.896572954672,
    19.181146501142));
#10106 = CARTESIAN_POINT('',(5.704264417947,-1.969380243164,
    19.200860748817));
#10107 = CARTESIAN_POINT('',(5.869422115524,-1.000000014901,
    19.220574996492));
#10108 = ORIENTED_EDGE('',*,*,#10109,.T.);
#10109 = EDGE_CURVE('',#10068,#6417,#10110,.T.);
#10110 = B_SPLINE_CURVE_WITH_KNOTS('',3,(#10111,#10112,#10113,#10114,
    #10115,#10116),.UNSPECIFIED.,.F.,.F.,(4,2,4),(0.,2.523621328539E-02,
    5.049666419993E-02),.UNSPECIFIED.);
#10111 = CARTESIAN_POINT('',(5.869422115524,-1.000000014901,
    19.220574996492));
#10112 = CARTESIAN_POINT('',(5.796419107795,-1.000000014901,
    19.178779603523));
#10113 = CARTESIAN_POINT('',(5.723332917628,-1.000000014901,
    19.136949540678));
#10114 = CARTESIAN_POINT('',(5.577230305039,-1.000000014901,
    19.053358307488));
#10115 = CARTESIAN_POINT('',(5.504053728195,-1.000000014901,
    19.011505533769));
#10116 = CARTESIAN_POINT('',(5.430952497739,-1.000000014901,
    18.969712143048));
#10117 = B_SPLINE_SURFACE_WITH_KNOTS('',3,3,(
    (#10118,#10119,#10120,#10121,#10122,#10123,#10124,#10125,#10126
      ,#10127,#10128,#10129,#10130,#10131,#10132)
    ,(#10133,#10134,#10135,#10136,#10137,#10138,#10139,#10140,#10141
      ,#10142,#10143,#10144,#10145,#10146,#10147)
    ,(#10148,#10149,#10150,#10151,#10152,#10153,#10154,#10155,#10156
      ,#10157,#10158,#10159,#10160,#10161,#10162)
    ,(#10163,#10164,#10165,#10166,#10167,#10168,#10169,#10170,#10171
      ,#10172,#10173,#10174,#10175,#10176,#10177
  )),.UNSPECIFIED.,.F.,.F.,.F.,(4,4),(4,1,1,1,1,1,1,1,1,1,1,1,4),(0.,
    4.985419574452E-02),(62.83315913156,63.328632216908,63.824105302256,
    64.319578387604,64.815051472951,65.310524558299,65.805997643647,
    66.301470728995,66.796943814343,67.292416899691,67.787889985039,
    68.283363070386,68.778836155734),.UNSPECIFIED.);
#10118 = CARTESIAN_POINT('',(5.443805219592,0.927485737704,
    18.261591101451));
#10119 = CARTESIAN_POINT('',(5.2906238129,1.826572060432,18.281305349127
    ));
#10120 = CARTESIAN_POINT('',(4.530190891399,3.546488066856,
    18.320733844478));
#10121 = CARTESIAN_POINT('',(2.299035769918,5.274067246839,
    18.379876587504));
#10122 = CARTESIAN_POINT('',(-0.484850264615,5.732845125659,
    18.439019330531));
#10123 = CARTESIAN_POINT('',(-3.152265852834,4.812946991622,
    18.498162073557));
#10124 = CARTESIAN_POINT('',(-5.06146457254,2.735411106083,
    18.557304816584));
#10125 = CARTESIAN_POINT('',(-5.753352940353,2.863422209476E-14,
    18.61644755961));
#10126 = CARTESIAN_POINT('',(-5.06146457254,-2.735411106083,
    18.675590302637));
#10127 = CARTESIAN_POINT('',(-3.152265852834,-4.812946991622,
    18.734733045664));
#10128 = CARTESIAN_POINT('',(-0.484850264615,-5.732845125659,
    18.79387578869));
#10129 = CARTESIAN_POINT('',(2.299035769918,-5.274067246839,
    18.853018531717));
#10130 = CARTESIAN_POINT('',(4.530190891399,-3.546488066856,
    18.912161274743));
#10131 = CARTESIAN_POINT('',(5.2906238129,-1.826572060432,
    18.951589770094));
#10132 = CARTESIAN_POINT('',(5.443805219592,-0.927485737704,
    18.97130401777));
#10133 = CARTESIAN_POINT('',(5.585677518236,0.951657163436,
    18.344681427692));
#10134 = CARTESIAN_POINT('',(5.428504014582,1.874174788009,
    18.364395675367));
#10135 = CARTESIAN_POINT('',(4.648253270403,3.638913933297,
    18.403824170718));
#10136 = CARTESIAN_POINT('',(2.358951486257,5.411515963927,
    18.462966913745));
#10137 = CARTESIAN_POINT('',(-0.497486062327,5.882250161831,
    18.522109656772));
#10138 = CARTESIAN_POINT('',(-3.234417800679,4.9383783444,
    18.581252399798));
#10139 = CARTESIAN_POINT('',(-5.193372600922,2.80669930353,
    18.640395142825));
#10140 = CARTESIAN_POINT('',(-5.903292435547,4.097254543641E-14,
    18.699537885851));
#10141 = CARTESIAN_POINT('',(-5.193372600922,-2.80669930353,
    18.758680628878));
#10142 = CARTESIAN_POINT('',(-3.234417800679,-4.9383783444,
    18.817823371904));
#10143 = CARTESIAN_POINT('',(-0.497486062328,-5.882250161831,
    18.876966114931));
#10144 = CARTESIAN_POINT('',(2.358951486257,-5.411515963927,
    18.936108857958));
#10145 = CARTESIAN_POINT('',(4.648253270402,-3.638913933297,
    18.995251600984));
#10146 = CARTESIAN_POINT('',(5.428504014582,-1.874174788009,
    19.034680096335));
#10147 = CARTESIAN_POINT('',(5.585677518236,-0.951657163436,
    19.054394344011));
#10148 = CARTESIAN_POINT('',(5.72754981688,0.975828589169,
    18.427771753933));
#10149 = CARTESIAN_POINT('',(5.566384216264,1.921777515586,
    18.447486001608));
#10150 = CARTESIAN_POINT('',(4.766315649406,3.731339799738,
    18.486914496959));
#10151 = CARTESIAN_POINT('',(2.418867202596,5.548964681015,
    18.546057239986));
#10152 = CARTESIAN_POINT('',(-0.51012186004,6.031655198003,
    18.605199983013));
#10153 = CARTESIAN_POINT('',(-3.316569748524,5.063809697178,
    18.664342726039));
#10154 = CARTESIAN_POINT('',(-5.325280629304,2.877987500977,
    18.723485469066));
#10155 = CARTESIAN_POINT('',(-6.05323193074,5.936363117207E-14,
    18.782628212092));
#10156 = CARTESIAN_POINT('',(-5.325280629304,-2.877987500977,
    18.841770955119));
#10157 = CARTESIAN_POINT('',(-3.316569748524,-5.063809697178,
    18.900913698145));
#10158 = CARTESIAN_POINT('',(-0.51012186004,-6.031655198003,
    18.960056441172));
#10159 = CARTESIAN_POINT('',(2.418867202596,-5.548964681015,
    19.019199184198));
#10160 = CARTESIAN_POINT('',(4.766315649406,-3.731339799739,
    19.078341927225));
#10161 = CARTESIAN_POINT('',(5.566384216264,-1.921777515586,
    19.117770422576));
#10162 = CARTESIAN_POINT('',(5.72754981688,-0.975828589169,
    19.137484670252));
#10163 = CARTESIAN_POINT('',(5.869422115524,1.000000014901,
    18.510862080174));
#10164 = CARTESIAN_POINT('',(5.704264417947,1.969380243164,
    18.530576327849));
#10165 = CARTESIAN_POINT('',(4.88437802841,3.82376566618,18.5700048232)
  );
#10166 = CARTESIAN_POINT('',(2.478782918935,5.686413398104,
    18.629147566227));
#10167 = CARTESIAN_POINT('',(-0.522757657752,6.181060234175,
    18.688290309253));
#10168 = CARTESIAN_POINT('',(-3.398721696369,5.189241049956,
    18.74743305228));
#10169 = CARTESIAN_POINT('',(-5.457188657685,2.949275698424,
    18.806575795307));
#10170 = CARTESIAN_POINT('',(-6.203171425934,7.181835379052E-14,
    18.865718538333));
#10171 = CARTESIAN_POINT('',(-5.457188657686,-2.949275698424,
    18.92486128136));
#10172 = CARTESIAN_POINT('',(-3.398721696369,-5.189241049956,
    18.984004024386));
#10173 = CARTESIAN_POINT('',(-0.522757657752,-6.181060234175,
    19.043146767413));
#10174 = CARTESIAN_POINT('',(2.478782918935,-5.686413398104,
    19.102289510439));
#10175 = CARTESIAN_POINT('',(4.88437802841,-3.82376566618,
    19.161432253466));
#10176 = CARTESIAN_POINT('',(5.704264417947,-1.969380243164,
    19.200860748817));
#10177 = CARTESIAN_POINT('',(5.869422115524,-1.000000014901,
    19.220574996492));
#10178 = ADVANCED_FACE('',(#10179),#10244,.F.);
#10179 = FACE_BOUND('',#10180,.F.);
#10180 = EDGE_LOOP('',(#10181,#10182,#10193,#10235));
#10181 = ORIENTED_EDGE('',*,*,#6490,.F.);
#10182 = ORIENTED_EDGE('',*,*,#10183,.T.);
#10183 = EDGE_CURVE('',#6491,#10184,#10186,.T.);
#10184 = VERTEX_POINT('',#10185);
#10185 = CARTESIAN_POINT('',(5.869422115524,1.000000014901,
    19.260862080174));
#10186 = B_SPLINE_CURVE_WITH_KNOTS('',3,(#10187,#10188,#10189,#10190,
    #10191,#10192),.UNSPECIFIED.,.F.,.F.,(4,2,4),(0.,2.517994954279E-02,
    5.034158055734E-02),.UNSPECIFIED.);
#10187 = CARTESIAN_POINT('',(5.430952497739,1.000000014901,
    19.013182976173));
#10188 = CARTESIAN_POINT('',(5.504063099322,1.000000014901,
    19.054409377265));
#10189 = CARTESIAN_POINT('',(5.577238896794,1.000000014901,
    19.095711209105));
#10190 = CARTESIAN_POINT('',(5.723341272412,1.000000014901,
    19.178242983068));
#10191 = CARTESIAN_POINT('',(5.796426799824,1.000000014901,
    19.219562664814));
#10192 = CARTESIAN_POINT('',(5.869422115524,1.000000014901,
    19.260862080174));
#10193 = ORIENTED_EDGE('',*,*,#10194,.T.);
#10194 = EDGE_CURVE('',#10184,#10195,#10197,.T.);
#10195 = VERTEX_POINT('',#10196);
#10196 = CARTESIAN_POINT('',(5.869422115524,-1.000000014901,
    19.970574996492));
#10197 = B_SPLINE_CURVE_WITH_KNOTS('',3,(#10198,#10199,#10200,#10201,
    #10202,#10203,#10204,#10205,#10206,#10207,#10208,#10209,#10210,
    #10211,#10212,#10213,#10214,#10215,#10216,#10217,#10218,#10219,
    #10220,#10221,#10222,#10223,#10224,#10225,#10226,#10227,#10228,
    #10229,#10230,#10231,#10232,#10233,#10234),.UNSPECIFIED.,.F.,.F.,(4,
    3,3,3,3,3,3,3,3,3,3,3,4),(60.828455919472,61.32392900482,
    61.819402090168,62.314875175516,62.810348260864,63.305821346212,
    63.801294431559,64.296767516907,64.792240602255,65.287713687603,
    65.783186772951,66.278659858299,66.774132943647),.UNSPECIFIED.);
#10198 = CARTESIAN_POINT('',(5.869422115524,1.000000014901,
    19.260862080174));
#10199 = CARTESIAN_POINT('',(5.704264417947,1.969380243164,
    19.280576327849));
#10200 = CARTESIAN_POINT('',(5.294319211909,2.896572754145,
    19.300290575525));
#10201 = CARTESIAN_POINT('',(4.688414729483,3.670610398654,19.3200048232
    ));
#10202 = CARTESIAN_POINT('',(4.082510247058,4.444648043163,
    19.339719070876));
#10203 = CARTESIAN_POINT('',(3.280646488246,5.065530821199,
    19.359433318551));
#10204 = CARTESIAN_POINT('',(2.379457751663,5.458413362211,
    19.379147566227));
#10205 = CARTESIAN_POINT('',(1.478269015079,5.851295903222,
    19.398861813902));
#10206 = CARTESIAN_POINT('',(0.477755300724,6.016178207209,
    19.418576061578));
#10207 = CARTESIAN_POINT('',(-0.501828783867,5.933316155541,
    19.438290309253));
#10208 = CARTESIAN_POINT('',(-1.481412868459,5.850454103873,
    19.458004556929));
#10209 = CARTESIAN_POINT('',(-2.440067323286,5.51984769655,
    19.477718804604));
#10210 = CARTESIAN_POINT('',(-3.262472434329,4.981216920334,
    19.49743305228));
#10211 = CARTESIAN_POINT('',(-4.084877545372,4.442586144118,
    19.517147299955));
#10212 = CARTESIAN_POINT('',(-4.77103331263,3.695930999008,
    19.536861547631));
#10213 = CARTESIAN_POINT('',(-5.238441627765,2.831057450803,
    19.556575795307));
#10214 = CARTESIAN_POINT('',(-5.705849942901,1.966183902599,
    19.576290042982));
#10215 = CARTESIAN_POINT('',(-5.954510805913,0.983091951299,
    19.596004290658));
#10216 = CARTESIAN_POINT('',(-5.954510805913,2.851885394506E-14,
    19.615718538333));
#10217 = CARTESIAN_POINT('',(-5.954510805913,-0.983091951299,
    19.635432786009));
#10218 = CARTESIAN_POINT('',(-5.705849942901,-1.966183902599,
    19.655147033684));
#10219 = CARTESIAN_POINT('',(-5.238441627765,-2.831057450803,
    19.67486128136));
#10220 = CARTESIAN_POINT('',(-4.77103331263,-3.695930999008,
    19.694575529035));
#10221 = CARTESIAN_POINT('',(-4.084877545372,-4.442586144118,
    19.714289776711));
#10222 = CARTESIAN_POINT('',(-3.262472434329,-4.981216920334,
    19.734004024386));
#10223 = CARTESIAN_POINT('',(-2.440067323286,-5.51984769655,
    19.753718272062));
#10224 = CARTESIAN_POINT('',(-1.481412868459,-5.850454103873,
    19.773432519737));
#10225 = CARTESIAN_POINT('',(-0.501828783867,-5.933316155541,
    19.793146767413));
#10226 = CARTESIAN_POINT('',(0.477755300724,-6.016178207209,
    19.812861015088));
#10227 = CARTESIAN_POINT('',(1.478269015079,-5.851295903222,
    19.832575262764));
#10228 = CARTESIAN_POINT('',(2.379457751663,-5.458413362211,
    19.852289510439));
#10229 = CARTESIAN_POINT('',(3.280646488246,-5.065530821199,
    19.872003758115));
#10230 = CARTESIAN_POINT('',(4.082510247058,-4.444648043163,
    19.89171800579));
#10231 = CARTESIAN_POINT('',(4.688414729483,-3.670610398654,
    19.911432253466));
#10232 = CARTESIAN_POINT('',(5.294319211909,-2.896572754145,
    19.931146501142));
#10233 = CARTESIAN_POINT('',(5.704264417947,-1.969380243164,
    19.950860748817));
#10234 = CARTESIAN_POINT('',(5.869422115524,-1.000000014901,
    19.970574996492));
#10235 = ORIENTED_EDGE('',*,*,#10236,.T.);
#10236 = EDGE_CURVE('',#10195,#6481,#10237,.T.);
#10237 = B_SPLINE_CURVE_WITH_KNOTS('',3,(#10238,#10239,#10240,#10241,
    #10242,#10243),.UNSPECIFIED.,.F.,.F.,(4,2,4),(0.,2.523621330251E-02,
    5.049666425201E-02),.UNSPECIFIED.);
#10238 = CARTESIAN_POINT('',(5.869422115524,-1.000000014901,
    19.970574996492));
#10239 = CARTESIAN_POINT('',(5.796419107745,-1.000000014901,
    19.928779603494));
#10240 = CARTESIAN_POINT('',(5.723332917606,-1.000000014901,
    19.886949540665));
#10241 = CARTESIAN_POINT('',(5.57723030501,-1.000000014901,
    19.803358307471));
#10242 = CARTESIAN_POINT('',(5.504053728182,-1.000000014901,
    19.761505533762));
#10243 = CARTESIAN_POINT('',(5.430952497739,-1.000000014901,
    19.719712143048));
#10244 = B_SPLINE_SURFACE_WITH_KNOTS('',3,3,(
    (#10245,#10246,#10247,#10248,#10249,#10250,#10251,#10252,#10253
      ,#10254,#10255,#10256,#10257,#10258,#10259)
    ,(#10260,#10261,#10262,#10263,#10264,#10265,#10266,#10267,#10268
      ,#10269,#10270,#10271,#10272,#10273,#10274)
    ,(#10275,#10276,#10277,#10278,#10279,#10280,#10281,#10282,#10283
      ,#10284,#10285,#10286,#10287,#10288,#10289)
    ,(#10290,#10291,#10292,#10293,#10294,#10295,#10296,#10297,#10298
      ,#10299,#10300,#10301,#10302,#10303,#10304
  )),.UNSPECIFIED.,.F.,.F.,.F.,(4,4),(4,1,1,1,1,1,1,1,1,1,1,1,4),(0.,
    4.985419574452E-02),(69.11634443874,69.611817524087,70.107290609435,
    70.602763694783,71.098236780131,71.593709865479,72.089182950827,
    72.584656036175,73.080129121522,73.57560220687,74.071075292218,
    74.566548377566,75.062021462914),.UNSPECIFIED.);
#10245 = CARTESIAN_POINT('',(5.443805219592,0.927485737704,
    19.011591101451));
#10246 = CARTESIAN_POINT('',(5.2906238129,1.826572060432,19.031305349127
    ));
#10247 = CARTESIAN_POINT('',(4.53018716055,3.546487694884,
    19.070733844478));
#10248 = CARTESIAN_POINT('',(2.299035594158,5.274067433386,
    19.129876587504));
#10249 = CARTESIAN_POINT('',(-0.484850965683,5.732845382591,
    19.189019330531));
#10250 = CARTESIAN_POINT('',(-3.152265928651,4.812947213543,
    19.248162073557));
#10251 = CARTESIAN_POINT('',(-5.061464964127,2.735411250284,
    19.307304816584));
#10252 = CARTESIAN_POINT('',(-5.753353165724,-1.087322829184E-14,
    19.36644755961));
#10253 = CARTESIAN_POINT('',(-5.061464964127,-2.735411250284,
    19.425590302637));
#10254 = CARTESIAN_POINT('',(-3.152265928651,-4.812947213543,
    19.484733045664));
#10255 = CARTESIAN_POINT('',(-0.484850965683,-5.732845382591,
    19.54387578869));
#10256 = CARTESIAN_POINT('',(2.299035594158,-5.274067433386,
    19.603018531717));
#10257 = CARTESIAN_POINT('',(4.530187160551,-3.546487694884,
    19.662161274743));
#10258 = CARTESIAN_POINT('',(5.2906238129,-1.826572060432,
    19.701589770094));
#10259 = CARTESIAN_POINT('',(5.443805219592,-0.927485737704,
    19.72130401777));
#10260 = CARTESIAN_POINT('',(5.585677518236,0.951657163436,
    19.094681427692));
#10261 = CARTESIAN_POINT('',(5.428504014582,1.874174788009,
    19.114395675367));
#10262 = CARTESIAN_POINT('',(4.648249442324,3.638913551632,
    19.153824170718));
#10263 = CARTESIAN_POINT('',(2.358951305917,5.411516155336,
    19.212966913745));
#10264 = CARTESIAN_POINT('',(-0.497486781666,5.882250425459,
    19.272109656772));
#10265 = CARTESIAN_POINT('',(-3.234417878472,4.938378572105,
    19.331252399798));
#10266 = CARTESIAN_POINT('',(-5.193373002714,2.806699451488,
    19.390395142825));
#10267 = CARTESIAN_POINT('',(-5.903292666791,3.585851883479E-15,
    19.449537885851));
#10268 = CARTESIAN_POINT('',(-5.193373002714,-2.806699451488,
    19.508680628878));
#10269 = CARTESIAN_POINT('',(-3.234417878472,-4.938378572105,
    19.567823371904));
#10270 = CARTESIAN_POINT('',(-0.497486781666,-5.882250425459,
    19.626966114931));
#10271 = CARTESIAN_POINT('',(2.358951305917,-5.411516155336,
    19.686108857958));
#10272 = CARTESIAN_POINT('',(4.648249442324,-3.638913551632,
    19.745251600984));
#10273 = CARTESIAN_POINT('',(5.428504014582,-1.874174788009,
    19.784680096335));
#10274 = CARTESIAN_POINT('',(5.585677518236,-0.951657163436,
    19.804394344011));
#10275 = CARTESIAN_POINT('',(5.72754981688,0.975828589169,
    19.177771753933));
#10276 = CARTESIAN_POINT('',(5.566384216264,1.921777515586,
    19.197486001608));
#10277 = CARTESIAN_POINT('',(4.766311724097,3.731339408379,
    19.236914496959));
#10278 = CARTESIAN_POINT('',(2.418867017676,5.548964877286,
    19.296057239986));
#10279 = CARTESIAN_POINT('',(-0.510122597648,6.031655468327,
    19.355199983013));
#10280 = CARTESIAN_POINT('',(-3.316569828293,5.063809930666,
    19.414342726039));
#10281 = CARTESIAN_POINT('',(-5.325281041301,2.877987652693,
    19.473485469066));
#10282 = CARTESIAN_POINT('',(-6.053232167858,1.492177074093E-14,
    19.532628212092));
#10283 = CARTESIAN_POINT('',(-5.325281041301,-2.877987652693,
    19.591770955119));
#10284 = CARTESIAN_POINT('',(-3.316569828293,-5.063809930666,
    19.650913698145));
#10285 = CARTESIAN_POINT('',(-0.510122597649,-6.031655468327,
    19.710056441172));
#10286 = CARTESIAN_POINT('',(2.418867017676,-5.548964877286,
    19.769199184198));
#10287 = CARTESIAN_POINT('',(4.766311724097,-3.731339408379,
    19.828341927225));
#10288 = CARTESIAN_POINT('',(5.566384216264,-1.921777515586,
    19.867770422576));
#10289 = CARTESIAN_POINT('',(5.72754981688,-0.975828589169,
    19.887484670252));
#10290 = CARTESIAN_POINT('',(5.869422115524,1.000000014901,
    19.260862080174));
#10291 = CARTESIAN_POINT('',(5.704264417947,1.969380243164,
    19.280576327849));
#10292 = CARTESIAN_POINT('',(4.88437400587,3.823765265126,19.3200048232)
  );
#10293 = CARTESIAN_POINT('',(2.478782729435,5.686413599236,
    19.379147566227));
#10294 = CARTESIAN_POINT('',(-0.522758413631,6.181060511195,
    19.438290309253));
#10295 = CARTESIAN_POINT('',(-3.398721778114,5.189241289228,
    19.49743305228));
#10296 = CARTESIAN_POINT('',(-5.457189079888,2.949275853898,
    19.556575795307));
#10297 = CARTESIAN_POINT('',(-6.203171668925,2.961219619905E-14,
    19.615718538333));
#10298 = CARTESIAN_POINT('',(-5.457189079888,-2.949275853898,
    19.67486128136));
#10299 = CARTESIAN_POINT('',(-3.398721778114,-5.189241289228,
    19.734004024386));
#10300 = CARTESIAN_POINT('',(-0.522758413631,-6.181060511195,
    19.793146767413));
#10301 = CARTESIAN_POINT('',(2.478782729434,-5.686413599236,
    19.852289510439));
#10302 = CARTESIAN_POINT('',(4.88437400587,-3.823765265126,
    19.911432253466));
#10303 = CARTESIAN_POINT('',(5.704264417947,-1.969380243164,
    19.950860748817));
#10304 = CARTESIAN_POINT('',(5.869422115524,-1.000000014901,
    19.970574996492));
#10305 = ADVANCED_FACE('',(#10306),#10371,.F.);
#10306 = FACE_BOUND('',#10307,.F.);
#10307 = EDGE_LOOP('',(#10308,#10309,#10320,#10362));
#10308 = ORIENTED_EDGE('',*,*,#6554,.F.);
#10309 = ORIENTED_EDGE('',*,*,#10310,.T.);
#10310 = EDGE_CURVE('',#6555,#10311,#10313,.T.);
#10311 = VERTEX_POINT('',#10312);
#10312 = CARTESIAN_POINT('',(5.869422115524,1.000000014901,
    20.010862080174));
#10313 = B_SPLINE_CURVE_WITH_KNOTS('',3,(#10314,#10315,#10316,#10317,
    #10318,#10319),.UNSPECIFIED.,.F.,.F.,(4,2,4),(0.,2.517994954514E-02,
    5.034158056089E-02),.UNSPECIFIED.);
#10314 = CARTESIAN_POINT('',(5.430952497739,1.000000014901,
    19.763182976173));
#10315 = CARTESIAN_POINT('',(5.504063099329,1.000000014901,
    19.804409377269));
#10316 = CARTESIAN_POINT('',(5.577238896809,1.000000014901,
    19.845711209113));
#10317 = CARTESIAN_POINT('',(5.723341272393,1.000000014901,
    19.928242983057));
#10318 = CARTESIAN_POINT('',(5.796426799783,1.000000014901,
    19.969562664791));
#10319 = CARTESIAN_POINT('',(5.869422115524,1.000000014901,
    20.010862080174));
#10320 = ORIENTED_EDGE('',*,*,#10321,.T.);
#10321 = EDGE_CURVE('',#10311,#10322,#10324,.T.);
#10322 = VERTEX_POINT('',#10323);
#10323 = CARTESIAN_POINT('',(5.869422115524,-1.000000014901,
    20.720574996492));
#10324 = B_SPLINE_CURVE_WITH_KNOTS('',3,(#10325,#10326,#10327,#10328,
    #10329,#10330,#10331,#10332,#10333,#10334,#10335,#10336,#10337,
    #10338,#10339,#10340,#10341,#10342,#10343,#10344,#10345,#10346,
    #10347,#10348,#10349,#10350,#10351,#10352,#10353,#10354,#10355,
    #10356,#10357,#10358,#10359,#10360,#10361),.UNSPECIFIED.,.F.,.F.,(4,
    3,3,3,3,3,3,3,3,3,3,3,4),(67.111641226652,67.607114312,
    68.102587397348,68.598060482695,69.093533568043,69.589006653391,
    70.084479738739,70.579952824087,71.075425909435,71.570898994783,
    72.06637208013,72.561845165478,73.057318250826),.UNSPECIFIED.);
#10325 = CARTESIAN_POINT('',(5.869422115524,1.000000014901,
    20.010862080174));
#10326 = CARTESIAN_POINT('',(5.704264417947,1.969380243164,
    20.030576327849));
#10327 = CARTESIAN_POINT('',(5.294317254092,2.896572560504,
    20.050290575525));
#10328 = CARTESIAN_POINT('',(4.688412408116,3.670610205423,20.0700048232
    ));
#10329 = CARTESIAN_POINT('',(4.08250756214,4.444647850343,
    20.089719070876));
#10330 = CARTESIAN_POINT('',(3.280645034043,5.065530822841,
    20.109433318551));
#10331 = CARTESIAN_POINT('',(2.379456825298,5.458413474085,
    20.129147566227));
#10332 = CARTESIAN_POINT('',(1.478268616553,5.85129612533,
    20.148861813902));
#10333 = CARTESIAN_POINT('',(0.47775472716,6.016178455321,
    20.168576061578));
#10334 = CARTESIAN_POINT('',(-0.501829335809,5.933316410583,
    20.188290309253));
#10335 = CARTESIAN_POINT('',(-1.481413398777,5.850454365846,
    20.208004556929));
#10336 = CARTESIAN_POINT('',(-2.44006763532,5.51984794638,
    20.227718804604));
#10337 = CARTESIAN_POINT('',(-3.262472691237,4.981217150168,
    20.24743305228));
#10338 = CARTESIAN_POINT('',(-4.084877747153,4.442586353957,
    20.267147299955));
#10339 = CARTESIAN_POINT('',(-4.771033622443,3.695931180999,
    20.286861547631));
#10340 = CARTESIAN_POINT('',(-5.238441963058,2.83105759318,
    20.306575795307));
#10341 = CARTESIAN_POINT('',(-5.705850303674,1.966184005361,
    20.326290042982));
#10342 = CARTESIAN_POINT('',(-5.954511109615,0.983092002681,
    20.346004290658));
#10343 = CARTESIAN_POINT('',(-5.954511109615,1.560557238989E-13,
    20.365718538333));
#10344 = CARTESIAN_POINT('',(-5.954511109615,-0.98309200268,
    20.385432786009));
#10345 = CARTESIAN_POINT('',(-5.705850303674,-1.966184005361,
    20.405147033684));
#10346 = CARTESIAN_POINT('',(-5.238441963058,-2.83105759318,
    20.42486128136));
#10347 = CARTESIAN_POINT('',(-4.771033622443,-3.695931180999,
    20.444575529035));
#10348 = CARTESIAN_POINT('',(-4.084877747153,-4.442586353957,
    20.464289776711));
#10349 = CARTESIAN_POINT('',(-3.262472691237,-4.981217150168,
    20.484004024386));
#10350 = CARTESIAN_POINT('',(-2.44006763532,-5.51984794638,
    20.503718272062));
#10351 = CARTESIAN_POINT('',(-1.481413398777,-5.850454365845,
    20.523432519737));
#10352 = CARTESIAN_POINT('',(-0.501829335809,-5.933316410583,
    20.543146767413));
#10353 = CARTESIAN_POINT('',(0.477754727159,-6.016178455321,
    20.562861015088));
#10354 = CARTESIAN_POINT('',(1.478268616552,-5.85129612533,
    20.582575262764));
#10355 = CARTESIAN_POINT('',(2.379456825298,-5.458413474086,
    20.602289510439));
#10356 = CARTESIAN_POINT('',(3.280645034043,-5.065530822841,
    20.622003758115));
#10357 = CARTESIAN_POINT('',(4.08250756214,-4.444647850343,
    20.64171800579));
#10358 = CARTESIAN_POINT('',(4.688412408116,-3.670610205423,
    20.661432253466));
#10359 = CARTESIAN_POINT('',(5.294317254092,-2.896572560504,
    20.681146501142));
#10360 = CARTESIAN_POINT('',(5.704264417947,-1.969380243164,
    20.700860748817));
#10361 = CARTESIAN_POINT('',(5.869422115524,-1.000000014901,
    20.720574996492));
#10362 = ORIENTED_EDGE('',*,*,#10363,.T.);
#10363 = EDGE_CURVE('',#10322,#6545,#10364,.T.);
#10364 = B_SPLINE_CURVE_WITH_KNOTS('',3,(#10365,#10366,#10367,#10368,
    #10369,#10370),.UNSPECIFIED.,.F.,.F.,(4,2,4),(0.,2.523621330684E-02,
    5.04966642406E-02),.UNSPECIFIED.);
#10365 = CARTESIAN_POINT('',(5.869422115524,-1.000000014901,
    20.720574996492));
#10366 = CARTESIAN_POINT('',(5.796419107733,-1.000000014901,
    20.678779603487));
#10367 = CARTESIAN_POINT('',(5.7233329176,-1.000000014901,
    20.636949540662));
#10368 = CARTESIAN_POINT('',(5.577230305074,-1.000000014901,
    20.553358307508));
#10369 = CARTESIAN_POINT('',(5.50405372821,-1.000000014901,
    20.511505533778));
#10370 = CARTESIAN_POINT('',(5.430952497739,-1.000000014901,
    20.469712143048));
#10371 = B_SPLINE_SURFACE_WITH_KNOTS('',3,3,(
    (#10372,#10373,#10374,#10375,#10376,#10377,#10378,#10379,#10380
      ,#10381,#10382,#10383,#10384,#10385,#10386)
    ,(#10387,#10388,#10389,#10390,#10391,#10392,#10393,#10394,#10395
      ,#10396,#10397,#10398,#10399,#10400,#10401)
    ,(#10402,#10403,#10404,#10405,#10406,#10407,#10408,#10409,#10410
      ,#10411,#10412,#10413,#10414,#10415,#10416)
    ,(#10417,#10418,#10419,#10420,#10421,#10422,#10423,#10424,#10425
      ,#10426,#10427,#10428,#10429,#10430,#10431
  )),.UNSPECIFIED.,.F.,.F.,.F.,(4,4),(4,1,1,1,1,1,1,1,1,1,1,1,4),(0.,
    4.985419574452E-02),(75.399529745919,75.895002831267,76.390475916615
    ,76.885949001963,77.381422087311,77.876895172658,78.372368258006,
    78.867841343354,79.363314428702,79.85878751405,80.354260599398,
    80.849733684746,81.345206770093),.UNSPECIFIED.);
#10372 = CARTESIAN_POINT('',(5.443805219592,0.927485737704,
    19.761591101451));
#10373 = CARTESIAN_POINT('',(5.2906238129,1.826572060432,19.781305349127
    ));
#10374 = CARTESIAN_POINT('',(4.530183528856,3.546487335686,
    19.820733844478));
#10375 = CARTESIAN_POINT('',(2.299035386876,5.274067615269,
    19.879876587504));
#10376 = CARTESIAN_POINT('',(-0.484851660001,5.73284563683,
    19.939019330531));
#10377 = CARTESIAN_POINT('',(-3.152266015603,4.812947433994,
    19.998162073557));
#10378 = CARTESIAN_POINT('',(-5.061465351672,2.73541139325,
    20.057304816584));
#10379 = CARTESIAN_POINT('',(-5.753353394471,8.645170672836E-14,
    20.11644755961));
#10380 = CARTESIAN_POINT('',(-5.061465351672,-2.73541139325,
    20.175590302637));
#10381 = CARTESIAN_POINT('',(-3.152266015603,-4.812947433994,
    20.234733045664));
#10382 = CARTESIAN_POINT('',(-0.484851660001,-5.73284563683,
    20.29387578869));
#10383 = CARTESIAN_POINT('',(2.299035386876,-5.274067615269,
    20.353018531717));
#10384 = CARTESIAN_POINT('',(4.530183528856,-3.546487335686,
    20.412161274743));
#10385 = CARTESIAN_POINT('',(5.2906238129,-1.826572060432,
    20.451589770094));
#10386 = CARTESIAN_POINT('',(5.443805219592,-0.927485737704,
    20.47130401777));
#10387 = CARTESIAN_POINT('',(5.585677518236,0.951657163436,
    19.844681427692));
#10388 = CARTESIAN_POINT('',(5.428504014582,1.874174788009,
    19.864395675367));
#10389 = CARTESIAN_POINT('',(4.648245715983,3.638913183072,
    19.903824170719));
#10390 = CARTESIAN_POINT('',(2.358951093233,5.411516341959,
    19.962966913745));
#10391 = CARTESIAN_POINT('',(-0.497487494079,5.882250686324,
    20.022109656772));
#10392 = CARTESIAN_POINT('',(-3.234417967689,4.938378798301,
    20.081252399798));
#10393 = CARTESIAN_POINT('',(-5.193373400358,2.806699598181,
    20.140395142825));
#10394 = CARTESIAN_POINT('',(-5.9032929015,1.017417027322E-13,
    20.199537885851));
#10395 = CARTESIAN_POINT('',(-5.193373400359,-2.80669959818,
    20.258680628878));
#10396 = CARTESIAN_POINT('',(-3.23441796769,-4.938378798301,
    20.317823371904));
#10397 = CARTESIAN_POINT('',(-0.497487494079,-5.882250686324,
    20.376966114931));
#10398 = CARTESIAN_POINT('',(2.358951093233,-5.411516341959,
    20.436108857958));
#10399 = CARTESIAN_POINT('',(4.648245715983,-3.638913183072,
    20.495251600984));
#10400 = CARTESIAN_POINT('',(5.428504014582,-1.874174788009,
    20.534680096335));
#10401 = CARTESIAN_POINT('',(5.585677518236,-0.951657163436,
    20.554394344011));
#10402 = CARTESIAN_POINT('',(5.72754981688,0.975828589169,
    19.927771753933));
#10403 = CARTESIAN_POINT('',(5.566384216264,1.921777515586,
    19.947486001608));
#10404 = CARTESIAN_POINT('',(4.76630790311,3.731339030458,
    19.986914496959));
#10405 = CARTESIAN_POINT('',(2.418866799589,5.548965068649,
    20.046057239986));
#10406 = CARTESIAN_POINT('',(-0.510123328156,6.031655735818,
    20.105199983013));
#10407 = CARTESIAN_POINT('',(-3.316569919776,5.063810162607,
    20.164342726039));
#10408 = CARTESIAN_POINT('',(-5.325281449045,2.877987803111,
    20.223485469066));
#10409 = CARTESIAN_POINT('',(-6.053232408528,1.185262096236E-13,
    20.282628212092));
#10410 = CARTESIAN_POINT('',(-5.325281449046,-2.877987803111,
    20.341770955119));
#10411 = CARTESIAN_POINT('',(-3.316569919777,-5.063810162607,
    20.400913698145));
#10412 = CARTESIAN_POINT('',(-0.510123328156,-6.031655735818,
    20.460056441172));
#10413 = CARTESIAN_POINT('',(2.418866799589,-5.548965068649,
    20.519199184198));
#10414 = CARTESIAN_POINT('',(4.76630790311,-3.731339030458,
    20.578341927225));
#10415 = CARTESIAN_POINT('',(5.566384216264,-1.921777515586,
    20.617770422576));
#10416 = CARTESIAN_POINT('',(5.72754981688,-0.975828589169,
    20.637484670252));
#10417 = CARTESIAN_POINT('',(5.869422115524,1.000000014901,
    20.010862080174));
#10418 = CARTESIAN_POINT('',(5.704264417947,1.969380243163,
    20.030576327849));
#10419 = CARTESIAN_POINT('',(4.884370090237,3.823764877844,20.0700048232
    ));
#10420 = CARTESIAN_POINT('',(2.478782505946,5.686413795339,
    20.129147566227));
#10421 = CARTESIAN_POINT('',(-0.522759162234,6.181060785311,
    20.188290309253));
#10422 = CARTESIAN_POINT('',(-3.398721871863,5.189241526914,
    20.24743305228));
#10423 = CARTESIAN_POINT('',(-5.457189497732,2.949276008042,
    20.306575795307));
#10424 = CARTESIAN_POINT('',(-6.203171915557,1.346209422592E-13,
    20.365718538333));
#10425 = CARTESIAN_POINT('',(-5.457189497732,-2.949276008042,
    20.42486128136));
#10426 = CARTESIAN_POINT('',(-3.398721871864,-5.189241526914,
    20.484004024386));
#10427 = CARTESIAN_POINT('',(-0.522759162234,-6.181060785311,
    20.543146767413));
#10428 = CARTESIAN_POINT('',(2.478782505946,-5.686413795339,
    20.602289510439));
#10429 = CARTESIAN_POINT('',(4.884370090237,-3.823764877845,
    20.661432253466));
#10430 = CARTESIAN_POINT('',(5.704264417947,-1.969380243164,
    20.700860748817));
#10431 = CARTESIAN_POINT('',(5.869422115524,-1.000000014901,
    20.720574996492));
#10432 = ADVANCED_FACE('',(#10433),#10498,.F.);
#10433 = FACE_BOUND('',#10434,.F.);
#10434 = EDGE_LOOP('',(#10435,#10436,#10447,#10489));
#10435 = ORIENTED_EDGE('',*,*,#6618,.F.);
#10436 = ORIENTED_EDGE('',*,*,#10437,.T.);
#10437 = EDGE_CURVE('',#6619,#10438,#10440,.T.);
#10438 = VERTEX_POINT('',#10439);
#10439 = CARTESIAN_POINT('',(5.869422115524,1.000000014901,
    20.760862080174));
#10440 = B_SPLINE_CURVE_WITH_KNOTS('',3,(#10441,#10442,#10443,#10444,
    #10445,#10446),.UNSPECIFIED.,.F.,.F.,(4,2,4),(0.,2.517994954841E-02,
    5.034158057772E-02),.UNSPECIFIED.);
#10441 = CARTESIAN_POINT('',(5.430952497739,1.000000014901,
    20.513182976173));
#10442 = CARTESIAN_POINT('',(5.504063099339,1.000000014901,
    20.554409377274));
#10443 = CARTESIAN_POINT('',(5.57723889683,1.000000014901,
    20.595711209125));
#10444 = CARTESIAN_POINT('',(5.723341272402,1.000000014901,
    20.678242983062));
#10445 = CARTESIAN_POINT('',(5.796426799803,1.000000014901,
    20.719562664802));
#10446 = CARTESIAN_POINT('',(5.869422115524,1.000000014901,
    20.760862080174));
#10447 = ORIENTED_EDGE('',*,*,#10448,.T.);
#10448 = EDGE_CURVE('',#10438,#10449,#10451,.T.);
#10449 = VERTEX_POINT('',#10450);
#10450 = CARTESIAN_POINT('',(5.869422115524,-1.000000014901,
    21.470574996492));
#10451 = B_SPLINE_CURVE_WITH_KNOTS('',3,(#10452,#10453,#10454,#10455,
    #10456,#10457,#10458,#10459,#10460,#10461,#10462,#10463,#10464,
    #10465,#10466,#10467,#10468,#10469,#10470,#10471,#10472,#10473,
    #10474,#10475,#10476,#10477,#10478,#10479,#10480,#10481,#10482,
    #10483,#10484,#10485,#10486,#10487,#10488),.UNSPECIFIED.,.F.,.F.,(4,
    3,3,3,3,3,3,3,3,3,3,3,4),(73.394826533832,73.890299619179,
    74.385772704527,74.881245789875,75.376718875223,75.872191960571,
    76.367665045919,76.863138131266,77.358611216614,77.854084301962,
    78.34955738731,78.845030472658,79.340503558006),.UNSPECIFIED.);
#10452 = CARTESIAN_POINT('',(5.869422115524,1.000000014901,
    20.760862080174));
#10453 = CARTESIAN_POINT('',(5.704264417947,1.969380243164,
    20.780576327849));
#10454 = CARTESIAN_POINT('',(5.294315347305,2.896572373427,
    20.800290575525));
#10455 = CARTESIAN_POINT('',(4.688410141044,3.670610019062,20.8200048232
    ));
#10456 = CARTESIAN_POINT('',(4.082504934783,4.444647664697,
    20.839719070876));
#10457 = CARTESIAN_POINT('',(3.280643592902,5.065530825704,
    20.859433318551));
#10458 = CARTESIAN_POINT('',(2.379455896094,5.458413584517,
    20.879147566227));
#10459 = CARTESIAN_POINT('',(1.478268199286,5.85129634333,
    20.898861813902));
#10460 = CARTESIAN_POINT('',(0.477754147549,6.016178699948,
    20.918576061578));
#10461 = CARTESIAN_POINT('',(-0.501829890461,5.933316662665,
    20.938290309253));
#10462 = CARTESIAN_POINT('',(-1.481413928473,5.850454625381,
    20.958004556929));
#10463 = CARTESIAN_POINT('',(-2.440067952758,5.519848194195,
    20.977718804604));
#10464 = CARTESIAN_POINT('',(-3.262472953993,4.981217378246,
    20.99743305228));
#10465 = CARTESIAN_POINT('',(-4.084877955228,4.442586562298,
    21.017147299955));
#10466 = CARTESIAN_POINT('',(-4.771033933413,3.695931361587,
    21.036861547631));
#10467 = CARTESIAN_POINT('',(-5.238442298175,2.831057734418,
    21.056575795307));
#10468 = CARTESIAN_POINT('',(-5.705850662938,1.96618410725,
    21.076290042982));
#10469 = CARTESIAN_POINT('',(-5.954511414278,0.983092053625,
    21.096004290658));
#10470 = CARTESIAN_POINT('',(-5.954511414278,-5.453970608471E-14,
    21.115718538333));
#10471 = CARTESIAN_POINT('',(-5.954511414278,-0.983092053625,
    21.135432786009));
#10472 = CARTESIAN_POINT('',(-5.705850662938,-1.96618410725,
    21.155147033684));
#10473 = CARTESIAN_POINT('',(-5.238442298175,-2.831057734419,
    21.17486128136));
#10474 = CARTESIAN_POINT('',(-4.771033933413,-3.695931361587,
    21.194575529035));
#10475 = CARTESIAN_POINT('',(-4.084877955228,-4.442586562298,
    21.214289776711));
#10476 = CARTESIAN_POINT('',(-3.262472953993,-4.981217378246,
    21.234004024386));
#10477 = CARTESIAN_POINT('',(-2.440067952758,-5.519848194195,
    21.253718272062));
#10478 = CARTESIAN_POINT('',(-1.481413928472,-5.850454625381,
    21.273432519737));
#10479 = CARTESIAN_POINT('',(-0.501829890461,-5.933316662665,
    21.293146767413));
#10480 = CARTESIAN_POINT('',(0.47775414755,-6.016178699948,
    21.312861015088));
#10481 = CARTESIAN_POINT('',(1.478268199286,-5.85129634333,
    21.332575262764));
#10482 = CARTESIAN_POINT('',(2.379455896094,-5.458413584517,
    21.352289510439));
#10483 = CARTESIAN_POINT('',(3.280643592903,-5.065530825704,
    21.372003758115));
#10484 = CARTESIAN_POINT('',(4.082504934783,-4.444647664697,
    21.39171800579));
#10485 = CARTESIAN_POINT('',(4.688410141044,-3.670610019062,
    21.411432253466));
#10486 = CARTESIAN_POINT('',(5.294315347305,-2.896572373427,
    21.431146501142));
#10487 = CARTESIAN_POINT('',(5.704264417947,-1.969380243164,
    21.450860748817));
#10488 = CARTESIAN_POINT('',(5.869422115524,-1.000000014901,
    21.470574996492));
#10489 = ORIENTED_EDGE('',*,*,#10490,.T.);
#10490 = EDGE_CURVE('',#10449,#6609,#10491,.T.);
#10491 = B_SPLINE_CURVE_WITH_KNOTS('',3,(#10492,#10493,#10494,#10495,
    #10496,#10497),.UNSPECIFIED.,.F.,.F.,(4,2,4),(0.,2.523621329417E-02,
    5.049666421439E-02),.UNSPECIFIED.);
#10492 = CARTESIAN_POINT('',(5.869422115524,-1.000000014901,
    21.470574996492));
#10493 = CARTESIAN_POINT('',(5.796419107769,-1.000000014901,
    21.428779603508));
#10494 = CARTESIAN_POINT('',(5.723332917617,-1.000000014901,
    21.386949540671));
#10495 = CARTESIAN_POINT('',(5.57723030506,-1.000000014901,21.3033583075
    ));
#10496 = CARTESIAN_POINT('',(5.504053728204,-1.000000014901,
    21.261505533774));
#10497 = CARTESIAN_POINT('',(5.430952497739,-1.000000014901,
    21.219712143048));
#10498 = B_SPLINE_SURFACE_WITH_KNOTS('',3,3,(
    (#10499,#10500,#10501,#10502,#10503,#10504,#10505,#10506,#10507
      ,#10508,#10509,#10510,#10511,#10512,#10513)
    ,(#10514,#10515,#10516,#10517,#10518,#10519,#10520,#10521,#10522
      ,#10523,#10524,#10525,#10526,#10527,#10528)
    ,(#10529,#10530,#10531,#10532,#10533,#10534,#10535,#10536,#10537
      ,#10538,#10539,#10540,#10541,#10542,#10543)
    ,(#10544,#10545,#10546,#10547,#10548,#10549,#10550,#10551,#10552
      ,#10553,#10554,#10555,#10556,#10557,#10558
  )),.UNSPECIFIED.,.F.,.F.,.F.,(4,4),(4,1,1,1,1,1,1,1,1,1,1,1,4),(0.,
    4.985419574452E-02),(81.682715053099,82.178188138447,82.673661223794
    ,83.169134309142,83.66460739449,84.160080479838,84.655553565186,
    85.151026650534,85.646499735882,86.14197282123,86.637445906577,
    87.132918991925,87.628392077273),.UNSPECIFIED.);
#10499 = CARTESIAN_POINT('',(5.443805219592,0.927485737704,
    20.511591101451));
#10500 = CARTESIAN_POINT('',(5.2906238129,1.826572060432,20.531305349127
    ));
#10501 = CARTESIAN_POINT('',(4.530179991821,3.546486988664,
    20.570733844478));
#10502 = CARTESIAN_POINT('',(2.299035150438,5.274067792764,
    20.629876587504));
#10503 = CARTESIAN_POINT('',(-0.484852348152,5.732845888416,
    20.689019330531));
#10504 = CARTESIAN_POINT('',(-3.152266113156,4.812947652969,
    20.748162073557));
#10505 = CARTESIAN_POINT('',(-5.061465735525,2.735411535001,
    20.807304816584));
#10506 = CARTESIAN_POINT('',(-5.7533536264,-9.107145531174E-14,
    20.86644755961));
#10507 = CARTESIAN_POINT('',(-5.061465735525,-2.735411535001,
    20.925590302637));
#10508 = CARTESIAN_POINT('',(-3.152266113156,-4.812947652969,
    20.984733045664));
#10509 = CARTESIAN_POINT('',(-0.484852348152,-5.732845888416,
    21.04387578869));
#10510 = CARTESIAN_POINT('',(2.299035150438,-5.274067792764,
    21.103018531717));
#10511 = CARTESIAN_POINT('',(4.530179991821,-3.546486988664,
    21.162161274743));
#10512 = CARTESIAN_POINT('',(5.2906238129,-1.826572060432,
    21.201589770094));
#10513 = CARTESIAN_POINT('',(5.443805219592,-0.927485737704,
    21.22130401777));
#10514 = CARTESIAN_POINT('',(5.585677518236,0.951657163436,
    20.594681427692));
#10515 = CARTESIAN_POINT('',(5.428504014582,1.874174788009,
    20.614395675367));
#10516 = CARTESIAN_POINT('',(4.648242086768,3.638912827006,
    20.653824170719));
#10517 = CARTESIAN_POINT('',(2.358950850633,5.41151652408,
    20.712966913745));
#10518 = CARTESIAN_POINT('',(-0.497488200164,5.882250944466,
    20.772109656772));
#10519 = CARTESIAN_POINT('',(-3.234418067785,4.938379022982,
    20.831252399798));
#10520 = CARTESIAN_POINT('',(-5.193373794216,2.806699743626,
    20.890395142825));
#10521 = CARTESIAN_POINT('',(-5.903293139473,-7.918760167006E-14,
    20.949537885851));
#10522 = CARTESIAN_POINT('',(-5.193373794216,-2.806699743626,
    21.008680628878));
#10523 = CARTESIAN_POINT('',(-3.234418067785,-4.938379022982,
    21.067823371904));
#10524 = CARTESIAN_POINT('',(-0.497488200163,-5.882250944466,
    21.126966114931));
#10525 = CARTESIAN_POINT('',(2.358950850633,-5.411516524079,
    21.186108857958));
#10526 = CARTESIAN_POINT('',(4.648242086768,-3.638912827006,
    21.245251600984));
#10527 = CARTESIAN_POINT('',(5.428504014582,-1.874174788009,
    21.284680096335));
#10528 = CARTESIAN_POINT('',(5.585677518236,-0.951657163436,
    21.304394344011));
#10529 = CARTESIAN_POINT('',(5.72754981688,0.975828589169,
    20.677771753933));
#10530 = CARTESIAN_POINT('',(5.566384216264,1.921777515586,
    20.697486001608));
#10531 = CARTESIAN_POINT('',(4.766304181716,3.731338665348,
    20.736914496959));
#10532 = CARTESIAN_POINT('',(2.418866550827,5.548965255395,
    20.796057239986));
#10533 = CARTESIAN_POINT('',(-0.510124052175,6.031656000517,
    20.855199983013));
#10534 = CARTESIAN_POINT('',(-3.316570022415,5.063810392996,
    20.914342726039));
#10535 = CARTESIAN_POINT('',(-5.325281852907,2.877987952251,
    20.973485469066));
#10536 = CARTESIAN_POINT('',(-6.053232652546,-6.741801585185E-14,
    21.032628212092));
#10537 = CARTESIAN_POINT('',(-5.325281852907,-2.877987952251,
    21.091770955119));
#10538 = CARTESIAN_POINT('',(-3.316570022414,-5.063810392996,
    21.150913698145));
#10539 = CARTESIAN_POINT('',(-0.510124052175,-6.031656000517,
    21.210056441172));
#10540 = CARTESIAN_POINT('',(2.418866550828,-5.548965255395,
    21.269199184198));
#10541 = CARTESIAN_POINT('',(4.766304181716,-3.731338665348,
    21.328341927225));
#10542 = CARTESIAN_POINT('',(5.566384216264,-1.921777515586,
    21.367770422576));
#10543 = CARTESIAN_POINT('',(5.72754981688,-0.975828589169,
    21.387484670252));
#10544 = CARTESIAN_POINT('',(5.869422115524,1.000000014901,
    20.760862080174));
#10545 = CARTESIAN_POINT('',(5.704264417947,1.969380243164,
    20.780576327849));
#10546 = CARTESIAN_POINT('',(4.884366276663,3.82376450369,20.8200048232)
  );
#10547 = CARTESIAN_POINT('',(2.478782251022,5.686413986711,
    20.879147566227));
#10548 = CARTESIAN_POINT('',(-0.522759904187,6.181061056567,
    20.938290309253));
#10549 = CARTESIAN_POINT('',(-3.398721977044,5.189241763009,
    20.99743305228));
#10550 = CARTESIAN_POINT('',(-5.457189911597,2.949276160875,
    21.056575795307));
#10551 = CARTESIAN_POINT('',(-6.203172165619,-5.736244738582E-14,
    21.115718538333));
#10552 = CARTESIAN_POINT('',(-5.457189911597,-2.949276160876,
    21.17486128136));
#10553 = CARTESIAN_POINT('',(-3.398721977044,-5.189241763009,
    21.234004024386));
#10554 = CARTESIAN_POINT('',(-0.522759904187,-6.181061056567,
    21.293146767413));
#10555 = CARTESIAN_POINT('',(2.478782251022,-5.686413986711,
    21.352289510439));
#10556 = CARTESIAN_POINT('',(4.884366276663,-3.82376450369,
    21.411432253466));
#10557 = CARTESIAN_POINT('',(5.704264417947,-1.969380243163,
    21.450860748817));
#10558 = CARTESIAN_POINT('',(5.869422115524,-1.000000014901,
    21.470574996492));
#10559 = ADVANCED_FACE('',(#10560),#10625,.F.);
#10560 = FACE_BOUND('',#10561,.F.);
#10561 = EDGE_LOOP('',(#10562,#10563,#10574,#10616));
#10562 = ORIENTED_EDGE('',*,*,#6682,.F.);
#10563 = ORIENTED_EDGE('',*,*,#10564,.T.);
#10564 = EDGE_CURVE('',#6683,#10565,#10567,.T.);
#10565 = VERTEX_POINT('',#10566);
#10566 = CARTESIAN_POINT('',(5.869422115524,1.000000014901,
    21.510862080174));
#10567 = B_SPLINE_CURVE_WITH_KNOTS('',3,(#10568,#10569,#10570,#10571,
    #10572,#10573),.UNSPECIFIED.,.F.,.F.,(4,2,4),(0.,2.517994954584E-02,
    5.034158056519E-02),.UNSPECIFIED.);
#10568 = CARTESIAN_POINT('',(5.430952497739,1.000000014901,
    21.263182976173));
#10569 = CARTESIAN_POINT('',(5.504063099331,1.000000014901,
    21.30440937727));
#10570 = CARTESIAN_POINT('',(5.577238896814,1.000000014901,
    21.345711209116));
#10571 = CARTESIAN_POINT('',(5.723341272397,1.000000014901,
    21.42824298306));
#10572 = CARTESIAN_POINT('',(5.796426799792,1.000000014901,
    21.469562664796));
#10573 = CARTESIAN_POINT('',(5.869422115524,1.000000014901,
    21.510862080174));
#10574 = ORIENTED_EDGE('',*,*,#10575,.T.);
#10575 = EDGE_CURVE('',#10565,#10576,#10578,.T.);
#10576 = VERTEX_POINT('',#10577);
#10577 = CARTESIAN_POINT('',(5.869422115524,-1.000000014901,
    22.220574996492));
#10578 = B_SPLINE_CURVE_WITH_KNOTS('',3,(#10579,#10580,#10581,#10582,
    #10583,#10584,#10585,#10586,#10587,#10588,#10589,#10590,#10591,
    #10592,#10593,#10594,#10595,#10596,#10597,#10598,#10599,#10600,
    #10601,#10602,#10603,#10604,#10605,#10606,#10607,#10608,#10609,
    #10610,#10611,#10612,#10613,#10614,#10615),.UNSPECIFIED.,.F.,.F.,(4,
    3,3,3,3,3,3,3,3,3,3,3,4),(79.678011841011,80.173484926359,
    80.668958011707,81.164431097055,81.659904182402,82.15537726775,
    82.650850353098,83.146323438446,83.641796523794,84.137269609142,
    84.63274269449,85.128215779838,85.623688865185),.UNSPECIFIED.);
#10579 = CARTESIAN_POINT('',(5.869422115524,1.000000014901,
    21.510862080174));
#10580 = CARTESIAN_POINT('',(5.704264417947,1.969380243164,
    21.530576327849));
#10581 = CARTESIAN_POINT('',(5.294313489279,2.896572192611,
    21.550290575525));
#10582 = CARTESIAN_POINT('',(4.688407926011,3.670609839263,21.5700048232
    ));
#10583 = CARTESIAN_POINT('',(4.082502362744,4.444647485914,
    21.589719070876));
#10584 = CARTESIAN_POINT('',(3.280642164877,5.06553082977,
    21.609433318551));
#10585 = CARTESIAN_POINT('',(2.379454964767,5.458413693594,
    21.629147566227));
#10586 = CARTESIAN_POINT('',(1.478267764657,5.851296557419,
    21.648861813902));
#10587 = CARTESIAN_POINT('',(0.477753562305,6.016178941213,
    21.668576061578));
#10588 = CARTESIAN_POINT('',(-0.501830447717,5.93331691186,
    21.688290309253));
#10589 = CARTESIAN_POINT('',(-1.481414457739,5.850454882507,
    21.708004556929));
#10590 = CARTESIAN_POINT('',(-2.44006827543,5.519848440008,
    21.727718804604));
#10591 = CARTESIAN_POINT('',(-3.262473222394,4.981217604577,
    21.74743305228));
#10592 = CARTESIAN_POINT('',(-4.084878169358,4.442586769145,
    21.767147299955));
#10593 = CARTESIAN_POINT('',(-4.771034245594,3.695931540782,
    21.786861547631));
#10594 = CARTESIAN_POINT('',(-5.238442633227,2.831057874531,
    21.806575795307));
#10595 = CARTESIAN_POINT('',(-5.705851020861,1.966184208279,
    21.826290042982));
#10596 = CARTESIAN_POINT('',(-5.954511719892,0.98309210414,
    21.846004290658));
#10597 = CARTESIAN_POINT('',(-5.954511719892,7.438494264989E-14,
    21.865718538333));
#10598 = CARTESIAN_POINT('',(-5.954511719892,-0.98309210414,
    21.885432786009));
#10599 = CARTESIAN_POINT('',(-5.705851020861,-1.966184208279,
    21.905147033684));
#10600 = CARTESIAN_POINT('',(-5.238442633228,-2.831057874531,
    21.92486128136));
#10601 = CARTESIAN_POINT('',(-4.771034245594,-3.695931540782,
    21.944575529035));
#10602 = CARTESIAN_POINT('',(-4.084878169358,-4.442586769145,
    21.964289776711));
#10603 = CARTESIAN_POINT('',(-3.262473222394,-4.981217604577,
    21.984004024386));
#10604 = CARTESIAN_POINT('',(-2.44006827543,-5.519848440008,
    22.003718272062));
#10605 = CARTESIAN_POINT('',(-1.481414457739,-5.850454882507,
    22.023432519737));
#10606 = CARTESIAN_POINT('',(-0.501830447717,-5.93331691186,
    22.043146767413));
#10607 = CARTESIAN_POINT('',(0.477753562305,-6.016178941213,
    22.062861015088));
#10608 = CARTESIAN_POINT('',(1.478267764657,-5.851296557419,
    22.082575262764));
#10609 = CARTESIAN_POINT('',(2.379454964767,-5.458413693594,
    22.102289510439));
#10610 = CARTESIAN_POINT('',(3.280642164877,-5.06553082977,
    22.122003758115));
#10611 = CARTESIAN_POINT('',(4.082502362744,-4.444647485915,
    22.14171800579));
#10612 = CARTESIAN_POINT('',(4.688407926011,-3.670609839263,
    22.161432253466));
#10613 = CARTESIAN_POINT('',(5.294313489279,-2.896572192611,
    22.181146501142));
#10614 = CARTESIAN_POINT('',(5.704264417947,-1.969380243164,
    22.200860748817));
#10615 = CARTESIAN_POINT('',(5.869422115524,-1.000000014901,
    22.220574996492));
#10616 = ORIENTED_EDGE('',*,*,#10617,.T.);
#10617 = EDGE_CURVE('',#10576,#6673,#10618,.T.);
#10618 = B_SPLINE_CURVE_WITH_KNOTS('',3,(#10619,#10620,#10621,#10622,
    #10623,#10624),.UNSPECIFIED.,.F.,.F.,(4,2,4),(0.,2.523621330799E-02,
    5.049666425593E-02),.UNSPECIFIED.);
#10619 = CARTESIAN_POINT('',(5.869422115524,-1.000000014901,
    22.220574996492));
#10620 = CARTESIAN_POINT('',(5.796419107729,-1.000000014901,
    22.178779603485));
#10621 = CARTESIAN_POINT('',(5.723332917599,-1.000000014901,
    22.136949540661));
#10622 = CARTESIAN_POINT('',(5.577230305038,-1.000000014901,
    22.053358307487));
#10623 = CARTESIAN_POINT('',(5.504053728194,-1.000000014901,
    22.011505533769));
#10624 = CARTESIAN_POINT('',(5.430952497739,-1.000000014901,
    21.969712143048));
#10625 = B_SPLINE_SURFACE_WITH_KNOTS('',3,3,(
    (#10626,#10627,#10628,#10629,#10630,#10631,#10632,#10633,#10634
      ,#10635,#10636,#10637,#10638,#10639,#10640)
    ,(#10641,#10642,#10643,#10644,#10645,#10646,#10647,#10648,#10649
      ,#10650,#10651,#10652,#10653,#10654,#10655)
    ,(#10656,#10657,#10658,#10659,#10660,#10661,#10662,#10663,#10664
      ,#10665,#10666,#10667,#10668,#10669,#10670)
    ,(#10671,#10672,#10673,#10674,#10675,#10676,#10677,#10678,#10679
      ,#10680,#10681,#10682,#10683,#10684,#10685
  )),.UNSPECIFIED.,.F.,.F.,.F.,(4,4),(4,1,1,1,1,1,1,1,1,1,1,1,4),(0.,
    4.985419574452E-02),(87.965900360278,88.461373445626,88.956846530974
    ,89.452319616322,89.94779270167,90.443265787018,90.938738872366,
    91.434211957713,91.929685043061,92.425158128409,92.920631213757,
    93.416104299105,93.911577384453),.UNSPECIFIED.);
#10626 = CARTESIAN_POINT('',(5.443805219592,0.927485737704,
    21.261591101451));
#10627 = CARTESIAN_POINT('',(5.2906238129,1.826572060432,21.281305349127
    ));
#10628 = CARTESIAN_POINT('',(4.530176545236,3.546486653256,
    21.320733844478));
#10629 = CARTESIAN_POINT('',(2.29903488702,5.274067966124,
    21.379876587504));
#10630 = CARTESIAN_POINT('',(-0.484853030652,5.73284613739,
    21.439019330531));
#10631 = CARTESIAN_POINT('',(-3.152266220817,4.812947870464,
    21.498162073557));
#10632 = CARTESIAN_POINT('',(-5.061466116011,2.735411675555,
    21.557304816584));
#10633 = CARTESIAN_POINT('',(-5.753353861336,8.06477391081E-15,
    21.61644755961));
#10634 = CARTESIAN_POINT('',(-5.061466116011,-2.735411675555,
    21.675590302637));
#10635 = CARTESIAN_POINT('',(-3.152266220817,-4.812947870464,
    21.734733045664));
#10636 = CARTESIAN_POINT('',(-0.484853030652,-5.73284613739,
    21.79387578869));
#10637 = CARTESIAN_POINT('',(2.29903488702,-5.274067966124,
    21.853018531717));
#10638 = CARTESIAN_POINT('',(4.530176545236,-3.546486653256,
    21.912161274743));
#10639 = CARTESIAN_POINT('',(5.2906238129,-1.826572060432,
    21.951589770094));
#10640 = CARTESIAN_POINT('',(5.443805219592,-0.927485737704,
    21.97130401777));
#10641 = CARTESIAN_POINT('',(5.585677518236,0.951657163436,
    21.344681427692));
#10642 = CARTESIAN_POINT('',(5.428504014582,1.874174788009,
    21.364395675367));
#10643 = CARTESIAN_POINT('',(4.648238550361,3.638912482857,
    21.403824170718));
#10644 = CARTESIAN_POINT('',(2.35895058035,5.411516701958,
    21.462966913745));
#10645 = CARTESIAN_POINT('',(-0.497488900451,5.882251199929,
    21.522109656772));
#10646 = CARTESIAN_POINT('',(-3.234418178252,4.938379246145,
    21.581252399798));
#10647 = CARTESIAN_POINT('',(-5.193374184617,2.806699887843,
    21.640395142825));
#10648 = CARTESIAN_POINT('',(-5.903293380532,2.02187289595E-14,
    21.699537885851));
#10649 = CARTESIAN_POINT('',(-5.193374184617,-2.806699887843,
    21.758680628878));
#10650 = CARTESIAN_POINT('',(-3.234418178252,-4.938379246145,
    21.817823371904));
#10651 = CARTESIAN_POINT('',(-0.497488900451,-5.882251199929,
    21.876966114931));
#10652 = CARTESIAN_POINT('',(2.35895058035,-5.411516701958,
    21.936108857958));
#10653 = CARTESIAN_POINT('',(4.648238550361,-3.638912482857,
    21.995251600984));
#10654 = CARTESIAN_POINT('',(5.428504014582,-1.874174788009,
    22.034680096335));
#10655 = CARTESIAN_POINT('',(5.585677518236,-0.951657163436,
    22.054394344011));
#10656 = CARTESIAN_POINT('',(5.72754981688,0.975828589169,
    21.427771753933));
#10657 = CARTESIAN_POINT('',(5.566384216264,1.921777515586,
    21.447486001608));
#10658 = CARTESIAN_POINT('',(4.766300555486,3.731338312458,
    21.486914496959));
#10659 = CARTESIAN_POINT('',(2.41886627368,5.548965437791,
    21.546057239986));
#10660 = CARTESIAN_POINT('',(-0.510124770249,6.031656262468,
    21.605199983013));
#10661 = CARTESIAN_POINT('',(-3.316570135687,5.063810621827,
    21.664342726039));
#10662 = CARTESIAN_POINT('',(-5.325282253224,2.877988100131,
    21.723485469066));
#10663 = CARTESIAN_POINT('',(-6.053232899727,3.543956986159E-14,
    21.782628212092));
#10664 = CARTESIAN_POINT('',(-5.325282253224,-2.877988100131,
    21.841770955119));
#10665 = CARTESIAN_POINT('',(-3.316570135687,-5.063810621827,
    21.900913698145));
#10666 = CARTESIAN_POINT('',(-0.510124770249,-6.031656262468,
    21.960056441172));
#10667 = CARTESIAN_POINT('',(2.41886627368,-5.548965437791,
    22.019199184198));
#10668 = CARTESIAN_POINT('',(4.766300555486,-3.731338312458,
    22.078341927225));
#10669 = CARTESIAN_POINT('',(5.566384216264,-1.921777515586,
    22.117770422576));
#10670 = CARTESIAN_POINT('',(5.72754981688,-0.975828589169,
    22.137484670252));
#10671 = CARTESIAN_POINT('',(5.869422115524,1.000000014901,
    21.510862080174));
#10672 = CARTESIAN_POINT('',(5.704264417947,1.969380243164,
    21.530576327849));
#10673 = CARTESIAN_POINT('',(4.884362560611,3.823764142059,21.5700048232
    ));
#10674 = CARTESIAN_POINT('',(2.478781967009,5.686414173625,
    21.629147566227));
#10675 = CARTESIAN_POINT('',(-0.522760640047,6.181061325007,
    21.688290309253));
#10676 = CARTESIAN_POINT('',(-3.398722093122,5.189241997509,
    21.74743305228));
#10677 = CARTESIAN_POINT('',(-5.45719032183,2.949276312419,
    21.806575795307));
#10678 = CARTESIAN_POINT('',(-6.203172418923,4.941093874933E-14,
    21.865718538333));
#10679 = CARTESIAN_POINT('',(-5.45719032183,-2.949276312419,
    21.92486128136));
#10680 = CARTESIAN_POINT('',(-3.398722093122,-5.189241997509,
    21.984004024386));
#10681 = CARTESIAN_POINT('',(-0.522760640048,-6.181061325007,
    22.043146767413));
#10682 = CARTESIAN_POINT('',(2.478781967009,-5.686414173625,
    22.102289510439));
#10683 = CARTESIAN_POINT('',(4.884362560611,-3.823764142059,
    22.161432253466));
#10684 = CARTESIAN_POINT('',(5.704264417947,-1.969380243164,
    22.200860748817));
#10685 = CARTESIAN_POINT('',(5.869422115524,-1.000000014901,
    22.220574996492));
#10686 = ADVANCED_FACE('',(#10687),#10752,.F.);
#10687 = FACE_BOUND('',#10688,.F.);
#10688 = EDGE_LOOP('',(#10689,#10690,#10701,#10743));
#10689 = ORIENTED_EDGE('',*,*,#6746,.F.);
#10690 = ORIENTED_EDGE('',*,*,#10691,.T.);
#10691 = EDGE_CURVE('',#6747,#10692,#10694,.T.);
#10692 = VERTEX_POINT('',#10693);
#10693 = CARTESIAN_POINT('',(5.869422115524,1.000000014901,
    22.260862080174));
#10694 = B_SPLINE_CURVE_WITH_KNOTS('',3,(#10695,#10696,#10697,#10698,
    #10699,#10700),.UNSPECIFIED.,.F.,.F.,(4,2,4),(0.,2.517994954611E-02,
    5.034158056637E-02),.UNSPECIFIED.);
#10695 = CARTESIAN_POINT('',(5.430952497739,1.000000014901,
    22.013182976173));
#10696 = CARTESIAN_POINT('',(5.504063099332,1.000000014901,
    22.05440937727));
#10697 = CARTESIAN_POINT('',(5.577238896815,1.000000014901,
    22.095711209117));
#10698 = CARTESIAN_POINT('',(5.723341272398,1.000000014901,
    22.17824298306));
#10699 = CARTESIAN_POINT('',(5.796426799792,1.000000014901,
    22.219562664796));
#10700 = CARTESIAN_POINT('',(5.869422115524,1.000000014901,
    22.260862080174));
#10701 = ORIENTED_EDGE('',*,*,#10702,.T.);
#10702 = EDGE_CURVE('',#10692,#10703,#10705,.T.);
#10703 = VERTEX_POINT('',#10704);
#10704 = CARTESIAN_POINT('',(5.869422115524,-1.000000014901,
    22.970574996492));
#10705 = B_SPLINE_CURVE_WITH_KNOTS('',3,(#10706,#10707,#10708,#10709,
    #10710,#10711,#10712,#10713,#10714,#10715,#10716,#10717,#10718,
    #10719,#10720,#10721,#10722,#10723,#10724,#10725,#10726,#10727,
    #10728,#10729,#10730,#10731,#10732,#10733,#10734,#10735,#10736,
    #10737,#10738,#10739,#10740,#10741,#10742),.UNSPECIFIED.,.F.,.F.,(4,
    3,3,3,3,3,3,3,3,3,3,3,4),(85.961197148191,86.456670233539,
    86.952143318886,87.447616404234,87.943089489582,88.43856257493,
    88.934035660278,89.429508745626,89.924981830973,90.420454916321,
    90.915928001669,91.411401087017,91.906874172365),.UNSPECIFIED.);
#10706 = CARTESIAN_POINT('',(5.869422115524,1.000000014901,
    22.260862080174));
#10707 = CARTESIAN_POINT('',(5.704264417947,1.969380243163,
    22.280576327849));
#10708 = CARTESIAN_POINT('',(5.294311677885,2.896572017774,
    22.300290575525));
#10709 = CARTESIAN_POINT('',(4.688405760895,3.670609665737,22.3200048232
    ));
#10710 = CARTESIAN_POINT('',(4.082499843905,4.444647313701,
    22.339719070876));
#10711 = CARTESIAN_POINT('',(3.280640749986,5.065530835017,
    22.359433318551));
#10712 = CARTESIAN_POINT('',(2.379454031964,5.458413801399,
    22.379147566227));
#10713 = CARTESIAN_POINT('',(1.478267313941,5.851296767781,
    22.398861813902));
#10714 = CARTESIAN_POINT('',(0.477752971815,6.016179179228,
    22.418576061578));
#10715 = CARTESIAN_POINT('',(-0.501831007463,5.933317158241,
    22.438290309253));
#10716 = CARTESIAN_POINT('',(-1.481414986741,5.850455137254,
    22.458004556929));
#10717 = CARTESIAN_POINT('',(-2.440068603172,5.519848683832,
    22.477718804604));
#10718 = CARTESIAN_POINT('',(-3.262473496245,4.981217829168,
    22.49743305228));
#10719 = CARTESIAN_POINT('',(-4.084878389318,4.442586974504,
    22.517147299956));
#10720 = CARTESIAN_POINT('',(-4.771034559033,3.695931718597,
    22.536861547631));
#10721 = CARTESIAN_POINT('',(-5.238442968316,2.831058013529,
    22.556575795307));
#10722 = CARTESIAN_POINT('',(-5.705851377599,1.966184308461,
    22.576290042982));
#10723 = CARTESIAN_POINT('',(-5.95451202645,0.98309215423,
    22.596004290658));
#10724 = CARTESIAN_POINT('',(-5.95451202645,2.032402024454E-13,
    22.615718538333));
#10725 = CARTESIAN_POINT('',(-5.95451202645,-0.98309215423,
    22.635432786009));
#10726 = CARTESIAN_POINT('',(-5.7058513776,-1.96618430846,
    22.655147033684));
#10727 = CARTESIAN_POINT('',(-5.238442968317,-2.831058013529,
    22.67486128136));
#10728 = CARTESIAN_POINT('',(-4.771034559034,-3.695931718597,
    22.694575529035));
#10729 = CARTESIAN_POINT('',(-4.084878389318,-4.442586974504,
    22.714289776711));
#10730 = CARTESIAN_POINT('',(-3.262473496245,-4.981217829168,
    22.734004024386));
#10731 = CARTESIAN_POINT('',(-2.440068603172,-5.519848683832,
    22.753718272062));
#10732 = CARTESIAN_POINT('',(-1.481414986742,-5.850455137254,
    22.773432519737));
#10733 = CARTESIAN_POINT('',(-0.501831007463,-5.933317158241,
    22.793146767413));
#10734 = CARTESIAN_POINT('',(0.477752971815,-6.016179179229,
    22.812861015088));
#10735 = CARTESIAN_POINT('',(1.478267313941,-5.851296767781,
    22.832575262764));
#10736 = CARTESIAN_POINT('',(2.379454031963,-5.4584138014,
    22.852289510439));
#10737 = CARTESIAN_POINT('',(3.280640749986,-5.065530835018,
    22.872003758115));
#10738 = CARTESIAN_POINT('',(4.082499843904,-4.444647313701,
    22.89171800579));
#10739 = CARTESIAN_POINT('',(4.688405760895,-3.670609665738,
    22.911432253466));
#10740 = CARTESIAN_POINT('',(5.294311677885,-2.896572017774,
    22.931146501142));
#10741 = CARTESIAN_POINT('',(5.704264417947,-1.969380243164,
    22.950860748817));
#10742 = CARTESIAN_POINT('',(5.869422115524,-1.000000014901,
    22.970574996492));
#10743 = ORIENTED_EDGE('',*,*,#10744,.T.);
#10744 = EDGE_CURVE('',#10703,#6737,#10745,.T.);
#10745 = B_SPLINE_CURVE_WITH_KNOTS('',3,(#10746,#10747,#10748,#10749,
    #10750,#10751),.UNSPECIFIED.,.F.,.F.,(4,2,4),(0.,2.523621329964E-02,
    5.049666422212E-02),.UNSPECIFIED.);
#10746 = CARTESIAN_POINT('',(5.869422115524,-1.000000014901,
    22.970574996492));
#10747 = CARTESIAN_POINT('',(5.796419107754,-1.000000014901,
    22.928779603499));
#10748 = CARTESIAN_POINT('',(5.72333291761,-1.000000014901,
    22.886949540667));
#10749 = CARTESIAN_POINT('',(5.577230305076,-1.000000014901,
    22.803358307509));
#10750 = CARTESIAN_POINT('',(5.504053728211,-1.000000014901,
    22.761505533779));
#10751 = CARTESIAN_POINT('',(5.430952497739,-1.000000014901,
    22.719712143048));
#10752 = B_SPLINE_SURFACE_WITH_KNOTS('',3,3,(
    (#10753,#10754,#10755,#10756,#10757,#10758,#10759,#10760,#10761
      ,#10762,#10763,#10764,#10765,#10766,#10767)
    ,(#10768,#10769,#10770,#10771,#10772,#10773,#10774,#10775,#10776
      ,#10777,#10778,#10779,#10780,#10781,#10782)
    ,(#10783,#10784,#10785,#10786,#10787,#10788,#10789,#10790,#10791
      ,#10792,#10793,#10794,#10795,#10796,#10797)
    ,(#10798,#10799,#10800,#10801,#10802,#10803,#10804,#10805,#10806
      ,#10807,#10808,#10809,#10810,#10811,#10812
  )),.UNSPECIFIED.,.F.,.F.,.F.,(4,4),(4,1,1,1,1,1,1,1,1,1,1,1,4),(0.,
    4.985419574452E-02),(94.249085667458,94.744558752806,95.240031838154
    ,95.735504923501,96.230978008849,96.726451094197,97.221924179545,
    97.717397264893,98.212870350241,98.708343435589,99.203816520936,
    99.699289606284,100.19476269163),.UNSPECIFIED.);
#10753 = CARTESIAN_POINT('',(5.443805219592,0.927485737703,
    22.011591101451));
#10754 = CARTESIAN_POINT('',(5.2906238129,1.826572060431,22.031305349127
    ));
#10755 = CARTESIAN_POINT('',(4.530173185152,3.546486328937,
    22.070733844478));
#10756 = CARTESIAN_POINT('',(2.299034598626,5.274068135584,
    22.129876587504));
#10757 = CARTESIAN_POINT('',(-0.484853707961,5.732846383794,
    22.189019330531));
#10758 = CARTESIAN_POINT('',(-3.152266338125,4.812948086477,
    22.248162073557));
#10759 = CARTESIAN_POINT('',(-5.061466493422,2.73541181493,
    22.307304816584));
#10760 = CARTESIAN_POINT('',(-5.753354099123,1.583186299877E-13,
    22.36644755961));
#10761 = CARTESIAN_POINT('',(-5.061466493422,-2.73541181493,
    22.425590302637));
#10762 = CARTESIAN_POINT('',(-3.152266338126,-4.812948086477,
    22.484733045664));
#10763 = CARTESIAN_POINT('',(-0.484853707961,-5.732846383794,
    22.54387578869));
#10764 = CARTESIAN_POINT('',(2.299034598625,-5.274068135584,
    22.603018531717));
#10765 = CARTESIAN_POINT('',(4.530173185152,-3.546486328938,
    22.662161274743));
#10766 = CARTESIAN_POINT('',(5.2906238129,-1.826572060432,
    22.701589770094));
#10767 = CARTESIAN_POINT('',(5.443805219592,-0.927485737704,
    22.72130401777));
#10768 = CARTESIAN_POINT('',(5.585677518236,0.951657163436,
    22.094681427692));
#10769 = CARTESIAN_POINT('',(5.428504014582,1.874174788009,
    22.114395675367));
#10770 = CARTESIAN_POINT('',(4.648235102709,3.638912150086,
    22.153824170718));
#10771 = CARTESIAN_POINT('',(2.35895028444,5.411516875834,
    22.212966913745));
#10772 = CARTESIAN_POINT('',(-0.497489595411,5.882251452754,
    22.272109656772));
#10773 = CARTESIAN_POINT('',(-3.234418298618,4.938379467788,
    22.331252399798));
#10774 = CARTESIAN_POINT('',(-5.193374571864,2.80670003085,
    22.390395142825));
#10775 = CARTESIAN_POINT('',(-5.903293624515,1.753700658851E-13,
    22.449537885851));
#10776 = CARTESIAN_POINT('',(-5.193374571864,-2.80670003085,
    22.508680628878));
#10777 = CARTESIAN_POINT('',(-3.234418298618,-4.938379467788,
    22.567823371904));
#10778 = CARTESIAN_POINT('',(-0.497489595411,-5.882251452754,
    22.626966114931));
#10779 = CARTESIAN_POINT('',(2.358950284439,-5.411516875834,
    22.686108857958));
#10780 = CARTESIAN_POINT('',(4.648235102709,-3.638912150086,
    22.745251600984));
#10781 = CARTESIAN_POINT('',(5.428504014582,-1.874174788009,
    22.784680096335));
#10782 = CARTESIAN_POINT('',(5.585677518236,-0.951657163436,
    22.804394344011));
#10783 = CARTESIAN_POINT('',(5.72754981688,0.975828589168,
    22.177771753933));
#10784 = CARTESIAN_POINT('',(5.566384216264,1.921777515586,
    22.197486001608));
#10785 = CARTESIAN_POINT('',(4.766297020266,3.731337971235,
    22.236914496959));
#10786 = CARTESIAN_POINT('',(2.418865970253,5.548965616084,
    22.296057239986));
#10787 = CARTESIAN_POINT('',(-0.510125482861,6.031656521715,
    22.355199983013));
#10788 = CARTESIAN_POINT('',(-3.31657025911,5.063810849099,
    22.414342726039));
#10789 = CARTESIAN_POINT('',(-5.325282650307,2.877988246771,
    22.473485469066));
#10790 = CARTESIAN_POINT('',(-6.053233149908,1.926473486156E-13,
    22.532628212092));
#10791 = CARTESIAN_POINT('',(-5.325282650307,-2.87798824677,
    22.591770955119));
#10792 = CARTESIAN_POINT('',(-3.31657025911,-5.063810849099,
    22.650913698145));
#10793 = CARTESIAN_POINT('',(-0.510125482861,-6.031656521715,
    22.710056441172));
#10794 = CARTESIAN_POINT('',(2.418865970253,-5.548965616084,
    22.769199184198));
#10795 = CARTESIAN_POINT('',(4.766297020266,-3.731337971235,
    22.828341927225));
#10796 = CARTESIAN_POINT('',(5.566384216264,-1.921777515586,
    22.867770422576));
#10797 = CARTESIAN_POINT('',(5.72754981688,-0.975828589169,
    22.887484670252));
#10798 = CARTESIAN_POINT('',(5.869422115524,1.000000014901,
    22.260862080174));
#10799 = CARTESIAN_POINT('',(5.704264417947,1.969380243163,
    22.280576327849));
#10800 = CARTESIAN_POINT('',(4.884358937823,3.823763792384,22.3200048232
    ));
#10801 = CARTESIAN_POINT('',(2.478781656067,5.686414356334,
    22.379147566227));
#10802 = CARTESIAN_POINT('',(-0.522761370311,6.181061590676,
    22.438290309253));
#10803 = CARTESIAN_POINT('',(-3.398722219602,5.189242230411,
    22.49743305228));
#10804 = CARTESIAN_POINT('',(-5.457190728749,2.949276462691,
    22.556575795307));
#10805 = CARTESIAN_POINT('',(-6.2031726753,2.119572528438E-13,
    22.615718538333));
#10806 = CARTESIAN_POINT('',(-5.457190728749,-2.94927646269,
    22.67486128136));
#10807 = CARTESIAN_POINT('',(-3.398722219603,-5.18924223041,
    22.734004024386));
#10808 = CARTESIAN_POINT('',(-0.522761370311,-6.181061590676,
    22.793146767413));
#10809 = CARTESIAN_POINT('',(2.478781656067,-5.686414356334,
    22.852289510439));
#10810 = CARTESIAN_POINT('',(4.884358937823,-3.823763792384,
    22.911432253466));
#10811 = CARTESIAN_POINT('',(5.704264417947,-1.969380243164,
    22.950860748817));
#10812 = CARTESIAN_POINT('',(5.869422115524,-1.000000014901,
    22.970574996492));
#10813 = ADVANCED_FACE('',(#10814),#10879,.F.);
#10814 = FACE_BOUND('',#10815,.F.);
#10815 = EDGE_LOOP('',(#10816,#10817,#10828,#10862,#10863,#10872));
#10816 = ORIENTED_EDGE('',*,*,#6856,.F.);
#10817 = ORIENTED_EDGE('',*,*,#10818,.T.);
#10818 = EDGE_CURVE('',#6857,#10819,#10821,.T.);
#10819 = VERTEX_POINT('',#10820);
#10820 = CARTESIAN_POINT('',(5.869422115524,1.000000014901,
    23.010862080174));
#10821 = B_SPLINE_CURVE_WITH_KNOTS('',3,(#10822,#10823,#10824,#10825,
    #10826,#10827),.UNSPECIFIED.,.F.,.F.,(4,2,4),(0.,2.517994954585E-02,
    5.034158056701E-02),.UNSPECIFIED.);
#10822 = CARTESIAN_POINT('',(5.430952497739,1.000000014901,
    22.763182976173));
#10823 = CARTESIAN_POINT('',(5.504063099331,1.000000014901,
    22.80440937727));
#10824 = CARTESIAN_POINT('',(5.577238896814,1.000000014901,
    22.845711209116));
#10825 = CARTESIAN_POINT('',(5.723341272403,1.000000014901,
    22.928242983062));
#10826 = CARTESIAN_POINT('',(5.796426799803,1.000000014901,
    22.969562664802));
#10827 = CARTESIAN_POINT('',(5.869422115524,1.000000014901,
    23.010862080174));
#10828 = ORIENTED_EDGE('',*,*,#10829,.T.);
#10829 = EDGE_CURVE('',#10819,#5796,#10830,.T.);
#10830 = B_SPLINE_CURVE_WITH_KNOTS('',3,(#10831,#10832,#10833,#10834,
    #10835,#10836,#10837,#10838,#10839,#10840,#10841,#10842,#10843,
    #10844,#10845,#10846,#10847,#10848,#10849,#10850,#10851,#10852,
    #10853,#10854,#10855,#10856,#10857,#10858,#10859,#10860,#10861),
  .UNSPECIFIED.,.F.,.F.,(4,3,3,3,3,3,3,3,3,3,4),(92.24438245537,
    92.738887603922,93.233392752474,93.727897901026,94.222403049578,
    94.71690819813,95.211413346683,95.705918495235,96.200423643787,
    96.694928792339,96.727543408927),.UNSPECIFIED.);
#10831 = CARTESIAN_POINT('',(5.869422115524,1.000000014901,
    23.010862080174));
#10832 = CARTESIAN_POINT('',(5.70458706355,1.967486499952,
    23.030537814868));
#10833 = CARTESIAN_POINT('',(5.29592847083,2.892954921073,
    23.050213549562));
#10834 = CARTESIAN_POINT('',(4.691951895669,3.66606747961,
    23.069889284256));
#10835 = CARTESIAN_POINT('',(4.087975320509,4.439180038146,
    23.08956501895));
#10836 = CARTESIAN_POINT('',(3.288680762909,5.059936734099,
    23.109240753644));
#10837 = CARTESIAN_POINT('',(2.390014024467,5.453793341156,
    23.128916488338));
#10838 = CARTESIAN_POINT('',(1.491347286025,5.847649948213,
    23.148592223032));
#10839 = CARTESIAN_POINT('',(0.493308366741,6.014606466374,
    23.168267957726));
#10840 = CARTESIAN_POINT('',(-0.484599959665,5.934745601834,
    23.187943692421));
#10841 = CARTESIAN_POINT('',(-1.46250828607,5.854884737293,
    23.207619427115));
#10842 = CARTESIAN_POINT('',(-2.420286019597,5.52820649005,
    23.227295161809));
#10843 = CARTESIAN_POINT('',(-3.243161113729,4.993808668609,
    23.246970896503));
#10844 = CARTESIAN_POINT('',(-4.066036207862,4.459410847168,
    23.266646631197));
#10845 = CARTESIAN_POINT('',(-4.754008662601,3.717293451528,
    23.286322365891));
#10846 = CARTESIAN_POINT('',(-5.224677003042,2.856375360658,
    23.305998100585));
#10847 = CARTESIAN_POINT('',(-5.695345343484,1.995457269788,
    23.325673835279));
#10848 = CARTESIAN_POINT('',(-5.948709569629,1.015738483688,
    23.345349569974));
#10849 = CARTESIAN_POINT('',(-5.954407822355,3.458133136355E-02,
    23.365025304668));
#10850 = CARTESIAN_POINT('',(-5.96010607508,-0.94657582096,
    23.384701039362));
#10851 = CARTESIAN_POINT('',(-5.718138354387,-1.929171339508,
    23.404376774056));
#10852 = CARTESIAN_POINT('',(-5.257501310155,-2.795498159687,
    23.42405250875));
#10853 = CARTESIAN_POINT('',(-4.796864265922,-3.661824979867,
    23.443728243444));
#10854 = CARTESIAN_POINT('',(-4.117557898149,-4.411883101677,
    23.463403978138));
#10855 = CARTESIAN_POINT('',(-3.300945332219,-4.955802552764,
    23.483079712832));
#10856 = CARTESIAN_POINT('',(-2.484332766289,-5.49972200385,
    23.502755447526));
#10857 = CARTESIAN_POINT('',(-1.530414002201,-5.837502784211,
    23.522431182221));
#10858 = CARTESIAN_POINT('',(-0.55349922411,-5.928716647665,
    23.542106916915));
#10859 = CARTESIAN_POINT('',(-0.489067739381,-5.934732571246,
    23.543404611276));
#10860 = CARTESIAN_POINT('',(-0.424536223451,-5.93967594439,
    23.544702305638));
#10861 = CARTESIAN_POINT('',(-0.359939025236,-5.943552082683,23.546));
#10862 = ORIENTED_EDGE('',*,*,#5795,.T.);
#10863 = ORIENTED_EDGE('',*,*,#10864,.T.);
#10864 = EDGE_CURVE('',#5798,#10865,#10867,.T.);
#10865 = VERTEX_POINT('',#10866);
#10866 = CARTESIAN_POINT('',(5.48392434105,-1.000000014901,23.5));
#10867 = B_SPLINE_CURVE_WITH_KNOTS('',3,(#10868,#10869,#10870,#10871),
  .UNSPECIFIED.,.F.,.F.,(4,4),(3.622287724013E-02,4.604962722602E-02),
  .PIECEWISE_BEZIER_KNOTS.);
#10868 = CARTESIAN_POINT('',(5.557620863829,-1.045999534809,23.546));
#10869 = CARTESIAN_POINT('',(5.533071507819,-1.030653931007,
    23.530654069595));
#10870 = CARTESIAN_POINT('',(5.508504511351,-1.015319556343,
    23.515319533076));
#10871 = CARTESIAN_POINT('',(5.48392434105,-1.000000014901,23.5));
#10872 = ORIENTED_EDGE('',*,*,#10873,.T.);
#10873 = EDGE_CURVE('',#10865,#6847,#10874,.T.);
#10874 = B_SPLINE_CURVE_WITH_KNOTS('',3,(#10875,#10876,#10877,#10878),
  .UNSPECIFIED.,.F.,.F.,(4,4),(4.439636316269E-02,5.049666424734E-02),
  .PIECEWISE_BEZIER_KNOTS.);
#10875 = CARTESIAN_POINT('',(5.48392434105,-1.000000014901,23.5));
#10876 = CARTESIAN_POINT('',(5.466264220174,-1.000000014901,
    23.489901490317));
#10877 = CARTESIAN_POINT('',(5.448606161834,-1.000000014901,
    23.479805085076));
#10878 = CARTESIAN_POINT('',(5.430952497739,-1.000000014901,
    23.469712143048));
#10879 = B_SPLINE_SURFACE_WITH_KNOTS('',3,3,(
    (#10880,#10881,#10882,#10883,#10884,#10885,#10886,#10887,#10888
      ,#10889,#10890,#10891,#10892,#10893,#10894)
    ,(#10895,#10896,#10897,#10898,#10899,#10900,#10901,#10902,#10903
      ,#10904,#10905,#10906,#10907,#10908,#10909)
    ,(#10910,#10911,#10912,#10913,#10914,#10915,#10916,#10917,#10918
      ,#10919,#10920,#10921,#10922,#10923,#10924)
    ,(#10925,#10926,#10927,#10928,#10929,#10930,#10931,#10932,#10933
      ,#10934,#10935,#10936,#10937,#10938,#10939
  )),.UNSPECIFIED.,.F.,.F.,.F.,(4,4),(4,1,1,1,1,1,1,1,1,1,1,1,4),(0.,
    4.985419574452E-02),(100.53227097463,101.02677612319,101.52128127174
    ,102.01578642029,102.51029156884,103.00479671739,103.49930186595,
    103.9938070145,104.48831216305,104.9828173116,105.47732246015,
    105.97182760871,106.46633275726),.UNSPECIFIED.);
#10880 = CARTESIAN_POINT('',(5.443805219592,0.927485737704,
    22.761591101451));
#10881 = CARTESIAN_POINT('',(5.290923062091,1.824815640638,
    22.781266836145));
#10882 = CARTESIAN_POINT('',(4.53287304071,3.541533137627,
    22.820618305533));
#10883 = CARTESIAN_POINT('',(2.308870166656,5.268762058129,
    22.879645509616));
#10884 = CARTESIAN_POINT('',(-0.468130381892,5.733311419441,
    22.938672713698));
#10885 = CARTESIAN_POINT('',(-3.133105905389,4.824343187579,
    22.99769991778));
#10886 = CARTESIAN_POINT('',(-5.047359795974,2.759433317875,
    23.056727121863));
#10887 = CARTESIAN_POINT('',(-5.75233490405,3.340775529088E-02,
    23.115754325945));
#10888 = CARTESIAN_POINT('',(-5.079070084299,-2.700622192123,
    23.174781530027));
#10889 = CARTESIAN_POINT('',(-3.188929209544,-4.787626792309,
    23.23380873411));
#10890 = CARTESIAN_POINT('',(-0.534691103236,-5.727487347071,
    23.292835938192));
#10891 = CARTESIAN_POINT('',(2.247517851234,-5.295224129349,
    23.351863142274));
#10892 = CARTESIAN_POINT('',(4.49143243261,-3.593943470814,
    23.410890346357));
#10893 = CARTESIAN_POINT('',(5.269370958885,-1.886146513116,
    23.450241815745));
#10894 = CARTESIAN_POINT('',(5.432665272756,-0.99065286387,
    23.469917550439));
#10895 = CARTESIAN_POINT('',(5.585677518236,0.951657163436,
    22.844681427692));
#10896 = CARTESIAN_POINT('',(5.428811062577,1.872372593742,
    22.864357162386));
#10897 = CARTESIAN_POINT('',(4.651005319843,3.633829872483,
    22.903708631774));
#10898 = CARTESIAN_POINT('',(2.36904217954,5.406072515437,
    22.962735835856));
#10899 = CARTESIAN_POINT('',(-0.480330438776,5.882728607806,
    23.021763039939));
#10900 = CARTESIAN_POINT('',(-3.2147585213,4.950071539321,
    23.080790244021));
#10901 = CARTESIAN_POINT('',(-5.178900236429,2.831347563879,
    23.139817448104));
#10902 = CARTESIAN_POINT('',(-5.902247867958,3.427840272306E-02,
    23.198844652186));
#10903 = CARTESIAN_POINT('',(-5.211436934098,-2.771003747434,
    23.257871856268));
#10904 = CARTESIAN_POINT('',(-3.272036649822,-4.912398269369,
    23.316899060351));
#10905 = CARTESIAN_POINT('',(-0.548625814862,-5.876752752905,
    23.375926264433));
#10906 = CARTESIAN_POINT('',(2.306090946878,-5.433224220969,
    23.434953468515));
#10907 = CARTESIAN_POINT('',(4.608484718229,-3.68760608379,
    23.493980672598));
#10908 = CARTESIAN_POINT('',(5.4066972849,-1.935301824631,
    23.533332141986));
#10909 = CARTESIAN_POINT('',(5.574247250604,-1.016470503056,
    23.55300787668));
#10910 = CARTESIAN_POINT('',(5.72754981688,0.975828589169,
    22.927771753933));
#10911 = CARTESIAN_POINT('',(5.566699063064,1.919929546847,
    22.947447488627));
#10912 = CARTESIAN_POINT('',(4.769137598976,3.726126607338,
    22.986798958015));
#10913 = CARTESIAN_POINT('',(2.429214192425,5.543382972744,
    23.045826162097));
#10914 = CARTESIAN_POINT('',(-0.492530495659,6.032145796171,
    23.10485336618));
#10915 = CARTESIAN_POINT('',(-3.296411137212,5.075799891064,
    23.163880570262));
#10916 = CARTESIAN_POINT('',(-5.310440676884,2.903261809884,
    23.222907774344));
#10917 = CARTESIAN_POINT('',(-6.052160831866,3.514905015524E-02,
    23.281934978427));
#10918 = CARTESIAN_POINT('',(-5.343803783896,-2.841385302745,
    23.340962182509));
#10919 = CARTESIAN_POINT('',(-3.355144090099,-5.037169746428,
    23.399989386591));
#10920 = CARTESIAN_POINT('',(-0.562560526487,-6.026018158739,
    23.459016590674));
#10921 = CARTESIAN_POINT('',(2.364664042523,-5.571224312589,
    23.518043794756));
#10922 = CARTESIAN_POINT('',(4.725537003848,-3.781268696766,
    23.577070998839));
#10923 = CARTESIAN_POINT('',(5.544023610914,-1.984457136146,
    23.616422468227));
#10924 = CARTESIAN_POINT('',(5.715829228452,-1.042288142241,
    23.636098202921));
#10925 = CARTESIAN_POINT('',(5.869422115524,1.000000014901,
    23.010862080174));
#10926 = CARTESIAN_POINT('',(5.70458706355,1.967486499952,
    23.030537814868));
#10927 = CARTESIAN_POINT('',(4.887269878109,3.818423342194,
    23.069889284256));
#10928 = CARTESIAN_POINT('',(2.489386205309,5.680693430051,
    23.128916488338));
#10929 = CARTESIAN_POINT('',(-0.504730552543,6.181562984536,
    23.187943692421));
#10930 = CARTESIAN_POINT('',(-3.378063753123,5.201528242807,
    23.246970896503));
#10931 = CARTESIAN_POINT('',(-5.441981117339,2.975176055888,
    23.305998100585));
#10932 = CARTESIAN_POINT('',(-6.202073795774,3.601969758742E-02,
    23.365025304668));
#10933 = CARTESIAN_POINT('',(-5.476170633694,-2.911766858056,
    23.42405250875));
#10934 = CARTESIAN_POINT('',(-3.438251530377,-5.161941223488,
    23.483079712832));
#10935 = CARTESIAN_POINT('',(-0.576495238113,-6.175283564573,
    23.542106916915));
#10936 = CARTESIAN_POINT('',(2.423237138167,-5.709224404209,
    23.601134120997));
#10937 = CARTESIAN_POINT('',(4.842589289467,-3.874931309742,
    23.660161325079));
#10938 = CARTESIAN_POINT('',(5.681349936928,-2.033612447661,
    23.699512794468));
#10939 = CARTESIAN_POINT('',(5.857411206299,-1.068105781427,
    23.719188529162));
#10940 = ADVANCED_FACE('',(#10941),#11097,.F.);
#10941 = FACE_BOUND('',#10942,.F.);
#10942 = EDGE_LOOP('',(#10943,#10944,#11058,#11088));
#10943 = ORIENTED_EDGE('',*,*,#6810,.F.);
#10944 = ORIENTED_EDGE('',*,*,#10945,.T.);
#10945 = EDGE_CURVE('',#6811,#10946,#10948,.T.);
#10946 = VERTEX_POINT('',#10947);
#10947 = CARTESIAN_POINT('',(-3.368536571829,4.909488503322,12.));
#10948 = B_SPLINE_CURVE_WITH_KNOTS('',3,(#10949,#10950,#10951,#10952,
    #10953,#10954,#10955,#10956,#10957,#10958,#10959,#10960,#10961,
    #10962,#10963,#10964,#10965,#10966,#10967,#10968,#10969,#10970,
    #10971,#10972,#10973,#10974,#10975,#10976,#10977,#10978,#10979,
    #10980,#10981,#10982,#10983,#10984,#10985,#10986,#10987,#10988,
    #10989,#10990,#10991,#10992,#10993,#10994,#10995,#10996,#10997,
    #10998,#10999,#11000,#11001,#11002,#11003,#11004,#11005,#11006,
    #11007,#11008,#11009,#11010,#11011,#11012,#11013,#11014,#11015,
    #11016,#11017,#11018,#11019,#11020,#11021,#11022,#11023,#11024,
    #11025,#11026,#11027,#11028,#11029,#11030,#11031,#11032,#11033,
    #11034,#11035,#11036,#11037,#11038,#11039,#11040,#11041,#11042,
    #11043,#11044,#11045,#11046,#11047,#11048,#11049,#11050,#11051,
    #11052,#11053,#11054,#11055,#11056,#11057),.UNSPECIFIED.,.F.,.F.,(4,
    3,3,3,3,3,3,3,3,3,3,3,3,3,3,3,3,3,3,3,3,3,3,3,3,3,3,3,3,3,3,3,3,3,3,
    3,4),(0.,4.820021453959E-02,6.502364597949E-02,0.11283866756,
    0.161066417281,0.206280929064,0.216492813567,0.223170900633,
    0.271697794002,0.320495381018,0.341924464416,0.390623787592,
    0.419759689316,0.434849908785,0.441327692919,0.490325843096,
    0.539609427116,0.588597287607,0.623711001385,0.647652956527,
    0.659739578453,0.666459183077,0.715401453227,0.765041279854,
    0.814982948889,0.86293278258,0.882277439778,0.891568640179,
    0.941869160679,0.991834691471,1.006782283652,1.031108857448,
    1.042612991366,1.050935435453,1.100825522874,1.151369119442,
    1.201394874018),.UNSPECIFIED.);
#10949 = CARTESIAN_POINT('',(-2.412112854295,-4.967744323021,12.));
#10950 = CARTESIAN_POINT('',(-2.559206594068,-4.903231496377,12.));
#10951 = CARTESIAN_POINT('',(-2.703155657309,-4.832448406696,12.));
#10952 = CARTESIAN_POINT('',(-2.843541415417,-4.755579340113,12.));
#10953 = CARTESIAN_POINT('',(-2.892540578578,-4.728749553486,12.));
#10954 = CARTESIAN_POINT('',(-2.941105589662,-4.701177888496,12.));
#10955 = CARTESIAN_POINT('',(-2.989218373567,-4.672870715856,12.));
#10956 = CARTESIAN_POINT('',(-3.125962997217,-4.592416970404,12.));
#10957 = CARTESIAN_POINT('',(-3.259056164114,-4.506025434666,12.));
#10958 = CARTESIAN_POINT('',(-3.388230358097,-4.414059133995,12.));
#10959 = CARTESIAN_POINT('',(-3.518519553663,-4.321299001617,12.));
#10960 = CARTESIAN_POINT('',(-3.64482240959,-4.222867012306,12.));
#10961 = CARTESIAN_POINT('',(-3.766838031178,-4.11908977641,12.));
#10962 = CARTESIAN_POINT('',(-3.88123019735,-4.021796473643,12.));
#10963 = CARTESIAN_POINT('',(-3.991854264935,-3.919804248226,12.));
#10964 = CARTESIAN_POINT('',(-4.098434597762,-3.813351362936,12.));
#10965 = CARTESIAN_POINT('',(-4.122506206767,-3.789308538484,12.));
#10966 = CARTESIAN_POINT('',(-4.146371421573,-3.765038067919,12.));
#10967 = CARTESIAN_POINT('',(-4.170026842785,-3.740542515633,12.));
#10968 = CARTESIAN_POINT('',(-4.185496363853,-3.724523588775,12.));
#10969 = CARTESIAN_POINT('',(-4.20087026027,-3.708414479714,12.));
#10970 = CARTESIAN_POINT('',(-4.21614330246,-3.692220957139,12.));
#10971 = CARTESIAN_POINT('',(-4.327126175604,-3.574549334199,12.));
#10972 = CARTESIAN_POINT('',(-4.432862014851,-3.452345265818,12.));
#10973 = CARTESIAN_POINT('',(-4.533082843949,-3.325982686551,12.));
#10974 = CARTESIAN_POINT('',(-4.633862726801,-3.19891522912,12.));
#10975 = CARTESIAN_POINT('',(-4.72906647504,-3.067642242325,12.));
#10976 = CARTESIAN_POINT('',(-4.818390253071,-2.932502003258,12.));
#10977 = CARTESIAN_POINT('',(-4.857616100206,-2.873156211171,12.));
#10978 = CARTESIAN_POINT('',(-4.895707561843,-2.813064137709,12.));
#10979 = CARTESIAN_POINT('',(-4.932636570802,-2.752252272266,12.));
#10980 = CARTESIAN_POINT('',(-5.016560726981,-2.614052395346,12.));
#10981 = CARTESIAN_POINT('',(-5.094484362029,-2.472136760313,12.));
#10982 = CARTESIAN_POINT('',(-5.16627910113,-2.32694204348,12.));
#10983 = CARTESIAN_POINT('',(-5.209232561802,-2.24007473764,12.));
#10984 = CARTESIAN_POINT('',(-5.249991385552,-2.152033175508,12.));
#10985 = CARTESIAN_POINT('',(-5.288519967696,-2.06290720556,12.));
#10986 = CARTESIAN_POINT('',(-5.30847489361,-2.016746614424,12.));
#10987 = CARTESIAN_POINT('',(-5.327831462383,-1.970295097418,12.));
#10988 = CARTESIAN_POINT('',(-5.346584049529,-1.923564938968,12.));
#10989 = CARTESIAN_POINT('',(-5.3546339796,-1.90350506644,12.));
#10990 = CARTESIAN_POINT('',(-5.362572929363,-1.883392868687,12.));
#10991 = CARTESIAN_POINT('',(-5.370394413387,-1.863245238205,12.));
#10992 = CARTESIAN_POINT('',(-5.429556349154,-1.710847967206,12.));
#10993 = CARTESIAN_POINT('',(-5.482085888346,-1.556217610301,12.));
#10994 = CARTESIAN_POINT('',(-5.527915206758,-1.399829385371,12.));
#10995 = CARTESIAN_POINT('',(-5.574011499297,-1.242530136418,12.));
#10996 = CARTESIAN_POINT('',(-5.613329578556,-1.083451776416,12.));
#10997 = CARTESIAN_POINT('',(-5.645755153587,-0.923050294559,12.));
#10998 = CARTESIAN_POINT('',(-5.677986160677,-0.763611293274,12.));
#10999 = CARTESIAN_POINT('',(-5.703407347447,-0.602864268647,12.));
#11000 = CARTESIAN_POINT('',(-5.721858159591,-0.441240692005,12.));
#11001 = CARTESIAN_POINT('',(-5.735083406216,-0.325391500939,12.));
#11002 = CARTESIAN_POINT('',(-5.744726429186,-0.209091587867,12.));
#11003 = CARTESIAN_POINT('',(-5.750711705469,-9.249778475964E-02,12.));
#11004 = CARTESIAN_POINT('',(-5.754792709751,-1.299939784853E-02,12.));
#11005 = CARTESIAN_POINT('',(-5.757172893448,6.663564956443E-02,12.));
#11006 = CARTESIAN_POINT('',(-5.75786490318,0.146359637,12.));
#11007 = CARTESIAN_POINT('',(-5.758214250589,0.18660671327,12.));
#11008 = CARTESIAN_POINT('',(-5.758133314844,0.22687645269,12.));
#11009 = CARTESIAN_POINT('',(-5.757623443728,0.267162680976,12.));
#11010 = CARTESIAN_POINT('',(-5.757339978892,0.289559966793,12.));
#11011 = CARTESIAN_POINT('',(-5.756923989917,0.311955306969,12.));
#11012 = CARTESIAN_POINT('',(-5.75637623427,0.334339328672,12.));
#11013 = CARTESIAN_POINT('',(-5.752386653578,0.497373450261,12.));
#11014 = CARTESIAN_POINT('',(-5.741409629452,0.659942254043,12.));
#11015 = CARTESIAN_POINT('',(-5.723669812928,0.821633432617,12.));
#11016 = CARTESIAN_POINT('',(-5.705677157215,0.985629137086,12.));
#11017 = CARTESIAN_POINT('',(-5.68072750592,1.148722702844,12.));
#11018 = CARTESIAN_POINT('',(-5.64900155094,1.310491290472,12.));
#11019 = CARTESIAN_POINT('',(-5.617082681535,1.47324353625,12.));
#11020 = CARTESIAN_POINT('',(-5.578304728888,1.63465537512,12.));
#11021 = CARTESIAN_POINT('',(-5.532799157815,1.794292856575,12.));
#11022 = CARTESIAN_POINT('',(-5.489108496146,1.947563478774,12.));
#11023 = CARTESIAN_POINT('',(-5.439215710754,2.099199017681,12.));
#11024 = CARTESIAN_POINT('',(-5.383193601946,2.248802972152,12.));
#11025 = CARTESIAN_POINT('',(-5.360592303736,2.309158493577,12.));
#11026 = CARTESIAN_POINT('',(-5.336992923164,2.369183163576,12.));
#11027 = CARTESIAN_POINT('',(-5.312398348791,2.428850031405,12.));
#11028 = CARTESIAN_POINT('',(-5.300585623605,2.457507909426,12.));
#11029 = CARTESIAN_POINT('',(-5.288541214014,2.486087887389,12.));
#11030 = CARTESIAN_POINT('',(-5.276277754697,2.514558750802,12.));
#11031 = CARTESIAN_POINT('',(-5.209886076534,2.668693758859,12.));
#11032 = CARTESIAN_POINT('',(-5.137022994452,2.819772089587,12.));
#11033 = CARTESIAN_POINT('',(-5.057840401264,2.967356715066,12.));
#11034 = CARTESIAN_POINT('',(-4.979185145637,3.11395846144,12.));
#11035 = CARTESIAN_POINT('',(-4.894294037078,3.257113594715,12.));
#11036 = CARTESIAN_POINT('',(-4.80326760242,3.396377201881,12.));
#11037 = CARTESIAN_POINT('',(-4.776036309138,3.438039035001,12.));
#11038 = CARTESIAN_POINT('',(-4.748255614108,3.479352441076,12.));
#11039 = CARTESIAN_POINT('',(-4.719927406695,3.520305071107,12.));
#11040 = CARTESIAN_POINT('',(-4.673824447786,3.586953743649,12.));
#11041 = CARTESIAN_POINT('',(-4.62627145427,3.652646954046,12.));
#11042 = CARTESIAN_POINT('',(-4.577314128813,3.717352078696,12.));
#11043 = CARTESIAN_POINT('',(-4.554162014049,3.747951390601,12.));
#11044 = CARTESIAN_POINT('',(-4.530695803,3.778329703018,12.));
#11045 = CARTESIAN_POINT('',(-4.506920153604,3.808483420136,12.));
#11046 = CARTESIAN_POINT('',(-4.489720118023,3.830297545954,12.));
#11047 = CARTESIAN_POINT('',(-4.472363293605,3.85198753142,12.));
#11048 = CARTESIAN_POINT('',(-4.454856164657,3.873546856706,12.));
#11049 = CARTESIAN_POINT('',(-4.349907163546,4.002787331268,12.));
#11050 = CARTESIAN_POINT('',(-4.239512102207,4.127396180562,12.));
#11051 = CARTESIAN_POINT('',(-4.124115417974,4.247128734264,12.));
#11052 = CARTESIAN_POINT('',(-4.007207155137,4.368429662028,12.));
#11053 = CARTESIAN_POINT('',(-3.885164867616,4.484726274244,12.));
#11054 = CARTESIAN_POINT('',(-3.7584064642,4.595733750584,12.));
#11055 = CARTESIAN_POINT('',(-3.632946757919,4.705603905156,12.));
#11056 = CARTESIAN_POINT('',(-3.502866428587,4.810293189371,12.));
#11057 = CARTESIAN_POINT('',(-3.368536571829,4.909488503322,12.));
#11058 = ORIENTED_EDGE('',*,*,#11059,.T.);
#11059 = EDGE_CURVE('',#10946,#11060,#11062,.T.);
#11060 = VERTEX_POINT('',#11061);
#11061 = CARTESIAN_POINT('',(5.869422115524,-1.000000014901,
    12.470574996493));
#11062 = B_SPLINE_CURVE_WITH_KNOTS('',3,(#11063,#11064,#11065,#11066,
    #11067,#11068,#11069,#11070,#11071,#11072,#11073,#11074,#11075,
    #11076,#11077,#11078,#11079,#11080,#11081,#11082,#11083,#11084,
    #11085,#11086,#11087),.UNSPECIFIED.,.F.,.F.,(4,3,3,3,3,3,3,3,4),(0.,
    0.328523322654,0.985569967963,1.478354951944,1.971139935925,
    2.463924919907,2.956709903888,3.613756549196,3.942279871851),
  .UNSPECIFIED.);
#11063 = CARTESIAN_POINT('',(-3.368536571829,4.909488503322,12.));
#11064 = CARTESIAN_POINT('',(-3.906163730377,4.540607560969,
    12.01307152768));
#11065 = CARTESIAN_POINT('',(-4.384978151731,4.083637746317,
    12.026143055361));
#11066 = CARTESIAN_POINT('',(-4.774392406879,3.560927182386,
    12.039214583041));
#11067 = CARTESIAN_POINT('',(-5.553220917175,2.515506054525,
    12.065357638402));
#11068 = CARTESIAN_POINT('',(-5.974448762645,1.207121929549,
    12.091500693762));
#11069 = CARTESIAN_POINT('',(-5.954493546899,-9.577553017131E-02,
    12.117643749123));
#11070 = CARTESIAN_POINT('',(-5.939527135089,-1.072948624961,
    12.137251040644));
#11071 = CARTESIAN_POINT('',(-5.676395251345,-2.047035470545,
    12.156858332164));
#11072 = CARTESIAN_POINT('',(-5.19955469455,-2.901183984961,
    12.176465623685));
#11073 = CARTESIAN_POINT('',(-4.722714137755,-3.755332499378,
    12.196072915205));
#11074 = CARTESIAN_POINT('',(-4.032164907908,-4.489542682628,
    12.215680206726));
#11075 = CARTESIAN_POINT('',(-3.208852816235,-5.016212428328,
    12.235287498246));
#11076 = CARTESIAN_POINT('',(-2.385540724562,-5.542882174028,
    12.254894789767));
#11077 = CARTESIAN_POINT('',(-1.429465771062,-5.862011482179,
    12.274502081287));
#11078 = CARTESIAN_POINT('',(-0.454095213707,-5.936837127048,
    12.294109372808));
#11079 = CARTESIAN_POINT('',(0.521275343648,-6.011662771918,
    12.313716664328));
#11080 = CARTESIAN_POINT('',(1.515941504858,-5.842184753507,
    12.333323955849));
#11081 = CARTESIAN_POINT('',(2.40937033801,-5.446108787617,
    12.352931247369));
#11082 = CARTESIAN_POINT('',(3.600608782213,-4.918007499763,
    12.37907430273));
#11083 = CARTESIAN_POINT('',(4.611869754313,-3.987065416388,
    12.405217358091));
#11084 = CARTESIAN_POINT('',(5.234474122484,-2.841708273938,
    12.431360413452));
#11085 = CARTESIAN_POINT('',(5.54577630657,-2.269029702713,
    12.444431941132));
#11086 = CARTESIAN_POINT('',(5.759914339674,-1.642747366718,
    12.457503468812));
#11087 = CARTESIAN_POINT('',(5.869422115524,-1.000000014901,
    12.470574996493));
#11088 = ORIENTED_EDGE('',*,*,#11089,.T.);
#11089 = EDGE_CURVE('',#11060,#6801,#11090,.T.);
#11090 = B_SPLINE_CURVE_WITH_KNOTS('',3,(#11091,#11092,#11093,#11094,
    #11095,#11096),.UNSPECIFIED.,.F.,.F.,(4,2,4),(0.,2.523621330238E-02,
    5.049666423961E-02),.UNSPECIFIED.);
#11091 = CARTESIAN_POINT('',(5.869422115524,-1.000000014901,
    12.470574996493));
#11092 = CARTESIAN_POINT('',(5.796419107746,-1.000000014901,
    12.428779603494));
#11093 = CARTESIAN_POINT('',(5.723332917606,-1.000000014901,
    12.386949540665));
#11094 = CARTESIAN_POINT('',(5.577230305045,-1.000000014901,
    12.303358307491));
#11095 = CARTESIAN_POINT('',(5.504053728197,-1.000000014901,
    12.261505533771));
#11096 = CARTESIAN_POINT('',(5.430952497739,-1.000000014901,
    12.219712143048));
#11097 = B_SPLINE_SURFACE_WITH_KNOTS('',3,3,(
    (#11098,#11099,#11100,#11101,#11102,#11103,#11104,#11105,#11106
      ,#11107,#11108)
    ,(#11109,#11110,#11111,#11112,#11113,#11114,#11115,#11116,#11117
      ,#11118,#11119)
    ,(#11120,#11121,#11122,#11123,#11124,#11125,#11126,#11127,#11128
      ,#11129,#11130)
    ,(#11131,#11132,#11133,#11134,#11135,#11136,#11137,#11138,#11139
      ,#11140,#11141
    )),.UNSPECIFIED.,.F.,.F.,.F.,(4,4),(4,1,1,1,1,1,1,1,4),(0.,
    4.985419574452E-02),(8.287888519267,8.616411841922,9.27345848723,
    9.766243471211,10.259028455193,10.751813439174,11.244598423155,
    11.901645068464,12.230168391118),.UNSPECIFIED.);
#11098 = CARTESIAN_POINT('',(-3.12426958075,4.553480498399,
    11.750729021277));
#11099 = CARTESIAN_POINT('',(-3.622911095075,4.211348690554,
    11.763800548958));
#11100 = CARTESIAN_POINT('',(-4.955191715662,2.939849752549,
    11.803015131999));
#11101 = CARTESIAN_POINT('',(-5.834228045306,0.209457658689,
    11.86183700656));
#11102 = CARTESIAN_POINT('',(-5.02072449307,-2.802047818313,
    11.927194644962));
#11103 = CARTESIAN_POINT('',(-3.099300836106,-4.844956208195,
    11.986016519524));
#11104 = CARTESIAN_POINT('',(-0.439063225106,-5.732919840342,
    12.044838394085));
#11105 = CARTESIAN_POINT('',(2.636065656734,-5.208958365048,
    12.110196032487));
#11106 = CARTESIAN_POINT('',(4.746408414905,-3.266228507842,
    12.169017907049));
#11107 = CARTESIAN_POINT('',(5.342238320837,-1.523624730578,
    12.20823249009));
#11108 = CARTESIAN_POINT('',(5.443805219592,-0.927485737704,
    12.22130401777));
#11109 = CARTESIAN_POINT('',(-3.205691911109,4.672149833374,
    11.833819347518));
#11110 = CARTESIAN_POINT('',(-3.717328640175,4.321101647359,
    11.846890875199));
#11111 = CARTESIAN_POINT('',(-5.084330141921,3.016465874037,
    11.88610545824));
#11112 = CARTESIAN_POINT('',(-5.986275245786,0.214916384398,
    11.944927332801));
#11113 = CARTESIAN_POINT('',(-5.15157078458,-2.875072650918,
    12.010284971203));
#11114 = CARTESIAN_POINT('',(-3.180072450091,-4.971221760756,
    12.069106845764));
#11115 = CARTESIAN_POINT('',(-0.450505755925,-5.882326823671,
    12.127928720326));
#11116 = CARTESIAN_POINT('',(2.704764788868,-5.34471026413,
    12.193286358728));
#11117 = CARTESIAN_POINT('',(4.870105690058,-3.351350463462,
    12.252108233289));
#11118 = CARTESIAN_POINT('',(5.481463660449,-1.563332275958,
    12.29132281633));
#11119 = CARTESIAN_POINT('',(5.585677518236,-0.951657163436,
    12.304394344011));
#11120 = CARTESIAN_POINT('',(-3.287114241469,4.790819168348,
    11.916909673759));
#11121 = CARTESIAN_POINT('',(-3.811746185276,4.430854604164,
    11.929981201439));
#11122 = CARTESIAN_POINT('',(-5.213468568181,3.093081995525,
    11.96919578448));
#11123 = CARTESIAN_POINT('',(-6.138322446267,0.220375110107,
    12.028017659042));
#11124 = CARTESIAN_POINT('',(-5.282417076091,-2.948097483523,
    12.093375297444));
#11125 = CARTESIAN_POINT('',(-3.260844064076,-5.097487313317,
    12.152197172005));
#11126 = CARTESIAN_POINT('',(-0.461948286744,-6.031733807,
    12.211019046567));
#11127 = CARTESIAN_POINT('',(2.773463921003,-5.480462163212,
    12.276376684969));
#11128 = CARTESIAN_POINT('',(4.99380296521,-3.436472419082,
    12.33519855953));
#11129 = CARTESIAN_POINT('',(5.620689000062,-1.603039821338,
    12.374413142571));
#11130 = CARTESIAN_POINT('',(5.72754981688,-0.975828589169,
    12.387484670252));
#11131 = CARTESIAN_POINT('',(-3.368536571829,4.909488503322,12.));
#11132 = CARTESIAN_POINT('',(-3.906163730377,4.540607560969,
    12.01307152768));
#11133 = CARTESIAN_POINT('',(-5.34260699444,3.169698117013,
    12.052286110721));
#11134 = CARTESIAN_POINT('',(-6.290369646748,0.225833835816,
    12.111107985283));
#11135 = CARTESIAN_POINT('',(-5.413263367602,-3.021122316128,
    12.176465623685));
#11136 = CARTESIAN_POINT('',(-3.341615678061,-5.223752865878,
    12.235287498246));
#11137 = CARTESIAN_POINT('',(-0.473390817562,-6.181140790329,
    12.294109372808));
#11138 = CARTESIAN_POINT('',(2.842163053138,-5.616214062293,
    12.35946701121));
#11139 = CARTESIAN_POINT('',(5.117500240363,-3.521594374701,
    12.418288885771));
#11140 = CARTESIAN_POINT('',(5.759914339674,-1.642747366718,
    12.457503468812));
#11141 = CARTESIAN_POINT('',(5.869422115524,-1.000000014901,
    12.470574996493));
#11142 = ADVANCED_FACE('',(#11143),#11276,.F.);
#11143 = FACE_BOUND('',#11144,.T.);
#11144 = EDGE_LOOP('',(#11145,#11153,#11154,#11155,#11269));
#11145 = ORIENTED_EDGE('',*,*,#11146,.F.);
#11146 = EDGE_CURVE('',#8994,#11147,#11149,.T.);
#11147 = VERTEX_POINT('',#11148);
#11148 = CARTESIAN_POINT('',(5.861399147714,1.046000014901,23.546));
#11149 = LINE('',#11150,#11151);
#11150 = CARTESIAN_POINT('',(2.95803989029,1.046000014901,23.546));
#11151 = VECTOR('',#11152,1.);
#11152 = DIRECTION('',(1.,0.,0.));
#11153 = ORIENTED_EDGE('',*,*,#8993,.T.);
#11154 = ORIENTED_EDGE('',*,*,#6930,.T.);
#11155 = ORIENTED_EDGE('',*,*,#11156,.T.);
#11156 = EDGE_CURVE('',#6921,#11157,#11159,.T.);
#11157 = VERTEX_POINT('',#11158);
#11158 = CARTESIAN_POINT('',(-4.766743038888,-3.567671061241,23.546));
#11159 = B_SPLINE_CURVE_WITH_KNOTS('',3,(#11160,#11161,#11162,#11163,
    #11164,#11165,#11166,#11167,#11168,#11169,#11170,#11171,#11172,
    #11173,#11174,#11175,#11176,#11177,#11178,#11179,#11180,#11181,
    #11182,#11183,#11184,#11185,#11186,#11187,#11188,#11189,#11190,
    #11191,#11192,#11193,#11194,#11195,#11196,#11197,#11198,#11199,
    #11200,#11201,#11202,#11203,#11204,#11205,#11206,#11207,#11208,
    #11209,#11210,#11211,#11212,#11213,#11214,#11215,#11216,#11217,
    #11218,#11219,#11220,#11221,#11222,#11223,#11224,#11225,#11226,
    #11227,#11228,#11229,#11230,#11231,#11232,#11233,#11234,#11235,
    #11236,#11237,#11238,#11239,#11240,#11241,#11242,#11243,#11244,
    #11245,#11246,#11247,#11248,#11249,#11250,#11251,#11252,#11253,
    #11254,#11255,#11256,#11257,#11258,#11259,#11260,#11261,#11262,
    #11263,#11264,#11265,#11266,#11267,#11268),.UNSPECIFIED.,.F.,.F.,(4,
    3,3,3,3,3,3,3,3,3,3,3,3,3,3,3,3,3,3,3,3,3,3,3,3,3,3,3,3,3,3,3,3,3,3,
    3,4),(-1.203289170023,-1.154780084242,-1.106607591333,
    -1.076791192322,-1.059793197003,-1.049899202297,-1.046974793312,
    -0.999943803927,-0.951924270653,-0.925669189066,-0.910879710049,
    -0.90476405116,-0.856282256687,-0.807103452913,-0.757694365009,
    -0.708605718726,-0.69593564064,-0.685263352308,-0.679225995685,
    -0.629358238824,-0.579915959102,-0.531842965263,-0.482511776487,
    -0.467433283472,-0.460412846771,-0.454361948494,-0.405762877081,
    -0.355042517446,-0.304667726549,-0.26658426073,-0.231873328567,
    -0.225925361274,-0.175263629202,-0.124438978437,-7.404485026354E-02,
    -2.483834162363E-02,0.),.UNSPECIFIED.);
#11160 = CARTESIAN_POINT('',(-0.691222420999,5.47674361373,23.546));
#11161 = CARTESIAN_POINT('',(-0.852400325979,5.463614857062,23.546));
#11162 = CARTESIAN_POINT('',(-1.01267212955,5.443595865089,23.546));
#11163 = CARTESIAN_POINT('',(-1.171551687094,5.416672999429,23.546));
#11164 = CARTESIAN_POINT('',(-1.329328817627,5.389936945054,23.546));
#11165 = CARTESIAN_POINT('',(-1.485733762917,5.356392525838,23.546));
#11166 = CARTESIAN_POINT('',(-1.64029047371,5.3159753051,23.546));
#11167 = CARTESIAN_POINT('',(-1.735953460622,5.290959037358,23.546));
#11168 = CARTESIAN_POINT('',(-1.830908343277,5.263308792614,23.546));
#11169 = CARTESIAN_POINT('',(-1.925040202294,5.232999272062,23.546));
#11170 = CARTESIAN_POINT('',(-1.978703721434,5.215720153672,23.546));
#11171 = CARTESIAN_POINT('',(-2.032099718732,5.197576626042,23.546));
#11172 = CARTESIAN_POINT('',(-2.085206505984,5.178562864547,23.546));
#11173 = CARTESIAN_POINT('',(-2.116118284821,5.167495556193,23.546));
#11174 = CARTESIAN_POINT('',(-2.146936324649,5.156131674814,23.546));
#11175 = CARTESIAN_POINT('',(-2.177629092964,5.144480581115,23.546));
#11176 = CARTESIAN_POINT('',(-2.186701081588,5.141036819105,23.546));
#11177 = CARTESIAN_POINT('',(-2.195762549774,5.137567820787,23.546));
#11178 = CARTESIAN_POINT('',(-2.204813393717,5.134073579144,23.546));
#11179 = CARTESIAN_POINT('',(-2.350371059456,5.077878415432,23.546));
#11180 = CARTESIAN_POINT('',(-2.493181805551,5.015158736904,23.546));
#11181 = CARTESIAN_POINT('',(-2.63301046088,4.946327335084,23.546));
#11182 = CARTESIAN_POINT('',(-2.775778173299,4.876049166727,23.546));
#11183 = CARTESIAN_POINT('',(-2.915437663535,4.799399321469,23.546));
#11184 = CARTESIAN_POINT('',(-3.05172238582,4.716765295787,23.546));
#11185 = CARTESIAN_POINT('',(-3.126237197994,4.671584450864,23.546));
#11186 = CARTESIAN_POINT('',(-3.199742811201,4.624613796837,23.546));
#11187 = CARTESIAN_POINT('',(-3.27219275496,4.575910888431,23.546));
#11188 = CARTESIAN_POINT('',(-3.313003784988,4.548476555783,23.546));
#11189 = CARTESIAN_POINT('',(-3.353479803362,4.520492497526,23.546));
#11190 = CARTESIAN_POINT('',(-3.393612157872,4.491968488589,23.546));
#11191 = CARTESIAN_POINT('',(-3.410207454455,4.480173407194,23.546));
#11192 = CARTESIAN_POINT('',(-3.426744966502,4.468285277942,23.546));
#11193 = CARTESIAN_POINT('',(-3.443220992417,4.45630701318,23.546));
#11194 = CARTESIAN_POINT('',(-3.573834441708,4.361349498237,23.546));
#11195 = CARTESIAN_POINT('',(-3.70025985218,4.260969276124,23.546));
#11196 = CARTESIAN_POINT('',(-3.822249028935,4.155597601985,23.546));
#11197 = CARTESIAN_POINT('',(-3.94599201022,4.04871102854,23.546));
#11198 = CARTESIAN_POINT('',(-4.065170870592,3.93668799665,23.546));
#11199 = CARTESIAN_POINT('',(-4.179503845333,3.819928975887,23.546));
#11200 = CARTESIAN_POINT('',(-4.294372194416,3.702623220606,23.546));
#11201 = CARTESIAN_POINT('',(-4.404349755768,3.580536471359,23.546));
#11202 = CARTESIAN_POINT('',(-4.509119200783,3.454032782512,23.546));
#11203 = CARTESIAN_POINT('',(-4.613209165722,3.328349530731,23.546));
#11204 = CARTESIAN_POINT('',(-4.712158876035,3.198305843313,23.546));
#11205 = CARTESIAN_POINT('',(-4.805617804148,3.064226020911,23.546));
#11206 = CARTESIAN_POINT('',(-4.829740121766,3.029619203484,23.546));
#11207 = CARTESIAN_POINT('',(-4.853496422227,2.994743359499,23.546));
#11208 = CARTESIAN_POINT('',(-4.876880182052,2.95960378346,23.546));
#11209 = CARTESIAN_POINT('',(-4.896576842594,2.930004937678,23.546));
#11210 = CARTESIAN_POINT('',(-4.916009179615,2.900218970186,23.546));
#11211 = CARTESIAN_POINT('',(-4.935173172313,2.870248991182,23.546));
#11212 = CARTESIAN_POINT('',(-4.9460143204,2.853294852987,23.546));
#11213 = CARTESIAN_POINT('',(-4.956768980349,2.836282699168,23.546));
#11214 = CARTESIAN_POINT('',(-4.967429810746,2.819223953638,23.546));
#11215 = CARTESIAN_POINT('',(-5.055486841559,2.678321000966,23.546));
#11216 = CARTESIAN_POINT('',(-5.137270083829,2.534048258867,23.546));
#11217 = CARTESIAN_POINT('',(-5.212490175515,2.386801567065,23.546));
#11218 = CARTESIAN_POINT('',(-5.287068481175,2.240811200096,23.546));
#11219 = CARTESIAN_POINT('',(-5.355195644118,2.091896781305,23.546));
#11220 = CARTESIAN_POINT('',(-5.416551680901,1.940410691103,23.546));
#11221 = CARTESIAN_POINT('',(-5.476208484652,1.793119952852,23.546));
#11222 = CARTESIAN_POINT('',(-5.529464318432,1.643397389202,23.546));
#11223 = CARTESIAN_POINT('',(-5.575983433812,1.491544515607,23.546));
#11224 = CARTESIAN_POINT('',(-5.6237200751,1.335717258443,23.546));
#11225 = CARTESIAN_POINT('',(-5.664363067926,1.177646139329,23.546));
#11226 = CARTESIAN_POINT('',(-5.698010532132,1.017760918204,23.546));
#11227 = CARTESIAN_POINT('',(-5.708295162739,0.968890654791,23.546));
#11228 = CARTESIAN_POINT('',(-5.717925857881,0.919850835042,23.546));
#11229 = CARTESIAN_POINT('',(-5.726904462955,0.870653595811,23.546));
#11230 = CARTESIAN_POINT('',(-5.731084836187,0.847747718976,23.546));
#11231 = CARTESIAN_POINT('',(-5.73512384526,0.824807716841,23.546));
#11232 = CARTESIAN_POINT('',(-5.739021643565,0.801834812931,23.546));
#11233 = CARTESIAN_POINT('',(-5.742381146977,0.782034519784,23.546));
#11234 = CARTESIAN_POINT('',(-5.745635474949,0.762211142573,23.546));
#11235 = CARTESIAN_POINT('',(-5.748782978376,0.742377507656,23.546));
#11236 = CARTESIAN_POINT('',(-5.774062818958,0.583079467014,23.546));
#11237 = CARTESIAN_POINT('',(-5.792491586013,0.422912187892,23.546));
#11238 = CARTESIAN_POINT('',(-5.804252021689,0.262309417828,23.546));
#11239 = CARTESIAN_POINT('',(-5.816525785562,9.469653924275E-02,23.546)
  );
#11240 = CARTESIAN_POINT('',(-5.821536662188,-7.339129619814E-02,23.546)
  );
#11241 = CARTESIAN_POINT('',(-5.819437307046,-0.241479773578,23.546));
#11242 = CARTESIAN_POINT('',(-5.817352255263,-0.408423027944,23.546));
#11243 = CARTESIAN_POINT('',(-5.808253371668,-0.57536770149,23.546));
#11244 = CARTESIAN_POINT('',(-5.792236818993,-0.741856299508,23.546));
#11245 = CARTESIAN_POINT('',(-5.780128265776,-0.867722089101,23.546));
#11246 = CARTESIAN_POINT('',(-5.76406489754,-0.993327440361,23.546));
#11247 = CARTESIAN_POINT('',(-5.744068546479,-1.118473312412,23.546));
#11248 = CARTESIAN_POINT('',(-5.725842999767,-1.232536719773,23.546));
#11249 = CARTESIAN_POINT('',(-5.704350000159,-1.34621851546,23.546));
#11250 = CARTESIAN_POINT('',(-5.679594011852,-1.459364899326,23.546));
#11251 = CARTESIAN_POINT('',(-5.675351895621,-1.478753344079,23.546));
#11252 = CARTESIAN_POINT('',(-5.671014833026,-1.498121856525,23.546));
#11253 = CARTESIAN_POINT('',(-5.666584778098,-1.5174619816,23.546));
#11254 = CARTESIAN_POINT('',(-5.628851844344,-1.682191238935,23.546));
#11255 = CARTESIAN_POINT('',(-5.584340095433,-1.845029482285,23.546));
#11256 = CARTESIAN_POINT('',(-5.533189630305,-2.005520625761,23.546));
#11257 = CARTESIAN_POINT('',(-5.48187467481,-2.166527878861,23.546));
#11258 = CARTESIAN_POINT('',(-5.423878151708,-2.325173688673,23.546));
#11259 = CARTESIAN_POINT('',(-5.359289628928,-2.480995056334,23.546));
#11260 = CARTESIAN_POINT('',(-5.295248218973,-2.635496501122,23.546));
#11261 = CARTESIAN_POINT('',(-5.224725848682,-2.787221891706,23.546));
#11262 = CARTESIAN_POINT('',(-5.147760923533,-2.935706145131,23.546));
#11263 = CARTESIAN_POINT('',(-5.072609801933,-3.0806911258,23.546));
#11264 = CARTESIAN_POINT('',(-4.99131595465,-3.222586544522,23.546));
#11265 = CARTESIAN_POINT('',(-4.903871554147,-3.360936445843,23.546));
#11266 = CARTESIAN_POINT('',(-4.859731582571,-3.430772372179,23.546));
#11267 = CARTESIAN_POINT('',(-4.81402377335,-3.49970447566,23.546));
#11268 = CARTESIAN_POINT('',(-4.766743038888,-3.567671061241,23.546));
#11269 = ORIENTED_EDGE('',*,*,#11270,.T.);
#11270 = EDGE_CURVE('',#11157,#11147,#11271,.T.);
#11271 = CIRCLE('',#11272,5.954);
#11272 = AXIS2_PLACEMENT_3D('',#11273,#11274,#11275);
#11273 = CARTESIAN_POINT('',(0.,0.,23.546));
#11274 = DIRECTION('',(0.,0.,-1.));
#11275 = DIRECTION('',(0.986013296763,0.16666666915,0.));
#11276 = PLANE('',#11277);
#11277 = AXIS2_PLACEMENT_3D('',#11278,#11279,#11280);
#11278 = CARTESIAN_POINT('',(1.263779872628E-15,2.825253775473E-16,
    23.546));
#11279 = DIRECTION('',(0.,0.,1.));
#11280 = DIRECTION('',(1.,0.,-0.));
#11281 = ADVANCED_FACE('',(#11282),#11313,.F.);
#11282 = FACE_BOUND('',#11283,.F.);
#11283 = EDGE_LOOP('',(#11284,#11285,#11286,#11304));
#11284 = ORIENTED_EDGE('',*,*,#6920,.T.);
#11285 = ORIENTED_EDGE('',*,*,#11156,.T.);
#11286 = ORIENTED_EDGE('',*,*,#11287,.T.);
#11287 = EDGE_CURVE('',#11157,#11288,#11290,.T.);
#11288 = VERTEX_POINT('',#11289);
#11289 = CARTESIAN_POINT('',(5.869422115524,1.000000014901,
    23.114449718628));
#11290 = B_SPLINE_CURVE_WITH_KNOTS('',3,(#11291,#11292,#11293,#11294,
    #11295,#11296,#11297,#11298,#11299,#11300,#11301,#11302,#11303),
  .UNSPECIFIED.,.F.,.F.,(4,3,3,3,4),(-98.81583107694,-97.9119942812,
    -97.00815748546,-96.10432068972,-95.20048389397),.UNSPECIFIED.);
#11291 = CARTESIAN_POINT('',(-4.766743038888,-3.56767106124,23.546));
#11292 = CARTESIAN_POINT('',(-5.84160716564,-2.131551809775,
    23.510037476552));
#11293 = CARTESIAN_POINT('',(-6.218116793032,-0.186069035858,
    23.474074953105));
#11294 = CARTESIAN_POINT('',(-5.756656547538,1.539873567351,
    23.438112429657));
#11295 = CARTESIAN_POINT('',(-5.295196302045,3.265816170559,
    23.402149906209));
#11296 = CARTESIAN_POINT('',(-3.995766183665,4.772218603059,
    23.366187382761));
#11297 = CARTESIAN_POINT('',(-2.352478857758,5.477923702534,
    23.330224859314));
#11298 = CARTESIAN_POINT('',(-0.709191531851,6.18362880201,
    23.294262335866));
#11299 = CARTESIAN_POINT('',(1.277953001583,6.088636568462,
    23.258299812418));
#11300 = CARTESIAN_POINT('',(2.847286679326,5.234812678165,
    23.222337288971));
#11301 = CARTESIAN_POINT('',(4.416620357069,4.380988787867,
    23.186374765523));
#11302 = CARTESIAN_POINT('',(5.56814317912,2.76833324082,23.150412242075
    ));
#11303 = CARTESIAN_POINT('',(5.869422115524,1.000000014901,
    23.114449718628));
#11304 = ORIENTED_EDGE('',*,*,#11305,.T.);
#11305 = EDGE_CURVE('',#11288,#6911,#11306,.T.);
#11306 = B_SPLINE_CURVE_WITH_KNOTS('',3,(#11307,#11308,#11309,#11310,
    #11311,#11312),.UNSPECIFIED.,.F.,.F.,(4,2,4),(0.,2.523621330498E-02,
    5.049666425424E-02),.UNSPECIFIED.);
#11307 = CARTESIAN_POINT('',(5.869422115524,1.000000014901,
    23.114449718628));
#11308 = CARTESIAN_POINT('',(5.796419107738,1.000000014901,
    23.15624511163));
#11309 = CARTESIAN_POINT('',(5.723332917603,1.000000014901,
    23.198075174457));
#11310 = CARTESIAN_POINT('',(5.577230305021,1.000000014901,
    23.281666407643));
#11311 = CARTESIAN_POINT('',(5.504053728187,1.000000014901,
    23.323519181356));
#11312 = CARTESIAN_POINT('',(5.430952497739,1.000000014901,
    23.365312572072));
#11313 = B_SPLINE_SURFACE_WITH_KNOTS('',3,3,(
    (#11314,#11315,#11316,#11317,#11318,#11319,#11320)
    ,(#11321,#11322,#11323,#11324,#11325,#11326,#11327)
    ,(#11328,#11329,#11330,#11331,#11332,#11333,#11334)
    ,(#11335,#11336,#11337,#11338,#11339,#11340,#11341
  )),.UNSPECIFIED.,.F.,.F.,.F.,(4,4),(4,1,1,1,4),(0.,4.985419574452E-02)
  ,(106.81545628181,107.71929307756,108.6231298733,109.52696666904,
    110.43080346478),.UNSPECIFIED.);
#11314 = CARTESIAN_POINT('',(5.869422115524,1.000000014901,
    23.114449718628));
#11315 = CARTESIAN_POINT('',(5.56814317912,2.76833324082,23.150412242075
    ));
#11316 = CARTESIAN_POINT('',(3.265097535018,5.993644334915,
    23.222337288971));
#11317 = CARTESIAN_POINT('',(-2.696336065286,6.278621035558,
    23.330224859314));
#11318 = CARTESIAN_POINT('',(-6.594626420424,1.759413738059,
    23.438112429657));
#11319 = CARTESIAN_POINT('',(-5.84160716564,-2.131551809775,
    23.510037476552));
#11320 = CARTESIAN_POINT('',(-4.766743038888,-3.567671061241,23.546));
#11321 = CARTESIAN_POINT('',(5.72754981688,0.975828589169,
    23.197540044868));
#11322 = CARTESIAN_POINT('',(5.433553221804,2.701418680484,
    23.233502568316));
#11323 = CARTESIAN_POINT('',(3.186175473617,5.848769408165,
    23.305427615211));
#11324 = CARTESIAN_POINT('',(-2.631161779305,6.126857815756,
    23.413315185555));
#11325 = CARTESIAN_POINT('',(-6.435224900045,1.716886200191,
    23.521202755898));
#11326 = CARTESIAN_POINT('',(-5.700407193981,-2.080029164277,
    23.593127802793));
#11327 = CARTESIAN_POINT('',(-4.651524065254,-3.481435366431,
    23.629090326241));
#11328 = CARTESIAN_POINT('',(5.585677518236,0.951657163436,
    23.280630371109));
#11329 = CARTESIAN_POINT('',(5.298963264487,2.634504120148,
    23.316592894557));
#11330 = CARTESIAN_POINT('',(3.107253412216,5.703894481416,
    23.388517941452));
#11331 = CARTESIAN_POINT('',(-2.565987493324,5.975094595954,
    23.496405511796));
#11332 = CARTESIAN_POINT('',(-6.275823379665,1.674358662322,
    23.604293082139));
#11333 = CARTESIAN_POINT('',(-5.559207222323,-2.02850651878,
    23.676218129034));
#11334 = CARTESIAN_POINT('',(-4.536305091621,-3.395199671621,
    23.712180652482));
#11335 = CARTESIAN_POINT('',(5.443805219592,0.927485737704,
    23.36372069735));
#11336 = CARTESIAN_POINT('',(5.164373307171,2.567589559812,
    23.399683220798));
#11337 = CARTESIAN_POINT('',(3.028331350815,5.559019554666,
    23.471608267693));
#11338 = CARTESIAN_POINT('',(-2.500813207344,5.823331376152,
    23.579495838036));
#11339 = CARTESIAN_POINT('',(-6.116421859286,1.631831124454,
    23.687383408379));
#11340 = CARTESIAN_POINT('',(-5.418007250664,-1.976983873283,
    23.759308455275));
#11341 = CARTESIAN_POINT('',(-4.421086117988,-3.308963976812,
    23.795270978723));
#11342 = ADVANCED_FACE('',(#11343),#11380,.T.);
#11343 = FACE_BOUND('',#11344,.T.);
#11344 = EDGE_LOOP('',(#11345,#11346,#11347,#11348,#11358,#11366,#11374)
  );
#11345 = ORIENTED_EDGE('',*,*,#6948,.T.);
#11346 = ORIENTED_EDGE('',*,*,#9012,.T.);
#11347 = ORIENTED_EDGE('',*,*,#11146,.T.);
#11348 = ORIENTED_EDGE('',*,*,#11349,.T.);
#11349 = EDGE_CURVE('',#11147,#11350,#11352,.T.);
#11350 = VERTEX_POINT('',#11351);
#11351 = CARTESIAN_POINT('',(4.878524361562,1.800000014901,24.3));
#11352 = B_SPLINE_CURVE_WITH_KNOTS('',2,(#11353,#11354,#11355,#11356,
    #11357),.UNSPECIFIED.,.F.,.F.,(3,2,3),(2.062089440384E-02,
    0.148778984207,0.166852018893),.UNSPECIFIED.);
#11353 = CARTESIAN_POINT('',(5.861399147714,1.046000014901,23.546));
#11354 = CARTESIAN_POINT('',(5.43069961111,1.406643142244,
    23.906643127343));
#11355 = CARTESIAN_POINT('',(5.000000074505,1.71428567232,
    24.214285657419));
#11356 = CARTESIAN_POINT('',(4.939262218034,1.757669856068,
    24.257669841166));
#11357 = CARTESIAN_POINT('',(4.878524361562,1.800000014902,24.3));
#11358 = ORIENTED_EDGE('',*,*,#11359,.T.);
#11359 = EDGE_CURVE('',#11350,#11360,#11362,.T.);
#11360 = VERTEX_POINT('',#11361);
#11361 = CARTESIAN_POINT('',(4.200000074506,1.800000014901,24.3));
#11362 = LINE('',#11363,#11364);
#11363 = CARTESIAN_POINT('',(5.000000074506,1.800000014901,24.3));
#11364 = VECTOR('',#11365,1.);
#11365 = DIRECTION('',(-1.,0.,0.));
#11366 = ORIENTED_EDGE('',*,*,#11367,.F.);
#11367 = EDGE_CURVE('',#11368,#11360,#11370,.T.);
#11368 = VERTEX_POINT('',#11369);
#11369 = CARTESIAN_POINT('',(5.000000074506,1.000000014901,23.5));
#11370 = LINE('',#11371,#11372);
#11371 = CARTESIAN_POINT('',(5.152680025518,0.847320063889,
    23.347320048987));
#11372 = VECTOR('',#11373,1.);
#11373 = DIRECTION('',(-0.57735026919,0.57735026919,0.57735026919));
#11374 = ORIENTED_EDGE('',*,*,#11375,.T.);
#11375 = EDGE_CURVE('',#11368,#6913,#11376,.T.);
#11376 = LINE('',#11377,#11378);
#11377 = CARTESIAN_POINT('',(5.000000074506,1.000000014901,23.5));
#11378 = VECTOR('',#11379,1.);
#11379 = DIRECTION('',(1.,0.,0.));
#11380 = PLANE('',#11381);
#11381 = AXIS2_PLACEMENT_3D('',#11382,#11383,#11384);
#11382 = CARTESIAN_POINT('',(5.916079780581,1.000000014901,23.5));
#11383 = DIRECTION('',(0.,-0.707106781187,0.707106781187));
#11384 = DIRECTION('',(1.,0.,0.));
#11385 = ADVANCED_FACE('',(#11386),#11540,.T.);
#11386 = FACE_BOUND('',#11387,.T.);
#11387 = EDGE_LOOP('',(#11388,#11389,#11390,#11391,#11399,#11405,#11406,
    #11407,#11408,#11414,#11415,#11416,#11417,#11423,#11424,#11425,
    #11426,#11432,#11433,#11434,#11435,#11441,#11442,#11443,#11444,
    #11450,#11451,#11452,#11453,#11459,#11460,#11461,#11462,#11468,
    #11469,#11470,#11471,#11477,#11478,#11479,#11480,#11486,#11487,
    #11488,#11489,#11495,#11496,#11497,#11498,#11504,#11505,#11506,
    #11507,#11513,#11514,#11515,#11516,#11522,#11523,#11524,#11525,
    #11531,#11532,#11533,#11534));
#11388 = ORIENTED_EDGE('',*,*,#11305,.T.);
#11389 = ORIENTED_EDGE('',*,*,#6910,.T.);
#11390 = ORIENTED_EDGE('',*,*,#11375,.F.);
#11391 = ORIENTED_EDGE('',*,*,#11392,.F.);
#11392 = EDGE_CURVE('',#11393,#11368,#11395,.T.);
#11393 = VERTEX_POINT('',#11394);
#11394 = CARTESIAN_POINT('',(5.000000074506,1.000000014901,12.));
#11395 = LINE('',#11396,#11397);
#11396 = CARTESIAN_POINT('',(5.000000074506,1.000000014901,12.));
#11397 = VECTOR('',#11398,1.);
#11398 = DIRECTION('',(0.,0.,1.));
#11399 = ORIENTED_EDGE('',*,*,#11400,.T.);
#11400 = EDGE_CURVE('',#11393,#7075,#11401,.T.);
#11401 = LINE('',#11402,#11403);
#11402 = CARTESIAN_POINT('',(5.000000074506,1.000000014901,12.));
#11403 = VECTOR('',#11404,1.);
#11404 = DIRECTION('',(1.,0.,0.));
#11405 = ORIENTED_EDGE('',*,*,#7134,.T.);
#11406 = ORIENTED_EDGE('',*,*,#5934,.T.);
#11407 = ORIENTED_EDGE('',*,*,#9040,.T.);
#11408 = ORIENTED_EDGE('',*,*,#11409,.F.);
#11409 = EDGE_CURVE('',#7218,#9041,#11410,.T.);
#11410 = LINE('',#11411,#11412);
#11411 = CARTESIAN_POINT('',(5.869422115524,1.000000014901,12.));
#11412 = VECTOR('',#11413,1.);
#11413 = DIRECTION('',(0.,0.,-1.));
#11414 = ORIENTED_EDGE('',*,*,#7259,.T.);
#11415 = ORIENTED_EDGE('',*,*,#5998,.T.);
#11416 = ORIENTED_EDGE('',*,*,#9167,.T.);
#11417 = ORIENTED_EDGE('',*,*,#11418,.F.);
#11418 = EDGE_CURVE('',#7345,#9168,#11419,.T.);
#11419 = LINE('',#11420,#11421);
#11420 = CARTESIAN_POINT('',(5.869422115524,1.000000014901,12.));
#11421 = VECTOR('',#11422,1.);
#11422 = DIRECTION('',(0.,0.,-1.));
#11423 = ORIENTED_EDGE('',*,*,#7386,.T.);
#11424 = ORIENTED_EDGE('',*,*,#6062,.T.);
#11425 = ORIENTED_EDGE('',*,*,#9294,.T.);
#11426 = ORIENTED_EDGE('',*,*,#11427,.F.);
#11427 = EDGE_CURVE('',#7472,#9295,#11428,.T.);
#11428 = LINE('',#11429,#11430);
#11429 = CARTESIAN_POINT('',(5.869422115524,1.000000014901,12.));
#11430 = VECTOR('',#11431,1.);
#11431 = DIRECTION('',(0.,0.,-1.));
#11432 = ORIENTED_EDGE('',*,*,#7513,.T.);
#11433 = ORIENTED_EDGE('',*,*,#6126,.T.);
#11434 = ORIENTED_EDGE('',*,*,#9421,.T.);
#11435 = ORIENTED_EDGE('',*,*,#11436,.F.);
#11436 = EDGE_CURVE('',#7599,#9422,#11437,.T.);
#11437 = LINE('',#11438,#11439);
#11438 = CARTESIAN_POINT('',(5.869422115524,1.000000014901,12.));
#11439 = VECTOR('',#11440,1.);
#11440 = DIRECTION('',(0.,0.,-1.));
#11441 = ORIENTED_EDGE('',*,*,#7640,.T.);
#11442 = ORIENTED_EDGE('',*,*,#6190,.T.);
#11443 = ORIENTED_EDGE('',*,*,#9548,.T.);
#11444 = ORIENTED_EDGE('',*,*,#11445,.F.);
#11445 = EDGE_CURVE('',#7726,#9549,#11446,.T.);
#11446 = LINE('',#11447,#11448);
#11447 = CARTESIAN_POINT('',(5.869422115524,1.000000014901,12.));
#11448 = VECTOR('',#11449,1.);
#11449 = DIRECTION('',(0.,0.,-1.));
#11450 = ORIENTED_EDGE('',*,*,#7767,.T.);
#11451 = ORIENTED_EDGE('',*,*,#6254,.T.);
#11452 = ORIENTED_EDGE('',*,*,#9675,.T.);
#11453 = ORIENTED_EDGE('',*,*,#11454,.F.);
#11454 = EDGE_CURVE('',#7853,#9676,#11455,.T.);
#11455 = LINE('',#11456,#11457);
#11456 = CARTESIAN_POINT('',(5.869422115524,1.000000014901,12.));
#11457 = VECTOR('',#11458,1.);
#11458 = DIRECTION('',(0.,0.,-1.));
#11459 = ORIENTED_EDGE('',*,*,#7894,.T.);
#11460 = ORIENTED_EDGE('',*,*,#6318,.T.);
#11461 = ORIENTED_EDGE('',*,*,#9802,.T.);
#11462 = ORIENTED_EDGE('',*,*,#11463,.F.);
#11463 = EDGE_CURVE('',#7980,#9803,#11464,.T.);
#11464 = LINE('',#11465,#11466);
#11465 = CARTESIAN_POINT('',(5.869422115524,1.000000014901,12.));
#11466 = VECTOR('',#11467,1.);
#11467 = DIRECTION('',(0.,0.,-1.));
#11468 = ORIENTED_EDGE('',*,*,#8021,.T.);
#11469 = ORIENTED_EDGE('',*,*,#6382,.T.);
#11470 = ORIENTED_EDGE('',*,*,#9929,.T.);
#11471 = ORIENTED_EDGE('',*,*,#11472,.F.);
#11472 = EDGE_CURVE('',#8107,#9930,#11473,.T.);
#11473 = LINE('',#11474,#11475);
#11474 = CARTESIAN_POINT('',(5.869422115524,1.000000014901,12.));
#11475 = VECTOR('',#11476,1.);
#11476 = DIRECTION('',(0.,0.,-1.));
#11477 = ORIENTED_EDGE('',*,*,#8148,.T.);
#11478 = ORIENTED_EDGE('',*,*,#6446,.T.);
#11479 = ORIENTED_EDGE('',*,*,#10056,.T.);
#11480 = ORIENTED_EDGE('',*,*,#11481,.F.);
#11481 = EDGE_CURVE('',#8234,#10057,#11482,.T.);
#11482 = LINE('',#11483,#11484);
#11483 = CARTESIAN_POINT('',(5.869422115524,1.000000014901,12.));
#11484 = VECTOR('',#11485,1.);
#11485 = DIRECTION('',(0.,0.,-1.));
#11486 = ORIENTED_EDGE('',*,*,#8275,.T.);
#11487 = ORIENTED_EDGE('',*,*,#6510,.T.);
#11488 = ORIENTED_EDGE('',*,*,#10183,.T.);
#11489 = ORIENTED_EDGE('',*,*,#11490,.F.);
#11490 = EDGE_CURVE('',#8361,#10184,#11491,.T.);
#11491 = LINE('',#11492,#11493);
#11492 = CARTESIAN_POINT('',(5.869422115524,1.000000014901,12.));
#11493 = VECTOR('',#11494,1.);
#11494 = DIRECTION('',(0.,0.,-1.));
#11495 = ORIENTED_EDGE('',*,*,#8402,.T.);
#11496 = ORIENTED_EDGE('',*,*,#6574,.T.);
#11497 = ORIENTED_EDGE('',*,*,#10310,.T.);
#11498 = ORIENTED_EDGE('',*,*,#11499,.F.);
#11499 = EDGE_CURVE('',#8488,#10311,#11500,.T.);
#11500 = LINE('',#11501,#11502);
#11501 = CARTESIAN_POINT('',(5.869422115524,1.000000014901,12.));
#11502 = VECTOR('',#11503,1.);
#11503 = DIRECTION('',(0.,0.,-1.));
#11504 = ORIENTED_EDGE('',*,*,#8529,.T.);
#11505 = ORIENTED_EDGE('',*,*,#6638,.T.);
#11506 = ORIENTED_EDGE('',*,*,#10437,.T.);
#11507 = ORIENTED_EDGE('',*,*,#11508,.F.);
#11508 = EDGE_CURVE('',#8615,#10438,#11509,.T.);
#11509 = LINE('',#11510,#11511);
#11510 = CARTESIAN_POINT('',(5.869422115524,1.000000014901,12.));
#11511 = VECTOR('',#11512,1.);
#11512 = DIRECTION('',(0.,0.,-1.));
#11513 = ORIENTED_EDGE('',*,*,#8656,.T.);
#11514 = ORIENTED_EDGE('',*,*,#6702,.T.);
#11515 = ORIENTED_EDGE('',*,*,#10564,.T.);
#11516 = ORIENTED_EDGE('',*,*,#11517,.F.);
#11517 = EDGE_CURVE('',#8742,#10565,#11518,.T.);
#11518 = LINE('',#11519,#11520);
#11519 = CARTESIAN_POINT('',(5.869422115524,1.000000014901,12.));
#11520 = VECTOR('',#11521,1.);
#11521 = DIRECTION('',(0.,0.,-1.));
#11522 = ORIENTED_EDGE('',*,*,#8783,.T.);
#11523 = ORIENTED_EDGE('',*,*,#6766,.T.);
#11524 = ORIENTED_EDGE('',*,*,#10691,.T.);
#11525 = ORIENTED_EDGE('',*,*,#11526,.F.);
#11526 = EDGE_CURVE('',#8869,#10692,#11527,.T.);
#11527 = LINE('',#11528,#11529);
#11528 = CARTESIAN_POINT('',(5.869422115524,1.000000014901,12.));
#11529 = VECTOR('',#11530,1.);
#11530 = DIRECTION('',(0.,0.,-1.));
#11531 = ORIENTED_EDGE('',*,*,#8910,.T.);
#11532 = ORIENTED_EDGE('',*,*,#6876,.T.);
#11533 = ORIENTED_EDGE('',*,*,#10818,.T.);
#11534 = ORIENTED_EDGE('',*,*,#11535,.F.);
#11535 = EDGE_CURVE('',#11288,#10819,#11536,.T.);
#11536 = LINE('',#11537,#11538);
#11537 = CARTESIAN_POINT('',(5.869422115524,1.000000014901,12.));
#11538 = VECTOR('',#11539,1.);
#11539 = DIRECTION('',(0.,0.,-1.));
#11540 = PLANE('',#11541);
#11541 = AXIS2_PLACEMENT_3D('',#11542,#11543,#11544);
#11542 = CARTESIAN_POINT('',(5.000000074506,1.000000014901,12.));
#11543 = DIRECTION('',(0.,-1.,0.));
#11544 = DIRECTION('',(1.,0.,0.));
#11545 = ADVANCED_FACE('',(#11546),#11557,.T.);
#11546 = FACE_BOUND('',#11547,.T.);
#11547 = EDGE_LOOP('',(#11548,#11549,#11550,#11551));
#11548 = ORIENTED_EDGE('',*,*,#7215,.T.);
#11549 = ORIENTED_EDGE('',*,*,#11409,.T.);
#11550 = ORIENTED_EDGE('',*,*,#9051,.T.);
#11551 = ORIENTED_EDGE('',*,*,#11552,.T.);
#11552 = EDGE_CURVE('',#9052,#7216,#11553,.T.);
#11553 = LINE('',#11554,#11555);
#11554 = CARTESIAN_POINT('',(5.869422115524,-1.000000014901,12.));
#11555 = VECTOR('',#11556,1.);
#11556 = DIRECTION('',(0.,0.,1.));
#11557 = CYLINDRICAL_SURFACE('',#11558,5.954);
#11558 = AXIS2_PLACEMENT_3D('',#11559,#11560,#11561);
#11559 = CARTESIAN_POINT('',(0.,0.,12.));
#11560 = DIRECTION('',(0.,0.,1.));
#11561 = DIRECTION('',(-1.,1.083837979616E-14,0.));
#11562 = ADVANCED_FACE('',(#11563),#11574,.T.);
#11563 = FACE_BOUND('',#11564,.T.);
#11564 = EDGE_LOOP('',(#11565,#11566,#11567,#11568));
#11565 = ORIENTED_EDGE('',*,*,#7342,.T.);
#11566 = ORIENTED_EDGE('',*,*,#11418,.T.);
#11567 = ORIENTED_EDGE('',*,*,#9178,.T.);
#11568 = ORIENTED_EDGE('',*,*,#11569,.T.);
#11569 = EDGE_CURVE('',#9179,#7343,#11570,.T.);
#11570 = LINE('',#11571,#11572);
#11571 = CARTESIAN_POINT('',(5.869422115524,-1.000000014901,12.));
#11572 = VECTOR('',#11573,1.);
#11573 = DIRECTION('',(0.,0.,1.));
#11574 = CYLINDRICAL_SURFACE('',#11575,5.954);
#11575 = AXIS2_PLACEMENT_3D('',#11576,#11577,#11578);
#11576 = CARTESIAN_POINT('',(0.,0.,12.));
#11577 = DIRECTION('',(0.,0.,1.));
#11578 = DIRECTION('',(-1.,4.615052042236E-15,0.));
#11579 = ADVANCED_FACE('',(#11580),#11591,.T.);
#11580 = FACE_BOUND('',#11581,.T.);
#11581 = EDGE_LOOP('',(#11582,#11583,#11584,#11585));
#11582 = ORIENTED_EDGE('',*,*,#7469,.T.);
#11583 = ORIENTED_EDGE('',*,*,#11427,.T.);
#11584 = ORIENTED_EDGE('',*,*,#9305,.T.);
#11585 = ORIENTED_EDGE('',*,*,#11586,.T.);
#11586 = EDGE_CURVE('',#9306,#7470,#11587,.T.);
#11587 = LINE('',#11588,#11589);
#11588 = CARTESIAN_POINT('',(5.869422115524,-1.000000014901,12.));
#11589 = VECTOR('',#11590,1.);
#11590 = DIRECTION('',(0.,0.,1.));
#11591 = CYLINDRICAL_SURFACE('',#11592,5.954);
#11592 = AXIS2_PLACEMENT_3D('',#11593,#11594,#11595);
#11593 = CARTESIAN_POINT('',(0.,0.,12.));
#11594 = DIRECTION('',(0.,0.,1.));
#11595 = DIRECTION('',(-1.,5.524077444495E-15,0.));
#11596 = ADVANCED_FACE('',(#11597),#11608,.T.);
#11597 = FACE_BOUND('',#11598,.T.);
#11598 = EDGE_LOOP('',(#11599,#11600,#11601,#11602));
#11599 = ORIENTED_EDGE('',*,*,#7596,.T.);
#11600 = ORIENTED_EDGE('',*,*,#11436,.T.);
#11601 = ORIENTED_EDGE('',*,*,#9432,.T.);
#11602 = ORIENTED_EDGE('',*,*,#11603,.T.);
#11603 = EDGE_CURVE('',#9433,#7597,#11604,.T.);
#11604 = LINE('',#11605,#11606);
#11605 = CARTESIAN_POINT('',(5.869422115524,-1.000000014901,12.));
#11606 = VECTOR('',#11607,1.);
#11607 = DIRECTION('',(0.,0.,1.));
#11608 = CYLINDRICAL_SURFACE('',#11609,5.954);
#11609 = AXIS2_PLACEMENT_3D('',#11610,#11611,#11612);
#11610 = CARTESIAN_POINT('',(0.,0.,12.));
#11611 = DIRECTION('',(0.,0.,1.));
#11612 = DIRECTION('',(-1.,9.066945678938E-15,0.));
#11613 = ADVANCED_FACE('',(#11614),#11625,.T.);
#11614 = FACE_BOUND('',#11615,.T.);
#11615 = EDGE_LOOP('',(#11616,#11617,#11618,#11619));
#11616 = ORIENTED_EDGE('',*,*,#7723,.T.);
#11617 = ORIENTED_EDGE('',*,*,#11445,.T.);
#11618 = ORIENTED_EDGE('',*,*,#9559,.T.);
#11619 = ORIENTED_EDGE('',*,*,#11620,.T.);
#11620 = EDGE_CURVE('',#9560,#7724,#11621,.T.);
#11621 = LINE('',#11622,#11623);
#11622 = CARTESIAN_POINT('',(5.869422115524,-1.000000014901,12.));
#11623 = VECTOR('',#11624,1.);
#11624 = DIRECTION('',(0.,0.,1.));
#11625 = CYLINDRICAL_SURFACE('',#11626,5.954);
#11626 = AXIS2_PLACEMENT_3D('',#11627,#11628,#11629);
#11627 = CARTESIAN_POINT('',(0.,0.,12.));
#11628 = DIRECTION('',(0.,0.,1.));
#11629 = DIRECTION('',(-1.,3.752643327273E-15,0.));
#11630 = ADVANCED_FACE('',(#11631),#11642,.T.);
#11631 = FACE_BOUND('',#11632,.T.);
#11632 = EDGE_LOOP('',(#11633,#11634,#11635,#11636));
#11633 = ORIENTED_EDGE('',*,*,#7850,.T.);
#11634 = ORIENTED_EDGE('',*,*,#11454,.T.);
#11635 = ORIENTED_EDGE('',*,*,#9686,.T.);
#11636 = ORIENTED_EDGE('',*,*,#11637,.T.);
#11637 = EDGE_CURVE('',#9687,#7851,#11638,.T.);
#11638 = LINE('',#11639,#11640);
#11639 = CARTESIAN_POINT('',(5.869422115524,-1.000000014901,12.));
#11640 = VECTOR('',#11641,1.);
#11641 = DIRECTION('',(0.,0.,1.));
#11642 = CYLINDRICAL_SURFACE('',#11643,5.954);
#11643 = AXIS2_PLACEMENT_3D('',#11644,#11645,#11646);
#11644 = CARTESIAN_POINT('',(0.,0.,12.));
#11645 = DIRECTION('',(0.,0.,1.));
#11646 = DIRECTION('',(-1.,2.097750928289E-16,0.));
#11647 = ADVANCED_FACE('',(#11648),#11659,.T.);
#11648 = FACE_BOUND('',#11649,.T.);
#11649 = EDGE_LOOP('',(#11650,#11651,#11652,#11653));
#11650 = ORIENTED_EDGE('',*,*,#7977,.T.);
#11651 = ORIENTED_EDGE('',*,*,#11463,.T.);
#11652 = ORIENTED_EDGE('',*,*,#9813,.T.);
#11653 = ORIENTED_EDGE('',*,*,#11654,.T.);
#11654 = EDGE_CURVE('',#9814,#7978,#11655,.T.);
#11655 = LINE('',#11656,#11657);
#11656 = CARTESIAN_POINT('',(5.869422115524,-1.000000014901,12.));
#11657 = VECTOR('',#11658,1.);
#11658 = DIRECTION('',(0.,0.,1.));
#11659 = CYLINDRICAL_SURFACE('',#11660,5.954);
#11660 = AXIS2_PLACEMENT_3D('',#11661,#11662,#11663);
#11661 = CARTESIAN_POINT('',(0.,0.,12.));
#11662 = DIRECTION('',(0.,0.,1.));
#11663 = DIRECTION('',(-1.,7.295511561716E-15,0.));
#11664 = ADVANCED_FACE('',(#11665),#11676,.T.);
#11665 = FACE_BOUND('',#11666,.T.);
#11666 = EDGE_LOOP('',(#11667,#11668,#11669,#11670));
#11667 = ORIENTED_EDGE('',*,*,#8104,.T.);
#11668 = ORIENTED_EDGE('',*,*,#11472,.T.);
#11669 = ORIENTED_EDGE('',*,*,#9940,.T.);
#11670 = ORIENTED_EDGE('',*,*,#11671,.T.);
#11671 = EDGE_CURVE('',#9941,#8105,#11672,.T.);
#11672 = LINE('',#11673,#11674);
#11673 = CARTESIAN_POINT('',(5.869422115524,-1.000000014901,12.));
#11674 = VECTOR('',#11675,1.);
#11675 = DIRECTION('',(0.,0.,1.));
#11676 = CYLINDRICAL_SURFACE('',#11677,5.954);
#11677 = AXIS2_PLACEMENT_3D('',#11678,#11679,#11680);
#11678 = CARTESIAN_POINT('',(0.,0.,12.));
#11679 = DIRECTION('',(0.,0.,1.));
#11680 = DIRECTION('',(-1.,-2.470684426652E-15,0.));
#11681 = ADVANCED_FACE('',(#11682),#11693,.T.);
#11682 = FACE_BOUND('',#11683,.T.);
#11683 = EDGE_LOOP('',(#11684,#11685,#11686,#11687));
#11684 = ORIENTED_EDGE('',*,*,#8231,.T.);
#11685 = ORIENTED_EDGE('',*,*,#11481,.T.);
#11686 = ORIENTED_EDGE('',*,*,#10067,.T.);
#11687 = ORIENTED_EDGE('',*,*,#11688,.T.);
#11688 = EDGE_CURVE('',#10068,#8232,#11689,.T.);
#11689 = LINE('',#11690,#11691);
#11690 = CARTESIAN_POINT('',(5.869422115524,-1.000000014901,12.));
#11691 = VECTOR('',#11692,1.);
#11692 = DIRECTION('',(0.,0.,1.));
#11693 = CYLINDRICAL_SURFACE('',#11694,5.954);
#11694 = AXIS2_PLACEMENT_3D('',#11695,#11696,#11697);
#11695 = CARTESIAN_POINT('',(0.,0.,12.));
#11696 = DIRECTION('',(0.,0.,1.));
#11697 = DIRECTION('',(-1.,1.79474246087E-14,0.));
#11698 = ADVANCED_FACE('',(#11699),#11710,.T.);
#11699 = FACE_BOUND('',#11700,.T.);
#11700 = EDGE_LOOP('',(#11701,#11702,#11703,#11704));
#11701 = ORIENTED_EDGE('',*,*,#8358,.T.);
#11702 = ORIENTED_EDGE('',*,*,#11490,.T.);
#11703 = ORIENTED_EDGE('',*,*,#10194,.T.);
#11704 = ORIENTED_EDGE('',*,*,#11705,.T.);
#11705 = EDGE_CURVE('',#10195,#8359,#11706,.T.);
#11706 = LINE('',#11707,#11708);
#11707 = CARTESIAN_POINT('',(5.869422115524,-1.000000014901,12.));
#11708 = VECTOR('',#11709,1.);
#11709 = DIRECTION('',(0.,0.,1.));
#11710 = CYLINDRICAL_SURFACE('',#11711,5.954);
#11711 = AXIS2_PLACEMENT_3D('',#11712,#11713,#11714);
#11712 = CARTESIAN_POINT('',(0.,0.,12.));
#11713 = DIRECTION('',(0.,0.,1.));
#11714 = DIRECTION('',(-1.,2.097750928289E-16,0.));
#11715 = ADVANCED_FACE('',(#11716),#11727,.T.);
#11716 = FACE_BOUND('',#11717,.T.);
#11717 = EDGE_LOOP('',(#11718,#11719,#11720,#11721));
#11718 = ORIENTED_EDGE('',*,*,#8485,.T.);
#11719 = ORIENTED_EDGE('',*,*,#11499,.T.);
#11720 = ORIENTED_EDGE('',*,*,#10321,.T.);
#11721 = ORIENTED_EDGE('',*,*,#11722,.T.);
#11722 = EDGE_CURVE('',#10322,#8486,#11723,.T.);
#11723 = LINE('',#11724,#11725);
#11724 = CARTESIAN_POINT('',(5.869422115524,-1.000000014901,12.));
#11725 = VECTOR('',#11726,1.);
#11726 = DIRECTION('',(0.,0.,1.));
#11727 = CYLINDRICAL_SURFACE('',#11728,5.954);
#11728 = AXIS2_PLACEMENT_3D('',#11729,#11730,#11731);
#11729 = CARTESIAN_POINT('',(0.,0.,12.));
#11730 = DIRECTION('',(0.,0.,1.));
#11731 = DIRECTION('',(-1.,2.097750928289E-16,0.));
#11732 = ADVANCED_FACE('',(#11733),#11744,.T.);
#11733 = FACE_BOUND('',#11734,.T.);
#11734 = EDGE_LOOP('',(#11735,#11736,#11737,#11738));
#11735 = ORIENTED_EDGE('',*,*,#8612,.T.);
#11736 = ORIENTED_EDGE('',*,*,#11508,.T.);
#11737 = ORIENTED_EDGE('',*,*,#10448,.T.);
#11738 = ORIENTED_EDGE('',*,*,#11739,.T.);
#11739 = EDGE_CURVE('',#10449,#8613,#11740,.T.);
#11740 = LINE('',#11741,#11742);
#11741 = CARTESIAN_POINT('',(5.869422115524,-1.000000014901,12.));
#11742 = VECTOR('',#11743,1.);
#11743 = DIRECTION('',(0.,0.,1.));
#11744 = CYLINDRICAL_SURFACE('',#11745,5.954);
#11745 = AXIS2_PLACEMENT_3D('',#11746,#11747,#11748);
#11746 = CARTESIAN_POINT('',(0.,0.,12.));
#11747 = DIRECTION('',(0.,0.,1.));
#11748 = DIRECTION('',(-1.,2.097750928289E-16,0.));
#11749 = ADVANCED_FACE('',(#11750),#11761,.T.);
#11750 = FACE_BOUND('',#11751,.T.);
#11751 = EDGE_LOOP('',(#11752,#11753,#11754,#11755));
#11752 = ORIENTED_EDGE('',*,*,#8866,.T.);
#11753 = ORIENTED_EDGE('',*,*,#11526,.T.);
#11754 = ORIENTED_EDGE('',*,*,#10702,.T.);
#11755 = ORIENTED_EDGE('',*,*,#11756,.T.);
#11756 = EDGE_CURVE('',#10703,#8867,#11757,.T.);
#11757 = LINE('',#11758,#11759);
#11758 = CARTESIAN_POINT('',(5.869422115524,-1.000000014901,12.));
#11759 = VECTOR('',#11760,1.);
#11760 = DIRECTION('',(0.,0.,1.));
#11761 = CYLINDRICAL_SURFACE('',#11762,5.954);
#11762 = AXIS2_PLACEMENT_3D('',#11763,#11764,#11765);
#11763 = CARTESIAN_POINT('',(0.,0.,12.));
#11764 = DIRECTION('',(0.,0.,1.));
#11765 = DIRECTION('',(-1.,2.328503530401E-14,0.));
#11766 = ADVANCED_FACE('',(#11767),#11778,.T.);
#11767 = FACE_BOUND('',#11768,.T.);
#11768 = EDGE_LOOP('',(#11769,#11770,#11771,#11772));
#11769 = ORIENTED_EDGE('',*,*,#8739,.T.);
#11770 = ORIENTED_EDGE('',*,*,#11517,.T.);
#11771 = ORIENTED_EDGE('',*,*,#10575,.T.);
#11772 = ORIENTED_EDGE('',*,*,#11773,.T.);
#11773 = EDGE_CURVE('',#10576,#8740,#11774,.T.);
#11774 = LINE('',#11775,#11776);
#11775 = CARTESIAN_POINT('',(5.869422115524,-1.000000014901,12.));
#11776 = VECTOR('',#11777,1.);
#11777 = DIRECTION('',(0.,0.,1.));
#11778 = CYLINDRICAL_SURFACE('',#11779,5.954);
#11779 = AXIS2_PLACEMENT_3D('',#11780,#11781,#11782);
#11780 = CARTESIAN_POINT('',(0.,0.,12.));
#11781 = DIRECTION('',(0.,0.,1.));
#11782 = DIRECTION('',(-1.,2.328503530401E-14,0.));
#11783 = ADVANCED_FACE('',(#11784),#11801,.T.);
#11784 = FACE_BOUND('',#11785,.T.);
#11785 = EDGE_LOOP('',(#11786,#11787,#11793,#11794));
#11786 = ORIENTED_EDGE('',*,*,#11059,.T.);
#11787 = ORIENTED_EDGE('',*,*,#11788,.T.);
#11788 = EDGE_CURVE('',#11060,#7037,#11789,.T.);
#11789 = LINE('',#11790,#11791);
#11790 = CARTESIAN_POINT('',(5.869422115524,-1.000000014901,12.));
#11791 = VECTOR('',#11792,1.);
#11792 = DIRECTION('',(0.,0.,1.));
#11793 = ORIENTED_EDGE('',*,*,#7036,.T.);
#11794 = ORIENTED_EDGE('',*,*,#11795,.F.);
#11795 = EDGE_CURVE('',#10946,#7039,#11796,.T.);
#11796 = CIRCLE('',#11797,5.954);
#11797 = AXIS2_PLACEMENT_3D('',#11798,#11799,#11800);
#11798 = CARTESIAN_POINT('',(0.,0.,12.));
#11799 = DIRECTION('',(0.,0.,-1.));
#11800 = DIRECTION('',(0.986013296763,0.16666666915,0.));
#11801 = CYLINDRICAL_SURFACE('',#11802,5.954);
#11802 = AXIS2_PLACEMENT_3D('',#11803,#11804,#11805);
#11803 = CARTESIAN_POINT('',(0.,0.,12.));
#11804 = DIRECTION('',(0.,0.,1.));
#11805 = DIRECTION('',(-0.843090595756,-0.537771556842,0.));
#11806 = ADVANCED_FACE('',(#11807),#11843,.T.);
#11807 = FACE_BOUND('',#11808,.T.);
#11808 = EDGE_LOOP('',(#11809,#11810,#11818,#11826,#11834,#11842));
#11809 = ORIENTED_EDGE('',*,*,#10864,.T.);
#11810 = ORIENTED_EDGE('',*,*,#11811,.T.);
#11811 = EDGE_CURVE('',#10865,#11812,#11814,.T.);
#11812 = VERTEX_POINT('',#11813);
#11813 = CARTESIAN_POINT('',(5.000000074506,-1.000000014901,23.5));
#11814 = LINE('',#11815,#11816);
#11815 = CARTESIAN_POINT('',(5.000000074506,-1.000000014901,23.5));
#11816 = VECTOR('',#11817,1.);
#11817 = DIRECTION('',(-1.,0.,0.));
#11818 = ORIENTED_EDGE('',*,*,#11819,.T.);
#11819 = EDGE_CURVE('',#11812,#11820,#11822,.T.);
#11820 = VERTEX_POINT('',#11821);
#11821 = CARTESIAN_POINT('',(4.200000074506,-1.800000014901,24.3));
#11822 = LINE('',#11823,#11824);
#11823 = CARTESIAN_POINT('',(5.333333412806,-0.666666676601,
    23.1666666617));
#11824 = VECTOR('',#11825,1.);
#11825 = DIRECTION('',(-0.57735026919,-0.57735026919,0.57735026919));
#11826 = ORIENTED_EDGE('',*,*,#11827,.T.);
#11827 = EDGE_CURVE('',#11820,#11828,#11830,.T.);
#11828 = VERTEX_POINT('',#11829);
#11829 = CARTESIAN_POINT('',(4.878524361562,-1.800000014901,24.3));
#11830 = LINE('',#11831,#11832);
#11831 = CARTESIAN_POINT('',(5.916079780581,-1.800000014901,24.3));
#11832 = VECTOR('',#11833,1.);
#11833 = DIRECTION('',(1.,-1.514910516605E-16,0.));
#11834 = ORIENTED_EDGE('',*,*,#11835,.F.);
#11835 = EDGE_CURVE('',#5882,#11828,#11836,.T.);
#11836 = B_SPLINE_CURVE_WITH_KNOTS('',2,(#11837,#11838,#11839,#11840,
    #11841),.UNSPECIFIED.,.F.,.F.,(3,2,3),(2.062089440384E-02,
    0.148778984207,0.166852018893),.UNSPECIFIED.);
#11837 = CARTESIAN_POINT('',(5.861399147714,-1.046000014901,23.546));
#11838 = CARTESIAN_POINT('',(5.43069961111,-1.406643142244,
    23.906643127343));
#11839 = CARTESIAN_POINT('',(5.000000074505,-1.71428567232,
    24.214285657419));
#11840 = CARTESIAN_POINT('',(4.939262218034,-1.757669856068,
    24.257669841166));
#11841 = CARTESIAN_POINT('',(4.878524361562,-1.800000014902,24.3));
#11842 = ORIENTED_EDGE('',*,*,#5890,.T.);
#11843 = PLANE('',#11844);
#11844 = AXIS2_PLACEMENT_3D('',#11845,#11846,#11847);
#11845 = CARTESIAN_POINT('',(5.000000074506,-1.000000014901,23.5));
#11846 = DIRECTION('',(1.071203499182E-16,0.707106781187,0.707106781187)
  );
#11847 = DIRECTION('',(-1.,1.514910516605E-16,3.08148791102E-31));
#11848 = ADVANCED_FACE('',(#11849),#11869,.T.);
#11849 = FACE_BOUND('',#11850,.T.);
#11850 = EDGE_LOOP('',(#11851,#11852,#11859,#11860,#11861,#11868));
#11851 = ORIENTED_EDGE('',*,*,#11270,.F.);
#11852 = ORIENTED_EDGE('',*,*,#11853,.F.);
#11853 = EDGE_CURVE('',#5796,#11157,#11854,.T.);
#11854 = CIRCLE('',#11855,5.954);
#11855 = AXIS2_PLACEMENT_3D('',#11856,#11857,#11858);
#11856 = CARTESIAN_POINT('',(0.,0.,23.546));
#11857 = DIRECTION('',(0.,0.,-1.));
#11858 = DIRECTION('',(0.986013296763,0.16666666915,0.));
#11859 = ORIENTED_EDGE('',*,*,#5881,.F.);
#11860 = ORIENTED_EDGE('',*,*,#11835,.T.);
#11861 = ORIENTED_EDGE('',*,*,#11862,.T.);
#11862 = EDGE_CURVE('',#11828,#11350,#11863,.T.);
#11863 = CIRCLE('',#11864,5.2);
#11864 = AXIS2_PLACEMENT_3D('',#11865,#11866,#11867);
#11865 = CARTESIAN_POINT('',(0.,0.,24.3));
#11866 = DIRECTION('',(0.,0.,-1.));
#11867 = DIRECTION('',(0.986013296763,0.16666666915,0.));
#11868 = ORIENTED_EDGE('',*,*,#11349,.F.);
#11869 = CONICAL_SURFACE('',#11870,6.,0.785398163397);
#11870 = AXIS2_PLACEMENT_3D('',#11871,#11872,#11873);
#11871 = CARTESIAN_POINT('',(0.,0.,23.5));
#11872 = DIRECTION('',(0.,0.,-1.));
#11873 = DIRECTION('',(-1.,2.312964634636E-17,0.));
#11874 = ADVANCED_FACE('',(#11875),#11891,.T.);
#11875 = FACE_BOUND('',#11876,.T.);
#11876 = EDGE_LOOP('',(#11877,#11878,#11884,#11885));
#11877 = ORIENTED_EDGE('',*,*,#11819,.F.);
#11878 = ORIENTED_EDGE('',*,*,#11879,.T.);
#11879 = EDGE_CURVE('',#11812,#11368,#11880,.T.);
#11880 = LINE('',#11881,#11882);
#11881 = CARTESIAN_POINT('',(5.000000074506,1.000000014901,23.5));
#11882 = VECTOR('',#11883,1.);
#11883 = DIRECTION('',(0.,1.,0.));
#11884 = ORIENTED_EDGE('',*,*,#11367,.T.);
#11885 = ORIENTED_EDGE('',*,*,#11886,.T.);
#11886 = EDGE_CURVE('',#11360,#11820,#11887,.T.);
#11887 = LINE('',#11888,#11889);
#11888 = CARTESIAN_POINT('',(4.200000074506,-1.000000014901,24.3));
#11889 = VECTOR('',#11890,1.);
#11890 = DIRECTION('',(0.,-1.,0.));
#11891 = PLANE('',#11892);
#11892 = AXIS2_PLACEMENT_3D('',#11893,#11894,#11895);
#11893 = CARTESIAN_POINT('',(5.000000074506,1.000000014901,23.5));
#11894 = DIRECTION('',(0.707106781187,0.,0.707106781187));
#11895 = DIRECTION('',(-0.,1.,0.));
#11896 = ADVANCED_FACE('',(#11897,#11903),#11906,.T.);
#11897 = FACE_BOUND('',#11898,.T.);
#11898 = EDGE_LOOP('',(#11899,#11900,#11901,#11902));
#11899 = ORIENTED_EDGE('',*,*,#11862,.F.);
#11900 = ORIENTED_EDGE('',*,*,#11827,.F.);
#11901 = ORIENTED_EDGE('',*,*,#11886,.F.);
#11902 = ORIENTED_EDGE('',*,*,#11359,.F.);
#11903 = FACE_BOUND('',#11904,.T.);
#11904 = EDGE_LOOP('',(#11905));
#11905 = ORIENTED_EDGE('',*,*,#5779,.T.);
#11906 = PLANE('',#11907);
#11907 = AXIS2_PLACEMENT_3D('',#11908,#11909,#11910);
#11908 = CARTESIAN_POINT('',(5.000000074506,-1.000000014901,24.3));
#11909 = DIRECTION('',(0.,0.,1.));
#11910 = DIRECTION('',(1.,0.,-0.));
#11911 = ADVANCED_FACE('',(#11912),#11930,.T.);
#11912 = FACE_BOUND('',#11913,.T.);
#11913 = EDGE_LOOP('',(#11914,#11922,#11923,#11924));
#11914 = ORIENTED_EDGE('',*,*,#11915,.F.);
#11915 = EDGE_CURVE('',#11393,#11916,#11918,.T.);
#11916 = VERTEX_POINT('',#11917);
#11917 = CARTESIAN_POINT('',(5.000000074506,-1.000000014901,12.));
#11918 = LINE('',#11919,#11920);
#11919 = CARTESIAN_POINT('',(5.000000074506,1.000000014901,12.));
#11920 = VECTOR('',#11921,1.);
#11921 = DIRECTION('',(0.,-1.,0.));
#11922 = ORIENTED_EDGE('',*,*,#11392,.T.);
#11923 = ORIENTED_EDGE('',*,*,#11879,.F.);
#11924 = ORIENTED_EDGE('',*,*,#11925,.F.);
#11925 = EDGE_CURVE('',#11916,#11812,#11926,.T.);
#11926 = LINE('',#11927,#11928);
#11927 = CARTESIAN_POINT('',(5.000000074506,-1.000000014901,12.));
#11928 = VECTOR('',#11929,1.);
#11929 = DIRECTION('',(0.,0.,1.));
#11930 = PLANE('',#11931);
#11931 = AXIS2_PLACEMENT_3D('',#11932,#11933,#11934);
#11932 = CARTESIAN_POINT('',(5.000000074506,-1.000000014901,12.));
#11933 = DIRECTION('',(1.,0.,0.));
#11934 = DIRECTION('',(-0.,1.,0.));
#11935 = ADVANCED_FACE('',(#11936),#12009,.T.);
#11936 = FACE_BOUND('',#11937,.T.);
#11937 = EDGE_LOOP('',(#11938,#11939,#11945,#11946,#11947,#11948,#11949,
    #11950,#11951,#11952,#11953,#11954,#11955,#11956,#11957,#11958,
    #11959,#11960,#11961,#11962,#11963,#11964,#11965,#11966,#11967,
    #11968,#11969,#11970,#11971,#11972,#11973,#11974,#11975,#11976,
    #11977,#11978,#11979,#11980,#11981,#11982,#11983,#11984,#11985,
    #11986,#11987,#11988,#11989,#11990,#11991,#11992,#11993,#11994,
    #11995,#11996,#11997,#11998,#11999,#12000,#12001,#12002,#12003,
    #12004,#12005,#12006,#12007,#12008));
#11938 = ORIENTED_EDGE('',*,*,#7009,.T.);
#11939 = ORIENTED_EDGE('',*,*,#11940,.F.);
#11940 = EDGE_CURVE('',#11916,#6964,#11941,.T.);
#11941 = LINE('',#11942,#11943);
#11942 = CARTESIAN_POINT('',(5.000000074506,-1.000000014901,12.));
#11943 = VECTOR('',#11944,1.);
#11944 = DIRECTION('',(1.,0.,0.));
#11945 = ORIENTED_EDGE('',*,*,#11925,.T.);
#11946 = ORIENTED_EDGE('',*,*,#11811,.F.);
#11947 = ORIENTED_EDGE('',*,*,#10873,.T.);
#11948 = ORIENTED_EDGE('',*,*,#6846,.T.);
#11949 = ORIENTED_EDGE('',*,*,#8920,.T.);
#11950 = ORIENTED_EDGE('',*,*,#11756,.F.);
#11951 = ORIENTED_EDGE('',*,*,#10744,.T.);
#11952 = ORIENTED_EDGE('',*,*,#6736,.T.);
#11953 = ORIENTED_EDGE('',*,*,#8793,.T.);
#11954 = ORIENTED_EDGE('',*,*,#11773,.F.);
#11955 = ORIENTED_EDGE('',*,*,#10617,.T.);
#11956 = ORIENTED_EDGE('',*,*,#6672,.T.);
#11957 = ORIENTED_EDGE('',*,*,#8666,.T.);
#11958 = ORIENTED_EDGE('',*,*,#11739,.F.);
#11959 = ORIENTED_EDGE('',*,*,#10490,.T.);
#11960 = ORIENTED_EDGE('',*,*,#6608,.T.);
#11961 = ORIENTED_EDGE('',*,*,#8539,.T.);
#11962 = ORIENTED_EDGE('',*,*,#11722,.F.);
#11963 = ORIENTED_EDGE('',*,*,#10363,.T.);
#11964 = ORIENTED_EDGE('',*,*,#6544,.T.);
#11965 = ORIENTED_EDGE('',*,*,#8412,.T.);
#11966 = ORIENTED_EDGE('',*,*,#11705,.F.);
#11967 = ORIENTED_EDGE('',*,*,#10236,.T.);
#11968 = ORIENTED_EDGE('',*,*,#6480,.T.);
#11969 = ORIENTED_EDGE('',*,*,#8285,.T.);
#11970 = ORIENTED_EDGE('',*,*,#11688,.F.);
#11971 = ORIENTED_EDGE('',*,*,#10109,.T.);
#11972 = ORIENTED_EDGE('',*,*,#6416,.T.);
#11973 = ORIENTED_EDGE('',*,*,#8158,.T.);
#11974 = ORIENTED_EDGE('',*,*,#11671,.F.);
#11975 = ORIENTED_EDGE('',*,*,#9982,.T.);
#11976 = ORIENTED_EDGE('',*,*,#6352,.T.);
#11977 = ORIENTED_EDGE('',*,*,#8031,.T.);
#11978 = ORIENTED_EDGE('',*,*,#11654,.F.);
#11979 = ORIENTED_EDGE('',*,*,#9855,.T.);
#11980 = ORIENTED_EDGE('',*,*,#6288,.T.);
#11981 = ORIENTED_EDGE('',*,*,#7904,.T.);
#11982 = ORIENTED_EDGE('',*,*,#11637,.F.);
#11983 = ORIENTED_EDGE('',*,*,#9728,.T.);
#11984 = ORIENTED_EDGE('',*,*,#6224,.T.);
#11985 = ORIENTED_EDGE('',*,*,#7777,.T.);
#11986 = ORIENTED_EDGE('',*,*,#11620,.F.);
#11987 = ORIENTED_EDGE('',*,*,#9601,.T.);
#11988 = ORIENTED_EDGE('',*,*,#6160,.T.);
#11989 = ORIENTED_EDGE('',*,*,#7650,.T.);
#11990 = ORIENTED_EDGE('',*,*,#11603,.F.);
#11991 = ORIENTED_EDGE('',*,*,#9474,.T.);
#11992 = ORIENTED_EDGE('',*,*,#6096,.T.);
#11993 = ORIENTED_EDGE('',*,*,#7523,.T.);
#11994 = ORIENTED_EDGE('',*,*,#11586,.F.);
#11995 = ORIENTED_EDGE('',*,*,#9347,.T.);
#11996 = ORIENTED_EDGE('',*,*,#6032,.T.);
#11997 = ORIENTED_EDGE('',*,*,#7396,.T.);
#11998 = ORIENTED_EDGE('',*,*,#11569,.F.);
#11999 = ORIENTED_EDGE('',*,*,#9220,.T.);
#12000 = ORIENTED_EDGE('',*,*,#5968,.T.);
#12001 = ORIENTED_EDGE('',*,*,#7269,.T.);
#12002 = ORIENTED_EDGE('',*,*,#11552,.F.);
#12003 = ORIENTED_EDGE('',*,*,#9093,.T.);
#12004 = ORIENTED_EDGE('',*,*,#5904,.T.);
#12005 = ORIENTED_EDGE('',*,*,#7142,.T.);
#12006 = ORIENTED_EDGE('',*,*,#11788,.F.);
#12007 = ORIENTED_EDGE('',*,*,#11089,.T.);
#12008 = ORIENTED_EDGE('',*,*,#6800,.T.);
#12009 = PLANE('',#12010);
#12010 = AXIS2_PLACEMENT_3D('',#12011,#12012,#12013);
#12011 = CARTESIAN_POINT('',(5.916079780581,-1.000000014901,12.));
#12012 = DIRECTION('',(0.,1.,0.));
#12013 = DIRECTION('',(-1.,0.,0.));
#12014 = ADVANCED_FACE('',(#12015),#12021,.T.);
#12015 = FACE_BOUND('',#12016,.T.);
#12016 = EDGE_LOOP('',(#12017,#12018,#12019,#12020));
#12017 = ORIENTED_EDGE('',*,*,#11287,.T.);
#12018 = ORIENTED_EDGE('',*,*,#11535,.T.);
#12019 = ORIENTED_EDGE('',*,*,#10829,.T.);
#12020 = ORIENTED_EDGE('',*,*,#11853,.T.);
#12021 = CYLINDRICAL_SURFACE('',#12022,5.954);
#12022 = AXIS2_PLACEMENT_3D('',#12023,#12024,#12025);
#12023 = CARTESIAN_POINT('',(0.,0.,12.));
#12024 = DIRECTION('',(0.,0.,1.));
#12025 = DIRECTION('',(-0.744334867343,0.667806562754,0.));
#12026 = ADVANCED_FACE('',(#12027),#12037,.F.);
#12027 = FACE_BOUND('',#12028,.T.);
#12028 = EDGE_LOOP('',(#12029,#12030,#12031,#12032,#12033,#12034,#12035,
    #12036));
#12029 = ORIENTED_EDGE('',*,*,#10945,.T.);
#12030 = ORIENTED_EDGE('',*,*,#11795,.T.);
#12031 = ORIENTED_EDGE('',*,*,#7074,.T.);
#12032 = ORIENTED_EDGE('',*,*,#11400,.F.);
#12033 = ORIENTED_EDGE('',*,*,#11915,.T.);
#12034 = ORIENTED_EDGE('',*,*,#11940,.T.);
#12035 = ORIENTED_EDGE('',*,*,#6963,.T.);
#12036 = ORIENTED_EDGE('',*,*,#6822,.T.);
#12037 = PLANE('',#12038);
#12038 = AXIS2_PLACEMENT_3D('',#12039,#12040,#12041);
#12039 = CARTESIAN_POINT('',(-4.196010970957E-02,0.,12.));
#12040 = DIRECTION('',(0.,0.,1.));
#12041 = DIRECTION('',(-1.,0.,0.));
#12042 = MANIFOLD_SOLID_BREP('',#12043);
#12043 = CLOSED_SHELL('',(#12044,#12085,#12117,#12141,#12165,#12182));
#12044 = ADVANCED_FACE('',(#12045),#12080,.T.);
#12045 = FACE_BOUND('',#12046,.T.);
#12046 = EDGE_LOOP('',(#12047,#12058,#12066,#12074));
#12047 = ORIENTED_EDGE('',*,*,#12048,.F.);
#12048 = EDGE_CURVE('',#12049,#12051,#12053,.T.);
#12049 = VERTEX_POINT('',#12050);
#12050 = CARTESIAN_POINT('',(3.6,2.,-4.1));
#12051 = VERTEX_POINT('',#12052);
#12052 = CARTESIAN_POINT('',(3.6,3.,-4.1));
#12053 = CIRCLE('',#12054,0.5);
#12054 = AXIS2_PLACEMENT_3D('',#12055,#12056,#12057);
#12055 = CARTESIAN_POINT('',(3.6,2.5,-4.1));
#12056 = DIRECTION('',(1.,-5.551115123126E-16,0.));
#12057 = DIRECTION('',(3.925231146709E-16,0.707106781187,-0.707106781187
    ));
#12058 = ORIENTED_EDGE('',*,*,#12059,.F.);
#12059 = EDGE_CURVE('',#12060,#12049,#12062,.T.);
#12060 = VERTEX_POINT('',#12061);
#12061 = CARTESIAN_POINT('',(3.6,2.,0.));
#12062 = LINE('',#12063,#12064);
#12063 = CARTESIAN_POINT('',(3.6,2.,0.));
#12064 = VECTOR('',#12065,1.);
#12065 = DIRECTION('',(0.,0.,-1.));
#12066 = ORIENTED_EDGE('',*,*,#12067,.F.);
#12067 = EDGE_CURVE('',#12068,#12060,#12070,.T.);
#12068 = VERTEX_POINT('',#12069);
#12069 = CARTESIAN_POINT('',(3.6,3.,0.));
#12070 = LINE('',#12071,#12072);
#12071 = CARTESIAN_POINT('',(3.6,3.,0.));
#12072 = VECTOR('',#12073,1.);
#12073 = DIRECTION('',(-5.551115123126E-16,-1.,0.));
#12074 = ORIENTED_EDGE('',*,*,#12075,.T.);
#12075 = EDGE_CURVE('',#12068,#12051,#12076,.T.);
#12076 = LINE('',#12077,#12078);
#12077 = CARTESIAN_POINT('',(3.6,3.,0.));
#12078 = VECTOR('',#12079,1.);
#12079 = DIRECTION('',(0.,0.,-1.));
#12080 = PLANE('',#12081);
#12081 = AXIS2_PLACEMENT_3D('',#12082,#12083,#12084);
#12082 = CARTESIAN_POINT('',(3.6,2.,0.));
#12083 = DIRECTION('',(-1.,5.551115123126E-16,0.));
#12084 = DIRECTION('',(5.551115123126E-16,1.,0.));
#12085 = ADVANCED_FACE('',(#12086),#12112,.T.);
#12086 = FACE_BOUND('',#12087,.T.);
#12087 = EDGE_LOOP('',(#12088,#12089,#12097,#12106));
#12088 = ORIENTED_EDGE('',*,*,#12048,.T.);
#12089 = ORIENTED_EDGE('',*,*,#12090,.T.);
#12090 = EDGE_CURVE('',#12051,#12091,#12093,.T.);
#12091 = VERTEX_POINT('',#12092);
#12092 = CARTESIAN_POINT('',(4.4,3.,-4.1));
#12093 = LINE('',#12094,#12095);
#12094 = CARTESIAN_POINT('',(3.8,3.,-4.1));
#12095 = VECTOR('',#12096,1.);
#12096 = DIRECTION('',(1.,0.,0.));
#12097 = ORIENTED_EDGE('',*,*,#12098,.T.);
#12098 = EDGE_CURVE('',#12091,#12099,#12101,.T.);
#12099 = VERTEX_POINT('',#12100);
#12100 = CARTESIAN_POINT('',(4.4,2.,-4.1));
#12101 = CIRCLE('',#12102,0.5);
#12102 = AXIS2_PLACEMENT_3D('',#12103,#12104,#12105);
#12103 = CARTESIAN_POINT('',(4.4,2.5,-4.1));
#12104 = DIRECTION('',(-1.,0.,0.));
#12105 = DIRECTION('',(-0.,-0.707106781187,-0.707106781187));
#12106 = ORIENTED_EDGE('',*,*,#12107,.T.);
#12107 = EDGE_CURVE('',#12099,#12049,#12108,.T.);
#12108 = LINE('',#12109,#12110);
#12109 = CARTESIAN_POINT('',(4.2,2.,-4.1));
#12110 = VECTOR('',#12111,1.);
#12111 = DIRECTION('',(-1.,0.,0.));
#12112 = CYLINDRICAL_SURFACE('',#12113,0.5);
#12113 = AXIS2_PLACEMENT_3D('',#12114,#12115,#12116);
#12114 = CARTESIAN_POINT('',(4.2,2.5,-4.1));
#12115 = DIRECTION('',(-1.,0.,0.));
#12116 = DIRECTION('',(-0.,-0.707106781187,-0.707106781187));
#12117 = ADVANCED_FACE('',(#12118),#12136,.T.);
#12118 = FACE_BOUND('',#12119,.T.);
#12119 = EDGE_LOOP('',(#12120,#12121,#12122,#12130));
#12120 = ORIENTED_EDGE('',*,*,#12090,.F.);
#12121 = ORIENTED_EDGE('',*,*,#12075,.F.);
#12122 = ORIENTED_EDGE('',*,*,#12123,.F.);
#12123 = EDGE_CURVE('',#12124,#12068,#12126,.T.);
#12124 = VERTEX_POINT('',#12125);
#12125 = CARTESIAN_POINT('',(4.4,3.,0.));
#12126 = LINE('',#12127,#12128);
#12127 = CARTESIAN_POINT('',(4.4,3.,0.));
#12128 = VECTOR('',#12129,1.);
#12129 = DIRECTION('',(-1.,0.,0.));
#12130 = ORIENTED_EDGE('',*,*,#12131,.T.);
#12131 = EDGE_CURVE('',#12124,#12091,#12132,.T.);
#12132 = LINE('',#12133,#12134);
#12133 = CARTESIAN_POINT('',(4.4,3.,0.));
#12134 = VECTOR('',#12135,1.);
#12135 = DIRECTION('',(0.,0.,-1.));
#12136 = PLANE('',#12137);
#12137 = AXIS2_PLACEMENT_3D('',#12138,#12139,#12140);
#12138 = CARTESIAN_POINT('',(3.6,3.,0.));
#12139 = DIRECTION('',(0.,1.,0.));
#12140 = DIRECTION('',(1.,0.,0.));
#12141 = ADVANCED_FACE('',(#12142),#12160,.T.);
#12142 = FACE_BOUND('',#12143,.T.);
#12143 = EDGE_LOOP('',(#12144,#12145,#12153,#12159));
#12144 = ORIENTED_EDGE('',*,*,#12107,.F.);
#12145 = ORIENTED_EDGE('',*,*,#12146,.F.);
#12146 = EDGE_CURVE('',#12147,#12099,#12149,.T.);
#12147 = VERTEX_POINT('',#12148);
#12148 = CARTESIAN_POINT('',(4.4,2.,0.));
#12149 = LINE('',#12150,#12151);
#12150 = CARTESIAN_POINT('',(4.4,2.,0.));
#12151 = VECTOR('',#12152,1.);
#12152 = DIRECTION('',(0.,0.,-1.));
#12153 = ORIENTED_EDGE('',*,*,#12154,.F.);
#12154 = EDGE_CURVE('',#12060,#12147,#12155,.T.);
#12155 = LINE('',#12156,#12157);
#12156 = CARTESIAN_POINT('',(3.6,2.,0.));
#12157 = VECTOR('',#12158,1.);
#12158 = DIRECTION('',(1.,0.,0.));
#12159 = ORIENTED_EDGE('',*,*,#12059,.T.);
#12160 = PLANE('',#12161);
#12161 = AXIS2_PLACEMENT_3D('',#12162,#12163,#12164);
#12162 = CARTESIAN_POINT('',(4.4,2.,0.));
#12163 = DIRECTION('',(0.,-1.,0.));
#12164 = DIRECTION('',(-1.,0.,0.));
#12165 = ADVANCED_FACE('',(#12166),#12177,.T.);
#12166 = FACE_BOUND('',#12167,.T.);
#12167 = EDGE_LOOP('',(#12168,#12169,#12170,#12176));
#12168 = ORIENTED_EDGE('',*,*,#12098,.F.);
#12169 = ORIENTED_EDGE('',*,*,#12131,.F.);
#12170 = ORIENTED_EDGE('',*,*,#12171,.F.);
#12171 = EDGE_CURVE('',#12147,#12124,#12172,.T.);
#12172 = LINE('',#12173,#12174);
#12173 = CARTESIAN_POINT('',(4.4,2.,0.));
#12174 = VECTOR('',#12175,1.);
#12175 = DIRECTION('',(0.,1.,0.));
#12176 = ORIENTED_EDGE('',*,*,#12146,.T.);
#12177 = PLANE('',#12178);
#12178 = AXIS2_PLACEMENT_3D('',#12179,#12180,#12181);
#12179 = CARTESIAN_POINT('',(4.4,3.,0.));
#12180 = DIRECTION('',(1.,0.,0.));
#12181 = DIRECTION('',(0.,-1.,0.));
#12182 = ADVANCED_FACE('',(#12183),#12189,.F.);
#12183 = FACE_BOUND('',#12184,.T.);
#12184 = EDGE_LOOP('',(#12185,#12186,#12187,#12188));
#12185 = ORIENTED_EDGE('',*,*,#12171,.T.);
#12186 = ORIENTED_EDGE('',*,*,#12123,.T.);
#12187 = ORIENTED_EDGE('',*,*,#12067,.T.);
#12188 = ORIENTED_EDGE('',*,*,#12154,.T.);
#12189 = PLANE('',#12190);
#12190 = AXIS2_PLACEMENT_3D('',#12191,#12192,#12193);
#12191 = CARTESIAN_POINT('',(4.,2.5,0.));
#12192 = DIRECTION('',(0.,0.,-1.));
#12193 = DIRECTION('',(1.,0.,0.));
#12194 = MANIFOLD_SOLID_BREP('',#12195);
#12195 = CLOSED_SHELL('',(#12196,#12237,#12269,#12293,#12317,#12334));
#12196 = ADVANCED_FACE('',(#12197),#12232,.T.);
#12197 = FACE_BOUND('',#12198,.T.);
#12198 = EDGE_LOOP('',(#12199,#12210,#12218,#12226));
#12199 = ORIENTED_EDGE('',*,*,#12200,.F.);
#12200 = EDGE_CURVE('',#12201,#12203,#12205,.T.);
#12201 = VERTEX_POINT('',#12202);
#12202 = CARTESIAN_POINT('',(-3.6,-2.,-4.1));
#12203 = VERTEX_POINT('',#12204);
#12204 = CARTESIAN_POINT('',(-3.6,-3.,-4.1));
#12205 = CIRCLE('',#12206,0.5);
#12206 = AXIS2_PLACEMENT_3D('',#12207,#12208,#12209);
#12207 = CARTESIAN_POINT('',(-3.6,-2.5,-4.1));
#12208 = DIRECTION('',(-1.,0.,0.));
#12209 = DIRECTION('',(-0.,-0.707106781187,-0.707106781187));
#12210 = ORIENTED_EDGE('',*,*,#12211,.F.);
#12211 = EDGE_CURVE('',#12212,#12201,#12214,.T.);
#12212 = VERTEX_POINT('',#12213);
#12213 = CARTESIAN_POINT('',(-3.6,-2.,0.));
#12214 = LINE('',#12215,#12216);
#12215 = CARTESIAN_POINT('',(-3.6,-2.,0.));
#12216 = VECTOR('',#12217,1.);
#12217 = DIRECTION('',(0.,0.,-1.));
#12218 = ORIENTED_EDGE('',*,*,#12219,.F.);
#12219 = EDGE_CURVE('',#12220,#12212,#12222,.T.);
#12220 = VERTEX_POINT('',#12221);
#12221 = CARTESIAN_POINT('',(-3.6,-3.,0.));
#12222 = LINE('',#12223,#12224);
#12223 = CARTESIAN_POINT('',(-3.6,-3.,0.));
#12224 = VECTOR('',#12225,1.);
#12225 = DIRECTION('',(0.,1.,0.));
#12226 = ORIENTED_EDGE('',*,*,#12227,.T.);
#12227 = EDGE_CURVE('',#12220,#12203,#12228,.T.);
#12228 = LINE('',#12229,#12230);
#12229 = CARTESIAN_POINT('',(-3.6,-3.,0.));
#12230 = VECTOR('',#12231,1.);
#12231 = DIRECTION('',(0.,0.,-1.));
#12232 = PLANE('',#12233);
#12233 = AXIS2_PLACEMENT_3D('',#12234,#12235,#12236);
#12234 = CARTESIAN_POINT('',(-3.6,-2.,0.));
#12235 = DIRECTION('',(1.,0.,0.));
#12236 = DIRECTION('',(0.,-1.,0.));
#12237 = ADVANCED_FACE('',(#12238),#12264,.T.);
#12238 = FACE_BOUND('',#12239,.T.);
#12239 = EDGE_LOOP('',(#12240,#12241,#12249,#12258));
#12240 = ORIENTED_EDGE('',*,*,#12200,.T.);
#12241 = ORIENTED_EDGE('',*,*,#12242,.T.);
#12242 = EDGE_CURVE('',#12203,#12243,#12245,.T.);
#12243 = VERTEX_POINT('',#12244);
#12244 = CARTESIAN_POINT('',(-4.4,-3.,-4.1));
#12245 = LINE('',#12246,#12247);
#12246 = CARTESIAN_POINT('',(-3.8,-3.,-4.1));
#12247 = VECTOR('',#12248,1.);
#12248 = DIRECTION('',(-1.,0.,0.));
#12249 = ORIENTED_EDGE('',*,*,#12250,.T.);
#12250 = EDGE_CURVE('',#12243,#12251,#12253,.T.);
#12251 = VERTEX_POINT('',#12252);
#12252 = CARTESIAN_POINT('',(-4.4,-2.,-4.1));
#12253 = CIRCLE('',#12254,0.5);
#12254 = AXIS2_PLACEMENT_3D('',#12255,#12256,#12257);
#12255 = CARTESIAN_POINT('',(-4.4,-2.5,-4.1));
#12256 = DIRECTION('',(1.,0.,0.));
#12257 = DIRECTION('',(0.,0.707106781187,-0.707106781187));
#12258 = ORIENTED_EDGE('',*,*,#12259,.T.);
#12259 = EDGE_CURVE('',#12251,#12201,#12260,.T.);
#12260 = LINE('',#12261,#12262);
#12261 = CARTESIAN_POINT('',(-4.2,-2.,-4.1));
#12262 = VECTOR('',#12263,1.);
#12263 = DIRECTION('',(1.,0.,0.));
#12264 = CYLINDRICAL_SURFACE('',#12265,0.5);
#12265 = AXIS2_PLACEMENT_3D('',#12266,#12267,#12268);
#12266 = CARTESIAN_POINT('',(-4.2,-2.5,-4.1));
#12267 = DIRECTION('',(1.,0.,0.));
#12268 = DIRECTION('',(0.,0.707106781187,-0.707106781187));
#12269 = ADVANCED_FACE('',(#12270),#12288,.T.);
#12270 = FACE_BOUND('',#12271,.T.);
#12271 = EDGE_LOOP('',(#12272,#12273,#12281,#12287));
#12272 = ORIENTED_EDGE('',*,*,#12259,.F.);
#12273 = ORIENTED_EDGE('',*,*,#12274,.F.);
#12274 = EDGE_CURVE('',#12275,#12251,#12277,.T.);
#12275 = VERTEX_POINT('',#12276);
#12276 = CARTESIAN_POINT('',(-4.4,-2.,0.));
#12277 = LINE('',#12278,#12279);
#12278 = CARTESIAN_POINT('',(-4.4,-2.,0.));
#12279 = VECTOR('',#12280,1.);
#12280 = DIRECTION('',(0.,0.,-1.));
#12281 = ORIENTED_EDGE('',*,*,#12282,.F.);
#12282 = EDGE_CURVE('',#12212,#12275,#12283,.T.);
#12283 = LINE('',#12284,#12285);
#12284 = CARTESIAN_POINT('',(-3.6,-2.,0.));
#12285 = VECTOR('',#12286,1.);
#12286 = DIRECTION('',(-1.,0.,0.));
#12287 = ORIENTED_EDGE('',*,*,#12211,.T.);
#12288 = PLANE('',#12289);
#12289 = AXIS2_PLACEMENT_3D('',#12290,#12291,#12292);
#12290 = CARTESIAN_POINT('',(-4.4,-2.,0.));
#12291 = DIRECTION('',(0.,1.,0.));
#12292 = DIRECTION('',(1.,0.,0.));
#12293 = ADVANCED_FACE('',(#12294),#12312,.T.);
#12294 = FACE_BOUND('',#12295,.T.);
#12295 = EDGE_LOOP('',(#12296,#12297,#12305,#12311));
#12296 = ORIENTED_EDGE('',*,*,#12250,.F.);
#12297 = ORIENTED_EDGE('',*,*,#12298,.F.);
#12298 = EDGE_CURVE('',#12299,#12243,#12301,.T.);
#12299 = VERTEX_POINT('',#12300);
#12300 = CARTESIAN_POINT('',(-4.4,-3.,0.));
#12301 = LINE('',#12302,#12303);
#12302 = CARTESIAN_POINT('',(-4.4,-3.,0.));
#12303 = VECTOR('',#12304,1.);
#12304 = DIRECTION('',(0.,0.,-1.));
#12305 = ORIENTED_EDGE('',*,*,#12306,.F.);
#12306 = EDGE_CURVE('',#12275,#12299,#12307,.T.);
#12307 = LINE('',#12308,#12309);
#12308 = CARTESIAN_POINT('',(-4.4,-2.,0.));
#12309 = VECTOR('',#12310,1.);
#12310 = DIRECTION('',(0.,-1.,0.));
#12311 = ORIENTED_EDGE('',*,*,#12274,.T.);
#12312 = PLANE('',#12313);
#12313 = AXIS2_PLACEMENT_3D('',#12314,#12315,#12316);
#12314 = CARTESIAN_POINT('',(-4.4,-3.,0.));
#12315 = DIRECTION('',(-1.,0.,0.));
#12316 = DIRECTION('',(0.,1.,0.));
#12317 = ADVANCED_FACE('',(#12318),#12329,.T.);
#12318 = FACE_BOUND('',#12319,.T.);
#12319 = EDGE_LOOP('',(#12320,#12321,#12322,#12328));
#12320 = ORIENTED_EDGE('',*,*,#12242,.F.);
#12321 = ORIENTED_EDGE('',*,*,#12227,.F.);
#12322 = ORIENTED_EDGE('',*,*,#12323,.F.);
#12323 = EDGE_CURVE('',#12299,#12220,#12324,.T.);
#12324 = LINE('',#12325,#12326);
#12325 = CARTESIAN_POINT('',(-4.4,-3.,0.));
#12326 = VECTOR('',#12327,1.);
#12327 = DIRECTION('',(1.,0.,0.));
#12328 = ORIENTED_EDGE('',*,*,#12298,.T.);
#12329 = PLANE('',#12330);
#12330 = AXIS2_PLACEMENT_3D('',#12331,#12332,#12333);
#12331 = CARTESIAN_POINT('',(-3.6,-3.,0.));
#12332 = DIRECTION('',(0.,-1.,0.));
#12333 = DIRECTION('',(-1.,0.,0.));
#12334 = ADVANCED_FACE('',(#12335),#12341,.F.);
#12335 = FACE_BOUND('',#12336,.T.);
#12336 = EDGE_LOOP('',(#12337,#12338,#12339,#12340));
#12337 = ORIENTED_EDGE('',*,*,#12219,.T.);
#12338 = ORIENTED_EDGE('',*,*,#12282,.T.);
#12339 = ORIENTED_EDGE('',*,*,#12306,.T.);
#12340 = ORIENTED_EDGE('',*,*,#12323,.T.);
#12341 = PLANE('',#12342);
#12342 = AXIS2_PLACEMENT_3D('',#12343,#12344,#12345);
#12343 = CARTESIAN_POINT('',(-4.,-2.5,0.));
#12344 = DIRECTION('',(0.,0.,-1.));
#12345 = DIRECTION('',(1.,0.,0.));
#12346 = MANIFOLD_SOLID_BREP('',#12347);
#12347 = CLOSED_SHELL('',(#12348,#12389,#12421,#12445,#12469,#12486));
#12348 = ADVANCED_FACE('',(#12349),#12384,.T.);
#12349 = FACE_BOUND('',#12350,.T.);
#12350 = EDGE_LOOP('',(#12351,#12362,#12370,#12378));
#12351 = ORIENTED_EDGE('',*,*,#12352,.F.);
#12352 = EDGE_CURVE('',#12353,#12355,#12357,.T.);
#12353 = VERTEX_POINT('',#12354);
#12354 = CARTESIAN_POINT('',(0.4,3.,-4.1));
#12355 = VERTEX_POINT('',#12356);
#12356 = CARTESIAN_POINT('',(0.4,2.,-4.1));
#12357 = CIRCLE('',#12358,0.5);
#12358 = AXIS2_PLACEMENT_3D('',#12359,#12360,#12361);
#12359 = CARTESIAN_POINT('',(0.4,2.5,-4.1));
#12360 = DIRECTION('',(-1.,0.,0.));
#12361 = DIRECTION('',(-0.,-0.707106781187,-0.707106781187));
#12362 = ORIENTED_EDGE('',*,*,#12363,.F.);
#12363 = EDGE_CURVE('',#12364,#12353,#12366,.T.);
#12364 = VERTEX_POINT('',#12365);
#12365 = CARTESIAN_POINT('',(0.4,3.,0.));
#12366 = LINE('',#12367,#12368);
#12367 = CARTESIAN_POINT('',(0.4,3.,0.));
#12368 = VECTOR('',#12369,1.);
#12369 = DIRECTION('',(0.,0.,-1.));
#12370 = ORIENTED_EDGE('',*,*,#12371,.F.);
#12371 = EDGE_CURVE('',#12372,#12364,#12374,.T.);
#12372 = VERTEX_POINT('',#12373);
#12373 = CARTESIAN_POINT('',(0.4,2.,0.));
#12374 = LINE('',#12375,#12376);
#12375 = CARTESIAN_POINT('',(0.4,2.,0.));
#12376 = VECTOR('',#12377,1.);
#12377 = DIRECTION('',(0.,1.,0.));
#12378 = ORIENTED_EDGE('',*,*,#12379,.T.);
#12379 = EDGE_CURVE('',#12372,#12355,#12380,.T.);
#12380 = LINE('',#12381,#12382);
#12381 = CARTESIAN_POINT('',(0.4,2.,0.));
#12382 = VECTOR('',#12383,1.);
#12383 = DIRECTION('',(0.,0.,-1.));
#12384 = PLANE('',#12385);
#12385 = AXIS2_PLACEMENT_3D('',#12386,#12387,#12388);
#12386 = CARTESIAN_POINT('',(0.4,3.,0.));
#12387 = DIRECTION('',(1.,0.,0.));
#12388 = DIRECTION('',(0.,-1.,0.));
#12389 = ADVANCED_FACE('',(#12390),#12416,.T.);
#12390 = FACE_BOUND('',#12391,.T.);
#12391 = EDGE_LOOP('',(#12392,#12393,#12401,#12410));
#12392 = ORIENTED_EDGE('',*,*,#12352,.T.);
#12393 = ORIENTED_EDGE('',*,*,#12394,.T.);
#12394 = EDGE_CURVE('',#12355,#12395,#12397,.T.);
#12395 = VERTEX_POINT('',#12396);
#12396 = CARTESIAN_POINT('',(-0.4,2.,-4.1));
#12397 = LINE('',#12398,#12399);
#12398 = CARTESIAN_POINT('',(0.2,2.,-4.1));
#12399 = VECTOR('',#12400,1.);
#12400 = DIRECTION('',(-1.,0.,0.));
#12401 = ORIENTED_EDGE('',*,*,#12402,.T.);
#12402 = EDGE_CURVE('',#12395,#12403,#12405,.T.);
#12403 = VERTEX_POINT('',#12404);
#12404 = CARTESIAN_POINT('',(-0.4,3.,-4.1));
#12405 = CIRCLE('',#12406,0.5);
#12406 = AXIS2_PLACEMENT_3D('',#12407,#12408,#12409);
#12407 = CARTESIAN_POINT('',(-0.4,2.5,-4.1));
#12408 = DIRECTION('',(1.,-6.938893903907E-17,0.));
#12409 = DIRECTION('',(4.906538933387E-17,0.707106781187,-0.707106781187
    ));
#12410 = ORIENTED_EDGE('',*,*,#12411,.T.);
#12411 = EDGE_CURVE('',#12403,#12353,#12412,.T.);
#12412 = LINE('',#12413,#12414);
#12413 = CARTESIAN_POINT('',(-0.2,3.,-4.1));
#12414 = VECTOR('',#12415,1.);
#12415 = DIRECTION('',(1.,0.,0.));
#12416 = CYLINDRICAL_SURFACE('',#12417,0.5);
#12417 = AXIS2_PLACEMENT_3D('',#12418,#12419,#12420);
#12418 = CARTESIAN_POINT('',(-0.2,2.5,-4.1));
#12419 = DIRECTION('',(1.,0.,0.));
#12420 = DIRECTION('',(0.,0.707106781187,-0.707106781187));
#12421 = ADVANCED_FACE('',(#12422),#12440,.T.);
#12422 = FACE_BOUND('',#12423,.T.);
#12423 = EDGE_LOOP('',(#12424,#12425,#12433,#12439));
#12424 = ORIENTED_EDGE('',*,*,#12411,.F.);
#12425 = ORIENTED_EDGE('',*,*,#12426,.F.);
#12426 = EDGE_CURVE('',#12427,#12403,#12429,.T.);
#12427 = VERTEX_POINT('',#12428);
#12428 = CARTESIAN_POINT('',(-0.4,3.,0.));
#12429 = LINE('',#12430,#12431);
#12430 = CARTESIAN_POINT('',(-0.4,3.,0.));
#12431 = VECTOR('',#12432,1.);
#12432 = DIRECTION('',(0.,0.,-1.));
#12433 = ORIENTED_EDGE('',*,*,#12434,.F.);
#12434 = EDGE_CURVE('',#12364,#12427,#12435,.T.);
#12435 = LINE('',#12436,#12437);
#12436 = CARTESIAN_POINT('',(0.4,3.,0.));
#12437 = VECTOR('',#12438,1.);
#12438 = DIRECTION('',(-1.,0.,0.));
#12439 = ORIENTED_EDGE('',*,*,#12363,.T.);
#12440 = PLANE('',#12441);
#12441 = AXIS2_PLACEMENT_3D('',#12442,#12443,#12444);
#12442 = CARTESIAN_POINT('',(-0.4,3.,0.));
#12443 = DIRECTION('',(0.,1.,0.));
#12444 = DIRECTION('',(1.,0.,0.));
#12445 = ADVANCED_FACE('',(#12446),#12464,.T.);
#12446 = FACE_BOUND('',#12447,.T.);
#12447 = EDGE_LOOP('',(#12448,#12449,#12457,#12463));
#12448 = ORIENTED_EDGE('',*,*,#12402,.F.);
#12449 = ORIENTED_EDGE('',*,*,#12450,.F.);
#12450 = EDGE_CURVE('',#12451,#12395,#12453,.T.);
#12451 = VERTEX_POINT('',#12452);
#12452 = CARTESIAN_POINT('',(-0.4,2.,0.));
#12453 = LINE('',#12454,#12455);
#12454 = CARTESIAN_POINT('',(-0.4,2.,0.));
#12455 = VECTOR('',#12456,1.);
#12456 = DIRECTION('',(0.,0.,-1.));
#12457 = ORIENTED_EDGE('',*,*,#12458,.F.);
#12458 = EDGE_CURVE('',#12427,#12451,#12459,.T.);
#12459 = LINE('',#12460,#12461);
#12460 = CARTESIAN_POINT('',(-0.4,3.,0.));
#12461 = VECTOR('',#12462,1.);
#12462 = DIRECTION('',(-6.938893903907E-17,-1.,0.));
#12463 = ORIENTED_EDGE('',*,*,#12426,.T.);
#12464 = PLANE('',#12465);
#12465 = AXIS2_PLACEMENT_3D('',#12466,#12467,#12468);
#12466 = CARTESIAN_POINT('',(-0.4,2.,0.));
#12467 = DIRECTION('',(-1.,6.938893903907E-17,0.));
#12468 = DIRECTION('',(6.938893903907E-17,1.,0.));
#12469 = ADVANCED_FACE('',(#12470),#12481,.T.);
#12470 = FACE_BOUND('',#12471,.T.);
#12471 = EDGE_LOOP('',(#12472,#12473,#12474,#12480));
#12472 = ORIENTED_EDGE('',*,*,#12394,.F.);
#12473 = ORIENTED_EDGE('',*,*,#12379,.F.);
#12474 = ORIENTED_EDGE('',*,*,#12475,.F.);
#12475 = EDGE_CURVE('',#12451,#12372,#12476,.T.);
#12476 = LINE('',#12477,#12478);
#12477 = CARTESIAN_POINT('',(-0.4,2.,0.));
#12478 = VECTOR('',#12479,1.);
#12479 = DIRECTION('',(1.,0.,0.));
#12480 = ORIENTED_EDGE('',*,*,#12450,.T.);
#12481 = PLANE('',#12482);
#12482 = AXIS2_PLACEMENT_3D('',#12483,#12484,#12485);
#12483 = CARTESIAN_POINT('',(0.4,2.,0.));
#12484 = DIRECTION('',(0.,-1.,0.));
#12485 = DIRECTION('',(-1.,0.,0.));
#12486 = ADVANCED_FACE('',(#12487),#12493,.F.);
#12487 = FACE_BOUND('',#12488,.T.);
#12488 = EDGE_LOOP('',(#12489,#12490,#12491,#12492));
#12489 = ORIENTED_EDGE('',*,*,#12371,.T.);
#12490 = ORIENTED_EDGE('',*,*,#12434,.T.);
#12491 = ORIENTED_EDGE('',*,*,#12458,.T.);
#12492 = ORIENTED_EDGE('',*,*,#12475,.T.);
#12493 = PLANE('',#12494);
#12494 = AXIS2_PLACEMENT_3D('',#12495,#12496,#12497);
#12495 = CARTESIAN_POINT('',(0.,2.5,0.));
#12496 = DIRECTION('',(0.,0.,-1.));
#12497 = DIRECTION('',(1.,0.,0.));
#12498 = MANIFOLD_SOLID_BREP('',#12499);
#12499 = CLOSED_SHELL('',(#12500,#12541,#12573,#12597,#12621,#12638));
#12500 = ADVANCED_FACE('',(#12501),#12536,.T.);
#12501 = FACE_BOUND('',#12502,.T.);
#12502 = EDGE_LOOP('',(#12503,#12514,#12522,#12530));
#12503 = ORIENTED_EDGE('',*,*,#12504,.F.);
#12504 = EDGE_CURVE('',#12505,#12507,#12509,.T.);
#12505 = VERTEX_POINT('',#12506);
#12506 = CARTESIAN_POINT('',(4.4,-2.,-4.1));
#12507 = VERTEX_POINT('',#12508);
#12508 = CARTESIAN_POINT('',(4.4,-3.,-4.1));
#12509 = CIRCLE('',#12510,0.5);
#12510 = AXIS2_PLACEMENT_3D('',#12511,#12512,#12513);
#12511 = CARTESIAN_POINT('',(4.4,-2.5,-4.1));
#12512 = DIRECTION('',(-1.,0.,0.));
#12513 = DIRECTION('',(-0.,-0.707106781187,-0.707106781187));
#12514 = ORIENTED_EDGE('',*,*,#12515,.F.);
#12515 = EDGE_CURVE('',#12516,#12505,#12518,.T.);
#12516 = VERTEX_POINT('',#12517);
#12517 = CARTESIAN_POINT('',(4.4,-2.,0.));
#12518 = LINE('',#12519,#12520);
#12519 = CARTESIAN_POINT('',(4.4,-2.,0.));
#12520 = VECTOR('',#12521,1.);
#12521 = DIRECTION('',(0.,0.,-1.));
#12522 = ORIENTED_EDGE('',*,*,#12523,.F.);
#12523 = EDGE_CURVE('',#12524,#12516,#12526,.T.);
#12524 = VERTEX_POINT('',#12525);
#12525 = CARTESIAN_POINT('',(4.4,-3.,0.));
#12526 = LINE('',#12527,#12528);
#12527 = CARTESIAN_POINT('',(4.4,-3.,0.));
#12528 = VECTOR('',#12529,1.);
#12529 = DIRECTION('',(0.,1.,0.));
#12530 = ORIENTED_EDGE('',*,*,#12531,.T.);
#12531 = EDGE_CURVE('',#12524,#12507,#12532,.T.);
#12532 = LINE('',#12533,#12534);
#12533 = CARTESIAN_POINT('',(4.4,-3.,0.));
#12534 = VECTOR('',#12535,1.);
#12535 = DIRECTION('',(0.,0.,-1.));
#12536 = PLANE('',#12537);
#12537 = AXIS2_PLACEMENT_3D('',#12538,#12539,#12540);
#12538 = CARTESIAN_POINT('',(4.4,-2.,0.));
#12539 = DIRECTION('',(1.,0.,0.));
#12540 = DIRECTION('',(0.,-1.,0.));
#12541 = ADVANCED_FACE('',(#12542),#12568,.T.);
#12542 = FACE_BOUND('',#12543,.T.);
#12543 = EDGE_LOOP('',(#12544,#12545,#12553,#12562));
#12544 = ORIENTED_EDGE('',*,*,#12504,.T.);
#12545 = ORIENTED_EDGE('',*,*,#12546,.T.);
#12546 = EDGE_CURVE('',#12507,#12547,#12549,.T.);
#12547 = VERTEX_POINT('',#12548);
#12548 = CARTESIAN_POINT('',(3.6,-3.,-4.1));
#12549 = LINE('',#12550,#12551);
#12550 = CARTESIAN_POINT('',(4.2,-3.,-4.1));
#12551 = VECTOR('',#12552,1.);
#12552 = DIRECTION('',(-1.,0.,0.));
#12553 = ORIENTED_EDGE('',*,*,#12554,.T.);
#12554 = EDGE_CURVE('',#12547,#12555,#12557,.T.);
#12555 = VERTEX_POINT('',#12556);
#12556 = CARTESIAN_POINT('',(3.6,-2.,-4.1));
#12557 = CIRCLE('',#12558,0.5);
#12558 = AXIS2_PLACEMENT_3D('',#12559,#12560,#12561);
#12559 = CARTESIAN_POINT('',(3.6,-2.5,-4.1));
#12560 = DIRECTION('',(1.,0.,0.));
#12561 = DIRECTION('',(0.,0.707106781187,-0.707106781187));
#12562 = ORIENTED_EDGE('',*,*,#12563,.T.);
#12563 = EDGE_CURVE('',#12555,#12505,#12564,.T.);
#12564 = LINE('',#12565,#12566);
#12565 = CARTESIAN_POINT('',(3.8,-2.,-4.1));
#12566 = VECTOR('',#12567,1.);
#12567 = DIRECTION('',(1.,0.,0.));
#12568 = CYLINDRICAL_SURFACE('',#12569,0.5);
#12569 = AXIS2_PLACEMENT_3D('',#12570,#12571,#12572);
#12570 = CARTESIAN_POINT('',(3.8,-2.5,-4.1));
#12571 = DIRECTION('',(1.,0.,0.));
#12572 = DIRECTION('',(0.,0.707106781187,-0.707106781187));
#12573 = ADVANCED_FACE('',(#12574),#12592,.T.);
#12574 = FACE_BOUND('',#12575,.T.);
#12575 = EDGE_LOOP('',(#12576,#12577,#12585,#12591));
#12576 = ORIENTED_EDGE('',*,*,#12563,.F.);
#12577 = ORIENTED_EDGE('',*,*,#12578,.F.);
#12578 = EDGE_CURVE('',#12579,#12555,#12581,.T.);
#12579 = VERTEX_POINT('',#12580);
#12580 = CARTESIAN_POINT('',(3.6,-2.,0.));
#12581 = LINE('',#12582,#12583);
#12582 = CARTESIAN_POINT('',(3.6,-2.,0.));
#12583 = VECTOR('',#12584,1.);
#12584 = DIRECTION('',(0.,0.,-1.));
#12585 = ORIENTED_EDGE('',*,*,#12586,.F.);
#12586 = EDGE_CURVE('',#12516,#12579,#12587,.T.);
#12587 = LINE('',#12588,#12589);
#12588 = CARTESIAN_POINT('',(4.4,-2.,0.));
#12589 = VECTOR('',#12590,1.);
#12590 = DIRECTION('',(-1.,0.,0.));
#12591 = ORIENTED_EDGE('',*,*,#12515,.T.);
#12592 = PLANE('',#12593);
#12593 = AXIS2_PLACEMENT_3D('',#12594,#12595,#12596);
#12594 = CARTESIAN_POINT('',(3.6,-2.,0.));
#12595 = DIRECTION('',(0.,1.,0.));
#12596 = DIRECTION('',(1.,0.,0.));
#12597 = ADVANCED_FACE('',(#12598),#12616,.T.);
#12598 = FACE_BOUND('',#12599,.T.);
#12599 = EDGE_LOOP('',(#12600,#12601,#12609,#12615));
#12600 = ORIENTED_EDGE('',*,*,#12554,.F.);
#12601 = ORIENTED_EDGE('',*,*,#12602,.F.);
#12602 = EDGE_CURVE('',#12603,#12547,#12605,.T.);
#12603 = VERTEX_POINT('',#12604);
#12604 = CARTESIAN_POINT('',(3.6,-3.,0.));
#12605 = LINE('',#12606,#12607);
#12606 = CARTESIAN_POINT('',(3.6,-3.,0.));
#12607 = VECTOR('',#12608,1.);
#12608 = DIRECTION('',(0.,0.,-1.));
#12609 = ORIENTED_EDGE('',*,*,#12610,.F.);
#12610 = EDGE_CURVE('',#12579,#12603,#12611,.T.);
#12611 = LINE('',#12612,#12613);
#12612 = CARTESIAN_POINT('',(3.6,-2.,0.));
#12613 = VECTOR('',#12614,1.);
#12614 = DIRECTION('',(0.,-1.,0.));
#12615 = ORIENTED_EDGE('',*,*,#12578,.T.);
#12616 = PLANE('',#12617);
#12617 = AXIS2_PLACEMENT_3D('',#12618,#12619,#12620);
#12618 = CARTESIAN_POINT('',(3.6,-3.,0.));
#12619 = DIRECTION('',(-1.,0.,0.));
#12620 = DIRECTION('',(0.,1.,0.));
#12621 = ADVANCED_FACE('',(#12622),#12633,.T.);
#12622 = FACE_BOUND('',#12623,.T.);
#12623 = EDGE_LOOP('',(#12624,#12625,#12626,#12632));
#12624 = ORIENTED_EDGE('',*,*,#12546,.F.);
#12625 = ORIENTED_EDGE('',*,*,#12531,.F.);
#12626 = ORIENTED_EDGE('',*,*,#12627,.F.);
#12627 = EDGE_CURVE('',#12603,#12524,#12628,.T.);
#12628 = LINE('',#12629,#12630);
#12629 = CARTESIAN_POINT('',(3.6,-3.,0.));
#12630 = VECTOR('',#12631,1.);
#12631 = DIRECTION('',(1.,0.,0.));
#12632 = ORIENTED_EDGE('',*,*,#12602,.T.);
#12633 = PLANE('',#12634);
#12634 = AXIS2_PLACEMENT_3D('',#12635,#12636,#12637);
#12635 = CARTESIAN_POINT('',(4.4,-3.,0.));
#12636 = DIRECTION('',(0.,-1.,0.));
#12637 = DIRECTION('',(-1.,0.,0.));
#12638 = ADVANCED_FACE('',(#12639),#12645,.F.);
#12639 = FACE_BOUND('',#12640,.T.);
#12640 = EDGE_LOOP('',(#12641,#12642,#12643,#12644));
#12641 = ORIENTED_EDGE('',*,*,#12523,.T.);
#12642 = ORIENTED_EDGE('',*,*,#12586,.T.);
#12643 = ORIENTED_EDGE('',*,*,#12610,.T.);
#12644 = ORIENTED_EDGE('',*,*,#12627,.T.);
#12645 = PLANE('',#12646);
#12646 = AXIS2_PLACEMENT_3D('',#12647,#12648,#12649);
#12647 = CARTESIAN_POINT('',(4.,-2.5,0.));
#12648 = DIRECTION('',(0.,0.,-1.));
#12649 = DIRECTION('',(1.,0.,0.));
#12650 = MANIFOLD_SOLID_BREP('',#12651);
#12651 = CLOSED_SHELL('',(#12652,#12693,#12725,#12756,#12773,#12790));
#12652 = ADVANCED_FACE('',(#12653),#12688,.T.);
#12653 = FACE_BOUND('',#12654,.T.);
#12654 = EDGE_LOOP('',(#12655,#12666,#12674,#12682));
#12655 = ORIENTED_EDGE('',*,*,#12656,.F.);
#12656 = EDGE_CURVE('',#12657,#12659,#12661,.T.);
#12657 = VERTEX_POINT('',#12658);
#12658 = CARTESIAN_POINT('',(-0.4,-3.,-4.1));
#12659 = VERTEX_POINT('',#12660);
#12660 = CARTESIAN_POINT('',(-0.4,-2.,-4.1));
#12661 = CIRCLE('',#12662,0.5);
#12662 = AXIS2_PLACEMENT_3D('',#12663,#12664,#12665);
#12663 = CARTESIAN_POINT('',(-0.4,-2.5,-4.1));
#12664 = DIRECTION('',(1.,0.,0.));
#12665 = DIRECTION('',(0.,0.707106781187,-0.707106781187));
#12666 = ORIENTED_EDGE('',*,*,#12667,.F.);
#12667 = EDGE_CURVE('',#12668,#12657,#12670,.T.);
#12668 = VERTEX_POINT('',#12669);
#12669 = CARTESIAN_POINT('',(-0.4,-3.,0.));
#12670 = LINE('',#12671,#12672);
#12671 = CARTESIAN_POINT('',(-0.4,-3.,0.));
#12672 = VECTOR('',#12673,1.);
#12673 = DIRECTION('',(0.,0.,-1.));
#12674 = ORIENTED_EDGE('',*,*,#12675,.F.);
#12675 = EDGE_CURVE('',#12676,#12668,#12678,.T.);
#12676 = VERTEX_POINT('',#12677);
#12677 = CARTESIAN_POINT('',(-0.4,-2.,0.));
#12678 = LINE('',#12679,#12680);
#12679 = CARTESIAN_POINT('',(-0.4,-2.,0.));
#12680 = VECTOR('',#12681,1.);
#12681 = DIRECTION('',(0.,-1.,0.));
#12682 = ORIENTED_EDGE('',*,*,#12683,.T.);
#12683 = EDGE_CURVE('',#12676,#12659,#12684,.T.);
#12684 = LINE('',#12685,#12686);
#12685 = CARTESIAN_POINT('',(-0.4,-2.,0.));
#12686 = VECTOR('',#12687,1.);
#12687 = DIRECTION('',(0.,0.,-1.));
#12688 = PLANE('',#12689);
#12689 = AXIS2_PLACEMENT_3D('',#12690,#12691,#12692);
#12690 = CARTESIAN_POINT('',(-0.4,-3.,0.));
#12691 = DIRECTION('',(-1.,0.,0.));
#12692 = DIRECTION('',(0.,1.,0.));
#12693 = ADVANCED_FACE('',(#12694),#12720,.T.);
#12694 = FACE_BOUND('',#12695,.T.);
#12695 = EDGE_LOOP('',(#12696,#12697,#12705,#12714));
#12696 = ORIENTED_EDGE('',*,*,#12656,.T.);
#12697 = ORIENTED_EDGE('',*,*,#12698,.T.);
#12698 = EDGE_CURVE('',#12659,#12699,#12701,.T.);
#12699 = VERTEX_POINT('',#12700);
#12700 = CARTESIAN_POINT('',(0.4,-2.,-4.1));
#12701 = LINE('',#12702,#12703);
#12702 = CARTESIAN_POINT('',(-0.2,-2.,-4.1));
#12703 = VECTOR('',#12704,1.);
#12704 = DIRECTION('',(1.,0.,0.));
#12705 = ORIENTED_EDGE('',*,*,#12706,.T.);
#12706 = EDGE_CURVE('',#12699,#12707,#12709,.T.);
#12707 = VERTEX_POINT('',#12708);
#12708 = CARTESIAN_POINT('',(0.4,-3.,-4.1));
#12709 = CIRCLE('',#12710,0.5);
#12710 = AXIS2_PLACEMENT_3D('',#12711,#12712,#12713);
#12711 = CARTESIAN_POINT('',(0.4,-2.5,-4.1));
#12712 = DIRECTION('',(-1.,0.,0.));
#12713 = DIRECTION('',(-0.,-0.707106781187,-0.707106781187));
#12714 = ORIENTED_EDGE('',*,*,#12715,.T.);
#12715 = EDGE_CURVE('',#12707,#12657,#12716,.T.);
#12716 = LINE('',#12717,#12718);
#12717 = CARTESIAN_POINT('',(0.2,-3.,-4.1));
#12718 = VECTOR('',#12719,1.);
#12719 = DIRECTION('',(-1.,0.,0.));
#12720 = CYLINDRICAL_SURFACE('',#12721,0.5);
#12721 = AXIS2_PLACEMENT_3D('',#12722,#12723,#12724);
#12722 = CARTESIAN_POINT('',(0.2,-2.5,-4.1));
#12723 = DIRECTION('',(-1.,0.,0.));
#12724 = DIRECTION('',(-0.,-0.707106781187,-0.707106781187));
#12725 = ADVANCED_FACE('',(#12726),#12751,.T.);
#12726 = FACE_BOUND('',#12727,.T.);
#12727 = EDGE_LOOP('',(#12728,#12729,#12737,#12745));
#12728 = ORIENTED_EDGE('',*,*,#12706,.F.);
#12729 = ORIENTED_EDGE('',*,*,#12730,.F.);
#12730 = EDGE_CURVE('',#12731,#12699,#12733,.T.);
#12731 = VERTEX_POINT('',#12732);
#12732 = CARTESIAN_POINT('',(0.4,-2.,0.));
#12733 = LINE('',#12734,#12735);
#12734 = CARTESIAN_POINT('',(0.4,-2.,0.));
#12735 = VECTOR('',#12736,1.);
#12736 = DIRECTION('',(0.,0.,-1.));
#12737 = ORIENTED_EDGE('',*,*,#12738,.F.);
#12738 = EDGE_CURVE('',#12739,#12731,#12741,.T.);
#12739 = VERTEX_POINT('',#12740);
#12740 = CARTESIAN_POINT('',(0.4,-3.,0.));
#12741 = LINE('',#12742,#12743);
#12742 = CARTESIAN_POINT('',(0.4,-3.,0.));
#12743 = VECTOR('',#12744,1.);
#12744 = DIRECTION('',(0.,1.,0.));
#12745 = ORIENTED_EDGE('',*,*,#12746,.T.);
#12746 = EDGE_CURVE('',#12739,#12707,#12747,.T.);
#12747 = LINE('',#12748,#12749);
#12748 = CARTESIAN_POINT('',(0.4,-3.,0.));
#12749 = VECTOR('',#12750,1.);
#12750 = DIRECTION('',(0.,0.,-1.));
#12751 = PLANE('',#12752);
#12752 = AXIS2_PLACEMENT_3D('',#12753,#12754,#12755);
#12753 = CARTESIAN_POINT('',(0.4,-2.,0.));
#12754 = DIRECTION('',(1.,0.,0.));
#12755 = DIRECTION('',(0.,-1.,0.));
#12756 = ADVANCED_FACE('',(#12757),#12768,.T.);
#12757 = FACE_BOUND('',#12758,.T.);
#12758 = EDGE_LOOP('',(#12759,#12760,#12761,#12767));
#12759 = ORIENTED_EDGE('',*,*,#12698,.F.);
#12760 = ORIENTED_EDGE('',*,*,#12683,.F.);
#12761 = ORIENTED_EDGE('',*,*,#12762,.F.);
#12762 = EDGE_CURVE('',#12731,#12676,#12763,.T.);
#12763 = LINE('',#12764,#12765);
#12764 = CARTESIAN_POINT('',(0.4,-2.,0.));
#12765 = VECTOR('',#12766,1.);
#12766 = DIRECTION('',(-1.,0.,0.));
#12767 = ORIENTED_EDGE('',*,*,#12730,.T.);
#12768 = PLANE('',#12769);
#12769 = AXIS2_PLACEMENT_3D('',#12770,#12771,#12772);
#12770 = CARTESIAN_POINT('',(-0.4,-2.,0.));
#12771 = DIRECTION('',(0.,1.,0.));
#12772 = DIRECTION('',(1.,0.,0.));
#12773 = ADVANCED_FACE('',(#12774),#12785,.T.);
#12774 = FACE_BOUND('',#12775,.T.);
#12775 = EDGE_LOOP('',(#12776,#12777,#12778,#12784));
#12776 = ORIENTED_EDGE('',*,*,#12715,.F.);
#12777 = ORIENTED_EDGE('',*,*,#12746,.F.);
#12778 = ORIENTED_EDGE('',*,*,#12779,.F.);
#12779 = EDGE_CURVE('',#12668,#12739,#12780,.T.);
#12780 = LINE('',#12781,#12782);
#12781 = CARTESIAN_POINT('',(-0.4,-3.,0.));
#12782 = VECTOR('',#12783,1.);
#12783 = DIRECTION('',(1.,0.,0.));
#12784 = ORIENTED_EDGE('',*,*,#12667,.T.);
#12785 = PLANE('',#12786);
#12786 = AXIS2_PLACEMENT_3D('',#12787,#12788,#12789);
#12787 = CARTESIAN_POINT('',(0.4,-3.,0.));
#12788 = DIRECTION('',(0.,-1.,0.));
#12789 = DIRECTION('',(-1.,0.,0.));
#12790 = ADVANCED_FACE('',(#12791),#12797,.F.);
#12791 = FACE_BOUND('',#12792,.T.);
#12792 = EDGE_LOOP('',(#12793,#12794,#12795,#12796));
#12793 = ORIENTED_EDGE('',*,*,#12779,.T.);
#12794 = ORIENTED_EDGE('',*,*,#12738,.T.);
#12795 = ORIENTED_EDGE('',*,*,#12762,.T.);
#12796 = ORIENTED_EDGE('',*,*,#12675,.T.);
#12797 = PLANE('',#12798);
#12798 = AXIS2_PLACEMENT_3D('',#12799,#12800,#12801);
#12799 = CARTESIAN_POINT('',(0.,-2.5,0.));
#12800 = DIRECTION('',(0.,0.,-1.));
#12801 = DIRECTION('',(1.,0.,0.));
#12802 = MANIFOLD_SOLID_BREP('',#12803);
#12803 = CLOSED_SHELL('',(#12804,#12845,#12877,#12901,#12925,#12942));
#12804 = ADVANCED_FACE('',(#12805),#12840,.T.);
#12805 = FACE_BOUND('',#12806,.T.);
#12806 = EDGE_LOOP('',(#12807,#12818,#12826,#12834));
#12807 = ORIENTED_EDGE('',*,*,#12808,.F.);
#12808 = EDGE_CURVE('',#12809,#12811,#12813,.T.);
#12809 = VERTEX_POINT('',#12810);
#12810 = CARTESIAN_POINT('',(-3.6,3.,-4.1));
#12811 = VERTEX_POINT('',#12812);
#12812 = CARTESIAN_POINT('',(-3.6,2.,-4.1));
#12813 = CIRCLE('',#12814,0.5);
#12814 = AXIS2_PLACEMENT_3D('',#12815,#12816,#12817);
#12815 = CARTESIAN_POINT('',(-3.6,2.5,-4.1));
#12816 = DIRECTION('',(-1.,0.,0.));
#12817 = DIRECTION('',(-0.,-0.707106781187,-0.707106781187));
#12818 = ORIENTED_EDGE('',*,*,#12819,.F.);
#12819 = EDGE_CURVE('',#12820,#12809,#12822,.T.);
#12820 = VERTEX_POINT('',#12821);
#12821 = CARTESIAN_POINT('',(-3.6,3.,0.));
#12822 = LINE('',#12823,#12824);
#12823 = CARTESIAN_POINT('',(-3.6,3.,0.));
#12824 = VECTOR('',#12825,1.);
#12825 = DIRECTION('',(0.,0.,-1.));
#12826 = ORIENTED_EDGE('',*,*,#12827,.F.);
#12827 = EDGE_CURVE('',#12828,#12820,#12830,.T.);
#12828 = VERTEX_POINT('',#12829);
#12829 = CARTESIAN_POINT('',(-3.6,2.,0.));
#12830 = LINE('',#12831,#12832);
#12831 = CARTESIAN_POINT('',(-3.6,2.,0.));
#12832 = VECTOR('',#12833,1.);
#12833 = DIRECTION('',(0.,1.,0.));
#12834 = ORIENTED_EDGE('',*,*,#12835,.T.);
#12835 = EDGE_CURVE('',#12828,#12811,#12836,.T.);
#12836 = LINE('',#12837,#12838);
#12837 = CARTESIAN_POINT('',(-3.6,2.,0.));
#12838 = VECTOR('',#12839,1.);
#12839 = DIRECTION('',(0.,0.,-1.));
#12840 = PLANE('',#12841);
#12841 = AXIS2_PLACEMENT_3D('',#12842,#12843,#12844);
#12842 = CARTESIAN_POINT('',(-3.6,3.,0.));
#12843 = DIRECTION('',(1.,0.,0.));
#12844 = DIRECTION('',(0.,-1.,0.));
#12845 = ADVANCED_FACE('',(#12846),#12872,.T.);
#12846 = FACE_BOUND('',#12847,.T.);
#12847 = EDGE_LOOP('',(#12848,#12849,#12857,#12866));
#12848 = ORIENTED_EDGE('',*,*,#12808,.T.);
#12849 = ORIENTED_EDGE('',*,*,#12850,.T.);
#12850 = EDGE_CURVE('',#12811,#12851,#12853,.T.);
#12851 = VERTEX_POINT('',#12852);
#12852 = CARTESIAN_POINT('',(-4.4,2.,-4.1));
#12853 = LINE('',#12854,#12855);
#12854 = CARTESIAN_POINT('',(-3.8,2.,-4.1));
#12855 = VECTOR('',#12856,1.);
#12856 = DIRECTION('',(-1.,0.,0.));
#12857 = ORIENTED_EDGE('',*,*,#12858,.T.);
#12858 = EDGE_CURVE('',#12851,#12859,#12861,.T.);
#12859 = VERTEX_POINT('',#12860);
#12860 = CARTESIAN_POINT('',(-4.4,3.,-4.1));
#12861 = CIRCLE('',#12862,0.5);
#12862 = AXIS2_PLACEMENT_3D('',#12863,#12864,#12865);
#12863 = CARTESIAN_POINT('',(-4.4,2.5,-4.1));
#12864 = DIRECTION('',(1.,-5.551115123126E-16,0.));
#12865 = DIRECTION('',(3.925231146709E-16,0.707106781187,-0.707106781187
    ));
#12866 = ORIENTED_EDGE('',*,*,#12867,.T.);
#12867 = EDGE_CURVE('',#12859,#12809,#12868,.T.);
#12868 = LINE('',#12869,#12870);
#12869 = CARTESIAN_POINT('',(-4.2,3.,-4.1));
#12870 = VECTOR('',#12871,1.);
#12871 = DIRECTION('',(1.,0.,0.));
#12872 = CYLINDRICAL_SURFACE('',#12873,0.5);
#12873 = AXIS2_PLACEMENT_3D('',#12874,#12875,#12876);
#12874 = CARTESIAN_POINT('',(-4.2,2.5,-4.1));
#12875 = DIRECTION('',(1.,0.,0.));
#12876 = DIRECTION('',(0.,0.707106781187,-0.707106781187));
#12877 = ADVANCED_FACE('',(#12878),#12896,.T.);
#12878 = FACE_BOUND('',#12879,.T.);
#12879 = EDGE_LOOP('',(#12880,#12881,#12889,#12895));
#12880 = ORIENTED_EDGE('',*,*,#12867,.F.);
#12881 = ORIENTED_EDGE('',*,*,#12882,.F.);
#12882 = EDGE_CURVE('',#12883,#12859,#12885,.T.);
#12883 = VERTEX_POINT('',#12884);
#12884 = CARTESIAN_POINT('',(-4.4,3.,0.));
#12885 = LINE('',#12886,#12887);
#12886 = CARTESIAN_POINT('',(-4.4,3.,0.));
#12887 = VECTOR('',#12888,1.);
#12888 = DIRECTION('',(0.,0.,-1.));
#12889 = ORIENTED_EDGE('',*,*,#12890,.F.);
#12890 = EDGE_CURVE('',#12820,#12883,#12891,.T.);
#12891 = LINE('',#12892,#12893);
#12892 = CARTESIAN_POINT('',(-3.6,3.,0.));
#12893 = VECTOR('',#12894,1.);
#12894 = DIRECTION('',(-1.,0.,0.));
#12895 = ORIENTED_EDGE('',*,*,#12819,.T.);
#12896 = PLANE('',#12897);
#12897 = AXIS2_PLACEMENT_3D('',#12898,#12899,#12900);
#12898 = CARTESIAN_POINT('',(-4.4,3.,0.));
#12899 = DIRECTION('',(0.,1.,0.));
#12900 = DIRECTION('',(1.,0.,0.));
#12901 = ADVANCED_FACE('',(#12902),#12920,.T.);
#12902 = FACE_BOUND('',#12903,.T.);
#12903 = EDGE_LOOP('',(#12904,#12905,#12913,#12919));
#12904 = ORIENTED_EDGE('',*,*,#12858,.F.);
#12905 = ORIENTED_EDGE('',*,*,#12906,.F.);
#12906 = EDGE_CURVE('',#12907,#12851,#12909,.T.);
#12907 = VERTEX_POINT('',#12908);
#12908 = CARTESIAN_POINT('',(-4.4,2.,0.));
#12909 = LINE('',#12910,#12911);
#12910 = CARTESIAN_POINT('',(-4.4,2.,0.));
#12911 = VECTOR('',#12912,1.);
#12912 = DIRECTION('',(0.,0.,-1.));
#12913 = ORIENTED_EDGE('',*,*,#12914,.F.);
#12914 = EDGE_CURVE('',#12883,#12907,#12915,.T.);
#12915 = LINE('',#12916,#12917);
#12916 = CARTESIAN_POINT('',(-4.4,3.,0.));
#12917 = VECTOR('',#12918,1.);
#12918 = DIRECTION('',(-5.551115123126E-16,-1.,0.));
#12919 = ORIENTED_EDGE('',*,*,#12882,.T.);
#12920 = PLANE('',#12921);
#12921 = AXIS2_PLACEMENT_3D('',#12922,#12923,#12924);
#12922 = CARTESIAN_POINT('',(-4.4,2.,0.));
#12923 = DIRECTION('',(-1.,5.551115123126E-16,0.));
#12924 = DIRECTION('',(5.551115123126E-16,1.,0.));
#12925 = ADVANCED_FACE('',(#12926),#12937,.T.);
#12926 = FACE_BOUND('',#12927,.T.);
#12927 = EDGE_LOOP('',(#12928,#12929,#12930,#12936));
#12928 = ORIENTED_EDGE('',*,*,#12850,.F.);
#12929 = ORIENTED_EDGE('',*,*,#12835,.F.);
#12930 = ORIENTED_EDGE('',*,*,#12931,.F.);
#12931 = EDGE_CURVE('',#12907,#12828,#12932,.T.);
#12932 = LINE('',#12933,#12934);
#12933 = CARTESIAN_POINT('',(-4.4,2.,0.));
#12934 = VECTOR('',#12935,1.);
#12935 = DIRECTION('',(1.,0.,0.));
#12936 = ORIENTED_EDGE('',*,*,#12906,.T.);
#12937 = PLANE('',#12938);
#12938 = AXIS2_PLACEMENT_3D('',#12939,#12940,#12941);
#12939 = CARTESIAN_POINT('',(-3.6,2.,0.));
#12940 = DIRECTION('',(0.,-1.,0.));
#12941 = DIRECTION('',(-1.,0.,0.));
#12942 = ADVANCED_FACE('',(#12943),#12949,.F.);
#12943 = FACE_BOUND('',#12944,.T.);
#12944 = EDGE_LOOP('',(#12945,#12946,#12947,#12948));
#12945 = ORIENTED_EDGE('',*,*,#12827,.T.);
#12946 = ORIENTED_EDGE('',*,*,#12890,.T.);
#12947 = ORIENTED_EDGE('',*,*,#12914,.T.);
#12948 = ORIENTED_EDGE('',*,*,#12931,.T.);
#12949 = PLANE('',#12950);
#12950 = AXIS2_PLACEMENT_3D('',#12951,#12952,#12953);
#12951 = CARTESIAN_POINT('',(-4.,2.5,0.));
#12952 = DIRECTION('',(0.,0.,-1.));
#12953 = DIRECTION('',(1.,0.,0.));
#12954 = ( GEOMETRIC_REPRESENTATION_CONTEXT(3) 
GLOBAL_UNCERTAINTY_ASSIGNED_CONTEXT((#12958)) 
GLOBAL_UNIT_ASSIGNED_CONTEXT((#12955,#12956,#12957)) 
REPRESENTATION_CONTEXT('Context #1',
  '3D Context with UNIT and UNCERTAINTY') );
#12955 = ( LENGTH_UNIT() NAMED_UNIT(*) SI_UNIT(.MILLI.,.METRE.) );
#12956 = ( NAMED_UNIT(*) PLANE_ANGLE_UNIT() SI_UNIT($,.RADIAN.) );
#12957 = ( NAMED_UNIT(*) SI_UNIT($,.STERADIAN.) SOLID_ANGLE_UNIT() );
#12958 = UNCERTAINTY_MEASURE_WITH_UNIT(LENGTH_MEASURE(2.E-04),#12955,
  'distance_accuracy_value','confusion accuracy');
#12959 = CONTEXT_DEPENDENT_SHAPE_REPRESENTATION(#12960,#12962);
#12960 = ( REPRESENTATION_RELATIONSHIP('','',#3765,#10) 
REPRESENTATION_RELATIONSHIP_WITH_TRANSFORMATION(#12961) 
SHAPE_REPRESENTATION_RELATIONSHIP() );
#12961 = ITEM_DEFINED_TRANSFORMATION('','',#11,#19);
#12962 = PRODUCT_DEFINITION_SHAPE('Placement','Placement of an item',
  #12963);
#12963 = NEXT_ASSEMBLY_USAGE_OCCURRENCE('2','SW1','',#5,#3760,$);
#12964 = PRODUCT_RELATED_PRODUCT_CATEGORY('part',$,(#3762));
#12965 = SHAPE_DEFINITION_REPRESENTATION(#12966,#12972);
#12966 = PRODUCT_DEFINITION_SHAPE('','',#12967);
#12967 = PRODUCT_DEFINITION('design','',#12968,#12971);
#12968 = PRODUCT_DEFINITION_FORMATION('','',#12969);
#12969 = PRODUCT('anthracite-footswitch_silkscreen',
  'anthracite-footswitch_silkscreen','',(#12970));
#12970 = PRODUCT_CONTEXT('',#2,'mechanical');
#12971 = PRODUCT_DEFINITION_CONTEXT('part definition',#2,'design');
#12972 = SHAPE_REPRESENTATION('',(#11,#12973,#13555),#13624);
#12973 = SHELL_BASED_SURFACE_MODEL('',(#12974));
#12974 = OPEN_SHELL('',(#12975));
#12975 = ADVANCED_FACE('',(#12976,#13096,#13180,#13364,#13398,#13432,
    #13491),#13550,.T.);
#12976 = FACE_BOUND('',#12977,.F.);
#12977 = EDGE_LOOP('',(#12978,#12989,#12997,#13006,#13014,#13022,#13031,
    #13039,#13048,#13056,#13065,#13073,#13082,#13090));
#12978 = ORIENTED_EDGE('',*,*,#12979,.T.);
#12979 = EDGE_CURVE('',#12980,#12982,#12984,.T.);
#12980 = VERTEX_POINT('',#12981);
#12981 = CARTESIAN_POINT('',(30.34,-22.44,1.585));
#12982 = VERTEX_POINT('',#12983);
#12983 = CARTESIAN_POINT('',(30.4,-22.38,1.585));
#12984 = CIRCLE('',#12985,5.999932016261E-02);
#12985 = AXIS2_PLACEMENT_3D('',#12986,#12987,#12988);
#12986 = CARTESIAN_POINT('',(30.399999320159,-22.43999932015,1.585));
#12987 = DIRECTION('',(0.,0.,-1.));
#12988 = DIRECTION('',(-0.999999999936,-1.133081588457E-05,-0.));
#12989 = ORIENTED_EDGE('',*,*,#12990,.T.);
#12990 = EDGE_CURVE('',#12982,#12991,#12993,.T.);
#12991 = VERTEX_POINT('',#12992);
#12992 = CARTESIAN_POINT('',(30.7,-22.38,1.585));
#12993 = LINE('',#12994,#12995);
#12994 = CARTESIAN_POINT('',(30.4,-22.38,1.585));
#12995 = VECTOR('',#12996,1.);
#12996 = DIRECTION('',(1.,0.,0.));
#12997 = ORIENTED_EDGE('',*,*,#12998,.T.);
#12998 = EDGE_CURVE('',#12991,#12999,#13001,.T.);
#12999 = VERTEX_POINT('',#13000);
#13000 = CARTESIAN_POINT('',(30.76,-22.44,1.585));
#13001 = CIRCLE('',#13002,5.99993201626E-02);
#13002 = AXIS2_PLACEMENT_3D('',#13003,#13004,#13005);
#13003 = CARTESIAN_POINT('',(30.700000679841,-22.43999932015,1.585));
#13004 = DIRECTION('',(0.,0.,-1.));
#13005 = DIRECTION('',(-1.133081588457E-05,0.999999999936,0.));
#13006 = ORIENTED_EDGE('',*,*,#13007,.T.);
#13007 = EDGE_CURVE('',#12999,#13008,#13010,.T.);
#13008 = VERTEX_POINT('',#13009);
#13009 = CARTESIAN_POINT('',(30.76,-22.58,1.585));
#13010 = LINE('',#13011,#13012);
#13011 = CARTESIAN_POINT('',(30.76,-22.44,1.585));
#13012 = VECTOR('',#13013,1.);
#13013 = DIRECTION('',(0.,-1.,0.));
#13014 = ORIENTED_EDGE('',*,*,#13015,.T.);
#13015 = EDGE_CURVE('',#13008,#13016,#13018,.T.);
#13016 = VERTEX_POINT('',#13017);
#13017 = CARTESIAN_POINT('',(37.06,-22.58,1.585));
#13018 = LINE('',#13019,#13020);
#13019 = CARTESIAN_POINT('',(30.76,-22.58,1.585));
#13020 = VECTOR('',#13021,1.);
#13021 = DIRECTION('',(1.,0.,0.));
#13022 = ORIENTED_EDGE('',*,*,#13023,.T.);
#13023 = EDGE_CURVE('',#13016,#13024,#13026,.T.);
#13024 = VERTEX_POINT('',#13025);
#13025 = CARTESIAN_POINT('',(37.12,-22.64,1.585));
#13026 = CIRCLE('',#13027,5.99993201626E-02);
#13027 = AXIS2_PLACEMENT_3D('',#13028,#13029,#13030);
#13028 = CARTESIAN_POINT('',(37.060000679841,-22.63999932015,1.585));
#13029 = DIRECTION('',(0.,0.,-1.));
#13030 = DIRECTION('',(-1.133081576615E-05,0.999999999936,0.));
#13031 = ORIENTED_EDGE('',*,*,#13032,.T.);
#13032 = EDGE_CURVE('',#13024,#13033,#13035,.T.);
#13033 = VERTEX_POINT('',#13034);
#13034 = CARTESIAN_POINT('',(37.12,-27.36,1.585));
#13035 = LINE('',#13036,#13037);
#13036 = CARTESIAN_POINT('',(37.12,-22.64,1.585));
#13037 = VECTOR('',#13038,1.);
#13038 = DIRECTION('',(0.,-1.,0.));
#13039 = ORIENTED_EDGE('',*,*,#13040,.T.);
#13040 = EDGE_CURVE('',#13033,#13041,#13043,.T.);
#13041 = VERTEX_POINT('',#13042);
#13042 = CARTESIAN_POINT('',(37.06,-27.42,1.585));
#13043 = CIRCLE('',#13044,5.999932016259E-02);
#13044 = AXIS2_PLACEMENT_3D('',#13045,#13046,#13047);
#13045 = CARTESIAN_POINT('',(37.060000679841,-27.36000067984,1.585));
#13046 = DIRECTION('',(0.,0.,-1.));
#13047 = DIRECTION('',(0.999999999936,1.133081623985E-05,0.));
#13048 = ORIENTED_EDGE('',*,*,#13049,.T.);
#13049 = EDGE_CURVE('',#13041,#13050,#13052,.T.);
#13050 = VERTEX_POINT('',#13051);
#13051 = CARTESIAN_POINT('',(28.94,-27.42,1.585));
#13052 = LINE('',#13053,#13054);
#13053 = CARTESIAN_POINT('',(37.06,-27.42,1.585));
#13054 = VECTOR('',#13055,1.);
#13055 = DIRECTION('',(-1.,0.,0.));
#13056 = ORIENTED_EDGE('',*,*,#13057,.T.);
#13057 = EDGE_CURVE('',#13050,#13058,#13060,.T.);
#13058 = VERTEX_POINT('',#13059);
#13059 = CARTESIAN_POINT('',(28.88,-27.36,1.585));
#13060 = CIRCLE('',#13061,5.99993201626E-02);
#13061 = AXIS2_PLACEMENT_3D('',#13062,#13063,#13064);
#13062 = CARTESIAN_POINT('',(28.939999320159,-27.36000067984,1.585));
#13063 = DIRECTION('',(0.,0.,-1.));
#13064 = DIRECTION('',(1.133081588457E-05,-0.999999999936,0.));
#13065 = ORIENTED_EDGE('',*,*,#13066,.T.);
#13066 = EDGE_CURVE('',#13058,#13067,#13069,.T.);
#13067 = VERTEX_POINT('',#13068);
#13068 = CARTESIAN_POINT('',(28.88,-22.64,1.585));
#13069 = LINE('',#13070,#13071);
#13070 = CARTESIAN_POINT('',(28.88,-27.36,1.585));
#13071 = VECTOR('',#13072,1.);
#13072 = DIRECTION('',(0.,1.,0.));
#13073 = ORIENTED_EDGE('',*,*,#13074,.T.);
#13074 = EDGE_CURVE('',#13067,#13075,#13077,.T.);
#13075 = VERTEX_POINT('',#13076);
#13076 = CARTESIAN_POINT('',(28.94,-22.58,1.585));
#13077 = CIRCLE('',#13078,5.99993201626E-02);
#13078 = AXIS2_PLACEMENT_3D('',#13079,#13080,#13081);
#13079 = CARTESIAN_POINT('',(28.939999320159,-22.63999932015,1.585));
#13080 = DIRECTION('',(0.,0.,-1.));
#13081 = DIRECTION('',(-0.999999999936,-1.133081588457E-05,-0.));
#13082 = ORIENTED_EDGE('',*,*,#13083,.T.);
#13083 = EDGE_CURVE('',#13075,#13084,#13086,.T.);
#13084 = VERTEX_POINT('',#13085);
#13085 = CARTESIAN_POINT('',(30.34,-22.58,1.585));
#13086 = LINE('',#13087,#13088);
#13087 = CARTESIAN_POINT('',(28.94,-22.58,1.585));
#13088 = VECTOR('',#13089,1.);
#13089 = DIRECTION('',(1.,0.,0.));
#13090 = ORIENTED_EDGE('',*,*,#13091,.T.);
#13091 = EDGE_CURVE('',#13084,#12980,#13092,.T.);
#13092 = LINE('',#13093,#13094);
#13093 = CARTESIAN_POINT('',(30.34,-22.58,1.585));
#13094 = VECTOR('',#13095,1.);
#13095 = DIRECTION('',(0.,1.,0.));
#13096 = FACE_BOUND('',#13097,.F.);
#13097 = EDGE_LOOP('',(#13098,#13109,#13117,#13125,#13133,#13141,#13149,
    #13157,#13165,#13174));
#13098 = ORIENTED_EDGE('',*,*,#13099,.T.);
#13099 = EDGE_CURVE('',#13100,#13102,#13104,.T.);
#13100 = VERTEX_POINT('',#13101);
#13101 = CARTESIAN_POINT('',(29.55,-26.81,1.585));
#13102 = VERTEX_POINT('',#13103);
#13103 = CARTESIAN_POINT('',(29.49,-26.75,1.585));
#13104 = CIRCLE('',#13105,5.999932016259E-02);
#13105 = AXIS2_PLACEMENT_3D('',#13106,#13107,#13108);
#13106 = CARTESIAN_POINT('',(29.549999320159,-26.75000067984,1.585));
#13107 = DIRECTION('',(0.,0.,-1.));
#13108 = DIRECTION('',(1.133081606221E-05,-0.999999999936,0.));
#13109 = ORIENTED_EDGE('',*,*,#13110,.T.);
#13110 = EDGE_CURVE('',#13102,#13111,#13113,.T.);
#13111 = VERTEX_POINT('',#13112);
#13112 = CARTESIAN_POINT('',(29.49,-25.31,1.585));
#13113 = LINE('',#13114,#13115);
#13114 = CARTESIAN_POINT('',(29.49,-26.75,1.585));
#13115 = VECTOR('',#13116,1.);
#13116 = DIRECTION('',(0.,1.,0.));
#13117 = ORIENTED_EDGE('',*,*,#13118,.T.);
#13118 = EDGE_CURVE('',#13111,#13119,#13121,.T.);
#13119 = VERTEX_POINT('',#13120);
#13120 = CARTESIAN_POINT('',(29.,-25.31,1.585));
#13121 = LINE('',#13122,#13123);
#13122 = CARTESIAN_POINT('',(29.49,-25.31,1.585));
#13123 = VECTOR('',#13124,1.);
#13124 = DIRECTION('',(-1.,0.,0.));
#13125 = ORIENTED_EDGE('',*,*,#13126,.T.);
#13126 = EDGE_CURVE('',#13119,#13127,#13129,.T.);
#13127 = VERTEX_POINT('',#13128);
#13128 = CARTESIAN_POINT('',(29.,-27.3,1.585));
#13129 = LINE('',#13130,#13131);
#13130 = CARTESIAN_POINT('',(29.,-25.31,1.585));
#13131 = VECTOR('',#13132,1.);
#13132 = DIRECTION('',(0.,-1.,0.));
#13133 = ORIENTED_EDGE('',*,*,#13134,.T.);
#13134 = EDGE_CURVE('',#13127,#13135,#13137,.T.);
#13135 = VERTEX_POINT('',#13136);
#13136 = CARTESIAN_POINT('',(37.,-27.3,1.585));
#13137 = LINE('',#13138,#13139);
#13138 = CARTESIAN_POINT('',(29.,-27.3,1.585));
#13139 = VECTOR('',#13140,1.);
#13140 = DIRECTION('',(1.,0.,0.));
#13141 = ORIENTED_EDGE('',*,*,#13142,.T.);
#13142 = EDGE_CURVE('',#13135,#13143,#13145,.T.);
#13143 = VERTEX_POINT('',#13144);
#13144 = CARTESIAN_POINT('',(37.,-25.31,1.585));
#13145 = LINE('',#13146,#13147);
#13146 = CARTESIAN_POINT('',(37.,-27.3,1.585));
#13147 = VECTOR('',#13148,1.);
#13148 = DIRECTION('',(0.,1.,0.));
#13149 = ORIENTED_EDGE('',*,*,#13150,.T.);
#13150 = EDGE_CURVE('',#13143,#13151,#13153,.T.);
#13151 = VERTEX_POINT('',#13152);
#13152 = CARTESIAN_POINT('',(36.51,-25.31,1.585));
#13153 = LINE('',#13154,#13155);
#13154 = CARTESIAN_POINT('',(37.,-25.31,1.585));
#13155 = VECTOR('',#13156,1.);
#13156 = DIRECTION('',(-1.,0.,0.));
#13157 = ORIENTED_EDGE('',*,*,#13158,.T.);
#13158 = EDGE_CURVE('',#13151,#13159,#13161,.T.);
#13159 = VERTEX_POINT('',#13160);
#13160 = CARTESIAN_POINT('',(36.51,-26.75,1.585));
#13161 = LINE('',#13162,#13163);
#13162 = CARTESIAN_POINT('',(36.51,-25.31,1.585));
#13163 = VECTOR('',#13164,1.);
#13164 = DIRECTION('',(0.,-1.,0.));
#13165 = ORIENTED_EDGE('',*,*,#13166,.T.);
#13166 = EDGE_CURVE('',#13159,#13167,#13169,.T.);
#13167 = VERTEX_POINT('',#13168);
#13168 = CARTESIAN_POINT('',(36.45,-26.81,1.585));
#13169 = CIRCLE('',#13170,5.999932016261E-02);
#13170 = AXIS2_PLACEMENT_3D('',#13171,#13172,#13173);
#13171 = CARTESIAN_POINT('',(36.450000679841,-26.75000067984,1.585));
#13172 = DIRECTION('',(0.,0.,-1.));
#13173 = DIRECTION('',(0.999999999936,1.133081576615E-05,0.));
#13174 = ORIENTED_EDGE('',*,*,#13175,.T.);
#13175 = EDGE_CURVE('',#13167,#13100,#13176,.T.);
#13176 = LINE('',#13177,#13178);
#13177 = CARTESIAN_POINT('',(36.45,-26.81,1.585));
#13178 = VECTOR('',#13179,1.);
#13179 = DIRECTION('',(-1.,0.,0.));
#13180 = FACE_BOUND('',#13181,.F.);
#13181 = EDGE_LOOP('',(#13182,#13193,#13201,#13209,#13217,#13226,#13234,
    #13242,#13250,#13258,#13267,#13275,#13284,#13292,#13300,#13308,
    #13317,#13325,#13334,#13342,#13350,#13358));
#13182 = ORIENTED_EDGE('',*,*,#13183,.T.);
#13183 = EDGE_CURVE('',#13184,#13186,#13188,.T.);
#13184 = VERTEX_POINT('',#13185);
#13185 = CARTESIAN_POINT('',(34.5,-23.31,1.585));
#13186 = VERTEX_POINT('',#13187);
#13187 = CARTESIAN_POINT('',(34.44,-23.25,1.585));
#13188 = CIRCLE('',#13189,5.999932016259E-02);
#13189 = AXIS2_PLACEMENT_3D('',#13190,#13191,#13192);
#13190 = CARTESIAN_POINT('',(34.499999320159,-23.25000067984,1.585));
#13191 = DIRECTION('',(0.,0.,-1.));
#13192 = DIRECTION('',(1.133081612143E-05,-0.999999999936,0.));
#13193 = ORIENTED_EDGE('',*,*,#13194,.T.);
#13194 = EDGE_CURVE('',#13186,#13195,#13197,.T.);
#13195 = VERTEX_POINT('',#13196);
#13196 = CARTESIAN_POINT('',(34.44,-22.7,1.585));
#13197 = LINE('',#13198,#13199);
#13198 = CARTESIAN_POINT('',(34.44,-23.25,1.585));
#13199 = VECTOR('',#13200,1.);
#13200 = DIRECTION('',(0.,1.,0.));
#13201 = ORIENTED_EDGE('',*,*,#13202,.T.);
#13202 = EDGE_CURVE('',#13195,#13203,#13205,.T.);
#13203 = VERTEX_POINT('',#13204);
#13204 = CARTESIAN_POINT('',(31.56,-22.7,1.585));
#13205 = LINE('',#13206,#13207);
#13206 = CARTESIAN_POINT('',(34.44,-22.7,1.585));
#13207 = VECTOR('',#13208,1.);
#13208 = DIRECTION('',(-1.,0.,0.));
#13209 = ORIENTED_EDGE('',*,*,#13210,.T.);
#13210 = EDGE_CURVE('',#13203,#13211,#13213,.T.);
#13211 = VERTEX_POINT('',#13212);
#13212 = CARTESIAN_POINT('',(31.56,-23.25,1.585));
#13213 = LINE('',#13214,#13215);
#13214 = CARTESIAN_POINT('',(31.56,-22.7,1.585));
#13215 = VECTOR('',#13216,1.);
#13216 = DIRECTION('',(0.,-1.,0.));
#13217 = ORIENTED_EDGE('',*,*,#13218,.T.);
#13218 = EDGE_CURVE('',#13211,#13219,#13221,.T.);
#13219 = VERTEX_POINT('',#13220);
#13220 = CARTESIAN_POINT('',(31.5,-23.31,1.585));
#13221 = CIRCLE('',#13222,5.999932016259E-02);
#13222 = AXIS2_PLACEMENT_3D('',#13223,#13224,#13225);
#13223 = CARTESIAN_POINT('',(31.500000679841,-23.25000067984,1.585));
#13224 = DIRECTION('',(0.,0.,-1.));
#13225 = DIRECTION('',(0.999999999936,1.1330816003E-05,0.));
#13226 = ORIENTED_EDGE('',*,*,#13227,.T.);
#13227 = EDGE_CURVE('',#13219,#13228,#13230,.T.);
#13228 = VERTEX_POINT('',#13229);
#13229 = CARTESIAN_POINT('',(29.61,-23.31,1.585));
#13230 = LINE('',#13231,#13232);
#13231 = CARTESIAN_POINT('',(31.5,-23.31,1.585));
#13232 = VECTOR('',#13233,1.);
#13233 = DIRECTION('',(-1.,0.,0.));
#13234 = ORIENTED_EDGE('',*,*,#13235,.T.);
#13235 = EDGE_CURVE('',#13228,#13236,#13238,.T.);
#13236 = VERTEX_POINT('',#13237);
#13237 = CARTESIAN_POINT('',(29.61,-26.69,1.585));
#13238 = LINE('',#13239,#13240);
#13239 = CARTESIAN_POINT('',(29.61,-23.31,1.585));
#13240 = VECTOR('',#13241,1.);
#13241 = DIRECTION('',(0.,-1.,0.));
#13242 = ORIENTED_EDGE('',*,*,#13243,.T.);
#13243 = EDGE_CURVE('',#13236,#13244,#13246,.T.);
#13244 = VERTEX_POINT('',#13245);
#13245 = CARTESIAN_POINT('',(31.84,-26.69,1.585));
#13246 = LINE('',#13247,#13248);
#13247 = CARTESIAN_POINT('',(29.61,-26.69,1.585));
#13248 = VECTOR('',#13249,1.);
#13249 = DIRECTION('',(1.,0.,0.));
#13250 = ORIENTED_EDGE('',*,*,#13251,.T.);
#13251 = EDGE_CURVE('',#13244,#13252,#13254,.T.);
#13252 = VERTEX_POINT('',#13253);
#13253 = CARTESIAN_POINT('',(31.84,-26.25,1.585));
#13254 = LINE('',#13255,#13256);
#13255 = CARTESIAN_POINT('',(31.84,-26.69,1.585));
#13256 = VECTOR('',#13257,1.);
#13257 = DIRECTION('',(0.,1.,0.));
#13258 = ORIENTED_EDGE('',*,*,#13259,.T.);
#13259 = EDGE_CURVE('',#13252,#13260,#13262,.T.);
#13260 = VERTEX_POINT('',#13261);
#13261 = CARTESIAN_POINT('',(31.9,-26.19,1.585));
#13262 = CIRCLE('',#13263,5.999932016261E-02);
#13263 = AXIS2_PLACEMENT_3D('',#13264,#13265,#13266);
#13264 = CARTESIAN_POINT('',(31.899999320159,-26.24999932015,1.585));
#13265 = DIRECTION('',(0.,0.,-1.));
#13266 = DIRECTION('',(-0.999999999936,-1.133081576615E-05,-0.));
#13267 = ORIENTED_EDGE('',*,*,#13268,.T.);
#13268 = EDGE_CURVE('',#13260,#13269,#13271,.T.);
#13269 = VERTEX_POINT('',#13270);
#13270 = CARTESIAN_POINT('',(32.1,-26.19,1.585));
#13271 = LINE('',#13272,#13273);
#13272 = CARTESIAN_POINT('',(31.9,-26.19,1.585));
#13273 = VECTOR('',#13274,1.);
#13274 = DIRECTION('',(1.,0.,0.));
#13275 = ORIENTED_EDGE('',*,*,#13276,.T.);
#13276 = EDGE_CURVE('',#13269,#13277,#13279,.T.);
#13277 = VERTEX_POINT('',#13278);
#13278 = CARTESIAN_POINT('',(32.16,-26.25,1.585));
#13279 = CIRCLE('',#13280,5.999932016259E-02);
#13280 = AXIS2_PLACEMENT_3D('',#13281,#13282,#13283);
#13281 = CARTESIAN_POINT('',(32.100000679841,-26.24999932015,1.585));
#13282 = DIRECTION('',(0.,0.,-1.));
#13283 = DIRECTION('',(-1.1330816003E-05,0.999999999936,0.));
#13284 = ORIENTED_EDGE('',*,*,#13285,.T.);
#13285 = EDGE_CURVE('',#13277,#13286,#13288,.T.);
#13286 = VERTEX_POINT('',#13287);
#13287 = CARTESIAN_POINT('',(32.16,-26.69,1.585));
#13288 = LINE('',#13289,#13290);
#13289 = CARTESIAN_POINT('',(32.16,-26.25,1.585));
#13290 = VECTOR('',#13291,1.);
#13291 = DIRECTION('',(0.,-1.,0.));
#13292 = ORIENTED_EDGE('',*,*,#13293,.T.);
#13293 = EDGE_CURVE('',#13286,#13294,#13296,.T.);
#13294 = VERTEX_POINT('',#13295);
#13295 = CARTESIAN_POINT('',(33.84,-26.69,1.585));
#13296 = LINE('',#13297,#13298);
#13297 = CARTESIAN_POINT('',(32.16,-26.69,1.585));
#13298 = VECTOR('',#13299,1.);
#13299 = DIRECTION('',(1.,0.,0.));
#13300 = ORIENTED_EDGE('',*,*,#13301,.T.);
#13301 = EDGE_CURVE('',#13294,#13302,#13304,.T.);
#13302 = VERTEX_POINT('',#13303);
#13303 = CARTESIAN_POINT('',(33.84,-26.25,1.585));
#13304 = LINE('',#13305,#13306);
#13305 = CARTESIAN_POINT('',(33.84,-26.69,1.585));
#13306 = VECTOR('',#13307,1.);
#13307 = DIRECTION('',(0.,1.,0.));
#13308 = ORIENTED_EDGE('',*,*,#13309,.T.);
#13309 = EDGE_CURVE('',#13302,#13310,#13312,.T.);
#13310 = VERTEX_POINT('',#13311);
#13311 = CARTESIAN_POINT('',(33.9,-26.19,1.585));
#13312 = CIRCLE('',#13313,5.999932016258E-02);
#13313 = AXIS2_PLACEMENT_3D('',#13314,#13315,#13316);
#13314 = CARTESIAN_POINT('',(33.899999320159,-26.24999932015,1.585));
#13315 = DIRECTION('',(0.,0.,-1.));
#13316 = DIRECTION('',(-0.999999999936,-1.133081618064E-05,-0.));
#13317 = ORIENTED_EDGE('',*,*,#13318,.T.);
#13318 = EDGE_CURVE('',#13310,#13319,#13321,.T.);
#13319 = VERTEX_POINT('',#13320);
#13320 = CARTESIAN_POINT('',(34.1,-26.19,1.585));
#13321 = LINE('',#13322,#13323);
#13322 = CARTESIAN_POINT('',(33.9,-26.19,1.585));
#13323 = VECTOR('',#13324,1.);
#13324 = DIRECTION('',(1.,0.,0.));
#13325 = ORIENTED_EDGE('',*,*,#13326,.T.);
#13326 = EDGE_CURVE('',#13319,#13327,#13329,.T.);
#13327 = VERTEX_POINT('',#13328);
#13328 = CARTESIAN_POINT('',(34.16,-26.25,1.585));
#13329 = CIRCLE('',#13330,5.999932016259E-02);
#13330 = AXIS2_PLACEMENT_3D('',#13331,#13332,#13333);
#13331 = CARTESIAN_POINT('',(34.100000679841,-26.24999932015,1.585));
#13332 = DIRECTION('',(0.,0.,-1.));
#13333 = DIRECTION('',(-1.1330816003E-05,0.999999999936,0.));
#13334 = ORIENTED_EDGE('',*,*,#13335,.T.);
#13335 = EDGE_CURVE('',#13327,#13336,#13338,.T.);
#13336 = VERTEX_POINT('',#13337);
#13337 = CARTESIAN_POINT('',(34.16,-26.69,1.585));
#13338 = LINE('',#13339,#13340);
#13339 = CARTESIAN_POINT('',(34.16,-26.25,1.585));
#13340 = VECTOR('',#13341,1.);
#13341 = DIRECTION('',(0.,-1.,0.));
#13342 = ORIENTED_EDGE('',*,*,#13343,.T.);
#13343 = EDGE_CURVE('',#13336,#13344,#13346,.T.);
#13344 = VERTEX_POINT('',#13345);
#13345 = CARTESIAN_POINT('',(36.39,-26.69,1.585));
#13346 = LINE('',#13347,#13348);
#13347 = CARTESIAN_POINT('',(34.16,-26.69,1.585));
#13348 = VECTOR('',#13349,1.);
#13349 = DIRECTION('',(1.,0.,0.));
#13350 = ORIENTED_EDGE('',*,*,#13351,.T.);
#13351 = EDGE_CURVE('',#13344,#13352,#13354,.T.);
#13352 = VERTEX_POINT('',#13353);
#13353 = CARTESIAN_POINT('',(36.39,-23.31,1.585));
#13354 = LINE('',#13355,#13356);
#13355 = CARTESIAN_POINT('',(36.39,-26.69,1.585));
#13356 = VECTOR('',#13357,1.);
#13357 = DIRECTION('',(0.,1.,0.));
#13358 = ORIENTED_EDGE('',*,*,#13359,.T.);
#13359 = EDGE_CURVE('',#13352,#13184,#13360,.T.);
#13360 = LINE('',#13361,#13362);
#13361 = CARTESIAN_POINT('',(36.39,-23.31,1.585));
#13362 = VECTOR('',#13363,1.);
#13363 = DIRECTION('',(-1.,0.,0.));
#13364 = FACE_BOUND('',#13365,.F.);
#13365 = EDGE_LOOP('',(#13366,#13376,#13384,#13392));
#13366 = ORIENTED_EDGE('',*,*,#13367,.T.);
#13367 = EDGE_CURVE('',#13368,#13370,#13372,.T.);
#13368 = VERTEX_POINT('',#13369);
#13369 = CARTESIAN_POINT('',(29.49,-25.19,1.585));
#13370 = VERTEX_POINT('',#13371);
#13371 = CARTESIAN_POINT('',(29.49,-24.01,1.585));
#13372 = LINE('',#13373,#13374);
#13373 = CARTESIAN_POINT('',(29.49,-25.19,1.585));
#13374 = VECTOR('',#13375,1.);
#13375 = DIRECTION('',(0.,1.,0.));
#13376 = ORIENTED_EDGE('',*,*,#13377,.T.);
#13377 = EDGE_CURVE('',#13370,#13378,#13380,.T.);
#13378 = VERTEX_POINT('',#13379);
#13379 = CARTESIAN_POINT('',(29.,-24.01,1.585));
#13380 = LINE('',#13381,#13382);
#13381 = CARTESIAN_POINT('',(29.49,-24.01,1.585));
#13382 = VECTOR('',#13383,1.);
#13383 = DIRECTION('',(-1.,0.,0.));
#13384 = ORIENTED_EDGE('',*,*,#13385,.T.);
#13385 = EDGE_CURVE('',#13378,#13386,#13388,.T.);
#13386 = VERTEX_POINT('',#13387);
#13387 = CARTESIAN_POINT('',(29.,-25.19,1.585));
#13388 = LINE('',#13389,#13390);
#13389 = CARTESIAN_POINT('',(29.,-24.01,1.585));
#13390 = VECTOR('',#13391,1.);
#13391 = DIRECTION('',(0.,-1.,0.));
#13392 = ORIENTED_EDGE('',*,*,#13393,.T.);
#13393 = EDGE_CURVE('',#13386,#13368,#13394,.T.);
#13394 = LINE('',#13395,#13396);
#13395 = CARTESIAN_POINT('',(29.,-25.19,1.585));
#13396 = VECTOR('',#13397,1.);
#13397 = DIRECTION('',(1.,0.,0.));
#13398 = FACE_BOUND('',#13399,.F.);
#13399 = EDGE_LOOP('',(#13400,#13410,#13418,#13426));
#13400 = ORIENTED_EDGE('',*,*,#13401,.T.);
#13401 = EDGE_CURVE('',#13402,#13404,#13406,.T.);
#13402 = VERTEX_POINT('',#13403);
#13403 = CARTESIAN_POINT('',(37.,-25.19,1.585));
#13404 = VERTEX_POINT('',#13405);
#13405 = CARTESIAN_POINT('',(37.,-24.01,1.585));
#13406 = LINE('',#13407,#13408);
#13407 = CARTESIAN_POINT('',(37.,-25.19,1.585));
#13408 = VECTOR('',#13409,1.);
#13409 = DIRECTION('',(0.,1.,0.));
#13410 = ORIENTED_EDGE('',*,*,#13411,.T.);
#13411 = EDGE_CURVE('',#13404,#13412,#13414,.T.);
#13412 = VERTEX_POINT('',#13413);
#13413 = CARTESIAN_POINT('',(36.51,-24.01,1.585));
#13414 = LINE('',#13415,#13416);
#13415 = CARTESIAN_POINT('',(37.,-24.01,1.585));
#13416 = VECTOR('',#13417,1.);
#13417 = DIRECTION('',(-1.,0.,0.));
#13418 = ORIENTED_EDGE('',*,*,#13419,.T.);
#13419 = EDGE_CURVE('',#13412,#13420,#13422,.T.);
#13420 = VERTEX_POINT('',#13421);
#13421 = CARTESIAN_POINT('',(36.51,-25.19,1.585));
#13422 = LINE('',#13423,#13424);
#13423 = CARTESIAN_POINT('',(36.51,-24.01,1.585));
#13424 = VECTOR('',#13425,1.);
#13425 = DIRECTION('',(0.,-1.,0.));
#13426 = ORIENTED_EDGE('',*,*,#13427,.T.);
#13427 = EDGE_CURVE('',#13420,#13402,#13428,.T.);
#13428 = LINE('',#13429,#13430);
#13429 = CARTESIAN_POINT('',(36.51,-25.19,1.585));
#13430 = VECTOR('',#13431,1.);
#13431 = DIRECTION('',(1.,0.,0.));
#13432 = FACE_BOUND('',#13433,.F.);
#13433 = EDGE_LOOP('',(#13434,#13444,#13452,#13460,#13468,#13476,#13485)
  );
#13434 = ORIENTED_EDGE('',*,*,#13435,.T.);
#13435 = EDGE_CURVE('',#13436,#13438,#13440,.T.);
#13436 = VERTEX_POINT('',#13437);
#13437 = CARTESIAN_POINT('',(31.44,-23.19,1.585));
#13438 = VERTEX_POINT('',#13439);
#13439 = CARTESIAN_POINT('',(31.44,-22.7,1.585));
#13440 = LINE('',#13441,#13442);
#13441 = CARTESIAN_POINT('',(31.44,-23.19,1.585));
#13442 = VECTOR('',#13443,1.);
#13443 = DIRECTION('',(0.,1.,0.));
#13444 = ORIENTED_EDGE('',*,*,#13445,.T.);
#13445 = EDGE_CURVE('',#13438,#13446,#13448,.T.);
#13446 = VERTEX_POINT('',#13447);
#13447 = CARTESIAN_POINT('',(29.,-22.7,1.585));
#13448 = LINE('',#13449,#13450);
#13449 = CARTESIAN_POINT('',(31.44,-22.7,1.585));
#13450 = VECTOR('',#13451,1.);
#13451 = DIRECTION('',(-1.,0.,0.));
#13452 = ORIENTED_EDGE('',*,*,#13453,.T.);
#13453 = EDGE_CURVE('',#13446,#13454,#13456,.T.);
#13454 = VERTEX_POINT('',#13455);
#13455 = CARTESIAN_POINT('',(29.,-23.89,1.585));
#13456 = LINE('',#13457,#13458);
#13457 = CARTESIAN_POINT('',(29.,-22.7,1.585));
#13458 = VECTOR('',#13459,1.);
#13459 = DIRECTION('',(0.,-1.,0.));
#13460 = ORIENTED_EDGE('',*,*,#13461,.T.);
#13461 = EDGE_CURVE('',#13454,#13462,#13464,.T.);
#13462 = VERTEX_POINT('',#13463);
#13463 = CARTESIAN_POINT('',(29.49,-23.89,1.585));
#13464 = LINE('',#13465,#13466);
#13465 = CARTESIAN_POINT('',(29.,-23.89,1.585));
#13466 = VECTOR('',#13467,1.);
#13467 = DIRECTION('',(1.,0.,0.));
#13468 = ORIENTED_EDGE('',*,*,#13469,.T.);
#13469 = EDGE_CURVE('',#13462,#13470,#13472,.T.);
#13470 = VERTEX_POINT('',#13471);
#13471 = CARTESIAN_POINT('',(29.49,-23.25,1.585));
#13472 = LINE('',#13473,#13474);
#13473 = CARTESIAN_POINT('',(29.49,-23.89,1.585));
#13474 = VECTOR('',#13475,1.);
#13475 = DIRECTION('',(0.,1.,0.));
#13476 = ORIENTED_EDGE('',*,*,#13477,.T.);
#13477 = EDGE_CURVE('',#13470,#13478,#13480,.T.);
#13478 = VERTEX_POINT('',#13479);
#13479 = CARTESIAN_POINT('',(29.55,-23.19,1.585));
#13480 = CIRCLE('',#13481,5.999932016261E-02);
#13481 = AXIS2_PLACEMENT_3D('',#13482,#13483,#13484);
#13482 = CARTESIAN_POINT('',(29.549999320159,-23.24999932015,1.585));
#13483 = DIRECTION('',(0.,0.,-1.));
#13484 = DIRECTION('',(-0.999999999936,-1.133081576615E-05,-0.));
#13485 = ORIENTED_EDGE('',*,*,#13486,.T.);
#13486 = EDGE_CURVE('',#13478,#13436,#13487,.T.);
#13487 = LINE('',#13488,#13489);
#13488 = CARTESIAN_POINT('',(29.55,-23.19,1.585));
#13489 = VECTOR('',#13490,1.);
#13490 = DIRECTION('',(1.,0.,0.));
#13491 = FACE_BOUND('',#13492,.F.);
#13492 = EDGE_LOOP('',(#13493,#13503,#13511,#13519,#13527,#13536,#13544)
  );
#13493 = ORIENTED_EDGE('',*,*,#13494,.T.);
#13494 = EDGE_CURVE('',#13495,#13497,#13499,.T.);
#13495 = VERTEX_POINT('',#13496);
#13496 = CARTESIAN_POINT('',(37.,-23.89,1.585));
#13497 = VERTEX_POINT('',#13498);
#13498 = CARTESIAN_POINT('',(37.,-22.7,1.585));
#13499 = LINE('',#13500,#13501);
#13500 = CARTESIAN_POINT('',(37.,-23.89,1.585));
#13501 = VECTOR('',#13502,1.);
#13502 = DIRECTION('',(0.,1.,0.));
#13503 = ORIENTED_EDGE('',*,*,#13504,.T.);
#13504 = EDGE_CURVE('',#13497,#13505,#13507,.T.);
#13505 = VERTEX_POINT('',#13506);
#13506 = CARTESIAN_POINT('',(34.56,-22.7,1.585));
#13507 = LINE('',#13508,#13509);
#13508 = CARTESIAN_POINT('',(37.,-22.7,1.585));
#13509 = VECTOR('',#13510,1.);
#13510 = DIRECTION('',(-1.,0.,0.));
#13511 = ORIENTED_EDGE('',*,*,#13512,.T.);
#13512 = EDGE_CURVE('',#13505,#13513,#13515,.T.);
#13513 = VERTEX_POINT('',#13514);
#13514 = CARTESIAN_POINT('',(34.56,-23.19,1.585));
#13515 = LINE('',#13516,#13517);
#13516 = CARTESIAN_POINT('',(34.56,-22.7,1.585));
#13517 = VECTOR('',#13518,1.);
#13518 = DIRECTION('',(0.,-1.,0.));
#13519 = ORIENTED_EDGE('',*,*,#13520,.T.);
#13520 = EDGE_CURVE('',#13513,#13521,#13523,.T.);
#13521 = VERTEX_POINT('',#13522);
#13522 = CARTESIAN_POINT('',(36.45,-23.19,1.585));
#13523 = LINE('',#13524,#13525);
#13524 = CARTESIAN_POINT('',(34.56,-23.19,1.585));
#13525 = VECTOR('',#13526,1.);
#13526 = DIRECTION('',(1.,0.,0.));
#13527 = ORIENTED_EDGE('',*,*,#13528,.T.);
#13528 = EDGE_CURVE('',#13521,#13529,#13531,.T.);
#13529 = VERTEX_POINT('',#13530);
#13530 = CARTESIAN_POINT('',(36.51,-23.25,1.585));
#13531 = CIRCLE('',#13532,5.999932016259E-02);
#13532 = AXIS2_PLACEMENT_3D('',#13533,#13534,#13535);
#13533 = CARTESIAN_POINT('',(36.450000679841,-23.24999932015,1.585));
#13534 = DIRECTION('',(0.,0.,-1.));
#13535 = DIRECTION('',(-1.1330816003E-05,0.999999999936,0.));
#13536 = ORIENTED_EDGE('',*,*,#13537,.T.);
#13537 = EDGE_CURVE('',#13529,#13538,#13540,.T.);
#13538 = VERTEX_POINT('',#13539);
#13539 = CARTESIAN_POINT('',(36.51,-23.89,1.585));
#13540 = LINE('',#13541,#13542);
#13541 = CARTESIAN_POINT('',(36.51,-23.25,1.585));
#13542 = VECTOR('',#13543,1.);
#13543 = DIRECTION('',(0.,-1.,0.));
#13544 = ORIENTED_EDGE('',*,*,#13545,.T.);
#13545 = EDGE_CURVE('',#13538,#13495,#13546,.T.);
#13546 = LINE('',#13547,#13548);
#13547 = CARTESIAN_POINT('',(36.51,-23.89,1.585));
#13548 = VECTOR('',#13549,1.);
#13549 = DIRECTION('',(1.,0.,0.));
#13550 = PLANE('',#13551);
#13551 = AXIS2_PLACEMENT_3D('',#13552,#13553,#13554);
#13552 = CARTESIAN_POINT('',(0.,0.,1.585));
#13553 = DIRECTION('',(0.,0.,1.));
#13554 = DIRECTION('',(1.,0.,-0.));
#13555 = SHELL_BASED_SURFACE_MODEL('',(#13556));
#13556 = OPEN_SHELL('',(#13557));
#13557 = ADVANCED_FACE('',(#13558),#13619,.T.);
#13558 = FACE_BOUND('',#13559,.F.);
#13559 = EDGE_LOOP('',(#13560,#13571,#13579,#13588,#13596,#13604,#13613)
  );
#13560 = ORIENTED_EDGE('',*,*,#13561,.T.);
#13561 = EDGE_CURVE('',#13562,#13564,#13566,.T.);
#13562 = VERTEX_POINT('',#13563);
#13563 = CARTESIAN_POINT('',(28.58,-22.34,1.585));
#13564 = VERTEX_POINT('',#13565);
#13565 = CARTESIAN_POINT('',(28.64,-22.28,1.585));
#13566 = CIRCLE('',#13567,5.99993201626E-02);
#13567 = AXIS2_PLACEMENT_3D('',#13568,#13569,#13570);
#13568 = CARTESIAN_POINT('',(28.639999320159,-22.33999932015,1.585));
#13569 = DIRECTION('',(0.,0.,-1.));
#13570 = DIRECTION('',(-0.999999999936,-1.133081588457E-05,-0.));
#13571 = ORIENTED_EDGE('',*,*,#13572,.T.);
#13572 = EDGE_CURVE('',#13564,#13573,#13575,.T.);
#13573 = VERTEX_POINT('',#13574);
#13574 = CARTESIAN_POINT('',(29.89,-22.28,1.585));
#13575 = LINE('',#13576,#13577);
#13576 = CARTESIAN_POINT('',(28.64,-22.28,1.585));
#13577 = VECTOR('',#13578,1.);
#13578 = DIRECTION('',(1.,0.,0.));
#13579 = ORIENTED_EDGE('',*,*,#13580,.T.);
#13580 = EDGE_CURVE('',#13573,#13581,#13583,.T.);
#13581 = VERTEX_POINT('',#13582);
#13582 = CARTESIAN_POINT('',(29.89,-22.4,1.585));
#13583 = CIRCLE('',#13584,6.000000000042E-02);
#13584 = AXIS2_PLACEMENT_3D('',#13585,#13586,#13587);
#13585 = CARTESIAN_POINT('',(29.890000225588,-22.34,1.585));
#13586 = DIRECTION('',(0.,0.,-1.));
#13587 = DIRECTION('',(-3.75979413526E-06,0.999999999993,-0.));
#13588 = ORIENTED_EDGE('',*,*,#13589,.T.);
#13589 = EDGE_CURVE('',#13581,#13590,#13592,.T.);
#13590 = VERTEX_POINT('',#13591);
#13591 = CARTESIAN_POINT('',(28.7,-22.4,1.585));
#13592 = LINE('',#13593,#13594);
#13593 = CARTESIAN_POINT('',(29.89,-22.4,1.585));
#13594 = VECTOR('',#13595,1.);
#13595 = DIRECTION('',(-1.,0.,0.));
#13596 = ORIENTED_EDGE('',*,*,#13597,.T.);
#13597 = EDGE_CURVE('',#13590,#13598,#13600,.T.);
#13598 = VERTEX_POINT('',#13599);
#13599 = CARTESIAN_POINT('',(28.7,-23.59,1.585));
#13600 = LINE('',#13601,#13602);
#13601 = CARTESIAN_POINT('',(28.7,-22.4,1.585));
#13602 = VECTOR('',#13603,1.);
#13603 = DIRECTION('',(0.,-1.,0.));
#13604 = ORIENTED_EDGE('',*,*,#13605,.T.);
#13605 = EDGE_CURVE('',#13598,#13606,#13608,.T.);
#13606 = VERTEX_POINT('',#13607);
#13607 = CARTESIAN_POINT('',(28.58,-23.59,1.585));
#13608 = CIRCLE('',#13609,6.000000000043E-02);
#13609 = AXIS2_PLACEMENT_3D('',#13610,#13611,#13612);
#13610 = CARTESIAN_POINT('',(28.64,-23.59000022558,1.585));
#13611 = DIRECTION('',(0.,0.,-1.));
#13612 = DIRECTION('',(0.999999999993,3.759794076048E-06,0.));
#13613 = ORIENTED_EDGE('',*,*,#13614,.T.);
#13614 = EDGE_CURVE('',#13606,#13562,#13615,.T.);
#13615 = LINE('',#13616,#13617);
#13616 = CARTESIAN_POINT('',(28.58,-23.59,1.585));
#13617 = VECTOR('',#13618,1.);
#13618 = DIRECTION('',(0.,1.,0.));
#13619 = PLANE('',#13620);
#13620 = AXIS2_PLACEMENT_3D('',#13621,#13622,#13623);
#13621 = CARTESIAN_POINT('',(0.,0.,1.585));
#13622 = DIRECTION('',(0.,0.,1.));
#13623 = DIRECTION('',(1.,0.,-0.));
#13624 = ( GEOMETRIC_REPRESENTATION_CONTEXT(3) 
GLOBAL_UNCERTAINTY_ASSIGNED_CONTEXT((#13628)) 
GLOBAL_UNIT_ASSIGNED_CONTEXT((#13625,#13626,#13627)) 
REPRESENTATION_CONTEXT('Context #1',
  '3D Context with UNIT and UNCERTAINTY') );
#13625 = ( LENGTH_UNIT() NAMED_UNIT(*) SI_UNIT(.MILLI.,.METRE.) );
#13626 = ( NAMED_UNIT(*) PLANE_ANGLE_UNIT() SI_UNIT($,.RADIAN.) );
#13627 = ( NAMED_UNIT(*) SI_UNIT($,.STERADIAN.) SOLID_ANGLE_UNIT() );
#13628 = UNCERTAINTY_MEASURE_WITH_UNIT(LENGTH_MEASURE(1.E-07),#13625,
  'distance_accuracy_value','confusion accuracy');
#13629 = CONTEXT_DEPENDENT_SHAPE_REPRESENTATION(#13630,#13632);
#13630 = ( REPRESENTATION_RELATIONSHIP('','',#12972,#10) 
REPRESENTATION_RELATIONSHIP_WITH_TRANSFORMATION(#13631) 
SHAPE_REPRESENTATION_RELATIONSHIP() );
#13631 = ITEM_DEFINED_TRANSFORMATION('','',#11,#23);
#13632 = PRODUCT_DEFINITION_SHAPE('Placement','Placement of an item',
  #13633);
#13633 = NEXT_ASSEMBLY_USAGE_OCCURRENCE('3','=>[0:1:1:4]','',#5,#12967,$
  );
#13634 = PRODUCT_RELATED_PRODUCT_CATEGORY('part',$,(#12969));
#13635 = SHAPE_DEFINITION_REPRESENTATION(#13636,#13642);
#13636 = PRODUCT_DEFINITION_SHAPE('','',#13637);
#13637 = PRODUCT_DEFINITION('design','',#13638,#13641);
#13638 = PRODUCT_DEFINITION_FORMATION('','',#13639);
#13639 = PRODUCT('anthracite-footswitch_silkscreen',
  'anthracite-footswitch_silkscreen','',(#13640));
#13640 = PRODUCT_CONTEXT('',#2,'mechanical');
#13641 = PRODUCT_DEFINITION_CONTEXT('part definition',#2,'design');
#13642 = SHAPE_REPRESENTATION('',(#11,#13643,#13794,#13951,#14118,#14304
    ),#14416);
#13643 = SHELL_BASED_SURFACE_MODEL('',(#13644));
#13644 = OPEN_SHELL('',(#13645));
#13645 = ADVANCED_FACE('',(#13646),#13789,.T.);
#13646 = FACE_BOUND('',#13647,.T.);
#13647 = EDGE_LOOP('',(#13648,#13658,#13666,#13674,#13683,#13691,#13699,
    #13708,#13716,#13724,#13733,#13741,#13749,#13758,#13766,#13775,
    #13783));
#13648 = ORIENTED_EDGE('',*,*,#13649,.T.);
#13649 = EDGE_CURVE('',#13650,#13652,#13654,.T.);
#13650 = VERTEX_POINT('',#13651);
#13651 = CARTESIAN_POINT('',(33.272862,-36.410452,-7.5E-02));
#13652 = VERTEX_POINT('',#13653);
#13653 = CARTESIAN_POINT('',(33.294443,-36.390689,-7.5E-02));
#13654 = LINE('',#13655,#13656);
#13655 = CARTESIAN_POINT('',(33.272862,-36.410452,-7.5E-02));
#13656 = VECTOR('',#13657,1.);
#13657 = DIRECTION('',(0.737487398394,0.675360894049,0.));
#13658 = ORIENTED_EDGE('',*,*,#13659,.T.);
#13659 = EDGE_CURVE('',#13652,#13660,#13662,.T.);
#13660 = VERTEX_POINT('',#13661);
#13661 = CARTESIAN_POINT('',(33.321944,-36.380688,-7.5E-02));
#13662 = LINE('',#13663,#13664);
#13663 = CARTESIAN_POINT('',(33.294443,-36.390689,-7.5E-02));
#13664 = VECTOR('',#13665,1.);
#13665 = DIRECTION('',(0.939786439068,0.341762269631,0.));
#13666 = ORIENTED_EDGE('',*,*,#13667,.T.);
#13667 = EDGE_CURVE('',#13660,#13668,#13670,.T.);
#13668 = VERTEX_POINT('',#13669);
#13669 = CARTESIAN_POINT('',(33.334958,-36.38126,-7.5E-02));
#13670 = LINE('',#13671,#13672);
#13671 = CARTESIAN_POINT('',(33.321944,-36.380688,-7.5E-02));
#13672 = VECTOR('',#13673,1.);
#13673 = DIRECTION('',(0.999035478808,-4.391027308105E-02,0.));
#13674 = ORIENTED_EDGE('',*,*,#13675,.T.);
#13675 = EDGE_CURVE('',#13668,#13676,#13678,.T.);
#13676 = VERTEX_POINT('',#13677);
#13677 = CARTESIAN_POINT('',(33.401909,-36.42816,-7.5E-02));
#13678 = CIRCLE('',#13679,7.357142838937E-02);
#13679 = AXIS2_PLACEMENT_3D('',#13680,#13681,#13682);
#13680 = CARTESIAN_POINT('',(33.333335358617,-36.45481353227,-7.5E-02));
#13681 = DIRECTION('',(0.,0.,-1.));
#13682 = DIRECTION('',(2.205531982053E-02,0.999756751849,0.));
#13683 = ORIENTED_EDGE('',*,*,#13684,.T.);
#13684 = EDGE_CURVE('',#13676,#13685,#13687,.T.);
#13685 = VERTEX_POINT('',#13686);
#13686 = CARTESIAN_POINT('',(33.408332,-36.454819,-7.5E-02));
#13687 = LINE('',#13688,#13689);
#13688 = CARTESIAN_POINT('',(33.401909,-36.42816,-7.5E-02));
#13689 = VECTOR('',#13690,1.);
#13690 = DIRECTION('',(0.234229374205,-0.972181361815,0.));
#13691 = ORIENTED_EDGE('',*,*,#13692,.T.);
#13692 = EDGE_CURVE('',#13685,#13693,#13695,.T.);
#13693 = VERTEX_POINT('',#13694);
#13694 = CARTESIAN_POINT('',(33.406891,-37.469451,-7.5E-02));
#13695 = LINE('',#13696,#13697);
#13696 = CARTESIAN_POINT('',(33.408332,-36.454819,-7.5E-02));
#13697 = VECTOR('',#13698,1.);
#13698 = DIRECTION('',(-1.420217918158E-03,-0.99999899149,0.));
#13699 = ORIENTED_EDGE('',*,*,#13700,.T.);
#13700 = EDGE_CURVE('',#13693,#13701,#13703,.T.);
#13701 = VERTEX_POINT('',#13702);
#13702 = CARTESIAN_POINT('',(33.258332,-37.454819,-7.5E-02));
#13703 = CIRCLE('',#13704,7.500006711464E-02);
#13704 = AXIS2_PLACEMENT_3D('',#13705,#13706,#13707);
#13705 = CARTESIAN_POINT('',(33.333332067115,-37.45481906711,-7.5E-02));
#13706 = DIRECTION('',(-0.,0.,-1.));
#13707 = DIRECTION('',(0.980784894138,-0.195092263891,-0.));
#13708 = ORIENTED_EDGE('',*,*,#13709,.T.);
#13709 = EDGE_CURVE('',#13701,#13710,#13712,.T.);
#13710 = VERTEX_POINT('',#13711);
#13711 = CARTESIAN_POINT('',(33.258332,-36.792886,-7.5E-02));
#13712 = LINE('',#13713,#13714);
#13713 = CARTESIAN_POINT('',(33.258332,-37.454819,-7.5E-02));
#13714 = VECTOR('',#13715,1.);
#13715 = DIRECTION('',(0.,1.,0.));
#13716 = ORIENTED_EDGE('',*,*,#13717,.T.);
#13717 = EDGE_CURVE('',#13710,#13718,#13720,.T.);
#13718 = VERTEX_POINT('',#13719);
#13719 = CARTESIAN_POINT('',(33.060469,-37.21347,-7.5E-02));
#13720 = LINE('',#13721,#13722);
#13721 = CARTESIAN_POINT('',(33.258332,-36.792886,-7.5E-02));
#13722 = VECTOR('',#13723,1.);
#13723 = DIRECTION('',(-0.42569331878,-0.904867503199,0.));
#13724 = ORIENTED_EDGE('',*,*,#13725,.T.);
#13725 = EDGE_CURVE('',#13718,#13726,#13728,.T.);
#13726 = VERTEX_POINT('',#13727);
#13727 = CARTESIAN_POINT('',(32.932035,-37.200821,-7.5E-02));
#13728 = CIRCLE('',#13729,7.500055561208E-02);
#13729 = AXIS2_PLACEMENT_3D('',#13730,#13731,#13732);
#13730 = CARTESIAN_POINT('',(32.999998657454,-37.16910310902,-7.5E-02));
#13731 = DIRECTION('',(-0.,0.,-1.));
#13732 = DIRECTION('',(0.806265261009,-0.591554163953,-0.));
#13733 = ORIENTED_EDGE('',*,*,#13734,.T.);
#13734 = EDGE_CURVE('',#13726,#13735,#13737,.T.);
#13735 = VERTEX_POINT('',#13736);
#13736 = CARTESIAN_POINT('',(32.741666,-36.792886,-7.5E-02));
#13737 = LINE('',#13738,#13739);
#13738 = CARTESIAN_POINT('',(32.932035,-37.200821,-7.5E-02));
#13739 = VECTOR('',#13740,1.);
#13740 = DIRECTION('',(-0.42288424924,0.906183707503,0.));
#13741 = ORIENTED_EDGE('',*,*,#13742,.T.);
#13742 = EDGE_CURVE('',#13735,#13743,#13745,.T.);
#13743 = VERTEX_POINT('',#13744);
#13744 = CARTESIAN_POINT('',(32.740225,-37.469451,-7.5E-02));
#13745 = LINE('',#13746,#13747);
#13746 = CARTESIAN_POINT('',(32.741666,-36.792886,-7.5E-02));
#13747 = VECTOR('',#13748,1.);
#13748 = DIRECTION('',(-2.129871825402E-03,-0.99999773182,0.));
#13749 = ORIENTED_EDGE('',*,*,#13750,.T.);
#13750 = EDGE_CURVE('',#13743,#13751,#13753,.T.);
#13751 = VERTEX_POINT('',#13752);
#13752 = CARTESIAN_POINT('',(32.591666,-37.454819,-7.5E-02));
#13753 = CIRCLE('',#13754,7.500006711464E-02);
#13754 = AXIS2_PLACEMENT_3D('',#13755,#13756,#13757);
#13755 = CARTESIAN_POINT('',(32.666666067115,-37.45481906711,-7.5E-02));
#13756 = DIRECTION('',(-0.,0.,-1.));
#13757 = DIRECTION('',(0.980784894138,-0.195092263891,-0.));
#13758 = ORIENTED_EDGE('',*,*,#13759,.T.);
#13759 = EDGE_CURVE('',#13751,#13760,#13762,.T.);
#13760 = VERTEX_POINT('',#13761);
#13761 = CARTESIAN_POINT('',(32.593107,-36.440187,-7.5E-02));
#13762 = LINE('',#13763,#13764);
#13763 = CARTESIAN_POINT('',(32.591666,-37.454819,-7.5E-02));
#13764 = VECTOR('',#13765,1.);
#13765 = DIRECTION('',(1.420217918165E-03,0.99999899149,0.));
#13766 = ORIENTED_EDGE('',*,*,#13767,.T.);
#13767 = EDGE_CURVE('',#13760,#13768,#13770,.T.);
#13768 = VERTEX_POINT('',#13769);
#13769 = CARTESIAN_POINT('',(32.73463,-36.423103,-7.5E-02));
#13770 = CIRCLE('',#13771,7.500008955868E-02);
#13771 = AXIS2_PLACEMENT_3D('',#13772,#13773,#13774);
#13772 = CARTESIAN_POINT('',(32.666665951972,-36.45481895197,-7.5E-02));
#13773 = DIRECTION('',(0.,0.,-1.));
#13774 = DIRECTION('',(-0.980784855129,0.195092460003,0.));
#13775 = ORIENTED_EDGE('',*,*,#13776,.T.);
#13776 = EDGE_CURVE('',#13768,#13777,#13779,.T.);
#13777 = VERTEX_POINT('',#13778);
#13778 = CARTESIAN_POINT('',(32.999998,-36.99175,-7.5E-02));
#13779 = LINE('',#13780,#13781);
#13780 = CARTESIAN_POINT('',(32.73463,-36.423103,-7.5E-02));
#13781 = VECTOR('',#13782,1.);
#13782 = DIRECTION('',(0.422884680174,-0.906183506402,0.));
#13783 = ORIENTED_EDGE('',*,*,#13784,.T.);
#13784 = EDGE_CURVE('',#13777,#13650,#13785,.T.);
#13785 = LINE('',#13786,#13787);
#13786 = CARTESIAN_POINT('',(32.999998,-36.99175,-7.5E-02));
#13787 = VECTOR('',#13788,1.);
#13788 = DIRECTION('',(0.424919689643,0.905231051916,0.));
#13789 = PLANE('',#13790);
#13790 = AXIS2_PLACEMENT_3D('',#13791,#13792,#13793);
#13791 = CARTESIAN_POINT('',(0.,0.,-7.5E-02));
#13792 = DIRECTION('',(-0.,-0.,-1.));
#13793 = DIRECTION('',(-1.,0.,0.));
#13794 = SHELL_BASED_SURFACE_MODEL('',(#13795));
#13795 = OPEN_SHELL('',(#13796));
#13796 = ADVANCED_FACE('',(#13797),#13946,.T.);
#13797 = FACE_BOUND('',#13798,.T.);
#13798 = EDGE_LOOP('',(#13799,#13809,#13817,#13825,#13833,#13841,#13849,
    #13857,#13866,#13874,#13882,#13890,#13898,#13907,#13915,#13924,
    #13932,#13940));
#13799 = ORIENTED_EDGE('',*,*,#13800,.T.);
#13800 = EDGE_CURVE('',#13801,#13803,#13805,.T.);
#13801 = VERTEX_POINT('',#13802);
#13802 = CARTESIAN_POINT('',(28.947021,-26.401731,-7.5E-02));
#13803 = VERTEX_POINT('',#13804);
#13804 = CARTESIAN_POINT('',(28.985367,-26.38126,-7.5E-02));
#13805 = LINE('',#13806,#13807);
#13806 = CARTESIAN_POINT('',(28.947021,-26.401731,-7.5E-02));
#13807 = VECTOR('',#13808,1.);
#13808 = DIRECTION('',(0.882163732375,0.470942830163,0.));
#13809 = ORIENTED_EDGE('',*,*,#13810,.T.);
#13810 = EDGE_CURVE('',#13803,#13811,#13813,.T.);
#13811 = VERTEX_POINT('',#13812);
#13812 = CARTESIAN_POINT('',(29.007283,-26.38126,-7.5E-02));
#13813 = LINE('',#13814,#13815);
#13814 = CARTESIAN_POINT('',(28.985367,-26.38126,-7.5E-02));
#13815 = VECTOR('',#13816,1.);
#13816 = DIRECTION('',(1.,0.,0.));
#13817 = ORIENTED_EDGE('',*,*,#13818,.T.);
#13818 = EDGE_CURVE('',#13811,#13819,#13821,.T.);
#13819 = VERTEX_POINT('',#13820);
#13820 = CARTESIAN_POINT('',(29.041667,-26.392459,-7.5E-02));
#13821 = LINE('',#13822,#13823);
#13822 = CARTESIAN_POINT('',(29.007283,-26.38126,-7.5E-02));
#13823 = VECTOR('',#13824,1.);
#13824 = DIRECTION('',(0.950837159691,-0.309691291048,0.));
#13825 = ORIENTED_EDGE('',*,*,#13826,.T.);
#13826 = EDGE_CURVE('',#13819,#13827,#13829,.T.);
#13827 = VERTEX_POINT('',#13828);
#13828 = CARTESIAN_POINT('',(29.062403,-26.413216,-7.5E-02));
#13829 = LINE('',#13830,#13831);
#13830 = CARTESIAN_POINT('',(29.041667,-26.392459,-7.5E-02));
#13831 = VECTOR('',#13832,1.);
#13832 = DIRECTION('',(0.706748817237,-0.707464564013,0.));
#13833 = ORIENTED_EDGE('',*,*,#13834,.T.);
#13834 = EDGE_CURVE('',#13827,#13835,#13837,.T.);
#13835 = VERTEX_POINT('',#13836);
#13836 = CARTESIAN_POINT('',(29.153521,-26.549894,-7.5E-02));
#13837 = LINE('',#13838,#13839);
#13838 = CARTESIAN_POINT('',(29.062403,-26.413216,-7.5E-02));
#13839 = VECTOR('',#13840,1.);
#13840 = DIRECTION('',(0.554697386523,-0.832052167466,0.));
#13841 = ORIENTED_EDGE('',*,*,#13842,.T.);
#13842 = EDGE_CURVE('',#13835,#13843,#13845,.T.);
#13843 = VERTEX_POINT('',#13844);
#13844 = CARTESIAN_POINT('',(29.234902,-26.631275,-7.5E-02));
#13845 = LINE('',#13846,#13847);
#13846 = CARTESIAN_POINT('',(29.153521,-26.549894,-7.5E-02));
#13847 = VECTOR('',#13848,1.);
#13848 = DIRECTION('',(0.707106781187,-0.707106781187,0.));
#13849 = ORIENTED_EDGE('',*,*,#13850,.T.);
#13850 = EDGE_CURVE('',#13843,#13851,#13853,.T.);
#13851 = VERTEX_POINT('',#13852);
#13852 = CARTESIAN_POINT('',(29.331697,-26.681283,-7.5E-02));
#13853 = LINE('',#13854,#13855);
#13854 = CARTESIAN_POINT('',(29.234902,-26.631275,-7.5E-02));
#13855 = VECTOR('',#13856,1.);
#13856 = DIRECTION('',(0.888436200035,-0.45900012905,0.));
#13857 = ORIENTED_EDGE('',*,*,#13858,.T.);
#13858 = EDGE_CURVE('',#13851,#13859,#13861,.T.);
#13859 = VERTEX_POINT('',#13860);
#13860 = CARTESIAN_POINT('',(29.252172,-26.807615,-7.5E-02));
#13861 = CIRCLE('',#13862,7.500029440362E-02);
#13862 = AXIS2_PLACEMENT_3D('',#13863,#13864,#13865);
#13863 = CARTESIAN_POINT('',(29.285713053971,-26.74053264867,-7.5E-02));
#13864 = DIRECTION('',(0.,0.,-1.));
#13865 = DIRECTION('',(0.613116873665,0.789992214662,0.));
#13866 = ORIENTED_EDGE('',*,*,#13867,.T.);
#13867 = EDGE_CURVE('',#13859,#13868,#13870,.T.);
#13868 = VERTEX_POINT('',#13869);
#13869 = CARTESIAN_POINT('',(29.143192,-26.750667,-7.5E-02));
#13870 = LINE('',#13871,#13872);
#13871 = CARTESIAN_POINT('',(29.252172,-26.807615,-7.5E-02));
#13872 = VECTOR('',#13873,1.);
#13873 = DIRECTION('',(-0.886288266156,0.463134007901,0.));
#13874 = ORIENTED_EDGE('',*,*,#13875,.T.);
#13875 = EDGE_CURVE('',#13868,#13876,#13878,.T.);
#13876 = VERTEX_POINT('',#13877);
#13877 = CARTESIAN_POINT('',(29.074999,-26.683504,-7.5E-02));
#13878 = LINE('',#13879,#13880);
#13879 = CARTESIAN_POINT('',(29.143192,-26.750667,-7.5E-02));
#13880 = VECTOR('',#13881,1.);
#13881 = DIRECTION('',(-0.712466927177,0.70170569164,0.));
#13882 = ORIENTED_EDGE('',*,*,#13883,.T.);
#13883 = EDGE_CURVE('',#13876,#13884,#13886,.T.);
#13884 = VERTEX_POINT('',#13885);
#13885 = CARTESIAN_POINT('',(29.074999,-27.379819,-7.5E-02));
#13886 = LINE('',#13887,#13888);
#13887 = CARTESIAN_POINT('',(29.074999,-26.683504,-7.5E-02));
#13888 = VECTOR('',#13889,1.);
#13889 = DIRECTION('',(0.,-1.,0.));
#13890 = ORIENTED_EDGE('',*,*,#13891,.T.);
#13891 = EDGE_CURVE('',#13884,#13892,#13894,.T.);
#13892 = VERTEX_POINT('',#13893);
#13893 = CARTESIAN_POINT('',(29.300345,-27.38126,-7.5E-02));
#13894 = LINE('',#13895,#13896);
#13895 = CARTESIAN_POINT('',(29.074999,-27.379819,-7.5E-02));
#13896 = VECTOR('',#13897,1.);
#13897 = DIRECTION('',(0.999979555102,-6.394480216655E-03,0.));
#13898 = ORIENTED_EDGE('',*,*,#13899,.T.);
#13899 = EDGE_CURVE('',#13892,#13900,#13902,.T.);
#13900 = VERTEX_POINT('',#13901);
#13901 = CARTESIAN_POINT('',(29.285713,-27.529819,-7.5E-02));
#13902 = CIRCLE('',#13903,7.500006711464E-02);
#13903 = AXIS2_PLACEMENT_3D('',#13904,#13905,#13906);
#13904 = CARTESIAN_POINT('',(29.285713067115,-27.45481893288,-7.5E-02));
#13905 = DIRECTION('',(0.,0.,-1.));
#13906 = DIRECTION('',(0.195092263891,0.980784894138,0.));
#13907 = ORIENTED_EDGE('',*,*,#13908,.T.);
#13908 = EDGE_CURVE('',#13900,#13909,#13911,.T.);
#13909 = VERTEX_POINT('',#13910);
#13910 = CARTESIAN_POINT('',(28.699653,-27.528378,-7.5E-02));
#13911 = LINE('',#13912,#13913);
#13912 = CARTESIAN_POINT('',(29.285713,-27.529819,-7.5E-02));
#13913 = VECTOR('',#13914,1.);
#13914 = DIRECTION('',(-0.999996977183,2.458785182611E-03,0.));
#13915 = ORIENTED_EDGE('',*,*,#13916,.T.);
#13916 = EDGE_CURVE('',#13909,#13917,#13919,.T.);
#13917 = VERTEX_POINT('',#13918);
#13918 = CARTESIAN_POINT('',(28.714285,-27.379819,-7.5E-02));
#13919 = CIRCLE('',#13920,7.500006711464E-02);
#13920 = AXIS2_PLACEMENT_3D('',#13921,#13922,#13923);
#13921 = CARTESIAN_POINT('',(28.714284932885,-27.45481906711,-7.5E-02));
#13922 = DIRECTION('',(0.,0.,-1.));
#13923 = DIRECTION('',(-0.195092263891,-0.980784894138,-0.));
#13924 = ORIENTED_EDGE('',*,*,#13925,.T.);
#13925 = EDGE_CURVE('',#13917,#13926,#13928,.T.);
#13926 = VERTEX_POINT('',#13927);
#13927 = CARTESIAN_POINT('',(28.924999,-27.379819,-7.5E-02));
#13928 = LINE('',#13929,#13930);
#13929 = CARTESIAN_POINT('',(28.714285,-27.379819,-7.5E-02));
#13930 = VECTOR('',#13931,1.);
#13931 = DIRECTION('',(1.,0.,0.));
#13932 = ORIENTED_EDGE('',*,*,#13933,.T.);
#13933 = EDGE_CURVE('',#13926,#13934,#13936,.T.);
#13934 = VERTEX_POINT('',#13935);
#13935 = CARTESIAN_POINT('',(28.92644,-26.440187,-7.5E-02));
#13936 = LINE('',#13937,#13938);
#13937 = CARTESIAN_POINT('',(28.924999,-27.379819,-7.5E-02));
#13938 = VECTOR('',#13939,1.);
#13939 = DIRECTION('',(1.533577299926E-03,0.99999882407,0.));
#13940 = ORIENTED_EDGE('',*,*,#13941,.T.);
#13941 = EDGE_CURVE('',#13934,#13801,#13942,.T.);
#13942 = LINE('',#13943,#13944);
#13943 = CARTESIAN_POINT('',(28.92644,-26.440187,-7.5E-02));
#13944 = VECTOR('',#13945,1.);
#13945 = DIRECTION('',(0.471857451169,0.881674852639,0.));
#13946 = PLANE('',#13947);
#13947 = AXIS2_PLACEMENT_3D('',#13948,#13949,#13950);
#13948 = CARTESIAN_POINT('',(0.,0.,-7.5E-02));
#13949 = DIRECTION('',(-0.,-0.,-1.));
#13950 = DIRECTION('',(-1.,0.,0.));
#13951 = SHELL_BASED_SURFACE_MODEL('',(#13952));
#13952 = OPEN_SHELL('',(#13953));
#13953 = ADVANCED_FACE('',(#13954),#14113,.T.);
#13954 = FACE_BOUND('',#13955,.T.);
#13955 = EDGE_LOOP('',(#13956,#13967,#13975,#13984,#13992,#14001,#14009,
    #14017,#14025,#14033,#14041,#14050,#14058,#14067,#14075,#14083,
    #14091,#14099,#14107));
#13956 = ORIENTED_EDGE('',*,*,#13957,.T.);
#13957 = EDGE_CURVE('',#13958,#13960,#13962,.T.);
#13958 = VERTEX_POINT('',#13959);
#13959 = CARTESIAN_POINT('',(32.769682,-26.43932,-7.5E-02));
#13960 = VERTEX_POINT('',#13961);
#13961 = CARTESIAN_POINT('',(33.285377,-26.444686,-7.5E-02));
#13962 = CIRCLE('',#13963,0.45076336239);
#13963 = AXIS2_PLACEMENT_3D('',#13964,#13965,#13966);
#13964 = CARTESIAN_POINT('',(33.023682601964,-26.81170595982,-7.5E-02));
#13965 = DIRECTION('',(0.,0.,-1.));
#13966 = DIRECTION('',(-0.563489899928,0.826122952519,0.));
#13967 = ORIENTED_EDGE('',*,*,#13968,.T.);
#13968 = EDGE_CURVE('',#13960,#13969,#13971,.T.);
#13969 = VERTEX_POINT('',#13970);
#13970 = CARTESIAN_POINT('',(33.348073,-26.508389,-7.5E-02));
#13971 = LINE('',#13972,#13973);
#13972 = CARTESIAN_POINT('',(33.285377,-26.444686,-7.5E-02));
#13973 = VECTOR('',#13974,1.);
#13974 = DIRECTION('',(0.701451117645,-0.712717566469,0.));
#13975 = ORIENTED_EDGE('',*,*,#13976,.T.);
#13976 = EDGE_CURVE('',#13969,#13977,#13979,.T.);
#13977 = VERTEX_POINT('',#13978);
#13978 = CARTESIAN_POINT('',(33.23268,-26.60309,-7.5E-02));
#13979 = CIRCLE('',#13980,7.500003178656E-02);
#13980 = AXIS2_PLACEMENT_3D('',#13981,#13982,#13983);
#13981 = CARTESIAN_POINT('',(33.285712562127,-26.5500565,-7.5E-02));
#13982 = DIRECTION('',(0.,0.,-1.));
#13983 = DIRECTION('',(0.831472152581,0.555566431206,0.));
#13984 = ORIENTED_EDGE('',*,*,#13985,.T.);
#13985 = EDGE_CURVE('',#13977,#13986,#13988,.T.);
#13986 = VERTEX_POINT('',#13987);
#13987 = CARTESIAN_POINT('',(33.193667,-26.564077,-7.5E-02));
#13988 = LINE('',#13989,#13990);
#13989 = CARTESIAN_POINT('',(33.23268,-26.60309,-7.5E-02));
#13990 = VECTOR('',#13991,1.);
#13991 = DIRECTION('',(-0.707106781187,0.707106781187,0.));
#13992 = ORIENTED_EDGE('',*,*,#13993,.T.);
#13993 = EDGE_CURVE('',#13986,#13994,#13996,.T.);
#13994 = VERTEX_POINT('',#13995);
#13995 = CARTESIAN_POINT('',(32.85395,-26.564077,-7.5E-02));
#13996 = CIRCLE('',#13997,0.305621483548);
#13997 = AXIS2_PLACEMENT_3D('',#13998,#13999,#14000);
#13998 = CARTESIAN_POINT('',(33.0238085,-26.818149,-7.5E-02));
#13999 = DIRECTION('',(0.,0.,1.));
#14000 = DIRECTION('',(0.555780627814,0.831328992485,-0.));
#14001 = ORIENTED_EDGE('',*,*,#14002,.T.);
#14002 = EDGE_CURVE('',#13994,#14003,#14005,.T.);
#14003 = VERTEX_POINT('',#14004);
#14004 = CARTESIAN_POINT('',(32.823543,-26.594484,-7.5E-02));
#14005 = LINE('',#14006,#14007);
#14006 = CARTESIAN_POINT('',(32.85395,-26.564077,-7.5E-02));
#14007 = VECTOR('',#14008,1.);
#14008 = DIRECTION('',(-0.707106781187,-0.707106781187,0.));
#14009 = ORIENTED_EDGE('',*,*,#14010,.T.);
#14010 = EDGE_CURVE('',#14003,#14011,#14013,.T.);
#14011 = VERTEX_POINT('',#14012);
#14012 = CARTESIAN_POINT('',(32.789285,-26.663,-7.5E-02));
#14013 = LINE('',#14014,#14015);
#14014 = CARTESIAN_POINT('',(32.823543,-26.594484,-7.5E-02));
#14015 = VECTOR('',#14016,1.);
#14016 = DIRECTION('',(-0.4472135955,-0.894427191,0.));
#14017 = ORIENTED_EDGE('',*,*,#14018,.T.);
#14018 = EDGE_CURVE('',#14011,#14019,#14021,.T.);
#14019 = VERTEX_POINT('',#14020);
#14020 = CARTESIAN_POINT('',(32.789285,-26.728362,-7.5E-02));
#14021 = LINE('',#14022,#14023);
#14022 = CARTESIAN_POINT('',(32.789285,-26.663,-7.5E-02));
#14023 = VECTOR('',#14024,1.);
#14024 = DIRECTION('',(0.,-1.,0.));
#14025 = ORIENTED_EDGE('',*,*,#14026,.T.);
#14026 = EDGE_CURVE('',#14019,#14027,#14029,.T.);
#14027 = VERTEX_POINT('',#14028);
#14028 = CARTESIAN_POINT('',(32.827456,-26.842876,-7.5E-02));
#14029 = LINE('',#14030,#14031);
#14030 = CARTESIAN_POINT('',(32.789285,-26.728362,-7.5E-02));
#14031 = VECTOR('',#14032,1.);
#14032 = DIRECTION('',(0.316225280684,-0.948684126491,0.));
#14033 = ORIENTED_EDGE('',*,*,#14034,.T.);
#14034 = EDGE_CURVE('',#14027,#14035,#14037,.T.);
#14035 = VERTEX_POINT('',#14036);
#14036 = CARTESIAN_POINT('',(33.395693,-27.413151,-7.5E-02));
#14037 = LINE('',#14038,#14039);
#14038 = CARTESIAN_POINT('',(32.827456,-26.842876,-7.5E-02));
#14039 = VECTOR('',#14040,1.);
#14040 = DIRECTION('',(0.705839889737,-0.70837140686,0.));
#14041 = ORIENTED_EDGE('',*,*,#14042,.T.);
#14042 = EDGE_CURVE('',#14035,#14043,#14045,.T.);
#14043 = VERTEX_POINT('',#14044);
#14044 = CARTESIAN_POINT('',(33.333332,-27.529819,-7.5E-02));
#14045 = CIRCLE('',#14046,7.500074801458E-02);
#14046 = AXIS2_PLACEMENT_3D('',#14047,#14048,#14049);
#14047 = CARTESIAN_POINT('',(33.333331535019,-27.45481825198,-7.5E-02));
#14048 = DIRECTION('',(0.,0.,-1.));
#14049 = DIRECTION('',(0.831477906982,0.555557818954,0.));
#14050 = ORIENTED_EDGE('',*,*,#14051,.T.);
#14051 = EDGE_CURVE('',#14043,#14052,#14054,.T.);
#14052 = VERTEX_POINT('',#14053);
#14053 = CARTESIAN_POINT('',(32.699653,-27.528378,-7.5E-02));
#14054 = LINE('',#14055,#14056);
#14055 = CARTESIAN_POINT('',(33.333332,-27.529819,-7.5E-02));
#14056 = VECTOR('',#14057,1.);
#14057 = DIRECTION('',(-0.999997414422,2.274016140951E-03,0.));
#14058 = ORIENTED_EDGE('',*,*,#14059,.T.);
#14059 = EDGE_CURVE('',#14052,#14060,#14062,.T.);
#14060 = VERTEX_POINT('',#14061);
#14061 = CARTESIAN_POINT('',(32.714285,-27.379819,-7.5E-02));
#14062 = CIRCLE('',#14063,7.500006711464E-02);
#14063 = AXIS2_PLACEMENT_3D('',#14064,#14065,#14066);
#14064 = CARTESIAN_POINT('',(32.714284932885,-27.45481906711,-7.5E-02));
#14065 = DIRECTION('',(0.,0.,-1.));
#14066 = DIRECTION('',(-0.195092263891,-0.980784894138,-0.));
#14067 = ORIENTED_EDGE('',*,*,#14068,.T.);
#14068 = EDGE_CURVE('',#14060,#14069,#14071,.T.);
#14069 = VERTEX_POINT('',#14070);
#14070 = CARTESIAN_POINT('',(33.152266,-27.379819,-7.5E-02));
#14071 = LINE('',#14072,#14073);
#14072 = CARTESIAN_POINT('',(32.714285,-27.379819,-7.5E-02));
#14073 = VECTOR('',#14074,1.);
#14074 = DIRECTION('',(1.,0.,0.));
#14075 = ORIENTED_EDGE('',*,*,#14076,.T.);
#14076 = EDGE_CURVE('',#14069,#14077,#14079,.T.);
#14077 = VERTEX_POINT('',#14078);
#14078 = CARTESIAN_POINT('',(32.696747,-26.920532,-7.5E-02));
#14079 = LINE('',#14080,#14081);
#14080 = CARTESIAN_POINT('',(33.152266,-27.379819,-7.5E-02));
#14081 = VECTOR('',#14082,1.);
#14082 = DIRECTION('',(-0.704188301374,0.710013264811,0.));
#14083 = ORIENTED_EDGE('',*,*,#14084,.T.);
#14084 = EDGE_CURVE('',#14077,#14085,#14087,.T.);
#14085 = VERTEX_POINT('',#14086);
#14086 = CARTESIAN_POINT('',(32.640014,-26.747938,-7.5E-02));
#14087 = LINE('',#14088,#14089);
#14088 = CARTESIAN_POINT('',(32.696747,-26.920532,-7.5E-02));
#14089 = VECTOR('',#14090,1.);
#14090 = DIRECTION('',(-0.312270244693,0.949993312755,0.));
#14091 = ORIENTED_EDGE('',*,*,#14092,.T.);
#14092 = EDGE_CURVE('',#14085,#14093,#14095,.T.);
#14093 = VERTEX_POINT('',#14094);
#14094 = CARTESIAN_POINT('',(32.641948,-26.625486,-7.5E-02));
#14095 = LINE('',#14096,#14097);
#14096 = CARTESIAN_POINT('',(32.640014,-26.747938,-7.5E-02));
#14097 = VECTOR('',#14098,1.);
#14098 = DIRECTION('',(1.579197422879E-02,0.999875299,0.));
#14099 = ORIENTED_EDGE('',*,*,#14100,.T.);
#14100 = EDGE_CURVE('',#14093,#14101,#14103,.T.);
#14101 = VERTEX_POINT('',#14102);
#14102 = CARTESIAN_POINT('',(32.704152,-26.502773,-7.5E-02));
#14103 = LINE('',#14104,#14105);
#14104 = CARTESIAN_POINT('',(32.641948,-26.625486,-7.5E-02));
#14105 = VECTOR('',#14106,1.);
#14106 = DIRECTION('',(0.4521349062,0.891949565052,0.));
#14107 = ORIENTED_EDGE('',*,*,#14108,.T.);
#14108 = EDGE_CURVE('',#14101,#13958,#14109,.T.);
#14109 = LINE('',#14110,#14111);
#14110 = CARTESIAN_POINT('',(32.704152,-26.502773,-7.5E-02));
#14111 = VECTOR('',#14112,1.);
#14112 = DIRECTION('',(0.718400113328,0.695630129574,0.));
#14113 = PLANE('',#14114);
#14114 = AXIS2_PLACEMENT_3D('',#14115,#14116,#14117);
#14115 = CARTESIAN_POINT('',(0.,0.,-7.5E-02));
#14116 = DIRECTION('',(-0.,-0.,-1.));
#14117 = DIRECTION('',(-1.,0.,0.));
#14118 = SHELL_BASED_SURFACE_MODEL('',(#14119));
#14119 = OPEN_SHELL('',(#14120));
#14120 = ADVANCED_FACE('',(#14121),#14299,.T.);
#14121 = FACE_BOUND('',#14122,.T.);
#14122 = EDGE_LOOP('',(#14123,#14134,#14142,#14151,#14159,#14167,#14176,
    #14184,#14193,#14201,#14210,#14218,#14226,#14234,#14243,#14251,
    #14259,#14267,#14276,#14284,#14293));
#14123 = ORIENTED_EDGE('',*,*,#14124,.T.);
#14124 = EDGE_CURVE('',#14125,#14127,#14129,.T.);
#14125 = VERTEX_POINT('',#14126);
#14126 = CARTESIAN_POINT('',(36.649291,-26.492246,-7.5E-02));
#14127 = VERTEX_POINT('',#14128);
#14128 = CARTESIAN_POINT('',(36.714285,-26.379819,-7.5E-02));
#14129 = CIRCLE('',#14130,7.499979513923E-02);
#14130 = AXIS2_PLACEMENT_3D('',#14131,#14132,#14133);
#14131 = CARTESIAN_POINT('',(36.714284642821,-26.45481879513,-7.5E-02));
#14132 = DIRECTION('',(0.,0.,-1.));
#14133 = DIRECTION('',(-0.866584271338,-0.499030761246,-0.));
#14134 = ORIENTED_EDGE('',*,*,#14135,.T.);
#14135 = EDGE_CURVE('',#14127,#14136,#14138,.T.);
#14136 = VERTEX_POINT('',#14137);
#14137 = CARTESIAN_POINT('',(37.347964,-26.38126,-7.5E-02));
#14138 = LINE('',#14139,#14140);
#14139 = CARTESIAN_POINT('',(36.714285,-26.379819,-7.5E-02));
#14140 = VECTOR('',#14141,1.);
#14141 = DIRECTION('',(0.999997414422,-2.274016140951E-03,0.));
#14142 = ORIENTED_EDGE('',*,*,#14143,.T.);
#14143 = EDGE_CURVE('',#14136,#14144,#14146,.T.);
#14144 = VERTEX_POINT('',#14145);
#14145 = CARTESIAN_POINT('',(37.333332,-26.529819,-7.5E-02));
#14146 = CIRCLE('',#14147,7.500006711464E-02);
#14147 = AXIS2_PLACEMENT_3D('',#14148,#14149,#14150);
#14148 = CARTESIAN_POINT('',(37.333332067115,-26.45481893288,-7.5E-02));
#14149 = DIRECTION('',(0.,0.,-1.));
#14150 = DIRECTION('',(0.195092263891,0.980784894138,0.));
#14151 = ORIENTED_EDGE('',*,*,#14152,.T.);
#14152 = EDGE_CURVE('',#14144,#14153,#14155,.T.);
#14153 = VERTEX_POINT('',#14154);
#14154 = CARTESIAN_POINT('',(36.879567,-26.529819,-7.5E-02));
#14155 = LINE('',#14156,#14157);
#14156 = CARTESIAN_POINT('',(37.333332,-26.529819,-7.5E-02));
#14157 = VECTOR('',#14158,1.);
#14158 = DIRECTION('',(-1.,0.,0.));
#14159 = ORIENTED_EDGE('',*,*,#14160,.T.);
#14160 = EDGE_CURVE('',#14153,#14161,#14163,.T.);
#14161 = VERTEX_POINT('',#14162);
#14162 = CARTESIAN_POINT('',(37.112612,-26.798344,-7.5E-02));
#14163 = LINE('',#14164,#14165);
#14164 = CARTESIAN_POINT('',(36.879567,-26.529819,-7.5E-02));
#14165 = VECTOR('',#14166,1.);
#14166 = DIRECTION('',(0.655449705334,-0.755238825655,0.));
#14167 = ORIENTED_EDGE('',*,*,#14168,.T.);
#14168 = EDGE_CURVE('',#14161,#14169,#14171,.T.);
#14169 = VERTEX_POINT('',#14170);
#14170 = CARTESIAN_POINT('',(37.047618,-26.910771,-7.5E-02));
#14171 = CIRCLE('',#14172,7.499979513923E-02);
#14172 = AXIS2_PLACEMENT_3D('',#14173,#14174,#14175);
#14173 = CARTESIAN_POINT('',(37.047618357179,-26.83577120486,-7.5E-02));
#14174 = DIRECTION('',(0.,0.,-1.));
#14175 = DIRECTION('',(0.866584271338,0.499030761246,0.));
#14176 = ORIENTED_EDGE('',*,*,#14177,.T.);
#14177 = EDGE_CURVE('',#14169,#14178,#14180,.T.);
#14178 = VERTEX_POINT('',#14179);
#14179 = CARTESIAN_POINT('',(36.922466,-26.910771,-7.5E-02));
#14180 = LINE('',#14181,#14182);
#14181 = CARTESIAN_POINT('',(37.047618,-26.910771,-7.5E-02));
#14182 = VECTOR('',#14183,1.);
#14183 = DIRECTION('',(-1.,0.,0.));
#14184 = ORIENTED_EDGE('',*,*,#14185,.T.);
#14185 = EDGE_CURVE('',#14178,#14186,#14188,.T.);
#14186 = VERTEX_POINT('',#14187);
#14187 = CARTESIAN_POINT('',(36.789285,-27.043952,-7.5E-02));
#14188 = CIRCLE('',#14189,0.18686440374);
#14189 = AXIS2_PLACEMENT_3D('',#14190,#14191,#14192);
#14190 = CARTESIAN_POINT('',(36.970002,-27.091488,-7.5E-02));
#14191 = DIRECTION('',(0.,0.,1.));
#14192 = DIRECTION('',(-0.254387668537,0.967102328658,0.));
#14193 = ORIENTED_EDGE('',*,*,#14194,.T.);
#14194 = EDGE_CURVE('',#14186,#14195,#14197,.T.);
#14195 = VERTEX_POINT('',#14196);
#14196 = CARTESIAN_POINT('',(36.789285,-27.246637,-7.5E-02));
#14197 = LINE('',#14198,#14199);
#14198 = CARTESIAN_POINT('',(36.789285,-27.043952,-7.5E-02));
#14199 = VECTOR('',#14200,1.);
#14200 = DIRECTION('',(0.,-1.,0.));
#14201 = ORIENTED_EDGE('',*,*,#14202,.T.);
#14202 = EDGE_CURVE('',#14195,#14203,#14205,.T.);
#14203 = VERTEX_POINT('',#14204);
#14204 = CARTESIAN_POINT('',(36.922466,-27.379819,-7.5E-02));
#14205 = CIRCLE('',#14206,0.186867373533);
#14206 = AXIS2_PLACEMENT_3D('',#14207,#14208,#14209);
#14207 = CARTESIAN_POINT('',(36.970004713883,-27.19909964305,-7.5E-02));
#14208 = DIRECTION('',(0.,0.,1.));
#14209 = DIRECTION('',(-0.967101482012,-0.2543908872,0.));
#14210 = ORIENTED_EDGE('',*,*,#14211,.T.);
#14211 = EDGE_CURVE('',#14203,#14212,#14214,.T.);
#14212 = VERTEX_POINT('',#14213);
#14213 = CARTESIAN_POINT('',(37.17277,-27.379819,-7.5E-02));
#14214 = LINE('',#14215,#14216);
#14215 = CARTESIAN_POINT('',(36.922466,-27.379819,-7.5E-02));
#14216 = VECTOR('',#14217,1.);
#14217 = DIRECTION('',(1.,0.,0.));
#14218 = ORIENTED_EDGE('',*,*,#14219,.T.);
#14219 = EDGE_CURVE('',#14212,#14220,#14222,.T.);
#14220 = VERTEX_POINT('',#14221);
#14221 = CARTESIAN_POINT('',(37.241285,-27.345561,-7.5E-02));
#14222 = LINE('',#14223,#14224);
#14223 = CARTESIAN_POINT('',(37.17277,-27.379819,-7.5E-02));
#14224 = VECTOR('',#14225,1.);
#14225 = DIRECTION('',(0.894424580098,0.447218817266,0.));
#14226 = ORIENTED_EDGE('',*,*,#14227,.T.);
#14227 = EDGE_CURVE('',#14220,#14228,#14230,.T.);
#14228 = VERTEX_POINT('',#14229);
#14229 = CARTESIAN_POINT('',(37.291664,-27.29722,-7.5E-02));
#14230 = LINE('',#14231,#14232);
#14231 = CARTESIAN_POINT('',(37.241285,-27.345561,-7.5E-02));
#14232 = VECTOR('',#14233,1.);
#14233 = DIRECTION('',(0.721550727139,0.692361573287,0.));
#14234 = ORIENTED_EDGE('',*,*,#14235,.T.);
#14235 = EDGE_CURVE('',#14228,#14236,#14238,.T.);
#14236 = VERTEX_POINT('',#14237);
#14237 = CARTESIAN_POINT('',(37.386365,-27.412613,-7.5E-02));
#14238 = CIRCLE('',#14239,7.499993690111E-02);
#14239 = AXIS2_PLACEMENT_3D('',#14240,#14241,#14242);
#14240 = CARTESIAN_POINT('',(37.333332248309,-27.35957982374,-7.5E-02));
#14241 = DIRECTION('',(0.,0.,-1.));
#14242 = DIRECTION('',(-0.555577111536,0.831465016184,0.));
#14243 = ORIENTED_EDGE('',*,*,#14244,.T.);
#14244 = EDGE_CURVE('',#14236,#14245,#14247,.T.);
#14245 = VERTEX_POINT('',#14246);
#14246 = CARTESIAN_POINT('',(37.319254,-27.474282,-7.5E-02));
#14247 = LINE('',#14248,#14249);
#14248 = CARTESIAN_POINT('',(37.386365,-27.412613,-7.5E-02));
#14249 = VECTOR('',#14250,1.);
#14250 = DIRECTION('',(-0.736330623278,-0.676621913053,0.));
#14251 = ORIENTED_EDGE('',*,*,#14252,.T.);
#14252 = EDGE_CURVE('',#14245,#14253,#14255,.T.);
#14253 = VERTEX_POINT('',#14254);
#14254 = CARTESIAN_POINT('',(37.205107,-27.528378,-7.5E-02));
#14255 = LINE('',#14256,#14257);
#14256 = CARTESIAN_POINT('',(37.319254,-27.474282,-7.5E-02));
#14257 = VECTOR('',#14258,1.);
#14258 = DIRECTION('',(-0.903657062662,-0.428256830769,0.));
#14259 = ORIENTED_EDGE('',*,*,#14260,.T.);
#14260 = EDGE_CURVE('',#14253,#14261,#14263,.T.);
#14261 = VERTEX_POINT('',#14262);
#14262 = CARTESIAN_POINT('',(36.884951,-27.527156,-7.5E-02));
#14263 = LINE('',#14264,#14265);
#14264 = CARTESIAN_POINT('',(37.205107,-27.528378,-7.5E-02));
#14265 = VECTOR('',#14266,1.);
#14266 = DIRECTION('',(-0.999992715758,3.816861463332E-03,0.));
#14267 = ORIENTED_EDGE('',*,*,#14268,.T.);
#14268 = EDGE_CURVE('',#14261,#14269,#14271,.T.);
#14269 = VERTEX_POINT('',#14270);
#14270 = CARTESIAN_POINT('',(36.640726,-27.278974,-7.5E-02));
#14271 = CIRCLE('',#14272,0.348628446662);
#14272 = AXIS2_PLACEMENT_3D('',#14273,#14274,#14275);
#14273 = CARTESIAN_POINT('',(36.978126613227,-27.19120942847,-7.5E-02));
#14274 = DIRECTION('',(0.,0.,-1.));
#14275 = DIRECTION('',(-0.267263369124,-0.963623521674,-0.));
#14276 = ORIENTED_EDGE('',*,*,#14277,.T.);
#14277 = EDGE_CURVE('',#14269,#14278,#14280,.T.);
#14278 = VERTEX_POINT('',#14279);
#14279 = CARTESIAN_POINT('',(36.641948,-27.006438,-7.5E-02));
#14280 = LINE('',#14281,#14282);
#14281 = CARTESIAN_POINT('',(36.640726,-27.278974,-7.5E-02));
#14282 = VECTOR('',#14283,1.);
#14283 = DIRECTION('',(4.483766241139E-03,0.99998994787,0.));
#14284 = ORIENTED_EDGE('',*,*,#14285,.T.);
#14285 = EDGE_CURVE('',#14278,#14286,#14288,.T.);
#14286 = VERTEX_POINT('',#14287);
#14287 = CARTESIAN_POINT('',(36.884737,-26.763515,-7.5E-02));
#14288 = CIRCLE('',#14289,0.349071175127);
#14289 = AXIS2_PLACEMENT_3D('',#14290,#14291,#14292);
#14290 = CARTESIAN_POINT('',(36.978298456604,-27.09981388364,-7.5E-02));
#14291 = DIRECTION('',(0.,0.,-1.));
#14292 = DIRECTION('',(-0.963558381701,0.267498121591,0.));
#14293 = ORIENTED_EDGE('',*,*,#14294,.T.);
#14294 = EDGE_CURVE('',#14286,#14125,#14295,.T.);
#14295 = LINE('',#14296,#14297);
#14296 = CARTESIAN_POINT('',(36.884737,-26.763515,-7.5E-02));
#14297 = VECTOR('',#14298,1.);
#14298 = DIRECTION('',(-0.655480769228,0.755211865089,0.));
#14299 = PLANE('',#14300);
#14300 = AXIS2_PLACEMENT_3D('',#14301,#14302,#14303);
#14301 = CARTESIAN_POINT('',(0.,0.,-7.5E-02));
#14302 = DIRECTION('',(-0.,-0.,-1.));
#14303 = DIRECTION('',(-1.,0.,0.));
#14304 = SHELL_BASED_SURFACE_MODEL('',(#14305));
#14305 = OPEN_SHELL('',(#14306));
#14306 = ADVANCED_FACE('',(#14307,#14377),#14411,.T.);
#14307 = FACE_BOUND('',#14308,.T.);
#14308 = EDGE_LOOP('',(#14309,#14320,#14328,#14337,#14345,#14354,#14362,
    #14371));
#14309 = ORIENTED_EDGE('',*,*,#14310,.T.);
#14310 = EDGE_CURVE('',#14311,#14313,#14315,.T.);
#14311 = VERTEX_POINT('',#14312);
#14312 = CARTESIAN_POINT('',(26.201921,-25.980491,-7.5E-02));
#14313 = VERTEX_POINT('',#14314);
#14314 = CARTESIAN_POINT('',(26.280491,-25.901921,-7.5E-02));
#14315 = CIRCLE('',#14316,0.100002891901);
#14316 = AXIS2_PLACEMENT_3D('',#14317,#14318,#14319);
#14317 = CARTESIAN_POINT('',(26.300002071036,-26.00000207103,-7.5E-02));
#14318 = DIRECTION('',(0.,0.,-1.));
#14319 = DIRECTION('',(-0.980782347106,0.195105068116,0.));
#14320 = ORIENTED_EDGE('',*,*,#14321,.T.);
#14321 = EDGE_CURVE('',#14313,#14322,#14324,.T.);
#14322 = VERTEX_POINT('',#14323);
#14323 = CARTESIAN_POINT('',(39.719509,-25.901921,-7.5E-02));
#14324 = LINE('',#14325,#14326);
#14325 = CARTESIAN_POINT('',(26.280491,-25.901921,-7.5E-02));
#14326 = VECTOR('',#14327,1.);
#14327 = DIRECTION('',(1.,0.,0.));
#14328 = ORIENTED_EDGE('',*,*,#14329,.T.);
#14329 = EDGE_CURVE('',#14322,#14330,#14332,.T.);
#14330 = VERTEX_POINT('',#14331);
#14331 = CARTESIAN_POINT('',(39.798079,-25.980491,-7.5E-02));
#14332 = CIRCLE('',#14333,0.100002891901);
#14333 = AXIS2_PLACEMENT_3D('',#14334,#14335,#14336);
#14334 = CARTESIAN_POINT('',(39.699997928964,-26.00000207103,-7.5E-02));
#14335 = DIRECTION('',(0.,0.,-1.));
#14336 = DIRECTION('',(0.195105068116,0.980782347106,0.));
#14337 = ORIENTED_EDGE('',*,*,#14338,.T.);
#14338 = EDGE_CURVE('',#14330,#14339,#14341,.T.);
#14339 = VERTEX_POINT('',#14340);
#14340 = CARTESIAN_POINT('',(39.798079,-38.019509,-7.5E-02));
#14341 = LINE('',#14342,#14343);
#14342 = CARTESIAN_POINT('',(39.798079,-25.980491,-7.5E-02));
#14343 = VECTOR('',#14344,1.);
#14344 = DIRECTION('',(0.,-1.,0.));
#14345 = ORIENTED_EDGE('',*,*,#14346,.T.);
#14346 = EDGE_CURVE('',#14339,#14347,#14349,.T.);
#14347 = VERTEX_POINT('',#14348);
#14348 = CARTESIAN_POINT('',(39.719509,-38.098079,-7.5E-02));
#14349 = CIRCLE('',#14350,0.100002891901);
#14350 = AXIS2_PLACEMENT_3D('',#14351,#14352,#14353);
#14351 = CARTESIAN_POINT('',(39.699997928964,-37.99999792896,-7.5E-02));
#14352 = DIRECTION('',(0.,0.,-1.));
#14353 = DIRECTION('',(0.980782347106,-0.195105068116,0.));
#14354 = ORIENTED_EDGE('',*,*,#14355,.T.);
#14355 = EDGE_CURVE('',#14347,#14356,#14358,.T.);
#14356 = VERTEX_POINT('',#14357);
#14357 = CARTESIAN_POINT('',(26.280491,-38.098079,-7.5E-02));
#14358 = LINE('',#14359,#14360);
#14359 = CARTESIAN_POINT('',(39.719509,-38.098079,-7.5E-02));
#14360 = VECTOR('',#14361,1.);
#14361 = DIRECTION('',(-1.,0.,0.));
#14362 = ORIENTED_EDGE('',*,*,#14363,.T.);
#14363 = EDGE_CURVE('',#14356,#14364,#14366,.T.);
#14364 = VERTEX_POINT('',#14365);
#14365 = CARTESIAN_POINT('',(26.201921,-38.019509,-7.5E-02));
#14366 = CIRCLE('',#14367,0.100002891901);
#14367 = AXIS2_PLACEMENT_3D('',#14368,#14369,#14370);
#14368 = CARTESIAN_POINT('',(26.300002071036,-37.99999792896,-7.5E-02));
#14369 = DIRECTION('',(0.,0.,-1.));
#14370 = DIRECTION('',(-0.195105068116,-0.980782347106,-0.));
#14371 = ORIENTED_EDGE('',*,*,#14372,.T.);
#14372 = EDGE_CURVE('',#14364,#14311,#14373,.T.);
#14373 = LINE('',#14374,#14375);
#14374 = CARTESIAN_POINT('',(26.201921,-38.019509,-7.5E-02));
#14375 = VECTOR('',#14376,1.);
#14376 = DIRECTION('',(0.,1.,0.));
#14377 = FACE_BOUND('',#14378,.T.);
#14378 = EDGE_LOOP('',(#14379,#14389,#14397,#14405));
#14379 = ORIENTED_EDGE('',*,*,#14380,.T.);
#14380 = EDGE_CURVE('',#14381,#14383,#14385,.T.);
#14381 = VERTEX_POINT('',#14382);
#14382 = CARTESIAN_POINT('',(39.6,-37.9,-7.5E-02));
#14383 = VERTEX_POINT('',#14384);
#14384 = CARTESIAN_POINT('',(39.6,-26.1,-7.5E-02));
#14385 = LINE('',#14386,#14387);
#14386 = CARTESIAN_POINT('',(39.6,-37.9,-7.5E-02));
#14387 = VECTOR('',#14388,1.);
#14388 = DIRECTION('',(0.,1.,0.));
#14389 = ORIENTED_EDGE('',*,*,#14390,.T.);
#14390 = EDGE_CURVE('',#14383,#14391,#14393,.T.);
#14391 = VERTEX_POINT('',#14392);
#14392 = CARTESIAN_POINT('',(26.4,-26.1,-7.5E-02));
#14393 = LINE('',#14394,#14395);
#14394 = CARTESIAN_POINT('',(39.6,-26.1,-7.5E-02));
#14395 = VECTOR('',#14396,1.);
#14396 = DIRECTION('',(-1.,0.,0.));
#14397 = ORIENTED_EDGE('',*,*,#14398,.T.);
#14398 = EDGE_CURVE('',#14391,#14399,#14401,.T.);
#14399 = VERTEX_POINT('',#14400);
#14400 = CARTESIAN_POINT('',(26.4,-37.9,-7.5E-02));
#14401 = LINE('',#14402,#14403);
#14402 = CARTESIAN_POINT('',(26.4,-26.1,-7.5E-02));
#14403 = VECTOR('',#14404,1.);
#14404 = DIRECTION('',(0.,-1.,0.));
#14405 = ORIENTED_EDGE('',*,*,#14406,.T.);
#14406 = EDGE_CURVE('',#14399,#14381,#14407,.T.);
#14407 = LINE('',#14408,#14409);
#14408 = CARTESIAN_POINT('',(26.4,-37.9,-7.5E-02));
#14409 = VECTOR('',#14410,1.);
#14410 = DIRECTION('',(1.,0.,0.));
#14411 = PLANE('',#14412);
#14412 = AXIS2_PLACEMENT_3D('',#14413,#14414,#14415);
#14413 = CARTESIAN_POINT('',(0.,0.,-7.5E-02));
#14414 = DIRECTION('',(-0.,-0.,-1.));
#14415 = DIRECTION('',(-1.,0.,0.));
#14416 = ( GEOMETRIC_REPRESENTATION_CONTEXT(3) 
GLOBAL_UNCERTAINTY_ASSIGNED_CONTEXT((#14420)) 
GLOBAL_UNIT_ASSIGNED_CONTEXT((#14417,#14418,#14419)) 
REPRESENTATION_CONTEXT('Context #1',
  '3D Context with UNIT and UNCERTAINTY') );
#14417 = ( LENGTH_UNIT() NAMED_UNIT(*) SI_UNIT(.MILLI.,.METRE.) );
#14418 = ( NAMED_UNIT(*) PLANE_ANGLE_UNIT() SI_UNIT($,.RADIAN.) );
#14419 = ( NAMED_UNIT(*) SI_UNIT($,.STERADIAN.) SOLID_ANGLE_UNIT() );
#14420 = UNCERTAINTY_MEASURE_WITH_UNIT(LENGTH_MEASURE(1.E-07),#14417,
  'distance_accuracy_value','confusion accuracy');
#14421 = CONTEXT_DEPENDENT_SHAPE_REPRESENTATION(#14422,#14424);
#14422 = ( REPRESENTATION_RELATIONSHIP('','',#13642,#10) 
REPRESENTATION_RELATIONSHIP_WITH_TRANSFORMATION(#14423) 
SHAPE_REPRESENTATION_RELATIONSHIP() );
#14423 = ITEM_DEFINED_TRANSFORMATION('','',#11,#27);
#14424 = PRODUCT_DEFINITION_SHAPE('Placement','Placement of an item',
  #14425);
#14425 = NEXT_ASSEMBLY_USAGE_OCCURRENCE('4','=>[0:1:1:5]','',#5,#13637,$
  );
#14426 = PRODUCT_RELATED_PRODUCT_CATEGORY('part',$,(#13639));
#14427 = SHAPE_DEFINITION_REPRESENTATION(#14428,#14434);
#14428 = PRODUCT_DEFINITION_SHAPE('','',#14429);
#14429 = PRODUCT_DEFINITION('design','',#14430,#14433);
#14430 = PRODUCT_DEFINITION_FORMATION('','',#14431);
#14431 = PRODUCT('anthracite-footswitch_PCB','anthracite-footswitch_PCB'
  ,'',(#14432));
#14432 = PRODUCT_CONTEXT('',#2,'mechanical');
#14433 = PRODUCT_DEFINITION_CONTEXT('part definition',#2,'design');
#14434 = ADVANCED_BREP_SHAPE_REPRESENTATION('',(#11,#14435),#14936);
#14435 = MANIFOLD_SOLID_BREP('',#14436);
#14436 = CLOSED_SHELL('',(#14437,#14477,#14508,#14539,#14655,#14771,
    #14783,#14800,#14817,#14834,#14851,#14868,#14885,#14902,#14919));
#14437 = ADVANCED_FACE('',(#14438),#14472,.T.);
#14438 = FACE_BOUND('',#14439,.T.);
#14439 = EDGE_LOOP('',(#14440,#14450,#14458,#14466));
#14440 = ORIENTED_EDGE('',*,*,#14441,.T.);
#14441 = EDGE_CURVE('',#14442,#14444,#14446,.T.);
#14442 = VERTEX_POINT('',#14443);
#14443 = CARTESIAN_POINT('',(40.,-38.25,0.));
#14444 = VERTEX_POINT('',#14445);
#14445 = CARTESIAN_POINT('',(40.,-38.25,1.51));
#14446 = LINE('',#14447,#14448);
#14447 = CARTESIAN_POINT('',(40.,-38.25,0.));
#14448 = VECTOR('',#14449,1.);
#14449 = DIRECTION('',(0.,0.,1.));
#14450 = ORIENTED_EDGE('',*,*,#14451,.T.);
#14451 = EDGE_CURVE('',#14444,#14452,#14454,.T.);
#14452 = VERTEX_POINT('',#14453);
#14453 = CARTESIAN_POINT('',(26.,-38.25,1.51));
#14454 = LINE('',#14455,#14456);
#14455 = CARTESIAN_POINT('',(40.,-38.25,1.51));
#14456 = VECTOR('',#14457,1.);
#14457 = DIRECTION('',(-1.,0.,0.));
#14458 = ORIENTED_EDGE('',*,*,#14459,.F.);
#14459 = EDGE_CURVE('',#14460,#14452,#14462,.T.);
#14460 = VERTEX_POINT('',#14461);
#14461 = CARTESIAN_POINT('',(26.,-38.25,0.));
#14462 = LINE('',#14463,#14464);
#14463 = CARTESIAN_POINT('',(26.,-38.25,0.));
#14464 = VECTOR('',#14465,1.);
#14465 = DIRECTION('',(0.,0.,1.));
#14466 = ORIENTED_EDGE('',*,*,#14467,.F.);
#14467 = EDGE_CURVE('',#14442,#14460,#14468,.T.);
#14468 = LINE('',#14469,#14470);
#14469 = CARTESIAN_POINT('',(40.,-38.25,0.));
#14470 = VECTOR('',#14471,1.);
#14471 = DIRECTION('',(-1.,0.,0.));
#14472 = PLANE('',#14473);
#14473 = AXIS2_PLACEMENT_3D('',#14474,#14475,#14476);
#14474 = CARTESIAN_POINT('',(40.,-38.25,0.));
#14475 = DIRECTION('',(0.,-1.,0.));
#14476 = DIRECTION('',(-1.,0.,0.));
#14477 = ADVANCED_FACE('',(#14478),#14503,.T.);
#14478 = FACE_BOUND('',#14479,.T.);
#14479 = EDGE_LOOP('',(#14480,#14490,#14496,#14497));
#14480 = ORIENTED_EDGE('',*,*,#14481,.T.);
#14481 = EDGE_CURVE('',#14482,#14484,#14486,.T.);
#14482 = VERTEX_POINT('',#14483);
#14483 = CARTESIAN_POINT('',(40.,-22.1,0.));
#14484 = VERTEX_POINT('',#14485);
#14485 = CARTESIAN_POINT('',(40.,-22.1,1.51));
#14486 = LINE('',#14487,#14488);
#14487 = CARTESIAN_POINT('',(40.,-22.1,0.));
#14488 = VECTOR('',#14489,1.);
#14489 = DIRECTION('',(0.,0.,1.));
#14490 = ORIENTED_EDGE('',*,*,#14491,.T.);
#14491 = EDGE_CURVE('',#14484,#14444,#14492,.T.);
#14492 = LINE('',#14493,#14494);
#14493 = CARTESIAN_POINT('',(40.,-22.1,1.51));
#14494 = VECTOR('',#14495,1.);
#14495 = DIRECTION('',(0.,-1.,0.));
#14496 = ORIENTED_EDGE('',*,*,#14441,.F.);
#14497 = ORIENTED_EDGE('',*,*,#14498,.F.);
#14498 = EDGE_CURVE('',#14482,#14442,#14499,.T.);
#14499 = LINE('',#14500,#14501);
#14500 = CARTESIAN_POINT('',(40.,-22.1,0.));
#14501 = VECTOR('',#14502,1.);
#14502 = DIRECTION('',(0.,-1.,0.));
#14503 = PLANE('',#14504);
#14504 = AXIS2_PLACEMENT_3D('',#14505,#14506,#14507);
#14505 = CARTESIAN_POINT('',(40.,-22.1,0.));
#14506 = DIRECTION('',(1.,0.,-0.));
#14507 = DIRECTION('',(0.,-1.,0.));
#14508 = ADVANCED_FACE('',(#14509),#14534,.T.);
#14509 = FACE_BOUND('',#14510,.T.);
#14510 = EDGE_LOOP('',(#14511,#14512,#14520,#14528));
#14511 = ORIENTED_EDGE('',*,*,#14459,.T.);
#14512 = ORIENTED_EDGE('',*,*,#14513,.T.);
#14513 = EDGE_CURVE('',#14452,#14514,#14516,.T.);
#14514 = VERTEX_POINT('',#14515);
#14515 = CARTESIAN_POINT('',(26.,-22.1,1.51));
#14516 = LINE('',#14517,#14518);
#14517 = CARTESIAN_POINT('',(26.,-38.25,1.51));
#14518 = VECTOR('',#14519,1.);
#14519 = DIRECTION('',(0.,1.,0.));
#14520 = ORIENTED_EDGE('',*,*,#14521,.F.);
#14521 = EDGE_CURVE('',#14522,#14514,#14524,.T.);
#14522 = VERTEX_POINT('',#14523);
#14523 = CARTESIAN_POINT('',(26.,-22.1,0.));
#14524 = LINE('',#14525,#14526);
#14525 = CARTESIAN_POINT('',(26.,-22.1,0.));
#14526 = VECTOR('',#14527,1.);
#14527 = DIRECTION('',(0.,0.,1.));
#14528 = ORIENTED_EDGE('',*,*,#14529,.F.);
#14529 = EDGE_CURVE('',#14460,#14522,#14530,.T.);
#14530 = LINE('',#14531,#14532);
#14531 = CARTESIAN_POINT('',(26.,-38.25,0.));
#14532 = VECTOR('',#14533,1.);
#14533 = DIRECTION('',(0.,1.,0.));
#14534 = PLANE('',#14535);
#14535 = AXIS2_PLACEMENT_3D('',#14536,#14537,#14538);
#14536 = CARTESIAN_POINT('',(26.,-38.25,0.));
#14537 = DIRECTION('',(-1.,0.,0.));
#14538 = DIRECTION('',(0.,1.,0.));
#14539 = ADVANCED_FACE('',(#14540,#14551,#14562,#14573,#14584,#14595,
    #14606,#14617,#14628,#14639),#14650,.F.);
#14540 = FACE_BOUND('',#14541,.F.);
#14541 = EDGE_LOOP('',(#14542,#14543,#14544,#14550));
#14542 = ORIENTED_EDGE('',*,*,#14467,.F.);
#14543 = ORIENTED_EDGE('',*,*,#14498,.F.);
#14544 = ORIENTED_EDGE('',*,*,#14545,.F.);
#14545 = EDGE_CURVE('',#14522,#14482,#14546,.T.);
#14546 = LINE('',#14547,#14548);
#14547 = CARTESIAN_POINT('',(26.,-22.1,0.));
#14548 = VECTOR('',#14549,1.);
#14549 = DIRECTION('',(1.,0.,0.));
#14550 = ORIENTED_EDGE('',*,*,#14529,.F.);
#14551 = FACE_BOUND('',#14552,.F.);
#14552 = EDGE_LOOP('',(#14553));
#14553 = ORIENTED_EDGE('',*,*,#14554,.T.);
#14554 = EDGE_CURVE('',#14555,#14555,#14557,.T.);
#14555 = VERTEX_POINT('',#14556);
#14556 = CARTESIAN_POINT('',(29.,-35.25,0.));
#14557 = CIRCLE('',#14558,0.75);
#14558 = AXIS2_PLACEMENT_3D('',#14559,#14560,#14561);
#14559 = CARTESIAN_POINT('',(29.,-34.5,0.));
#14560 = DIRECTION('',(-0.,0.,-1.));
#14561 = DIRECTION('',(-0.,-1.,0.));
#14562 = FACE_BOUND('',#14563,.F.);
#14563 = EDGE_LOOP('',(#14564));
#14564 = ORIENTED_EDGE('',*,*,#14565,.T.);
#14565 = EDGE_CURVE('',#14566,#14566,#14568,.T.);
#14566 = VERTEX_POINT('',#14567);
#14567 = CARTESIAN_POINT('',(33.,-35.25,0.));
#14568 = CIRCLE('',#14569,0.75);
#14569 = AXIS2_PLACEMENT_3D('',#14570,#14571,#14572);
#14570 = CARTESIAN_POINT('',(33.,-34.5,0.));
#14571 = DIRECTION('',(-0.,0.,-1.));
#14572 = DIRECTION('',(-0.,-1.,0.));
#14573 = FACE_BOUND('',#14574,.F.);
#14574 = EDGE_LOOP('',(#14575));
#14575 = ORIENTED_EDGE('',*,*,#14576,.T.);
#14576 = EDGE_CURVE('',#14577,#14577,#14579,.T.);
#14577 = VERTEX_POINT('',#14578);
#14578 = CARTESIAN_POINT('',(37.,-35.25,0.));
#14579 = CIRCLE('',#14580,0.75);
#14580 = AXIS2_PLACEMENT_3D('',#14581,#14582,#14583);
#14581 = CARTESIAN_POINT('',(37.,-34.5,0.));
#14582 = DIRECTION('',(-0.,0.,-1.));
#14583 = DIRECTION('',(-0.,-1.,0.));
#14584 = FACE_BOUND('',#14585,.F.);
#14585 = EDGE_LOOP('',(#14586));
#14586 = ORIENTED_EDGE('',*,*,#14587,.T.);
#14587 = EDGE_CURVE('',#14588,#14588,#14590,.T.);
#14588 = VERTEX_POINT('',#14589);
#14589 = CARTESIAN_POINT('',(29.,-30.25,0.));
#14590 = CIRCLE('',#14591,0.75);
#14591 = AXIS2_PLACEMENT_3D('',#14592,#14593,#14594);
#14592 = CARTESIAN_POINT('',(29.,-29.5,0.));
#14593 = DIRECTION('',(-0.,0.,-1.));
#14594 = DIRECTION('',(-0.,-1.,0.));
#14595 = FACE_BOUND('',#14596,.F.);
#14596 = EDGE_LOOP('',(#14597));
#14597 = ORIENTED_EDGE('',*,*,#14598,.T.);
#14598 = EDGE_CURVE('',#14599,#14599,#14601,.T.);
#14599 = VERTEX_POINT('',#14600);
#14600 = CARTESIAN_POINT('',(31.,-24.825,0.));
#14601 = CIRCLE('',#14602,0.375);
#14602 = AXIS2_PLACEMENT_3D('',#14603,#14604,#14605);
#14603 = CARTESIAN_POINT('',(31.,-24.45,0.));
#14604 = DIRECTION('',(-0.,0.,-1.));
#14605 = DIRECTION('',(-0.,-1.,0.));
#14606 = FACE_BOUND('',#14607,.F.);
#14607 = EDGE_LOOP('',(#14608));
#14608 = ORIENTED_EDGE('',*,*,#14609,.T.);
#14609 = EDGE_CURVE('',#14610,#14610,#14612,.T.);
#14610 = VERTEX_POINT('',#14611);
#14611 = CARTESIAN_POINT('',(33.,-30.25,0.));
#14612 = CIRCLE('',#14613,0.75);
#14613 = AXIS2_PLACEMENT_3D('',#14614,#14615,#14616);
#14614 = CARTESIAN_POINT('',(33.,-29.5,0.));
#14615 = DIRECTION('',(-0.,0.,-1.));
#14616 = DIRECTION('',(-0.,-1.,0.));
#14617 = FACE_BOUND('',#14618,.F.);
#14618 = EDGE_LOOP('',(#14619));
#14619 = ORIENTED_EDGE('',*,*,#14620,.T.);
#14620 = EDGE_CURVE('',#14621,#14621,#14623,.T.);
#14621 = VERTEX_POINT('',#14622);
#14622 = CARTESIAN_POINT('',(37.,-30.25,0.));
#14623 = CIRCLE('',#14624,0.75);
#14624 = AXIS2_PLACEMENT_3D('',#14625,#14626,#14627);
#14625 = CARTESIAN_POINT('',(37.,-29.5,0.));
#14626 = DIRECTION('',(-0.,0.,-1.));
#14627 = DIRECTION('',(-0.,-1.,0.));
#14628 = FACE_BOUND('',#14629,.F.);
#14629 = EDGE_LOOP('',(#14630));
#14630 = ORIENTED_EDGE('',*,*,#14631,.T.);
#14631 = EDGE_CURVE('',#14632,#14632,#14634,.T.);
#14632 = VERTEX_POINT('',#14633);
#14633 = CARTESIAN_POINT('',(33.,-24.825,0.));
#14634 = CIRCLE('',#14635,0.375);
#14635 = AXIS2_PLACEMENT_3D('',#14636,#14637,#14638);
#14636 = CARTESIAN_POINT('',(33.,-24.45,0.));
#14637 = DIRECTION('',(-0.,0.,-1.));
#14638 = DIRECTION('',(-0.,-1.,0.));
#14639 = FACE_BOUND('',#14640,.F.);
#14640 = EDGE_LOOP('',(#14641));
#14641 = ORIENTED_EDGE('',*,*,#14642,.T.);
#14642 = EDGE_CURVE('',#14643,#14643,#14645,.T.);
#14643 = VERTEX_POINT('',#14644);
#14644 = CARTESIAN_POINT('',(35.,-24.825,0.));
#14645 = CIRCLE('',#14646,0.375);
#14646 = AXIS2_PLACEMENT_3D('',#14647,#14648,#14649);
#14647 = CARTESIAN_POINT('',(35.,-24.45,0.));
#14648 = DIRECTION('',(-0.,0.,-1.));
#14649 = DIRECTION('',(-0.,-1.,0.));
#14650 = PLANE('',#14651);
#14651 = AXIS2_PLACEMENT_3D('',#14652,#14653,#14654);
#14652 = CARTESIAN_POINT('',(0.,0.,0.));
#14653 = DIRECTION('',(0.,0.,1.));
#14654 = DIRECTION('',(1.,0.,-0.));
#14655 = ADVANCED_FACE('',(#14656,#14667,#14678,#14689,#14700,#14711,
    #14722,#14733,#14744,#14755),#14766,.T.);
#14656 = FACE_BOUND('',#14657,.T.);
#14657 = EDGE_LOOP('',(#14658,#14659,#14660,#14666));
#14658 = ORIENTED_EDGE('',*,*,#14451,.F.);
#14659 = ORIENTED_EDGE('',*,*,#14491,.F.);
#14660 = ORIENTED_EDGE('',*,*,#14661,.F.);
#14661 = EDGE_CURVE('',#14514,#14484,#14662,.T.);
#14662 = LINE('',#14663,#14664);
#14663 = CARTESIAN_POINT('',(26.,-22.1,1.51));
#14664 = VECTOR('',#14665,1.);
#14665 = DIRECTION('',(1.,0.,0.));
#14666 = ORIENTED_EDGE('',*,*,#14513,.F.);
#14667 = FACE_BOUND('',#14668,.T.);
#14668 = EDGE_LOOP('',(#14669));
#14669 = ORIENTED_EDGE('',*,*,#14670,.T.);
#14670 = EDGE_CURVE('',#14671,#14671,#14673,.T.);
#14671 = VERTEX_POINT('',#14672);
#14672 = CARTESIAN_POINT('',(29.,-35.25,1.51));
#14673 = CIRCLE('',#14674,0.75);
#14674 = AXIS2_PLACEMENT_3D('',#14675,#14676,#14677);
#14675 = CARTESIAN_POINT('',(29.,-34.5,1.51));
#14676 = DIRECTION('',(-0.,0.,-1.));
#14677 = DIRECTION('',(-0.,-1.,0.));
#14678 = FACE_BOUND('',#14679,.T.);
#14679 = EDGE_LOOP('',(#14680));
#14680 = ORIENTED_EDGE('',*,*,#14681,.T.);
#14681 = EDGE_CURVE('',#14682,#14682,#14684,.T.);
#14682 = VERTEX_POINT('',#14683);
#14683 = CARTESIAN_POINT('',(33.,-35.25,1.51));
#14684 = CIRCLE('',#14685,0.75);
#14685 = AXIS2_PLACEMENT_3D('',#14686,#14687,#14688);
#14686 = CARTESIAN_POINT('',(33.,-34.5,1.51));
#14687 = DIRECTION('',(-0.,0.,-1.));
#14688 = DIRECTION('',(-0.,-1.,0.));
#14689 = FACE_BOUND('',#14690,.T.);
#14690 = EDGE_LOOP('',(#14691));
#14691 = ORIENTED_EDGE('',*,*,#14692,.T.);
#14692 = EDGE_CURVE('',#14693,#14693,#14695,.T.);
#14693 = VERTEX_POINT('',#14694);
#14694 = CARTESIAN_POINT('',(37.,-35.25,1.51));
#14695 = CIRCLE('',#14696,0.75);
#14696 = AXIS2_PLACEMENT_3D('',#14697,#14698,#14699);
#14697 = CARTESIAN_POINT('',(37.,-34.5,1.51));
#14698 = DIRECTION('',(-0.,0.,-1.));
#14699 = DIRECTION('',(-0.,-1.,0.));
#14700 = FACE_BOUND('',#14701,.T.);
#14701 = EDGE_LOOP('',(#14702));
#14702 = ORIENTED_EDGE('',*,*,#14703,.T.);
#14703 = EDGE_CURVE('',#14704,#14704,#14706,.T.);
#14704 = VERTEX_POINT('',#14705);
#14705 = CARTESIAN_POINT('',(29.,-30.25,1.51));
#14706 = CIRCLE('',#14707,0.75);
#14707 = AXIS2_PLACEMENT_3D('',#14708,#14709,#14710);
#14708 = CARTESIAN_POINT('',(29.,-29.5,1.51));
#14709 = DIRECTION('',(-0.,0.,-1.));
#14710 = DIRECTION('',(-0.,-1.,0.));
#14711 = FACE_BOUND('',#14712,.T.);
#14712 = EDGE_LOOP('',(#14713));
#14713 = ORIENTED_EDGE('',*,*,#14714,.T.);
#14714 = EDGE_CURVE('',#14715,#14715,#14717,.T.);
#14715 = VERTEX_POINT('',#14716);
#14716 = CARTESIAN_POINT('',(31.,-24.825,1.51));
#14717 = CIRCLE('',#14718,0.375);
#14718 = AXIS2_PLACEMENT_3D('',#14719,#14720,#14721);
#14719 = CARTESIAN_POINT('',(31.,-24.45,1.51));
#14720 = DIRECTION('',(-0.,0.,-1.));
#14721 = DIRECTION('',(-0.,-1.,0.));
#14722 = FACE_BOUND('',#14723,.T.);
#14723 = EDGE_LOOP('',(#14724));
#14724 = ORIENTED_EDGE('',*,*,#14725,.T.);
#14725 = EDGE_CURVE('',#14726,#14726,#14728,.T.);
#14726 = VERTEX_POINT('',#14727);
#14727 = CARTESIAN_POINT('',(33.,-30.25,1.51));
#14728 = CIRCLE('',#14729,0.75);
#14729 = AXIS2_PLACEMENT_3D('',#14730,#14731,#14732);
#14730 = CARTESIAN_POINT('',(33.,-29.5,1.51));
#14731 = DIRECTION('',(-0.,0.,-1.));
#14732 = DIRECTION('',(-0.,-1.,0.));
#14733 = FACE_BOUND('',#14734,.T.);
#14734 = EDGE_LOOP('',(#14735));
#14735 = ORIENTED_EDGE('',*,*,#14736,.T.);
#14736 = EDGE_CURVE('',#14737,#14737,#14739,.T.);
#14737 = VERTEX_POINT('',#14738);
#14738 = CARTESIAN_POINT('',(37.,-30.25,1.51));
#14739 = CIRCLE('',#14740,0.75);
#14740 = AXIS2_PLACEMENT_3D('',#14741,#14742,#14743);
#14741 = CARTESIAN_POINT('',(37.,-29.5,1.51));
#14742 = DIRECTION('',(-0.,0.,-1.));
#14743 = DIRECTION('',(-0.,-1.,0.));
#14744 = FACE_BOUND('',#14745,.T.);
#14745 = EDGE_LOOP('',(#14746));
#14746 = ORIENTED_EDGE('',*,*,#14747,.T.);
#14747 = EDGE_CURVE('',#14748,#14748,#14750,.T.);
#14748 = VERTEX_POINT('',#14749);
#14749 = CARTESIAN_POINT('',(33.,-24.825,1.51));
#14750 = CIRCLE('',#14751,0.375);
#14751 = AXIS2_PLACEMENT_3D('',#14752,#14753,#14754);
#14752 = CARTESIAN_POINT('',(33.,-24.45,1.51));
#14753 = DIRECTION('',(-0.,0.,-1.));
#14754 = DIRECTION('',(-0.,-1.,0.));
#14755 = FACE_BOUND('',#14756,.T.);
#14756 = EDGE_LOOP('',(#14757));
#14757 = ORIENTED_EDGE('',*,*,#14758,.T.);
#14758 = EDGE_CURVE('',#14759,#14759,#14761,.T.);
#14759 = VERTEX_POINT('',#14760);
#14760 = CARTESIAN_POINT('',(35.,-24.825,1.51));
#14761 = CIRCLE('',#14762,0.375);
#14762 = AXIS2_PLACEMENT_3D('',#14763,#14764,#14765);
#14763 = CARTESIAN_POINT('',(35.,-24.45,1.51));
#14764 = DIRECTION('',(-0.,0.,-1.));
#14765 = DIRECTION('',(-0.,-1.,0.));
#14766 = PLANE('',#14767);
#14767 = AXIS2_PLACEMENT_3D('',#14768,#14769,#14770);
#14768 = CARTESIAN_POINT('',(0.,0.,1.51));
#14769 = DIRECTION('',(0.,0.,1.));
#14770 = DIRECTION('',(1.,0.,-0.));
#14771 = ADVANCED_FACE('',(#14772),#14778,.T.);
#14772 = FACE_BOUND('',#14773,.T.);
#14773 = EDGE_LOOP('',(#14774,#14775,#14776,#14777));
#14774 = ORIENTED_EDGE('',*,*,#14521,.T.);
#14775 = ORIENTED_EDGE('',*,*,#14661,.T.);
#14776 = ORIENTED_EDGE('',*,*,#14481,.F.);
#14777 = ORIENTED_EDGE('',*,*,#14545,.F.);
#14778 = PLANE('',#14779);
#14779 = AXIS2_PLACEMENT_3D('',#14780,#14781,#14782);
#14780 = CARTESIAN_POINT('',(26.,-22.1,0.));
#14781 = DIRECTION('',(0.,1.,0.));
#14782 = DIRECTION('',(1.,0.,0.));
#14783 = ADVANCED_FACE('',(#14784),#14795,.F.);
#14784 = FACE_BOUND('',#14785,.T.);
#14785 = EDGE_LOOP('',(#14786,#14787,#14793,#14794));
#14786 = ORIENTED_EDGE('',*,*,#14554,.T.);
#14787 = ORIENTED_EDGE('',*,*,#14788,.T.);
#14788 = EDGE_CURVE('',#14555,#14671,#14789,.T.);
#14789 = LINE('',#14790,#14791);
#14790 = CARTESIAN_POINT('',(29.,-35.25,-4.6E-02));
#14791 = VECTOR('',#14792,1.);
#14792 = DIRECTION('',(0.,0.,1.));
#14793 = ORIENTED_EDGE('',*,*,#14670,.F.);
#14794 = ORIENTED_EDGE('',*,*,#14788,.F.);
#14795 = CYLINDRICAL_SURFACE('',#14796,0.75);
#14796 = AXIS2_PLACEMENT_3D('',#14797,#14798,#14799);
#14797 = CARTESIAN_POINT('',(29.,-34.5,-4.6E-02));
#14798 = DIRECTION('',(-0.,-0.,-1.));
#14799 = DIRECTION('',(-0.,-1.,0.));
#14800 = ADVANCED_FACE('',(#14801),#14812,.F.);
#14801 = FACE_BOUND('',#14802,.T.);
#14802 = EDGE_LOOP('',(#14803,#14804,#14810,#14811));
#14803 = ORIENTED_EDGE('',*,*,#14565,.T.);
#14804 = ORIENTED_EDGE('',*,*,#14805,.T.);
#14805 = EDGE_CURVE('',#14566,#14682,#14806,.T.);
#14806 = LINE('',#14807,#14808);
#14807 = CARTESIAN_POINT('',(33.,-35.25,-4.6E-02));
#14808 = VECTOR('',#14809,1.);
#14809 = DIRECTION('',(0.,0.,1.));
#14810 = ORIENTED_EDGE('',*,*,#14681,.F.);
#14811 = ORIENTED_EDGE('',*,*,#14805,.F.);
#14812 = CYLINDRICAL_SURFACE('',#14813,0.75);
#14813 = AXIS2_PLACEMENT_3D('',#14814,#14815,#14816);
#14814 = CARTESIAN_POINT('',(33.,-34.5,-4.6E-02));
#14815 = DIRECTION('',(-0.,-0.,-1.));
#14816 = DIRECTION('',(-0.,-1.,0.));
#14817 = ADVANCED_FACE('',(#14818),#14829,.F.);
#14818 = FACE_BOUND('',#14819,.T.);
#14819 = EDGE_LOOP('',(#14820,#14821,#14827,#14828));
#14820 = ORIENTED_EDGE('',*,*,#14576,.T.);
#14821 = ORIENTED_EDGE('',*,*,#14822,.T.);
#14822 = EDGE_CURVE('',#14577,#14693,#14823,.T.);
#14823 = LINE('',#14824,#14825);
#14824 = CARTESIAN_POINT('',(37.,-35.25,-4.6E-02));
#14825 = VECTOR('',#14826,1.);
#14826 = DIRECTION('',(0.,0.,1.));
#14827 = ORIENTED_EDGE('',*,*,#14692,.F.);
#14828 = ORIENTED_EDGE('',*,*,#14822,.F.);
#14829 = CYLINDRICAL_SURFACE('',#14830,0.75);
#14830 = AXIS2_PLACEMENT_3D('',#14831,#14832,#14833);
#14831 = CARTESIAN_POINT('',(37.,-34.5,-4.6E-02));
#14832 = DIRECTION('',(-0.,-0.,-1.));
#14833 = DIRECTION('',(-0.,-1.,0.));
#14834 = ADVANCED_FACE('',(#14835),#14846,.F.);
#14835 = FACE_BOUND('',#14836,.T.);
#14836 = EDGE_LOOP('',(#14837,#14838,#14844,#14845));
#14837 = ORIENTED_EDGE('',*,*,#14587,.T.);
#14838 = ORIENTED_EDGE('',*,*,#14839,.T.);
#14839 = EDGE_CURVE('',#14588,#14704,#14840,.T.);
#14840 = LINE('',#14841,#14842);
#14841 = CARTESIAN_POINT('',(29.,-30.25,-4.6E-02));
#14842 = VECTOR('',#14843,1.);
#14843 = DIRECTION('',(0.,0.,1.));
#14844 = ORIENTED_EDGE('',*,*,#14703,.F.);
#14845 = ORIENTED_EDGE('',*,*,#14839,.F.);
#14846 = CYLINDRICAL_SURFACE('',#14847,0.75);
#14847 = AXIS2_PLACEMENT_3D('',#14848,#14849,#14850);
#14848 = CARTESIAN_POINT('',(29.,-29.5,-4.6E-02));
#14849 = DIRECTION('',(-0.,-0.,-1.));
#14850 = DIRECTION('',(-0.,-1.,0.));
#14851 = ADVANCED_FACE('',(#14852),#14863,.F.);
#14852 = FACE_BOUND('',#14853,.T.);
#14853 = EDGE_LOOP('',(#14854,#14855,#14861,#14862));
#14854 = ORIENTED_EDGE('',*,*,#14598,.T.);
#14855 = ORIENTED_EDGE('',*,*,#14856,.T.);
#14856 = EDGE_CURVE('',#14599,#14715,#14857,.T.);
#14857 = LINE('',#14858,#14859);
#14858 = CARTESIAN_POINT('',(31.,-24.825,-4.6E-02));
#14859 = VECTOR('',#14860,1.);
#14860 = DIRECTION('',(0.,0.,1.));
#14861 = ORIENTED_EDGE('',*,*,#14714,.F.);
#14862 = ORIENTED_EDGE('',*,*,#14856,.F.);
#14863 = CYLINDRICAL_SURFACE('',#14864,0.375);
#14864 = AXIS2_PLACEMENT_3D('',#14865,#14866,#14867);
#14865 = CARTESIAN_POINT('',(31.,-24.45,-4.6E-02));
#14866 = DIRECTION('',(-0.,-0.,-1.));
#14867 = DIRECTION('',(-0.,-1.,0.));
#14868 = ADVANCED_FACE('',(#14869),#14880,.F.);
#14869 = FACE_BOUND('',#14870,.T.);
#14870 = EDGE_LOOP('',(#14871,#14872,#14878,#14879));
#14871 = ORIENTED_EDGE('',*,*,#14609,.T.);
#14872 = ORIENTED_EDGE('',*,*,#14873,.T.);
#14873 = EDGE_CURVE('',#14610,#14726,#14874,.T.);
#14874 = LINE('',#14875,#14876);
#14875 = CARTESIAN_POINT('',(33.,-30.25,-4.6E-02));
#14876 = VECTOR('',#14877,1.);
#14877 = DIRECTION('',(0.,0.,1.));
#14878 = ORIENTED_EDGE('',*,*,#14725,.F.);
#14879 = ORIENTED_EDGE('',*,*,#14873,.F.);
#14880 = CYLINDRICAL_SURFACE('',#14881,0.75);
#14881 = AXIS2_PLACEMENT_3D('',#14882,#14883,#14884);
#14882 = CARTESIAN_POINT('',(33.,-29.5,-4.6E-02));
#14883 = DIRECTION('',(-0.,-0.,-1.));
#14884 = DIRECTION('',(-0.,-1.,0.));
#14885 = ADVANCED_FACE('',(#14886),#14897,.F.);
#14886 = FACE_BOUND('',#14887,.T.);
#14887 = EDGE_LOOP('',(#14888,#14889,#14895,#14896));
#14888 = ORIENTED_EDGE('',*,*,#14620,.T.);
#14889 = ORIENTED_EDGE('',*,*,#14890,.T.);
#14890 = EDGE_CURVE('',#14621,#14737,#14891,.T.);
#14891 = LINE('',#14892,#14893);
#14892 = CARTESIAN_POINT('',(37.,-30.25,-4.6E-02));
#14893 = VECTOR('',#14894,1.);
#14894 = DIRECTION('',(0.,0.,1.));
#14895 = ORIENTED_EDGE('',*,*,#14736,.F.);
#14896 = ORIENTED_EDGE('',*,*,#14890,.F.);
#14897 = CYLINDRICAL_SURFACE('',#14898,0.75);
#14898 = AXIS2_PLACEMENT_3D('',#14899,#14900,#14901);
#14899 = CARTESIAN_POINT('',(37.,-29.5,-4.6E-02));
#14900 = DIRECTION('',(-0.,-0.,-1.));
#14901 = DIRECTION('',(-0.,-1.,0.));
#14902 = ADVANCED_FACE('',(#14903),#14914,.F.);
#14903 = FACE_BOUND('',#14904,.T.);
#14904 = EDGE_LOOP('',(#14905,#14906,#14912,#14913));
#14905 = ORIENTED_EDGE('',*,*,#14631,.T.);
#14906 = ORIENTED_EDGE('',*,*,#14907,.T.);
#14907 = EDGE_CURVE('',#14632,#14748,#14908,.T.);
#14908 = LINE('',#14909,#14910);
#14909 = CARTESIAN_POINT('',(33.,-24.825,-4.6E-02));
#14910 = VECTOR('',#14911,1.);
#14911 = DIRECTION('',(0.,0.,1.));
#14912 = ORIENTED_EDGE('',*,*,#14747,.F.);
#14913 = ORIENTED_EDGE('',*,*,#14907,.F.);
#14914 = CYLINDRICAL_SURFACE('',#14915,0.375);
#14915 = AXIS2_PLACEMENT_3D('',#14916,#14917,#14918);
#14916 = CARTESIAN_POINT('',(33.,-24.45,-4.6E-02));
#14917 = DIRECTION('',(-0.,-0.,-1.));
#14918 = DIRECTION('',(-0.,-1.,0.));
#14919 = ADVANCED_FACE('',(#14920),#14931,.F.);
#14920 = FACE_BOUND('',#14921,.T.);
#14921 = EDGE_LOOP('',(#14922,#14923,#14929,#14930));
#14922 = ORIENTED_EDGE('',*,*,#14642,.T.);
#14923 = ORIENTED_EDGE('',*,*,#14924,.T.);
#14924 = EDGE_CURVE('',#14643,#14759,#14925,.T.);
#14925 = LINE('',#14926,#14927);
#14926 = CARTESIAN_POINT('',(35.,-24.825,-4.6E-02));
#14927 = VECTOR('',#14928,1.);
#14928 = DIRECTION('',(0.,0.,1.));
#14929 = ORIENTED_EDGE('',*,*,#14758,.F.);
#14930 = ORIENTED_EDGE('',*,*,#14924,.F.);
#14931 = CYLINDRICAL_SURFACE('',#14932,0.375);
#14932 = AXIS2_PLACEMENT_3D('',#14933,#14934,#14935);
#14933 = CARTESIAN_POINT('',(35.,-24.45,-4.6E-02));
#14934 = DIRECTION('',(-0.,-0.,-1.));
#14935 = DIRECTION('',(-0.,-1.,0.));
#14936 = ( GEOMETRIC_REPRESENTATION_CONTEXT(3) 
GLOBAL_UNCERTAINTY_ASSIGNED_CONTEXT((#14940)) 
GLOBAL_UNIT_ASSIGNED_CONTEXT((#14937,#14938,#14939)) 
REPRESENTATION_CONTEXT('Context #1',
  '3D Context with UNIT and UNCERTAINTY') );
#14937 = ( LENGTH_UNIT() NAMED_UNIT(*) SI_UNIT(.MILLI.,.METRE.) );
#14938 = ( NAMED_UNIT(*) PLANE_ANGLE_UNIT() SI_UNIT($,.RADIAN.) );
#14939 = ( NAMED_UNIT(*) SI_UNIT($,.STERADIAN.) SOLID_ANGLE_UNIT() );
#14940 = UNCERTAINTY_MEASURE_WITH_UNIT(LENGTH_MEASURE(1.E-07),#14937,
  'distance_accuracy_value','confusion accuracy');
#14941 = CONTEXT_DEPENDENT_SHAPE_REPRESENTATION(#14942,#14944);
#14942 = ( REPRESENTATION_RELATIONSHIP('','',#14434,#10) 
REPRESENTATION_RELATIONSHIP_WITH_TRANSFORMATION(#14943) 
SHAPE_REPRESENTATION_RELATIONSHIP() );
#14943 = ITEM_DEFINED_TRANSFORMATION('','',#11,#31);
#14944 = PRODUCT_DEFINITION_SHAPE('Placement','Placement of an item',
  #14945);
#14945 = NEXT_ASSEMBLY_USAGE_OCCURRENCE('5','=>[0:1:1:6]','',#5,#14429,$
  );
#14946 = PRODUCT_RELATED_PRODUCT_CATEGORY('part',$,(#14431));
#14947 = MECHANICAL_DESIGN_GEOMETRIC_PRESENTATION_REPRESENTATION('',(
    #14948,#14956,#14964,#14972,#14979,#14986,#14993,#15000),#12954);
#14948 = STYLED_ITEM('color',(#14949),#3766);
#14949 = PRESENTATION_STYLE_ASSIGNMENT((#14950));
#14950 = SURFACE_STYLE_USAGE(.BOTH.,#14951);
#14951 = SURFACE_SIDE_STYLE('',(#14952));
#14952 = SURFACE_STYLE_FILL_AREA(#14953);
#14953 = FILL_AREA_STYLE('',(#14954));
#14954 = FILL_AREA_STYLE_COLOUR('',#14955);
#14955 = COLOUR_RGB('',0.18039215679,0.18039215679,0.18039215679);
#14956 = STYLED_ITEM('color',(#14957),#5630);
#14957 = PRESENTATION_STYLE_ASSIGNMENT((#14958));
#14958 = SURFACE_STYLE_USAGE(.BOTH.,#14959);
#14959 = SURFACE_SIDE_STYLE('',(#14960));
#14960 = SURFACE_STYLE_FILL_AREA(#14961);
#14961 = FILL_AREA_STYLE('',(#14962));
#14962 = FILL_AREA_STYLE_COLOUR('',#14963);
#14963 = COLOUR_RGB('',0.819607826924,0.800000010877,0.752941164258);
#14964 = STYLED_ITEM('color',(#14965),#12042);
#14965 = PRESENTATION_STYLE_ASSIGNMENT((#14966));
#14966 = SURFACE_STYLE_USAGE(.BOTH.,#14967);
#14967 = SURFACE_SIDE_STYLE('',(#14968));
#14968 = SURFACE_STYLE_FILL_AREA(#14969);
#14969 = FILL_AREA_STYLE('',(#14970));
#14970 = FILL_AREA_STYLE_COLOUR('',#14971);
#14971 = COLOUR_RGB('',0.984313737446,0.980392145089,0.960784305148);
#14972 = STYLED_ITEM('color',(#14973),#12194);
#14973 = PRESENTATION_STYLE_ASSIGNMENT((#14974));
#14974 = SURFACE_STYLE_USAGE(.BOTH.,#14975);
#14975 = SURFACE_SIDE_STYLE('',(#14976));
#14976 = SURFACE_STYLE_FILL_AREA(#14977);
#14977 = FILL_AREA_STYLE('',(#14978));
#14978 = FILL_AREA_STYLE_COLOUR('',#14971);
#14979 = STYLED_ITEM('color',(#14980),#12346);
#14980 = PRESENTATION_STYLE_ASSIGNMENT((#14981));
#14981 = SURFACE_STYLE_USAGE(.BOTH.,#14982);
#14982 = SURFACE_SIDE_STYLE('',(#14983));
#14983 = SURFACE_STYLE_FILL_AREA(#14984);
#14984 = FILL_AREA_STYLE('',(#14985));
#14985 = FILL_AREA_STYLE_COLOUR('',#14971);
#14986 = STYLED_ITEM('color',(#14987),#12498);
#14987 = PRESENTATION_STYLE_ASSIGNMENT((#14988));
#14988 = SURFACE_STYLE_USAGE(.BOTH.,#14989);
#14989 = SURFACE_SIDE_STYLE('',(#14990));
#14990 = SURFACE_STYLE_FILL_AREA(#14991);
#14991 = FILL_AREA_STYLE('',(#14992));
#14992 = FILL_AREA_STYLE_COLOUR('',#14971);
#14993 = STYLED_ITEM('color',(#14994),#12650);
#14994 = PRESENTATION_STYLE_ASSIGNMENT((#14995));
#14995 = SURFACE_STYLE_USAGE(.BOTH.,#14996);
#14996 = SURFACE_SIDE_STYLE('',(#14997));
#14997 = SURFACE_STYLE_FILL_AREA(#14998);
#14998 = FILL_AREA_STYLE('',(#14999));
#14999 = FILL_AREA_STYLE_COLOUR('',#14971);
#15000 = STYLED_ITEM('color',(#15001),#12802);
#15001 = PRESENTATION_STYLE_ASSIGNMENT((#15002));
#15002 = SURFACE_STYLE_USAGE(.BOTH.,#15003);
#15003 = SURFACE_SIDE_STYLE('',(#15004));
#15004 = SURFACE_STYLE_FILL_AREA(#15005);
#15005 = FILL_AREA_STYLE('',(#15006));
#15006 = FILL_AREA_STYLE_COLOUR('',#14971);
#15007 = MECHANICAL_DESIGN_GEOMETRIC_PRESENTATION_REPRESENTATION('',(
    #15008,#15018),#13624);
#15008 = STYLED_ITEM('color',(#15009),#12975);
#15009 = PRESENTATION_STYLE_ASSIGNMENT((#15010));
#15010 = SURFACE_STYLE_USAGE(.BOTH.,#15011);
#15011 = SURFACE_SIDE_STYLE('',(#15012,#15016));
#15012 = SURFACE_STYLE_FILL_AREA(#15013);
#15013 = FILL_AREA_STYLE('',(#15014));
#15014 = FILL_AREA_STYLE_COLOUR('',#15015);
#15015 = DRAUGHTING_PRE_DEFINED_COLOUR('white');
#15016 = SURFACE_STYLE_RENDERING_WITH_PROPERTIES(.NORMAL_SHADING.,#15015
  ,(#15017));
#15017 = SURFACE_STYLE_TRANSPARENT(0.100000023842);
#15018 = STYLED_ITEM('color',(#15019),#13557);
#15019 = PRESENTATION_STYLE_ASSIGNMENT((#15020));
#15020 = SURFACE_STYLE_USAGE(.BOTH.,#15021);
#15021 = SURFACE_SIDE_STYLE('',(#15022,#15025));
#15022 = SURFACE_STYLE_FILL_AREA(#15023);
#15023 = FILL_AREA_STYLE('',(#15024));
#15024 = FILL_AREA_STYLE_COLOUR('',#15015);
#15025 = SURFACE_STYLE_RENDERING_WITH_PROPERTIES(.NORMAL_SHADING.,#15015
  ,(#15026));
#15026 = SURFACE_STYLE_TRANSPARENT(0.100000023842);
#15027 = MECHANICAL_DESIGN_GEOMETRIC_PRESENTATION_REPRESENTATION('',(
    #15028),#14936);
#15028 = STYLED_ITEM('color',(#15029),#14435);
#15029 = PRESENTATION_STYLE_ASSIGNMENT((#15030));
#15030 = SURFACE_STYLE_USAGE(.BOTH.,#15031);
#15031 = SURFACE_SIDE_STYLE('',(#15032));
#15032 = SURFACE_STYLE_FILL_AREA(#15033);
#15033 = FILL_AREA_STYLE('',(#15034));
#15034 = FILL_AREA_STYLE_COLOUR('',#15035);
#15035 = COLOUR_RGB('',0.313304153717,0.484529207832,0.410020903123);
#15036 = MECHANICAL_DESIGN_GEOMETRIC_PRESENTATION_REPRESENTATION('',(
    #15037,#15045,#15052,#15059,#15066,#15073,#15080,#15087,#15094,
    #15101,#15108,#15115,#15122,#15129,#15136,#15143,#15150,#15157,
    #15164,#15171,#15178,#15185,#15192,#15199,#15206,#15213,#15220,
    #15227,#15234,#15241,#15248,#15255,#15262,#15269,#15276,#15283,
    #15290,#15297,#15304,#15311,#15318,#15325,#15332,#15339,#15346,
    #15353,#15360,#15367,#15374,#15381,#15389,#15396,#15403,#15410,
    #15417,#15424,#15431,#15438,#15445,#15452,#15459,#15466,#15473,
    #15480,#15487,#15494,#15501,#15508,#15515,#15522,#15529,#15536,
    #15543,#15550,#15557,#15564,#15571,#15578,#15585,#15592,#15599,
    #15606,#15613,#15620,#15627,#15634,#15641,#15648,#15655,#15662,
    #15669,#15676,#15683,#15690,#15697,#15704,#15711,#15718,#15725,
    #15732,#15739,#15746,#15753,#15760,#15767,#15774,#15781,#15788,
    #15795,#15802,#15809,#15816,#15823,#15830,#15837,#15844,#15851,
    #15858,#15865,#15872,#15879),#3747);
#15037 = STYLED_ITEM('color',(#15038),#51);
#15038 = PRESENTATION_STYLE_ASSIGNMENT((#15039));
#15039 = SURFACE_STYLE_USAGE(.BOTH.,#15040);
#15040 = SURFACE_SIDE_STYLE('',(#15041));
#15041 = SURFACE_STYLE_FILL_AREA(#15042);
#15042 = FILL_AREA_STYLE('',(#15043));
#15043 = FILL_AREA_STYLE_COLOUR('',#15044);
#15044 = COLOUR_RGB('',0.894117649055,0.890196087049,0.811764731185);
#15045 = STYLED_ITEM('color',(#15046),#91);
#15046 = PRESENTATION_STYLE_ASSIGNMENT((#15047));
#15047 = SURFACE_STYLE_USAGE(.BOTH.,#15048);
#15048 = SURFACE_SIDE_STYLE('',(#15049));
#15049 = SURFACE_STYLE_FILL_AREA(#15050);
#15050 = FILL_AREA_STYLE('',(#15051));
#15051 = FILL_AREA_STYLE_COLOUR('',#15044);
#15052 = STYLED_ITEM('color',(#15053),#155);
#15053 = PRESENTATION_STYLE_ASSIGNMENT((#15054));
#15054 = SURFACE_STYLE_USAGE(.BOTH.,#15055);
#15055 = SURFACE_SIDE_STYLE('',(#15056));
#15056 = SURFACE_STYLE_FILL_AREA(#15057);
#15057 = FILL_AREA_STYLE('',(#15058));
#15058 = FILL_AREA_STYLE_COLOUR('',#15044);
#15059 = STYLED_ITEM('color',(#15060),#275);
#15060 = PRESENTATION_STYLE_ASSIGNMENT((#15061));
#15061 = SURFACE_STYLE_USAGE(.BOTH.,#15062);
#15062 = SURFACE_SIDE_STYLE('',(#15063));
#15063 = SURFACE_STYLE_FILL_AREA(#15064);
#15064 = FILL_AREA_STYLE('',(#15065));
#15065 = FILL_AREA_STYLE_COLOUR('',#15044);
#15066 = STYLED_ITEM('color',(#15067),#315);
#15067 = PRESENTATION_STYLE_ASSIGNMENT((#15068));
#15068 = SURFACE_STYLE_USAGE(.BOTH.,#15069);
#15069 = SURFACE_SIDE_STYLE('',(#15070));
#15070 = SURFACE_STYLE_FILL_AREA(#15071);
#15071 = FILL_AREA_STYLE('',(#15072));
#15072 = FILL_AREA_STYLE_COLOUR('',#15044);
#15073 = STYLED_ITEM('color',(#15074),#558);
#15074 = PRESENTATION_STYLE_ASSIGNMENT((#15075));
#15075 = SURFACE_STYLE_USAGE(.BOTH.,#15076);
#15076 = SURFACE_SIDE_STYLE('',(#15077));
#15077 = SURFACE_STYLE_FILL_AREA(#15078);
#15078 = FILL_AREA_STYLE('',(#15079));
#15079 = FILL_AREA_STYLE_COLOUR('',#15044);
#15080 = STYLED_ITEM('color',(#15081),#598);
#15081 = PRESENTATION_STYLE_ASSIGNMENT((#15082));
#15082 = SURFACE_STYLE_USAGE(.BOTH.,#15083);
#15083 = SURFACE_SIDE_STYLE('',(#15084));
#15084 = SURFACE_STYLE_FILL_AREA(#15085);
#15085 = FILL_AREA_STYLE('',(#15086));
#15086 = FILL_AREA_STYLE_COLOUR('',#15044);
#15087 = STYLED_ITEM('color',(#15088),#622);
#15088 = PRESENTATION_STYLE_ASSIGNMENT((#15089));
#15089 = SURFACE_STYLE_USAGE(.BOTH.,#15090);
#15090 = SURFACE_SIDE_STYLE('',(#15091));
#15091 = SURFACE_STYLE_FILL_AREA(#15092);
#15092 = FILL_AREA_STYLE('',(#15093));
#15093 = FILL_AREA_STYLE_COLOUR('',#15044);
#15094 = STYLED_ITEM('color',(#15095),#647);
#15095 = PRESENTATION_STYLE_ASSIGNMENT((#15096));
#15096 = SURFACE_STYLE_USAGE(.BOTH.,#15097);
#15097 = SURFACE_SIDE_STYLE('',(#15098));
#15098 = SURFACE_STYLE_FILL_AREA(#15099);
#15099 = FILL_AREA_STYLE('',(#15100));
#15100 = FILL_AREA_STYLE_COLOUR('',#15044);
#15101 = STYLED_ITEM('color',(#15102),#671);
#15102 = PRESENTATION_STYLE_ASSIGNMENT((#15103));
#15103 = SURFACE_STYLE_USAGE(.BOTH.,#15104);
#15104 = SURFACE_SIDE_STYLE('',(#15105));
#15105 = SURFACE_STYLE_FILL_AREA(#15106);
#15106 = FILL_AREA_STYLE('',(#15107));
#15107 = FILL_AREA_STYLE_COLOUR('',#15044);
#15108 = STYLED_ITEM('color',(#15109),#720);
#15109 = PRESENTATION_STYLE_ASSIGNMENT((#15110));
#15110 = SURFACE_STYLE_USAGE(.BOTH.,#15111);
#15111 = SURFACE_SIDE_STYLE('',(#15112));
#15112 = SURFACE_STYLE_FILL_AREA(#15113);
#15113 = FILL_AREA_STYLE('',(#15114));
#15114 = FILL_AREA_STYLE_COLOUR('',#15044);
#15115 = STYLED_ITEM('color',(#15116),#742);
#15116 = PRESENTATION_STYLE_ASSIGNMENT((#15117));
#15117 = SURFACE_STYLE_USAGE(.BOTH.,#15118);
#15118 = SURFACE_SIDE_STYLE('',(#15119));
#15119 = SURFACE_STYLE_FILL_AREA(#15120);
#15120 = FILL_AREA_STYLE('',(#15121));
#15121 = FILL_AREA_STYLE_COLOUR('',#15044);
#15122 = STYLED_ITEM('color',(#15123),#775);
#15123 = PRESENTATION_STYLE_ASSIGNMENT((#15124));
#15124 = SURFACE_STYLE_USAGE(.BOTH.,#15125);
#15125 = SURFACE_SIDE_STYLE('',(#15126));
#15126 = SURFACE_STYLE_FILL_AREA(#15127);
#15127 = FILL_AREA_STYLE('',(#15128));
#15128 = FILL_AREA_STYLE_COLOUR('',#15044);
#15129 = STYLED_ITEM('color',(#15130),#799);
#15130 = PRESENTATION_STYLE_ASSIGNMENT((#15131));
#15131 = SURFACE_STYLE_USAGE(.BOTH.,#15132);
#15132 = SURFACE_SIDE_STYLE('',(#15133));
#15133 = SURFACE_STYLE_FILL_AREA(#15134);
#15134 = FILL_AREA_STYLE('',(#15135));
#15135 = FILL_AREA_STYLE_COLOUR('',#15044);
#15136 = STYLED_ITEM('color',(#15137),#830);
#15137 = PRESENTATION_STYLE_ASSIGNMENT((#15138));
#15138 = SURFACE_STYLE_USAGE(.BOTH.,#15139);
#15139 = SURFACE_SIDE_STYLE('',(#15140));
#15140 = SURFACE_STYLE_FILL_AREA(#15141);
#15141 = FILL_AREA_STYLE('',(#15142));
#15142 = FILL_AREA_STYLE_COLOUR('',#15044);
#15143 = STYLED_ITEM('color',(#15144),#847);
#15144 = PRESENTATION_STYLE_ASSIGNMENT((#15145));
#15145 = SURFACE_STYLE_USAGE(.BOTH.,#15146);
#15146 = SURFACE_SIDE_STYLE('',(#15147));
#15147 = SURFACE_STYLE_FILL_AREA(#15148);
#15148 = FILL_AREA_STYLE('',(#15149));
#15149 = FILL_AREA_STYLE_COLOUR('',#15044);
#15150 = STYLED_ITEM('color',(#15151),#880);
#15151 = PRESENTATION_STYLE_ASSIGNMENT((#15152));
#15152 = SURFACE_STYLE_USAGE(.BOTH.,#15153);
#15153 = SURFACE_SIDE_STYLE('',(#15154));
#15154 = SURFACE_STYLE_FILL_AREA(#15155);
#15155 = FILL_AREA_STYLE('',(#15156));
#15156 = FILL_AREA_STYLE_COLOUR('',#15044);
#15157 = STYLED_ITEM('color',(#15158),#904);
#15158 = PRESENTATION_STYLE_ASSIGNMENT((#15159));
#15159 = SURFACE_STYLE_USAGE(.BOTH.,#15160);
#15160 = SURFACE_SIDE_STYLE('',(#15161));
#15161 = SURFACE_STYLE_FILL_AREA(#15162);
#15162 = FILL_AREA_STYLE('',(#15163));
#15163 = FILL_AREA_STYLE_COLOUR('',#15044);
#15164 = STYLED_ITEM('color',(#15165),#935);
#15165 = PRESENTATION_STYLE_ASSIGNMENT((#15166));
#15166 = SURFACE_STYLE_USAGE(.BOTH.,#15167);
#15167 = SURFACE_SIDE_STYLE('',(#15168));
#15168 = SURFACE_STYLE_FILL_AREA(#15169);
#15169 = FILL_AREA_STYLE('',(#15170));
#15170 = FILL_AREA_STYLE_COLOUR('',#15044);
#15171 = STYLED_ITEM('color',(#15172),#952);
#15172 = PRESENTATION_STYLE_ASSIGNMENT((#15173));
#15173 = SURFACE_STYLE_USAGE(.BOTH.,#15174);
#15174 = SURFACE_SIDE_STYLE('',(#15175));
#15175 = SURFACE_STYLE_FILL_AREA(#15176);
#15176 = FILL_AREA_STYLE('',(#15177));
#15177 = FILL_AREA_STYLE_COLOUR('',#15044);
#15178 = STYLED_ITEM('color',(#15179),#985);
#15179 = PRESENTATION_STYLE_ASSIGNMENT((#15180));
#15180 = SURFACE_STYLE_USAGE(.BOTH.,#15181);
#15181 = SURFACE_SIDE_STYLE('',(#15182));
#15182 = SURFACE_STYLE_FILL_AREA(#15183);
#15183 = FILL_AREA_STYLE('',(#15184));
#15184 = FILL_AREA_STYLE_COLOUR('',#15044);
#15185 = STYLED_ITEM('color',(#15186),#1002);
#15186 = PRESENTATION_STYLE_ASSIGNMENT((#15187));
#15187 = SURFACE_STYLE_USAGE(.BOTH.,#15188);
#15188 = SURFACE_SIDE_STYLE('',(#15189));
#15189 = SURFACE_STYLE_FILL_AREA(#15190);
#15190 = FILL_AREA_STYLE('',(#15191));
#15191 = FILL_AREA_STYLE_COLOUR('',#15044);
#15192 = STYLED_ITEM('color',(#15193),#1045);
#15193 = PRESENTATION_STYLE_ASSIGNMENT((#15194));
#15194 = SURFACE_STYLE_USAGE(.BOTH.,#15195);
#15195 = SURFACE_SIDE_STYLE('',(#15196));
#15196 = SURFACE_STYLE_FILL_AREA(#15197);
#15197 = FILL_AREA_STYLE('',(#15198));
#15198 = FILL_AREA_STYLE_COLOUR('',#15044);
#15199 = STYLED_ITEM('color',(#15200),#1062);
#15200 = PRESENTATION_STYLE_ASSIGNMENT((#15201));
#15201 = SURFACE_STYLE_USAGE(.BOTH.,#15202);
#15202 = SURFACE_SIDE_STYLE('',(#15203));
#15203 = SURFACE_STYLE_FILL_AREA(#15204);
#15204 = FILL_AREA_STYLE('',(#15205));
#15205 = FILL_AREA_STYLE_COLOUR('',#15044);
#15206 = STYLED_ITEM('color',(#15207),#1108);
#15207 = PRESENTATION_STYLE_ASSIGNMENT((#15208));
#15208 = SURFACE_STYLE_USAGE(.BOTH.,#15209);
#15209 = SURFACE_SIDE_STYLE('',(#15210));
#15210 = SURFACE_STYLE_FILL_AREA(#15211);
#15211 = FILL_AREA_STYLE('',(#15212));
#15212 = FILL_AREA_STYLE_COLOUR('',#15044);
#15213 = STYLED_ITEM('color',(#15214),#1125);
#15214 = PRESENTATION_STYLE_ASSIGNMENT((#15215));
#15215 = SURFACE_STYLE_USAGE(.BOTH.,#15216);
#15216 = SURFACE_SIDE_STYLE('',(#15217));
#15217 = SURFACE_STYLE_FILL_AREA(#15218);
#15218 = FILL_AREA_STYLE('',(#15219));
#15219 = FILL_AREA_STYLE_COLOUR('',#15044);
#15220 = STYLED_ITEM('color',(#15221),#1142);
#15221 = PRESENTATION_STYLE_ASSIGNMENT((#15222));
#15222 = SURFACE_STYLE_USAGE(.BOTH.,#15223);
#15223 = SURFACE_SIDE_STYLE('',(#15224));
#15224 = SURFACE_STYLE_FILL_AREA(#15225);
#15225 = FILL_AREA_STYLE('',(#15226));
#15226 = FILL_AREA_STYLE_COLOUR('',#15044);
#15227 = STYLED_ITEM('color',(#15228),#1205);
#15228 = PRESENTATION_STYLE_ASSIGNMENT((#15229));
#15229 = SURFACE_STYLE_USAGE(.BOTH.,#15230);
#15230 = SURFACE_SIDE_STYLE('',(#15231));
#15231 = SURFACE_STYLE_FILL_AREA(#15232);
#15232 = FILL_AREA_STYLE('',(#15233));
#15233 = FILL_AREA_STYLE_COLOUR('',#15044);
#15234 = STYLED_ITEM('color',(#15235),#1229);
#15235 = PRESENTATION_STYLE_ASSIGNMENT((#15236));
#15236 = SURFACE_STYLE_USAGE(.BOTH.,#15237);
#15237 = SURFACE_SIDE_STYLE('',(#15238));
#15238 = SURFACE_STYLE_FILL_AREA(#15239);
#15239 = FILL_AREA_STYLE('',(#15240));
#15240 = FILL_AREA_STYLE_COLOUR('',#15044);
#15241 = STYLED_ITEM('color',(#15242),#1276);
#15242 = PRESENTATION_STYLE_ASSIGNMENT((#15243));
#15243 = SURFACE_STYLE_USAGE(.BOTH.,#15244);
#15244 = SURFACE_SIDE_STYLE('',(#15245));
#15245 = SURFACE_STYLE_FILL_AREA(#15246);
#15246 = FILL_AREA_STYLE('',(#15247));
#15247 = FILL_AREA_STYLE_COLOUR('',#15044);
#15248 = STYLED_ITEM('color',(#15249),#1300);
#15249 = PRESENTATION_STYLE_ASSIGNMENT((#15250));
#15250 = SURFACE_STYLE_USAGE(.BOTH.,#15251);
#15251 = SURFACE_SIDE_STYLE('',(#15252));
#15252 = SURFACE_STYLE_FILL_AREA(#15253);
#15253 = FILL_AREA_STYLE('',(#15254));
#15254 = FILL_AREA_STYLE_COLOUR('',#15044);
#15255 = STYLED_ITEM('color',(#15256),#1324);
#15256 = PRESENTATION_STYLE_ASSIGNMENT((#15257));
#15257 = SURFACE_STYLE_USAGE(.BOTH.,#15258);
#15258 = SURFACE_SIDE_STYLE('',(#15259));
#15259 = SURFACE_STYLE_FILL_AREA(#15260);
#15260 = FILL_AREA_STYLE('',(#15261));
#15261 = FILL_AREA_STYLE_COLOUR('',#15044);
#15262 = STYLED_ITEM('color',(#15263),#1341);
#15263 = PRESENTATION_STYLE_ASSIGNMENT((#15264));
#15264 = SURFACE_STYLE_USAGE(.BOTH.,#15265);
#15265 = SURFACE_SIDE_STYLE('',(#15266));
#15266 = SURFACE_STYLE_FILL_AREA(#15267);
#15267 = FILL_AREA_STYLE('',(#15268));
#15268 = FILL_AREA_STYLE_COLOUR('',#15044);
#15269 = STYLED_ITEM('color',(#15270),#1358);
#15270 = PRESENTATION_STYLE_ASSIGNMENT((#15271));
#15271 = SURFACE_STYLE_USAGE(.BOTH.,#15272);
#15272 = SURFACE_SIDE_STYLE('',(#15273));
#15273 = SURFACE_STYLE_FILL_AREA(#15274);
#15274 = FILL_AREA_STYLE('',(#15275));
#15275 = FILL_AREA_STYLE_COLOUR('',#15044);
#15276 = STYLED_ITEM('color',(#15277),#1382);
#15277 = PRESENTATION_STYLE_ASSIGNMENT((#15278));
#15278 = SURFACE_STYLE_USAGE(.BOTH.,#15279);
#15279 = SURFACE_SIDE_STYLE('',(#15280));
#15280 = SURFACE_STYLE_FILL_AREA(#15281);
#15281 = FILL_AREA_STYLE('',(#15282));
#15282 = FILL_AREA_STYLE_COLOUR('',#15044);
#15283 = STYLED_ITEM('color',(#15284),#1406);
#15284 = PRESENTATION_STYLE_ASSIGNMENT((#15285));
#15285 = SURFACE_STYLE_USAGE(.BOTH.,#15286);
#15286 = SURFACE_SIDE_STYLE('',(#15287));
#15287 = SURFACE_STYLE_FILL_AREA(#15288);
#15288 = FILL_AREA_STYLE('',(#15289));
#15289 = FILL_AREA_STYLE_COLOUR('',#15044);
#15290 = STYLED_ITEM('color',(#15291),#1423);
#15291 = PRESENTATION_STYLE_ASSIGNMENT((#15292));
#15292 = SURFACE_STYLE_USAGE(.BOTH.,#15293);
#15293 = SURFACE_SIDE_STYLE('',(#15294));
#15294 = SURFACE_STYLE_FILL_AREA(#15295);
#15295 = FILL_AREA_STYLE('',(#15296));
#15296 = FILL_AREA_STYLE_COLOUR('',#15044);
#15297 = STYLED_ITEM('color',(#15298),#1454);
#15298 = PRESENTATION_STYLE_ASSIGNMENT((#15299));
#15299 = SURFACE_STYLE_USAGE(.BOTH.,#15300);
#15300 = SURFACE_SIDE_STYLE('',(#15301));
#15301 = SURFACE_STYLE_FILL_AREA(#15302);
#15302 = FILL_AREA_STYLE('',(#15303));
#15303 = FILL_AREA_STYLE_COLOUR('',#15044);
#15304 = STYLED_ITEM('color',(#15305),#1478);
#15305 = PRESENTATION_STYLE_ASSIGNMENT((#15306));
#15306 = SURFACE_STYLE_USAGE(.BOTH.,#15307);
#15307 = SURFACE_SIDE_STYLE('',(#15308));
#15308 = SURFACE_STYLE_FILL_AREA(#15309);
#15309 = FILL_AREA_STYLE('',(#15310));
#15310 = FILL_AREA_STYLE_COLOUR('',#15044);
#15311 = STYLED_ITEM('color',(#15312),#1502);
#15312 = PRESENTATION_STYLE_ASSIGNMENT((#15313));
#15313 = SURFACE_STYLE_USAGE(.BOTH.,#15314);
#15314 = SURFACE_SIDE_STYLE('',(#15315));
#15315 = SURFACE_STYLE_FILL_AREA(#15316);
#15316 = FILL_AREA_STYLE('',(#15317));
#15317 = FILL_AREA_STYLE_COLOUR('',#15044);
#15318 = STYLED_ITEM('color',(#15319),#1519);
#15319 = PRESENTATION_STYLE_ASSIGNMENT((#15320));
#15320 = SURFACE_STYLE_USAGE(.BOTH.,#15321);
#15321 = SURFACE_SIDE_STYLE('',(#15322));
#15322 = SURFACE_STYLE_FILL_AREA(#15323);
#15323 = FILL_AREA_STYLE('',(#15324));
#15324 = FILL_AREA_STYLE_COLOUR('',#15044);
#15325 = STYLED_ITEM('color',(#15326),#1554);
#15326 = PRESENTATION_STYLE_ASSIGNMENT((#15327));
#15327 = SURFACE_STYLE_USAGE(.BOTH.,#15328);
#15328 = SURFACE_SIDE_STYLE('',(#15329));
#15329 = SURFACE_STYLE_FILL_AREA(#15330);
#15330 = FILL_AREA_STYLE('',(#15331));
#15331 = FILL_AREA_STYLE_COLOUR('',#15044);
#15332 = STYLED_ITEM('color',(#15333),#1594);
#15333 = PRESENTATION_STYLE_ASSIGNMENT((#15334));
#15334 = SURFACE_STYLE_USAGE(.BOTH.,#15335);
#15335 = SURFACE_SIDE_STYLE('',(#15336));
#15336 = SURFACE_STYLE_FILL_AREA(#15337);
#15337 = FILL_AREA_STYLE('',(#15338));
#15338 = FILL_AREA_STYLE_COLOUR('',#15044);
#15339 = STYLED_ITEM('color',(#15340),#1618);
#15340 = PRESENTATION_STYLE_ASSIGNMENT((#15341));
#15341 = SURFACE_STYLE_USAGE(.BOTH.,#15342);
#15342 = SURFACE_SIDE_STYLE('',(#15343));
#15343 = SURFACE_STYLE_FILL_AREA(#15344);
#15344 = FILL_AREA_STYLE('',(#15345));
#15345 = FILL_AREA_STYLE_COLOUR('',#15044);
#15346 = STYLED_ITEM('color',(#15347),#1659);
#15347 = PRESENTATION_STYLE_ASSIGNMENT((#15348));
#15348 = SURFACE_STYLE_USAGE(.BOTH.,#15349);
#15349 = SURFACE_SIDE_STYLE('',(#15350));
#15350 = SURFACE_STYLE_FILL_AREA(#15351);
#15351 = FILL_AREA_STYLE('',(#15352));
#15352 = FILL_AREA_STYLE_COLOUR('',#15044);
#15353 = STYLED_ITEM('color',(#15354),#1740);
#15354 = PRESENTATION_STYLE_ASSIGNMENT((#15355));
#15355 = SURFACE_STYLE_USAGE(.BOTH.,#15356);
#15356 = SURFACE_SIDE_STYLE('',(#15357));
#15357 = SURFACE_STYLE_FILL_AREA(#15358);
#15358 = FILL_AREA_STYLE('',(#15359));
#15359 = FILL_AREA_STYLE_COLOUR('',#15044);
#15360 = STYLED_ITEM('color',(#15361),#1786);
#15361 = PRESENTATION_STYLE_ASSIGNMENT((#15362));
#15362 = SURFACE_STYLE_USAGE(.BOTH.,#15363);
#15363 = SURFACE_SIDE_STYLE('',(#15364));
#15364 = SURFACE_STYLE_FILL_AREA(#15365);
#15365 = FILL_AREA_STYLE('',(#15366));
#15366 = FILL_AREA_STYLE_COLOUR('',#15044);
#15367 = STYLED_ITEM('color',(#15368),#1832);
#15368 = PRESENTATION_STYLE_ASSIGNMENT((#15369));
#15369 = SURFACE_STYLE_USAGE(.BOTH.,#15370);
#15370 = SURFACE_SIDE_STYLE('',(#15371));
#15371 = SURFACE_STYLE_FILL_AREA(#15372);
#15372 = FILL_AREA_STYLE('',(#15373));
#15373 = FILL_AREA_STYLE_COLOUR('',#15044);
#15374 = STYLED_ITEM('color',(#15375),#1849);
#15375 = PRESENTATION_STYLE_ASSIGNMENT((#15376));
#15376 = SURFACE_STYLE_USAGE(.BOTH.,#15377);
#15377 = SURFACE_SIDE_STYLE('',(#15378));
#15378 = SURFACE_STYLE_FILL_AREA(#15379);
#15379 = FILL_AREA_STYLE('',(#15380));
#15380 = FILL_AREA_STYLE_COLOUR('',#15044);
#15381 = STYLED_ITEM('color',(#15382),#1861);
#15382 = PRESENTATION_STYLE_ASSIGNMENT((#15383));
#15383 = SURFACE_STYLE_USAGE(.BOTH.,#15384);
#15384 = SURFACE_SIDE_STYLE('',(#15385));
#15385 = SURFACE_STYLE_FILL_AREA(#15386);
#15386 = FILL_AREA_STYLE('',(#15387));
#15387 = FILL_AREA_STYLE_COLOUR('',#15388);
#15388 = COLOUR_RGB('',0.823529417451,0.819607860991,0.780392170416);
#15389 = STYLED_ITEM('color',(#15390),#1924);
#15390 = PRESENTATION_STYLE_ASSIGNMENT((#15391));
#15391 = SURFACE_STYLE_USAGE(.BOTH.,#15392);
#15392 = SURFACE_SIDE_STYLE('',(#15393));
#15393 = SURFACE_STYLE_FILL_AREA(#15394);
#15394 = FILL_AREA_STYLE('',(#15395));
#15395 = FILL_AREA_STYLE_COLOUR('',#15388);
#15396 = STYLED_ITEM('color',(#15397),#1948);
#15397 = PRESENTATION_STYLE_ASSIGNMENT((#15398));
#15398 = SURFACE_STYLE_USAGE(.BOTH.,#15399);
#15399 = SURFACE_SIDE_STYLE('',(#15400));
#15400 = SURFACE_STYLE_FILL_AREA(#15401);
#15401 = FILL_AREA_STYLE('',(#15402));
#15402 = FILL_AREA_STYLE_COLOUR('',#15388);
#15403 = STYLED_ITEM('color',(#15404),#2004);
#15404 = PRESENTATION_STYLE_ASSIGNMENT((#15405));
#15405 = SURFACE_STYLE_USAGE(.BOTH.,#15406);
#15406 = SURFACE_SIDE_STYLE('',(#15407));
#15407 = SURFACE_STYLE_FILL_AREA(#15408);
#15408 = FILL_AREA_STYLE('',(#15409));
#15409 = FILL_AREA_STYLE_COLOUR('',#15388);
#15410 = STYLED_ITEM('color',(#15411),#2021);
#15411 = PRESENTATION_STYLE_ASSIGNMENT((#15412));
#15412 = SURFACE_STYLE_USAGE(.BOTH.,#15413);
#15413 = SURFACE_SIDE_STYLE('',(#15414));
#15414 = SURFACE_STYLE_FILL_AREA(#15415);
#15415 = FILL_AREA_STYLE('',(#15416));
#15416 = FILL_AREA_STYLE_COLOUR('',#15044);
#15417 = STYLED_ITEM('color',(#15418),#2033);
#15418 = PRESENTATION_STYLE_ASSIGNMENT((#15419));
#15419 = SURFACE_STYLE_USAGE(.BOTH.,#15420);
#15420 = SURFACE_SIDE_STYLE('',(#15421));
#15421 = SURFACE_STYLE_FILL_AREA(#15422);
#15422 = FILL_AREA_STYLE('',(#15423));
#15423 = FILL_AREA_STYLE_COLOUR('',#15044);
#15424 = STYLED_ITEM('color',(#15425),#2193);
#15425 = PRESENTATION_STYLE_ASSIGNMENT((#15426));
#15426 = SURFACE_STYLE_USAGE(.BOTH.,#15427);
#15427 = SURFACE_SIDE_STYLE('',(#15428));
#15428 = SURFACE_STYLE_FILL_AREA(#15429);
#15429 = FILL_AREA_STYLE('',(#15430));
#15430 = FILL_AREA_STYLE_COLOUR('',#15044);
#15431 = STYLED_ITEM('color',(#15432),#2217);
#15432 = PRESENTATION_STYLE_ASSIGNMENT((#15433));
#15433 = SURFACE_STYLE_USAGE(.BOTH.,#15434);
#15434 = SURFACE_SIDE_STYLE('',(#15435));
#15435 = SURFACE_STYLE_FILL_AREA(#15436);
#15436 = FILL_AREA_STYLE('',(#15437));
#15437 = FILL_AREA_STYLE_COLOUR('',#15044);
#15438 = STYLED_ITEM('color',(#15439),#2241);
#15439 = PRESENTATION_STYLE_ASSIGNMENT((#15440));
#15440 = SURFACE_STYLE_USAGE(.BOTH.,#15441);
#15441 = SURFACE_SIDE_STYLE('',(#15442));
#15442 = SURFACE_STYLE_FILL_AREA(#15443);
#15443 = FILL_AREA_STYLE('',(#15444));
#15444 = FILL_AREA_STYLE_COLOUR('',#15044);
#15445 = STYLED_ITEM('color',(#15446),#2258);
#15446 = PRESENTATION_STYLE_ASSIGNMENT((#15447));
#15447 = SURFACE_STYLE_USAGE(.BOTH.,#15448);
#15448 = SURFACE_SIDE_STYLE('',(#15449));
#15449 = SURFACE_STYLE_FILL_AREA(#15450);
#15450 = FILL_AREA_STYLE('',(#15451));
#15451 = FILL_AREA_STYLE_COLOUR('',#15044);
#15452 = STYLED_ITEM('color',(#15453),#2282);
#15453 = PRESENTATION_STYLE_ASSIGNMENT((#15454));
#15454 = SURFACE_STYLE_USAGE(.BOTH.,#15455);
#15455 = SURFACE_SIDE_STYLE('',(#15456));
#15456 = SURFACE_STYLE_FILL_AREA(#15457);
#15457 = FILL_AREA_STYLE('',(#15458));
#15458 = FILL_AREA_STYLE_COLOUR('',#15044);
#15459 = STYLED_ITEM('color',(#15460),#2306);
#15460 = PRESENTATION_STYLE_ASSIGNMENT((#15461));
#15461 = SURFACE_STYLE_USAGE(.BOTH.,#15462);
#15462 = SURFACE_SIDE_STYLE('',(#15463));
#15463 = SURFACE_STYLE_FILL_AREA(#15464);
#15464 = FILL_AREA_STYLE('',(#15465));
#15465 = FILL_AREA_STYLE_COLOUR('',#15044);
#15466 = STYLED_ITEM('color',(#15467),#2323);
#15467 = PRESENTATION_STYLE_ASSIGNMENT((#15468));
#15468 = SURFACE_STYLE_USAGE(.BOTH.,#15469);
#15469 = SURFACE_SIDE_STYLE('',(#15470));
#15470 = SURFACE_STYLE_FILL_AREA(#15471);
#15471 = FILL_AREA_STYLE('',(#15472));
#15472 = FILL_AREA_STYLE_COLOUR('',#15388);
#15473 = STYLED_ITEM('color',(#15474),#2386);
#15474 = PRESENTATION_STYLE_ASSIGNMENT((#15475));
#15475 = SURFACE_STYLE_USAGE(.BOTH.,#15476);
#15476 = SURFACE_SIDE_STYLE('',(#15477));
#15477 = SURFACE_STYLE_FILL_AREA(#15478);
#15478 = FILL_AREA_STYLE('',(#15479));
#15479 = FILL_AREA_STYLE_COLOUR('',#15388);
#15480 = STYLED_ITEM('color',(#15481),#2410);
#15481 = PRESENTATION_STYLE_ASSIGNMENT((#15482));
#15482 = SURFACE_STYLE_USAGE(.BOTH.,#15483);
#15483 = SURFACE_SIDE_STYLE('',(#15484));
#15484 = SURFACE_STYLE_FILL_AREA(#15485);
#15485 = FILL_AREA_STYLE('',(#15486));
#15486 = FILL_AREA_STYLE_COLOUR('',#15388);
#15487 = STYLED_ITEM('color',(#15488),#2466);
#15488 = PRESENTATION_STYLE_ASSIGNMENT((#15489));
#15489 = SURFACE_STYLE_USAGE(.BOTH.,#15490);
#15490 = SURFACE_SIDE_STYLE('',(#15491));
#15491 = SURFACE_STYLE_FILL_AREA(#15492);
#15492 = FILL_AREA_STYLE('',(#15493));
#15493 = FILL_AREA_STYLE_COLOUR('',#15388);
#15494 = STYLED_ITEM('color',(#15495),#2483);
#15495 = PRESENTATION_STYLE_ASSIGNMENT((#15496));
#15496 = SURFACE_STYLE_USAGE(.BOTH.,#15497);
#15497 = SURFACE_SIDE_STYLE('',(#15498));
#15498 = SURFACE_STYLE_FILL_AREA(#15499);
#15499 = FILL_AREA_STYLE('',(#15500));
#15500 = FILL_AREA_STYLE_COLOUR('',#15388);
#15501 = STYLED_ITEM('color',(#15502),#2514);
#15502 = PRESENTATION_STYLE_ASSIGNMENT((#15503));
#15503 = SURFACE_STYLE_USAGE(.BOTH.,#15504);
#15504 = SURFACE_SIDE_STYLE('',(#15505));
#15505 = SURFACE_STYLE_FILL_AREA(#15506);
#15506 = FILL_AREA_STYLE('',(#15507));
#15507 = FILL_AREA_STYLE_COLOUR('',#15388);
#15508 = STYLED_ITEM('color',(#15509),#2538);
#15509 = PRESENTATION_STYLE_ASSIGNMENT((#15510));
#15510 = SURFACE_STYLE_USAGE(.BOTH.,#15511);
#15511 = SURFACE_SIDE_STYLE('',(#15512));
#15512 = SURFACE_STYLE_FILL_AREA(#15513);
#15513 = FILL_AREA_STYLE('',(#15514));
#15514 = FILL_AREA_STYLE_COLOUR('',#15388);
#15515 = STYLED_ITEM('color',(#15516),#2562);
#15516 = PRESENTATION_STYLE_ASSIGNMENT((#15517));
#15517 = SURFACE_STYLE_USAGE(.BOTH.,#15518);
#15518 = SURFACE_SIDE_STYLE('',(#15519));
#15519 = SURFACE_STYLE_FILL_AREA(#15520);
#15520 = FILL_AREA_STYLE('',(#15521));
#15521 = FILL_AREA_STYLE_COLOUR('',#15388);
#15522 = STYLED_ITEM('color',(#15523),#2579);
#15523 = PRESENTATION_STYLE_ASSIGNMENT((#15524));
#15524 = SURFACE_STYLE_USAGE(.BOTH.,#15525);
#15525 = SURFACE_SIDE_STYLE('',(#15526));
#15526 = SURFACE_STYLE_FILL_AREA(#15527);
#15527 = FILL_AREA_STYLE('',(#15528));
#15528 = FILL_AREA_STYLE_COLOUR('',#15388);
#15529 = STYLED_ITEM('color',(#15530),#2626);
#15530 = PRESENTATION_STYLE_ASSIGNMENT((#15531));
#15531 = SURFACE_STYLE_USAGE(.BOTH.,#15532);
#15532 = SURFACE_SIDE_STYLE('',(#15533));
#15533 = SURFACE_STYLE_FILL_AREA(#15534);
#15534 = FILL_AREA_STYLE('',(#15535));
#15535 = FILL_AREA_STYLE_COLOUR('',#15388);
#15536 = STYLED_ITEM('color',(#15537),#2657);
#15537 = PRESENTATION_STYLE_ASSIGNMENT((#15538));
#15538 = SURFACE_STYLE_USAGE(.BOTH.,#15539);
#15539 = SURFACE_SIDE_STYLE('',(#15540));
#15540 = SURFACE_STYLE_FILL_AREA(#15541);
#15541 = FILL_AREA_STYLE('',(#15542));
#15542 = FILL_AREA_STYLE_COLOUR('',#15388);
#15543 = STYLED_ITEM('color',(#15544),#2669);
#15544 = PRESENTATION_STYLE_ASSIGNMENT((#15545));
#15545 = SURFACE_STYLE_USAGE(.BOTH.,#15546);
#15546 = SURFACE_SIDE_STYLE('',(#15547));
#15547 = SURFACE_STYLE_FILL_AREA(#15548);
#15548 = FILL_AREA_STYLE('',(#15549));
#15549 = FILL_AREA_STYLE_COLOUR('',#15388);
#15550 = STYLED_ITEM('color',(#15551),#2686);
#15551 = PRESENTATION_STYLE_ASSIGNMENT((#15552));
#15552 = SURFACE_STYLE_USAGE(.BOTH.,#15553);
#15553 = SURFACE_SIDE_STYLE('',(#15554));
#15554 = SURFACE_STYLE_FILL_AREA(#15555);
#15555 = FILL_AREA_STYLE('',(#15556));
#15556 = FILL_AREA_STYLE_COLOUR('',#15388);
#15557 = STYLED_ITEM('color',(#15558),#2712);
#15558 = PRESENTATION_STYLE_ASSIGNMENT((#15559));
#15559 = SURFACE_STYLE_USAGE(.BOTH.,#15560);
#15560 = SURFACE_SIDE_STYLE('',(#15561));
#15561 = SURFACE_STYLE_FILL_AREA(#15562);
#15562 = FILL_AREA_STYLE('',(#15563));
#15563 = FILL_AREA_STYLE_COLOUR('',#15388);
#15564 = STYLED_ITEM('color',(#15565),#2745);
#15565 = PRESENTATION_STYLE_ASSIGNMENT((#15566));
#15566 = SURFACE_STYLE_USAGE(.BOTH.,#15567);
#15567 = SURFACE_SIDE_STYLE('',(#15568));
#15568 = SURFACE_STYLE_FILL_AREA(#15569);
#15569 = FILL_AREA_STYLE('',(#15570));
#15570 = FILL_AREA_STYLE_COLOUR('',#15044);
#15571 = STYLED_ITEM('color',(#15572),#2757);
#15572 = PRESENTATION_STYLE_ASSIGNMENT((#15573));
#15573 = SURFACE_STYLE_USAGE(.BOTH.,#15574);
#15574 = SURFACE_SIDE_STYLE('',(#15575));
#15575 = SURFACE_STYLE_FILL_AREA(#15576);
#15576 = FILL_AREA_STYLE('',(#15577));
#15577 = FILL_AREA_STYLE_COLOUR('',#15044);
#15578 = STYLED_ITEM('color',(#15579),#2769);
#15579 = PRESENTATION_STYLE_ASSIGNMENT((#15580));
#15580 = SURFACE_STYLE_USAGE(.BOTH.,#15581);
#15581 = SURFACE_SIDE_STYLE('',(#15582));
#15582 = SURFACE_STYLE_FILL_AREA(#15583);
#15583 = FILL_AREA_STYLE('',(#15584));
#15584 = FILL_AREA_STYLE_COLOUR('',#15388);
#15585 = STYLED_ITEM('color',(#15586),#2800);
#15586 = PRESENTATION_STYLE_ASSIGNMENT((#15587));
#15587 = SURFACE_STYLE_USAGE(.BOTH.,#15588);
#15588 = SURFACE_SIDE_STYLE('',(#15589));
#15589 = SURFACE_STYLE_FILL_AREA(#15590);
#15590 = FILL_AREA_STYLE('',(#15591));
#15591 = FILL_AREA_STYLE_COLOUR('',#15388);
#15592 = STYLED_ITEM('color',(#15593),#2824);
#15593 = PRESENTATION_STYLE_ASSIGNMENT((#15594));
#15594 = SURFACE_STYLE_USAGE(.BOTH.,#15595);
#15595 = SURFACE_SIDE_STYLE('',(#15596));
#15596 = SURFACE_STYLE_FILL_AREA(#15597);
#15597 = FILL_AREA_STYLE('',(#15598));
#15598 = FILL_AREA_STYLE_COLOUR('',#15388);
#15599 = STYLED_ITEM('color',(#15600),#2848);
#15600 = PRESENTATION_STYLE_ASSIGNMENT((#15601));
#15601 = SURFACE_STYLE_USAGE(.BOTH.,#15602);
#15602 = SURFACE_SIDE_STYLE('',(#15603));
#15603 = SURFACE_STYLE_FILL_AREA(#15604);
#15604 = FILL_AREA_STYLE('',(#15605));
#15605 = FILL_AREA_STYLE_COLOUR('',#15388);
#15606 = STYLED_ITEM('color',(#15607),#2865);
#15607 = PRESENTATION_STYLE_ASSIGNMENT((#15608));
#15608 = SURFACE_STYLE_USAGE(.BOTH.,#15609);
#15609 = SURFACE_SIDE_STYLE('',(#15610));
#15610 = SURFACE_STYLE_FILL_AREA(#15611);
#15611 = FILL_AREA_STYLE('',(#15612));
#15612 = FILL_AREA_STYLE_COLOUR('',#15388);
#15613 = STYLED_ITEM('color',(#15614),#2896);
#15614 = PRESENTATION_STYLE_ASSIGNMENT((#15615));
#15615 = SURFACE_STYLE_USAGE(.BOTH.,#15616);
#15616 = SURFACE_SIDE_STYLE('',(#15617));
#15617 = SURFACE_STYLE_FILL_AREA(#15618);
#15618 = FILL_AREA_STYLE('',(#15619));
#15619 = FILL_AREA_STYLE_COLOUR('',#15388);
#15620 = STYLED_ITEM('color',(#15621),#2920);
#15621 = PRESENTATION_STYLE_ASSIGNMENT((#15622));
#15622 = SURFACE_STYLE_USAGE(.BOTH.,#15623);
#15623 = SURFACE_SIDE_STYLE('',(#15624));
#15624 = SURFACE_STYLE_FILL_AREA(#15625);
#15625 = FILL_AREA_STYLE('',(#15626));
#15626 = FILL_AREA_STYLE_COLOUR('',#15388);
#15627 = STYLED_ITEM('color',(#15628),#2944);
#15628 = PRESENTATION_STYLE_ASSIGNMENT((#15629));
#15629 = SURFACE_STYLE_USAGE(.BOTH.,#15630);
#15630 = SURFACE_SIDE_STYLE('',(#15631));
#15631 = SURFACE_STYLE_FILL_AREA(#15632);
#15632 = FILL_AREA_STYLE('',(#15633));
#15633 = FILL_AREA_STYLE_COLOUR('',#15388);
#15634 = STYLED_ITEM('color',(#15635),#2961);
#15635 = PRESENTATION_STYLE_ASSIGNMENT((#15636));
#15636 = SURFACE_STYLE_USAGE(.BOTH.,#15637);
#15637 = SURFACE_SIDE_STYLE('',(#15638));
#15638 = SURFACE_STYLE_FILL_AREA(#15639);
#15639 = FILL_AREA_STYLE('',(#15640));
#15640 = FILL_AREA_STYLE_COLOUR('',#15388);
#15641 = STYLED_ITEM('color',(#15642),#2992);
#15642 = PRESENTATION_STYLE_ASSIGNMENT((#15643));
#15643 = SURFACE_STYLE_USAGE(.BOTH.,#15644);
#15644 = SURFACE_SIDE_STYLE('',(#15645));
#15645 = SURFACE_STYLE_FILL_AREA(#15646);
#15646 = FILL_AREA_STYLE('',(#15647));
#15647 = FILL_AREA_STYLE_COLOUR('',#15388);
#15648 = STYLED_ITEM('color',(#15649),#3016);
#15649 = PRESENTATION_STYLE_ASSIGNMENT((#15650));
#15650 = SURFACE_STYLE_USAGE(.BOTH.,#15651);
#15651 = SURFACE_SIDE_STYLE('',(#15652));
#15652 = SURFACE_STYLE_FILL_AREA(#15653);
#15653 = FILL_AREA_STYLE('',(#15654));
#15654 = FILL_AREA_STYLE_COLOUR('',#15388);
#15655 = STYLED_ITEM('color',(#15656),#3040);
#15656 = PRESENTATION_STYLE_ASSIGNMENT((#15657));
#15657 = SURFACE_STYLE_USAGE(.BOTH.,#15658);
#15658 = SURFACE_SIDE_STYLE('',(#15659));
#15659 = SURFACE_STYLE_FILL_AREA(#15660);
#15660 = FILL_AREA_STYLE('',(#15661));
#15661 = FILL_AREA_STYLE_COLOUR('',#15388);
#15662 = STYLED_ITEM('color',(#15663),#3057);
#15663 = PRESENTATION_STYLE_ASSIGNMENT((#15664));
#15664 = SURFACE_STYLE_USAGE(.BOTH.,#15665);
#15665 = SURFACE_SIDE_STYLE('',(#15666));
#15666 = SURFACE_STYLE_FILL_AREA(#15667);
#15667 = FILL_AREA_STYLE('',(#15668));
#15668 = FILL_AREA_STYLE_COLOUR('',#15388);
#15669 = STYLED_ITEM('color',(#15670),#3104);
#15670 = PRESENTATION_STYLE_ASSIGNMENT((#15671));
#15671 = SURFACE_STYLE_USAGE(.BOTH.,#15672);
#15672 = SURFACE_SIDE_STYLE('',(#15673));
#15673 = SURFACE_STYLE_FILL_AREA(#15674);
#15674 = FILL_AREA_STYLE('',(#15675));
#15675 = FILL_AREA_STYLE_COLOUR('',#15388);
#15676 = STYLED_ITEM('color',(#15677),#3135);
#15677 = PRESENTATION_STYLE_ASSIGNMENT((#15678));
#15678 = SURFACE_STYLE_USAGE(.BOTH.,#15679);
#15679 = SURFACE_SIDE_STYLE('',(#15680));
#15680 = SURFACE_STYLE_FILL_AREA(#15681);
#15681 = FILL_AREA_STYLE('',(#15682));
#15682 = FILL_AREA_STYLE_COLOUR('',#15388);
#15683 = STYLED_ITEM('color',(#15684),#3147);
#15684 = PRESENTATION_STYLE_ASSIGNMENT((#15685));
#15685 = SURFACE_STYLE_USAGE(.BOTH.,#15686);
#15686 = SURFACE_SIDE_STYLE('',(#15687));
#15687 = SURFACE_STYLE_FILL_AREA(#15688);
#15688 = FILL_AREA_STYLE('',(#15689));
#15689 = FILL_AREA_STYLE_COLOUR('',#15388);
#15690 = STYLED_ITEM('color',(#15691),#3164);
#15691 = PRESENTATION_STYLE_ASSIGNMENT((#15692));
#15692 = SURFACE_STYLE_USAGE(.BOTH.,#15693);
#15693 = SURFACE_SIDE_STYLE('',(#15694));
#15694 = SURFACE_STYLE_FILL_AREA(#15695);
#15695 = FILL_AREA_STYLE('',(#15696));
#15696 = FILL_AREA_STYLE_COLOUR('',#15388);
#15697 = STYLED_ITEM('color',(#15698),#3190);
#15698 = PRESENTATION_STYLE_ASSIGNMENT((#15699));
#15699 = SURFACE_STYLE_USAGE(.BOTH.,#15700);
#15700 = SURFACE_SIDE_STYLE('',(#15701));
#15701 = SURFACE_STYLE_FILL_AREA(#15702);
#15702 = FILL_AREA_STYLE('',(#15703));
#15703 = FILL_AREA_STYLE_COLOUR('',#15388);
#15704 = STYLED_ITEM('color',(#15705),#3223);
#15705 = PRESENTATION_STYLE_ASSIGNMENT((#15706));
#15706 = SURFACE_STYLE_USAGE(.BOTH.,#15707);
#15707 = SURFACE_SIDE_STYLE('',(#15708));
#15708 = SURFACE_STYLE_FILL_AREA(#15709);
#15709 = FILL_AREA_STYLE('',(#15710));
#15710 = FILL_AREA_STYLE_COLOUR('',#15388);
#15711 = STYLED_ITEM('color',(#15712),#3254);
#15712 = PRESENTATION_STYLE_ASSIGNMENT((#15713));
#15713 = SURFACE_STYLE_USAGE(.BOTH.,#15714);
#15714 = SURFACE_SIDE_STYLE('',(#15715));
#15715 = SURFACE_STYLE_FILL_AREA(#15716);
#15716 = FILL_AREA_STYLE('',(#15717));
#15717 = FILL_AREA_STYLE_COLOUR('',#15388);
#15718 = STYLED_ITEM('color',(#15719),#3278);
#15719 = PRESENTATION_STYLE_ASSIGNMENT((#15720));
#15720 = SURFACE_STYLE_USAGE(.BOTH.,#15721);
#15721 = SURFACE_SIDE_STYLE('',(#15722));
#15722 = SURFACE_STYLE_FILL_AREA(#15723);
#15723 = FILL_AREA_STYLE('',(#15724));
#15724 = FILL_AREA_STYLE_COLOUR('',#15388);
#15725 = STYLED_ITEM('color',(#15726),#3302);
#15726 = PRESENTATION_STYLE_ASSIGNMENT((#15727));
#15727 = SURFACE_STYLE_USAGE(.BOTH.,#15728);
#15728 = SURFACE_SIDE_STYLE('',(#15729));
#15729 = SURFACE_STYLE_FILL_AREA(#15730);
#15730 = FILL_AREA_STYLE('',(#15731));
#15731 = FILL_AREA_STYLE_COLOUR('',#15388);
#15732 = STYLED_ITEM('color',(#15733),#3319);
#15733 = PRESENTATION_STYLE_ASSIGNMENT((#15734));
#15734 = SURFACE_STYLE_USAGE(.BOTH.,#15735);
#15735 = SURFACE_SIDE_STYLE('',(#15736));
#15736 = SURFACE_STYLE_FILL_AREA(#15737);
#15737 = FILL_AREA_STYLE('',(#15738));
#15738 = FILL_AREA_STYLE_COLOUR('',#15388);
#15739 = STYLED_ITEM('color',(#15740),#3336);
#15740 = PRESENTATION_STYLE_ASSIGNMENT((#15741));
#15741 = SURFACE_STYLE_USAGE(.BOTH.,#15742);
#15742 = SURFACE_SIDE_STYLE('',(#15743));
#15743 = SURFACE_STYLE_FILL_AREA(#15744);
#15744 = FILL_AREA_STYLE('',(#15745));
#15745 = FILL_AREA_STYLE_COLOUR('',#15388);
#15746 = STYLED_ITEM('color',(#15747),#3353);
#15747 = PRESENTATION_STYLE_ASSIGNMENT((#15748));
#15748 = SURFACE_STYLE_USAGE(.BOTH.,#15749);
#15749 = SURFACE_SIDE_STYLE('',(#15750));
#15750 = SURFACE_STYLE_FILL_AREA(#15751);
#15751 = FILL_AREA_STYLE('',(#15752));
#15752 = FILL_AREA_STYLE_COLOUR('',#15388);
#15753 = STYLED_ITEM('color',(#15754),#3365);
#15754 = PRESENTATION_STYLE_ASSIGNMENT((#15755));
#15755 = SURFACE_STYLE_USAGE(.BOTH.,#15756);
#15756 = SURFACE_SIDE_STYLE('',(#15757));
#15757 = SURFACE_STYLE_FILL_AREA(#15758);
#15758 = FILL_AREA_STYLE('',(#15759));
#15759 = FILL_AREA_STYLE_COLOUR('',#15388);
#15760 = STYLED_ITEM('color',(#15761),#3396);
#15761 = PRESENTATION_STYLE_ASSIGNMENT((#15762));
#15762 = SURFACE_STYLE_USAGE(.BOTH.,#15763);
#15763 = SURFACE_SIDE_STYLE('',(#15764));
#15764 = SURFACE_STYLE_FILL_AREA(#15765);
#15765 = FILL_AREA_STYLE('',(#15766));
#15766 = FILL_AREA_STYLE_COLOUR('',#15388);
#15767 = STYLED_ITEM('color',(#15768),#3420);
#15768 = PRESENTATION_STYLE_ASSIGNMENT((#15769));
#15769 = SURFACE_STYLE_USAGE(.BOTH.,#15770);
#15770 = SURFACE_SIDE_STYLE('',(#15771));
#15771 = SURFACE_STYLE_FILL_AREA(#15772);
#15772 = FILL_AREA_STYLE('',(#15773));
#15773 = FILL_AREA_STYLE_COLOUR('',#15388);
#15774 = STYLED_ITEM('color',(#15775),#3444);
#15775 = PRESENTATION_STYLE_ASSIGNMENT((#15776));
#15776 = SURFACE_STYLE_USAGE(.BOTH.,#15777);
#15777 = SURFACE_SIDE_STYLE('',(#15778));
#15778 = SURFACE_STYLE_FILL_AREA(#15779);
#15779 = FILL_AREA_STYLE('',(#15780));
#15780 = FILL_AREA_STYLE_COLOUR('',#15388);
#15781 = STYLED_ITEM('color',(#15782),#3461);
#15782 = PRESENTATION_STYLE_ASSIGNMENT((#15783));
#15783 = SURFACE_STYLE_USAGE(.BOTH.,#15784);
#15784 = SURFACE_SIDE_STYLE('',(#15785));
#15785 = SURFACE_STYLE_FILL_AREA(#15786);
#15786 = FILL_AREA_STYLE('',(#15787));
#15787 = FILL_AREA_STYLE_COLOUR('',#15388);
#15788 = STYLED_ITEM('color',(#15789),#3492);
#15789 = PRESENTATION_STYLE_ASSIGNMENT((#15790));
#15790 = SURFACE_STYLE_USAGE(.BOTH.,#15791);
#15791 = SURFACE_SIDE_STYLE('',(#15792));
#15792 = SURFACE_STYLE_FILL_AREA(#15793);
#15793 = FILL_AREA_STYLE('',(#15794));
#15794 = FILL_AREA_STYLE_COLOUR('',#15388);
#15795 = STYLED_ITEM('color',(#15796),#3516);
#15796 = PRESENTATION_STYLE_ASSIGNMENT((#15797));
#15797 = SURFACE_STYLE_USAGE(.BOTH.,#15798);
#15798 = SURFACE_SIDE_STYLE('',(#15799));
#15799 = SURFACE_STYLE_FILL_AREA(#15800);
#15800 = FILL_AREA_STYLE('',(#15801));
#15801 = FILL_AREA_STYLE_COLOUR('',#15388);
#15802 = STYLED_ITEM('color',(#15803),#3540);
#15803 = PRESENTATION_STYLE_ASSIGNMENT((#15804));
#15804 = SURFACE_STYLE_USAGE(.BOTH.,#15805);
#15805 = SURFACE_SIDE_STYLE('',(#15806));
#15806 = SURFACE_STYLE_FILL_AREA(#15807);
#15807 = FILL_AREA_STYLE('',(#15808));
#15808 = FILL_AREA_STYLE_COLOUR('',#15388);
#15809 = STYLED_ITEM('color',(#15810),#3557);
#15810 = PRESENTATION_STYLE_ASSIGNMENT((#15811));
#15811 = SURFACE_STYLE_USAGE(.BOTH.,#15812);
#15812 = SURFACE_SIDE_STYLE('',(#15813));
#15813 = SURFACE_STYLE_FILL_AREA(#15814);
#15814 = FILL_AREA_STYLE('',(#15815));
#15815 = FILL_AREA_STYLE_COLOUR('',#15388);
#15816 = STYLED_ITEM('color',(#15817),#3588);
#15817 = PRESENTATION_STYLE_ASSIGNMENT((#15818));
#15818 = SURFACE_STYLE_USAGE(.BOTH.,#15819);
#15819 = SURFACE_SIDE_STYLE('',(#15820));
#15820 = SURFACE_STYLE_FILL_AREA(#15821);
#15821 = FILL_AREA_STYLE('',(#15822));
#15822 = FILL_AREA_STYLE_COLOUR('',#15388);
#15823 = STYLED_ITEM('color',(#15824),#3612);
#15824 = PRESENTATION_STYLE_ASSIGNMENT((#15825));
#15825 = SURFACE_STYLE_USAGE(.BOTH.,#15826);
#15826 = SURFACE_SIDE_STYLE('',(#15827));
#15827 = SURFACE_STYLE_FILL_AREA(#15828);
#15828 = FILL_AREA_STYLE('',(#15829));
#15829 = FILL_AREA_STYLE_COLOUR('',#15388);
#15830 = STYLED_ITEM('color',(#15831),#3636);
#15831 = PRESENTATION_STYLE_ASSIGNMENT((#15832));
#15832 = SURFACE_STYLE_USAGE(.BOTH.,#15833);
#15833 = SURFACE_SIDE_STYLE('',(#15834));
#15834 = SURFACE_STYLE_FILL_AREA(#15835);
#15835 = FILL_AREA_STYLE('',(#15836));
#15836 = FILL_AREA_STYLE_COLOUR('',#15388);
#15837 = STYLED_ITEM('color',(#15838),#3653);
#15838 = PRESENTATION_STYLE_ASSIGNMENT((#15839));
#15839 = SURFACE_STYLE_USAGE(.BOTH.,#15840);
#15840 = SURFACE_SIDE_STYLE('',(#15841));
#15841 = SURFACE_STYLE_FILL_AREA(#15842);
#15842 = FILL_AREA_STYLE('',(#15843));
#15843 = FILL_AREA_STYLE_COLOUR('',#15388);
#15844 = STYLED_ITEM('color',(#15845),#3670);
#15845 = PRESENTATION_STYLE_ASSIGNMENT((#15846));
#15846 = SURFACE_STYLE_USAGE(.BOTH.,#15847);
#15847 = SURFACE_SIDE_STYLE('',(#15848));
#15848 = SURFACE_STYLE_FILL_AREA(#15849);
#15849 = FILL_AREA_STYLE('',(#15850));
#15850 = FILL_AREA_STYLE_COLOUR('',#15388);
#15851 = STYLED_ITEM('color',(#15852),#3687);
#15852 = PRESENTATION_STYLE_ASSIGNMENT((#15853));
#15853 = SURFACE_STYLE_USAGE(.BOTH.,#15854);
#15854 = SURFACE_SIDE_STYLE('',(#15855));
#15855 = SURFACE_STYLE_FILL_AREA(#15856);
#15856 = FILL_AREA_STYLE('',(#15857));
#15857 = FILL_AREA_STYLE_COLOUR('',#15388);
#15858 = STYLED_ITEM('color',(#15859),#3699);
#15859 = PRESENTATION_STYLE_ASSIGNMENT((#15860));
#15860 = SURFACE_STYLE_USAGE(.BOTH.,#15861);
#15861 = SURFACE_SIDE_STYLE('',(#15862));
#15862 = SURFACE_STYLE_FILL_AREA(#15863);
#15863 = FILL_AREA_STYLE('',(#15864));
#15864 = FILL_AREA_STYLE_COLOUR('',#15388);
#15865 = STYLED_ITEM('color',(#15866),#3711);
#15866 = PRESENTATION_STYLE_ASSIGNMENT((#15867));
#15867 = SURFACE_STYLE_USAGE(.BOTH.,#15868);
#15868 = SURFACE_SIDE_STYLE('',(#15869));
#15869 = SURFACE_STYLE_FILL_AREA(#15870);
#15870 = FILL_AREA_STYLE('',(#15871));
#15871 = FILL_AREA_STYLE_COLOUR('',#15388);
#15872 = STYLED_ITEM('color',(#15873),#3723);
#15873 = PRESENTATION_STYLE_ASSIGNMENT((#15874));
#15874 = SURFACE_STYLE_USAGE(.BOTH.,#15875);
#15875 = SURFACE_SIDE_STYLE('',(#15876));
#15876 = SURFACE_STYLE_FILL_AREA(#15877);
#15877 = FILL_AREA_STYLE('',(#15878));
#15878 = FILL_AREA_STYLE_COLOUR('',#15388);
#15879 = STYLED_ITEM('color',(#15880),#3735);
#15880 = PRESENTATION_STYLE_ASSIGNMENT((#15881));
#15881 = SURFACE_STYLE_USAGE(.BOTH.,#15882);
#15882 = SURFACE_SIDE_STYLE('',(#15883));
#15883 = SURFACE_STYLE_FILL_AREA(#15884);
#15884 = FILL_AREA_STYLE('',(#15885));
#15885 = FILL_AREA_STYLE_COLOUR('',#15388);
#15886 = MECHANICAL_DESIGN_GEOMETRIC_PRESENTATION_REPRESENTATION('',(
    #15887,#15896,#15905,#15914,#15923),#14416);
#15887 = STYLED_ITEM('color',(#15888),#13645);
#15888 = PRESENTATION_STYLE_ASSIGNMENT((#15889));
#15889 = SURFACE_STYLE_USAGE(.BOTH.,#15890);
#15890 = SURFACE_SIDE_STYLE('',(#15891,#15894));
#15891 = SURFACE_STYLE_FILL_AREA(#15892);
#15892 = FILL_AREA_STYLE('',(#15893));
#15893 = FILL_AREA_STYLE_COLOUR('',#15015);
#15894 = SURFACE_STYLE_RENDERING_WITH_PROPERTIES(.NORMAL_SHADING.,#15015
  ,(#15895));
#15895 = SURFACE_STYLE_TRANSPARENT(0.100000023842);
#15896 = STYLED_ITEM('color',(#15897),#13796);
#15897 = PRESENTATION_STYLE_ASSIGNMENT((#15898));
#15898 = SURFACE_STYLE_USAGE(.BOTH.,#15899);
#15899 = SURFACE_SIDE_STYLE('',(#15900,#15903));
#15900 = SURFACE_STYLE_FILL_AREA(#15901);
#15901 = FILL_AREA_STYLE('',(#15902));
#15902 = FILL_AREA_STYLE_COLOUR('',#15015);
#15903 = SURFACE_STYLE_RENDERING_WITH_PROPERTIES(.NORMAL_SHADING.,#15015
  ,(#15904));
#15904 = SURFACE_STYLE_TRANSPARENT(0.100000023842);
#15905 = STYLED_ITEM('color',(#15906),#13953);
#15906 = PRESENTATION_STYLE_ASSIGNMENT((#15907));
#15907 = SURFACE_STYLE_USAGE(.BOTH.,#15908);
#15908 = SURFACE_SIDE_STYLE('',(#15909,#15912));
#15909 = SURFACE_STYLE_FILL_AREA(#15910);
#15910 = FILL_AREA_STYLE('',(#15911));
#15911 = FILL_AREA_STYLE_COLOUR('',#15015);
#15912 = SURFACE_STYLE_RENDERING_WITH_PROPERTIES(.NORMAL_SHADING.,#15015
  ,(#15913));
#15913 = SURFACE_STYLE_TRANSPARENT(0.100000023842);
#15914 = STYLED_ITEM('color',(#15915),#14120);
#15915 = PRESENTATION_STYLE_ASSIGNMENT((#15916));
#15916 = SURFACE_STYLE_USAGE(.BOTH.,#15917);
#15917 = SURFACE_SIDE_STYLE('',(#15918,#15921));
#15918 = SURFACE_STYLE_FILL_AREA(#15919);
#15919 = FILL_AREA_STYLE('',(#15920));
#15920 = FILL_AREA_STYLE_COLOUR('',#15015);
#15921 = SURFACE_STYLE_RENDERING_WITH_PROPERTIES(.NORMAL_SHADING.,#15015
  ,(#15922));
#15922 = SURFACE_STYLE_TRANSPARENT(0.100000023842);
#15923 = STYLED_ITEM('color',(#15924),#14306);
#15924 = PRESENTATION_STYLE_ASSIGNMENT((#15925));
#15925 = SURFACE_STYLE_USAGE(.BOTH.,#15926);
#15926 = SURFACE_SIDE_STYLE('',(#15927,#15930));
#15927 = SURFACE_STYLE_FILL_AREA(#15928);
#15928 = FILL_AREA_STYLE('',(#15929));
#15929 = FILL_AREA_STYLE_COLOUR('',#15015);
#15930 = SURFACE_STYLE_RENDERING_WITH_PROPERTIES(.NORMAL_SHADING.,#15015
  ,(#15931));
#15931 = SURFACE_STYLE_TRANSPARENT(0.100000023842);
ENDSEC;
END-ISO-10303-21;
