ISO-10303-21;
HEADER;
/* Generated by software containing ST-Developer
 * from STEP Tools, Inc. (www.steptools.com) 
 */

FILE_DESCRIPTION(
/* description */ (''),
/* implementation_level */ '2;1');

FILE_NAME(
/* name */ 'anthracite-enclosure.step',
/* time_stamp */ '2026-09-16T01:37:31+09:00',
/* author */ (''),
/* organization */ (''),
/* preprocessor_version */ 'ST-DEVELOPER v20.1',
/* originating_system */ 'Autodesk Translation Framework v15.8.0.0',
/* authorisation */ '');

FILE_SCHEMA (('AUTOMOTIVE_DESIGN { 1 0 10303 214 3 1 1 }'));
ENDSEC;

DATA;
#10=MECHANICAL_DESIGN_GEOMETRIC_PRESENTATION_REPRESENTATION('',(#26,#27,
#28),#5582);
#11=CONTEXT_DEPENDENT_OVER_RIDING_STYLED_ITEM('',(#5615),#5597,#28,(#17));
#12=MAPPED_ITEM('',#13,#3635);
#13=REPRESENTATION_MAP(#3635,#5595);
#14=ITEM_DEFINED_TRANSFORMATION($,$,#3264,#3633);
#15=ITEM_DEFINED_TRANSFORMATION($,$,#3533,#3634);
#16=(
REPRESENTATION_RELATIONSHIP($,$,#5596,#5595)
REPRESENTATION_RELATIONSHIP_WITH_TRANSFORMATION(#14)
SHAPE_REPRESENTATION_RELATIONSHIP()
);
#17=(
REPRESENTATION_RELATIONSHIP($,$,#5597,#5595)
REPRESENTATION_RELATIONSHIP_WITH_TRANSFORMATION(#15)
SHAPE_REPRESENTATION_RELATIONSHIP()
);
#18=CONTEXT_DEPENDENT_SHAPE_REPRESENTATION(#16,#5593);
#19=CONTEXT_DEPENDENT_SHAPE_REPRESENTATION(#17,#5594);
#20=NEXT_ASSEMBLY_USAGE_OCCURRENCE('anthracite-enclosure-bottom:1',
'anthracite-enclosure-bottom:1','anthracite-enclosure-bottom:1',#5599,#5600,
'anthracite-enclosure-bottom:1');
#21=NEXT_ASSEMBLY_USAGE_OCCURRENCE('anthracite-enclosure-top:1',
'anthracite-enclosure-top:1','anthracite-enclosure-top:1',#5599,#5601,
'anthracite-enclosure-top:1');
#22=SHAPE_REPRESENTATION_RELATIONSHIP('SRR','None',#5596,#24);
#23=SHAPE_REPRESENTATION_RELATIONSHIP('SRR','None',#5597,#25);
#24=ADVANCED_BREP_SHAPE_REPRESENTATION('',(#29),#5580);
#25=ADVANCED_BREP_SHAPE_REPRESENTATION('',(#30),#5581);
#26=STYLED_ITEM('',(#5615),#29);
#27=STYLED_ITEM('',(#5615),#30);
#28=STYLED_ITEM('',(#5616),#12);
#29=MANIFOLD_SOLID_BREP('\X2\30DC30C730A3\X0\1',#3238);
#30=MANIFOLD_SOLID_BREP('\X2\30DC30C730A3\X0\1',#3239);
#31=TOROIDAL_SURFACE('',#3371,3.2645,2.);
#32=TOROIDAL_SURFACE('',#3377,3.2645,2.);
#33=TOROIDAL_SURFACE('',#3385,4.6645,1.);
#34=TOROIDAL_SURFACE('',#3391,4.6645,1.);
#35=TOROIDAL_SURFACE('',#3399,3.2645,2.);
#36=TOROIDAL_SURFACE('',#3405,4.6645,1.);
#37=TOROIDAL_SURFACE('',#3412,3.2645,2.);
#38=TOROIDAL_SURFACE('',#3418,4.6645,1.);
#39=FACE_BOUND('',#396,.T.);
#40=FACE_BOUND('',#399,.T.);
#41=FACE_BOUND('',#404,.T.);
#42=FACE_BOUND('',#409,.T.);
#43=FACE_BOUND('',#413,.T.);
#44=FACE_BOUND('',#417,.T.);
#45=FACE_BOUND('',#421,.T.);
#46=FACE_BOUND('',#427,.T.);
#47=FACE_BOUND('',#433,.T.);
#48=FACE_BOUND('',#435,.T.);
#49=FACE_BOUND('',#441,.T.);
#50=FACE_BOUND('',#447,.T.);
#51=FACE_BOUND('',#476,.T.);
#52=FACE_BOUND('',#477,.T.);
#53=FACE_BOUND('',#478,.T.);
#54=FACE_BOUND('',#492,.T.);
#55=FACE_BOUND('',#493,.T.);
#56=FACE_BOUND('',#494,.T.);
#57=FACE_BOUND('',#525,.T.);
#58=FACE_BOUND('',#526,.T.);
#59=FACE_BOUND('',#527,.T.);
#60=FACE_BOUND('',#533,.T.);
#61=FACE_BOUND('',#534,.T.);
#62=FACE_BOUND('',#535,.T.);
#63=FACE_BOUND('',#563,.T.);
#64=FACE_BOUND('',#564,.T.);
#65=FACE_BOUND('',#565,.T.);
#66=FACE_BOUND('',#568,.T.);
#67=FACE_BOUND('',#569,.T.);
#68=FACE_BOUND('',#570,.T.);
#69=FACE_BOUND('',#571,.T.);
#70=FACE_BOUND('',#572,.T.);
#71=FACE_BOUND('',#573,.T.);
#72=FACE_BOUND('',#574,.T.);
#73=FACE_BOUND('',#575,.T.);
#74=FACE_BOUND('',#576,.T.);
#75=FACE_BOUND('',#577,.T.);
#76=FACE_BOUND('',#578,.T.);
#77=FACE_BOUND('',#579,.T.);
#78=FACE_BOUND('',#580,.T.);
#79=FACE_BOUND('',#587,.T.);
#80=FACE_BOUND('',#588,.T.);
#81=FACE_BOUND('',#589,.T.);
#82=FACE_BOUND('',#592,.T.);
#83=FACE_BOUND('',#593,.T.);
#84=FACE_BOUND('',#594,.T.);
#85=FACE_BOUND('',#595,.T.);
#86=FACE_BOUND('',#596,.T.);
#87=FACE_BOUND('',#597,.T.);
#88=FACE_BOUND('',#598,.T.);
#89=FACE_BOUND('',#599,.T.);
#90=FACE_BOUND('',#600,.T.);
#91=FACE_BOUND('',#601,.T.);
#92=FACE_BOUND('',#602,.T.);
#93=FACE_BOUND('',#603,.T.);
#94=FACE_BOUND('',#604,.T.);
#95=PLANE('',#3268);
#96=PLANE('',#3272);
#97=PLANE('',#3276);
#98=PLANE('',#3280);
#99=PLANE('',#3290);
#100=PLANE('',#3291);
#101=PLANE('',#3309);
#102=PLANE('',#3314);
#103=PLANE('',#3317);
#104=PLANE('',#3320);
#105=PLANE('',#3325);
#106=PLANE('',#3329);
#107=PLANE('',#3330);
#108=PLANE('',#3336);
#109=PLANE('',#3339);
#110=PLANE('',#3342);
#111=PLANE('',#3343);
#112=PLANE('',#3350);
#113=PLANE('',#3351);
#114=PLANE('',#3356);
#115=PLANE('',#3357);
#116=PLANE('',#3362);
#117=PLANE('',#3363);
#118=PLANE('',#3368);
#119=PLANE('',#3369);
#120=PLANE('',#3384);
#121=PLANE('',#3397);
#122=PLANE('',#3398);
#123=PLANE('',#3411);
#124=PLANE('',#3424);
#125=PLANE('',#3428);
#126=PLANE('',#3430);
#127=PLANE('',#3432);
#128=PLANE('',#3437);
#129=PLANE('',#3439);
#130=PLANE('',#3441);
#131=PLANE('',#3446);
#132=PLANE('',#3447);
#133=PLANE('',#3449);
#134=PLANE('',#3451);
#135=PLANE('',#3456);
#136=PLANE('',#3458);
#137=PLANE('',#3460);
#138=PLANE('',#3462);
#139=PLANE('',#3463);
#140=PLANE('',#3464);
#141=PLANE('',#3465);
#142=PLANE('',#3469);
#143=PLANE('',#3470);
#144=PLANE('',#3474);
#145=PLANE('',#3478);
#146=PLANE('',#3479);
#147=PLANE('',#3483);
#148=PLANE('',#3487);
#149=PLANE('',#3489);
#150=PLANE('',#3491);
#151=PLANE('',#3493);
#152=PLANE('',#3497);
#153=PLANE('',#3499);
#154=PLANE('',#3501);
#155=PLANE('',#3503);
#156=PLANE('',#3504);
#157=PLANE('',#3505);
#158=PLANE('',#3508);
#159=PLANE('',#3511);
#160=PLANE('',#3512);
#161=PLANE('',#3515);
#162=PLANE('',#3518);
#163=PLANE('',#3519);
#164=PLANE('',#3522);
#165=PLANE('',#3525);
#166=PLANE('',#3526);
#167=PLANE('',#3529);
#168=PLANE('',#3532);
#169=PLANE('',#3537);
#170=PLANE('',#3538);
#171=PLANE('',#3545);
#172=PLANE('',#3549);
#173=PLANE('',#3550);
#174=PLANE('',#3557);
#175=PLANE('',#3612);
#176=PLANE('',#3614);
#177=PLANE('',#3616);
#178=PLANE('',#3618);
#179=PLANE('',#3619);
#180=PLANE('',#3620);
#181=PLANE('',#3624);
#182=PLANE('',#3626);
#183=PLANE('',#3628);
#184=PLANE('',#3630);
#185=PLANE('',#3631);
#186=PLANE('',#3632);
#187=FACE_OUTER_BOUND('',#368,.T.);
#188=FACE_OUTER_BOUND('',#369,.T.);
#189=FACE_OUTER_BOUND('',#370,.T.);
#190=FACE_OUTER_BOUND('',#371,.T.);
#191=FACE_OUTER_BOUND('',#372,.T.);
#192=FACE_OUTER_BOUND('',#373,.T.);
#193=FACE_OUTER_BOUND('',#374,.T.);
#194=FACE_OUTER_BOUND('',#375,.T.);
#195=FACE_OUTER_BOUND('',#376,.T.);
#196=FACE_OUTER_BOUND('',#377,.T.);
#197=FACE_OUTER_BOUND('',#378,.T.);
#198=FACE_OUTER_BOUND('',#379,.T.);
#199=FACE_OUTER_BOUND('',#380,.T.);
#200=FACE_OUTER_BOUND('',#381,.T.);
#201=FACE_OUTER_BOUND('',#382,.T.);
#202=FACE_OUTER_BOUND('',#383,.T.);
#203=FACE_OUTER_BOUND('',#384,.T.);
#204=FACE_OUTER_BOUND('',#385,.T.);
#205=FACE_OUTER_BOUND('',#386,.T.);
#206=FACE_OUTER_BOUND('',#387,.T.);
#207=FACE_OUTER_BOUND('',#388,.T.);
#208=FACE_OUTER_BOUND('',#389,.T.);
#209=FACE_OUTER_BOUND('',#390,.T.);
#210=FACE_OUTER_BOUND('',#391,.T.);
#211=FACE_OUTER_BOUND('',#392,.T.);
#212=FACE_OUTER_BOUND('',#393,.T.);
#213=FACE_OUTER_BOUND('',#394,.T.);
#214=FACE_OUTER_BOUND('',#395,.T.);
#215=FACE_OUTER_BOUND('',#397,.T.);
#216=FACE_OUTER_BOUND('',#398,.T.);
#217=FACE_OUTER_BOUND('',#400,.T.);
#218=FACE_OUTER_BOUND('',#401,.T.);
#219=FACE_OUTER_BOUND('',#402,.T.);
#220=FACE_OUTER_BOUND('',#403,.T.);
#221=FACE_OUTER_BOUND('',#405,.T.);
#222=FACE_OUTER_BOUND('',#406,.T.);
#223=FACE_OUTER_BOUND('',#407,.T.);
#224=FACE_OUTER_BOUND('',#408,.T.);
#225=FACE_OUTER_BOUND('',#410,.T.);
#226=FACE_OUTER_BOUND('',#411,.T.);
#227=FACE_OUTER_BOUND('',#412,.T.);
#228=FACE_OUTER_BOUND('',#414,.T.);
#229=FACE_OUTER_BOUND('',#415,.T.);
#230=FACE_OUTER_BOUND('',#416,.T.);
#231=FACE_OUTER_BOUND('',#418,.T.);
#232=FACE_OUTER_BOUND('',#419,.T.);
#233=FACE_OUTER_BOUND('',#420,.T.);
#234=FACE_OUTER_BOUND('',#422,.T.);
#235=FACE_OUTER_BOUND('',#423,.T.);
#236=FACE_OUTER_BOUND('',#424,.T.);
#237=FACE_OUTER_BOUND('',#425,.T.);
#238=FACE_OUTER_BOUND('',#426,.T.);
#239=FACE_OUTER_BOUND('',#428,.T.);
#240=FACE_OUTER_BOUND('',#429,.T.);
#241=FACE_OUTER_BOUND('',#430,.T.);
#242=FACE_OUTER_BOUND('',#431,.T.);
#243=FACE_OUTER_BOUND('',#432,.T.);
#244=FACE_OUTER_BOUND('',#434,.T.);
#245=FACE_OUTER_BOUND('',#436,.T.);
#246=FACE_OUTER_BOUND('',#437,.T.);
#247=FACE_OUTER_BOUND('',#438,.T.);
#248=FACE_OUTER_BOUND('',#439,.T.);
#249=FACE_OUTER_BOUND('',#440,.T.);
#250=FACE_OUTER_BOUND('',#442,.T.);
#251=FACE_OUTER_BOUND('',#443,.T.);
#252=FACE_OUTER_BOUND('',#444,.T.);
#253=FACE_OUTER_BOUND('',#445,.T.);
#254=FACE_OUTER_BOUND('',#446,.T.);
#255=FACE_OUTER_BOUND('',#448,.T.);
#256=FACE_OUTER_BOUND('',#449,.T.);
#257=FACE_OUTER_BOUND('',#450,.T.);
#258=FACE_OUTER_BOUND('',#451,.T.);
#259=FACE_OUTER_BOUND('',#452,.T.);
#260=FACE_OUTER_BOUND('',#453,.T.);
#261=FACE_OUTER_BOUND('',#454,.T.);
#262=FACE_OUTER_BOUND('',#455,.T.);
#263=FACE_OUTER_BOUND('',#456,.T.);
#264=FACE_OUTER_BOUND('',#457,.T.);
#265=FACE_OUTER_BOUND('',#458,.T.);
#266=FACE_OUTER_BOUND('',#459,.T.);
#267=FACE_OUTER_BOUND('',#460,.T.);
#268=FACE_OUTER_BOUND('',#461,.T.);
#269=FACE_OUTER_BOUND('',#462,.T.);
#270=FACE_OUTER_BOUND('',#463,.T.);
#271=FACE_OUTER_BOUND('',#464,.T.);
#272=FACE_OUTER_BOUND('',#465,.T.);
#273=FACE_OUTER_BOUND('',#466,.T.);
#274=FACE_OUTER_BOUND('',#467,.T.);
#275=FACE_OUTER_BOUND('',#468,.T.);
#276=FACE_OUTER_BOUND('',#469,.T.);
#277=FACE_OUTER_BOUND('',#470,.T.);
#278=FACE_OUTER_BOUND('',#471,.T.);
#279=FACE_OUTER_BOUND('',#472,.T.);
#280=FACE_OUTER_BOUND('',#473,.T.);
#281=FACE_OUTER_BOUND('',#474,.T.);
#282=FACE_OUTER_BOUND('',#475,.T.);
#283=FACE_OUTER_BOUND('',#479,.T.);
#284=FACE_OUTER_BOUND('',#480,.T.);
#285=FACE_OUTER_BOUND('',#481,.T.);
#286=FACE_OUTER_BOUND('',#482,.T.);
#287=FACE_OUTER_BOUND('',#483,.T.);
#288=FACE_OUTER_BOUND('',#484,.T.);
#289=FACE_OUTER_BOUND('',#485,.T.);
#290=FACE_OUTER_BOUND('',#486,.T.);
#291=FACE_OUTER_BOUND('',#487,.T.);
#292=FACE_OUTER_BOUND('',#488,.T.);
#293=FACE_OUTER_BOUND('',#489,.T.);
#294=FACE_OUTER_BOUND('',#490,.T.);
#295=FACE_OUTER_BOUND('',#491,.T.);
#296=FACE_OUTER_BOUND('',#495,.T.);
#297=FACE_OUTER_BOUND('',#496,.T.);
#298=FACE_OUTER_BOUND('',#497,.T.);
#299=FACE_OUTER_BOUND('',#498,.T.);
#300=FACE_OUTER_BOUND('',#499,.T.);
#301=FACE_OUTER_BOUND('',#500,.T.);
#302=FACE_OUTER_BOUND('',#501,.T.);
#303=FACE_OUTER_BOUND('',#502,.T.);
#304=FACE_OUTER_BOUND('',#503,.T.);
#305=FACE_OUTER_BOUND('',#504,.T.);
#306=FACE_OUTER_BOUND('',#505,.T.);
#307=FACE_OUTER_BOUND('',#506,.T.);
#308=FACE_OUTER_BOUND('',#507,.T.);
#309=FACE_OUTER_BOUND('',#508,.T.);
#310=FACE_OUTER_BOUND('',#509,.T.);
#311=FACE_OUTER_BOUND('',#510,.T.);
#312=FACE_OUTER_BOUND('',#511,.T.);
#313=FACE_OUTER_BOUND('',#512,.T.);
#314=FACE_OUTER_BOUND('',#513,.T.);
#315=FACE_OUTER_BOUND('',#514,.T.);
#316=FACE_OUTER_BOUND('',#515,.T.);
#317=FACE_OUTER_BOUND('',#516,.T.);
#318=FACE_OUTER_BOUND('',#517,.T.);
#319=FACE_OUTER_BOUND('',#518,.T.);
#320=FACE_OUTER_BOUND('',#519,.T.);
#321=FACE_OUTER_BOUND('',#520,.T.);
#322=FACE_OUTER_BOUND('',#521,.T.);
#323=FACE_OUTER_BOUND('',#522,.T.);
#324=FACE_OUTER_BOUND('',#523,.T.);
#325=FACE_OUTER_BOUND('',#524,.T.);
#326=FACE_OUTER_BOUND('',#528,.T.);
#327=FACE_OUTER_BOUND('',#529,.T.);
#328=FACE_OUTER_BOUND('',#530,.T.);
#329=FACE_OUTER_BOUND('',#531,.T.);
#330=FACE_OUTER_BOUND('',#532,.T.);
#331=FACE_OUTER_BOUND('',#536,.T.);
#332=FACE_OUTER_BOUND('',#537,.T.);
#333=FACE_OUTER_BOUND('',#538,.T.);
#334=FACE_OUTER_BOUND('',#539,.T.);
#335=FACE_OUTER_BOUND('',#540,.T.);
#336=FACE_OUTER_BOUND('',#541,.T.);
#337=FACE_OUTER_BOUND('',#542,.T.);
#338=FACE_OUTER_BOUND('',#543,.T.);
#339=FACE_OUTER_BOUND('',#544,.T.);
#340=FACE_OUTER_BOUND('',#545,.T.);
#341=FACE_OUTER_BOUND('',#546,.T.);
#342=FACE_OUTER_BOUND('',#547,.T.);
#343=FACE_OUTER_BOUND('',#548,.T.);
#344=FACE_OUTER_BOUND('',#549,.T.);
#345=FACE_OUTER_BOUND('',#550,.T.);
#346=FACE_OUTER_BOUND('',#551,.T.);
#347=FACE_OUTER_BOUND('',#552,.T.);
#348=FACE_OUTER_BOUND('',#553,.T.);
#349=FACE_OUTER_BOUND('',#554,.T.);
#350=FACE_OUTER_BOUND('',#555,.T.);
#351=FACE_OUTER_BOUND('',#556,.T.);
#352=FACE_OUTER_BOUND('',#557,.T.);
#353=FACE_OUTER_BOUND('',#558,.T.);
#354=FACE_OUTER_BOUND('',#559,.T.);
#355=FACE_OUTER_BOUND('',#560,.T.);
#356=FACE_OUTER_BOUND('',#561,.T.);
#357=FACE_OUTER_BOUND('',#562,.T.);
#358=FACE_OUTER_BOUND('',#566,.T.);
#359=FACE_OUTER_BOUND('',#567,.T.);
#360=FACE_OUTER_BOUND('',#581,.T.);
#361=FACE_OUTER_BOUND('',#582,.T.);
#362=FACE_OUTER_BOUND('',#583,.T.);
#363=FACE_OUTER_BOUND('',#584,.T.);
#364=FACE_OUTER_BOUND('',#585,.T.);
#365=FACE_OUTER_BOUND('',#586,.T.);
#366=FACE_OUTER_BOUND('',#590,.T.);
#367=FACE_OUTER_BOUND('',#591,.T.);
#368=EDGE_LOOP('',(#2066,#2067,#2068,#2069));
#369=EDGE_LOOP('',(#2070,#2071,#2072,#2073));
#370=EDGE_LOOP('',(#2074,#2075,#2076,#2077));
#371=EDGE_LOOP('',(#2078,#2079,#2080,#2081));
#372=EDGE_LOOP('',(#2082,#2083,#2084,#2085));
#373=EDGE_LOOP('',(#2086,#2087,#2088,#2089));
#374=EDGE_LOOP('',(#2090,#2091,#2092,#2093));
#375=EDGE_LOOP('',(#2094,#2095,#2096,#2097));
#376=EDGE_LOOP('',(#2098,#2099,#2100,#2101));
#377=EDGE_LOOP('',(#2102,#2103,#2104,#2105));
#378=EDGE_LOOP('',(#2106,#2107,#2108,#2109));
#379=EDGE_LOOP('',(#2110,#2111,#2112,#2113));
#380=EDGE_LOOP('',(#2114,#2115,#2116,#2117,#2118,#2119,#2120,#2121,#2122,
#2123,#2124,#2125,#2126,#2127,#2128,#2129,#2130,#2131,#2132,#2133,#2134,
#2135,#2136,#2137,#2138,#2139,#2140,#2141,#2142,#2143,#2144,#2145,#2146,
#2147,#2148,#2149,#2150,#2151,#2152,#2153,#2154,#2155,#2156,#2157));
#381=EDGE_LOOP('',(#2158,#2159,#2160,#2161));
#382=EDGE_LOOP('',(#2162,#2163,#2164,#2165));
#383=EDGE_LOOP('',(#2166,#2167,#2168,#2169));
#384=EDGE_LOOP('',(#2170,#2171,#2172,#2173));
#385=EDGE_LOOP('',(#2174,#2175,#2176,#2177));
#386=EDGE_LOOP('',(#2178,#2179,#2180,#2181));
#387=EDGE_LOOP('',(#2182,#2183,#2184,#2185));
#388=EDGE_LOOP('',(#2186,#2187,#2188,#2189));
#389=EDGE_LOOP('',(#2190,#2191,#2192,#2193));
#390=EDGE_LOOP('',(#2194,#2195,#2196,#2197));
#391=EDGE_LOOP('',(#2198,#2199,#2200,#2201));
#392=EDGE_LOOP('',(#2202,#2203,#2204,#2205));
#393=EDGE_LOOP('',(#2206,#2207,#2208,#2209));
#394=EDGE_LOOP('',(#2210,#2211,#2212,#2213));
#395=EDGE_LOOP('',(#2214,#2215,#2216,#2217,#2218,#2219));
#396=EDGE_LOOP('',(#2220));
#397=EDGE_LOOP('',(#2221,#2222,#2223,#2224));
#398=EDGE_LOOP('',(#2225,#2226,#2227,#2228,#2229,#2230));
#399=EDGE_LOOP('',(#2231));
#400=EDGE_LOOP('',(#2232,#2233,#2234,#2235));
#401=EDGE_LOOP('',(#2236,#2237,#2238,#2239));
#402=EDGE_LOOP('',(#2240,#2241,#2242,#2243));
#403=EDGE_LOOP('',(#2244,#2245,#2246,#2247,#2248,#2249));
#404=EDGE_LOOP('',(#2250));
#405=EDGE_LOOP('',(#2251,#2252,#2253,#2254));
#406=EDGE_LOOP('',(#2255,#2256,#2257,#2258));
#407=EDGE_LOOP('',(#2259,#2260,#2261,#2262));
#408=EDGE_LOOP('',(#2263,#2264,#2265,#2266,#2267,#2268));
#409=EDGE_LOOP('',(#2269));
#410=EDGE_LOOP('',(#2270,#2271,#2272,#2273));
#411=EDGE_LOOP('',(#2274,#2275,#2276,#2277));
#412=EDGE_LOOP('',(#2278,#2279,#2280,#2281,#2282,#2283));
#413=EDGE_LOOP('',(#2284));
#414=EDGE_LOOP('',(#2285,#2286,#2287,#2288));
#415=EDGE_LOOP('',(#2289,#2290,#2291,#2292));
#416=EDGE_LOOP('',(#2293,#2294,#2295,#2296,#2297,#2298));
#417=EDGE_LOOP('',(#2299));
#418=EDGE_LOOP('',(#2300,#2301,#2302,#2303));
#419=EDGE_LOOP('',(#2304,#2305,#2306,#2307));
#420=EDGE_LOOP('',(#2308,#2309,#2310,#2311,#2312,#2313));
#421=EDGE_LOOP('',(#2314));
#422=EDGE_LOOP('',(#2315,#2316,#2317,#2318,#2319));
#423=EDGE_LOOP('',(#2320,#2321,#2322,#2323,#2324));
#424=EDGE_LOOP('',(#2325,#2326,#2327,#2328,#2329));
#425=EDGE_LOOP('',(#2330,#2331,#2332,#2333,#2334));
#426=EDGE_LOOP('',(#2335,#2336,#2337,#2338,#2339,#2340));
#427=EDGE_LOOP('',(#2341));
#428=EDGE_LOOP('',(#2342,#2343,#2344,#2345,#2346));
#429=EDGE_LOOP('',(#2347,#2348,#2349,#2350,#2351));
#430=EDGE_LOOP('',(#2352,#2353,#2354,#2355,#2356));
#431=EDGE_LOOP('',(#2357,#2358,#2359,#2360,#2361));
#432=EDGE_LOOP('',(#2362));
#433=EDGE_LOOP('',(#2363));
#434=EDGE_LOOP('',(#2364));
#435=EDGE_LOOP('',(#2365));
#436=EDGE_LOOP('',(#2366,#2367,#2368,#2369,#2370));
#437=EDGE_LOOP('',(#2371,#2372,#2373,#2374,#2375));
#438=EDGE_LOOP('',(#2376,#2377,#2378,#2379,#2380));
#439=EDGE_LOOP('',(#2381,#2382,#2383,#2384,#2385));
#440=EDGE_LOOP('',(#2386));
#441=EDGE_LOOP('',(#2387));
#442=EDGE_LOOP('',(#2388,#2389,#2390,#2391,#2392));
#443=EDGE_LOOP('',(#2393,#2394,#2395,#2396,#2397));
#444=EDGE_LOOP('',(#2398,#2399,#2400,#2401,#2402));
#445=EDGE_LOOP('',(#2403,#2404,#2405,#2406,#2407));
#446=EDGE_LOOP('',(#2408));
#447=EDGE_LOOP('',(#2409));
#448=EDGE_LOOP('',(#2410,#2411,#2412,#2413));
#449=EDGE_LOOP('',(#2414,#2415,#2416,#2417));
#450=EDGE_LOOP('',(#2418,#2419,#2420,#2421));
#451=EDGE_LOOP('',(#2422,#2423,#2424,#2425));
#452=EDGE_LOOP('',(#2426,#2427,#2428,#2429));
#453=EDGE_LOOP('',(#2430,#2431,#2432,#2433));
#454=EDGE_LOOP('',(#2434,#2435,#2436,#2437));
#455=EDGE_LOOP('',(#2438,#2439,#2440,#2441));
#456=EDGE_LOOP('',(#2442,#2443,#2444,#2445));
#457=EDGE_LOOP('',(#2446,#2447,#2448,#2449));
#458=EDGE_LOOP('',(#2450,#2451,#2452,#2453));
#459=EDGE_LOOP('',(#2454,#2455,#2456,#2457));
#460=EDGE_LOOP('',(#2458,#2459,#2460,#2461));
#461=EDGE_LOOP('',(#2462,#2463,#2464,#2465));
#462=EDGE_LOOP('',(#2466,#2467,#2468,#2469));
#463=EDGE_LOOP('',(#2470,#2471,#2472,#2473));
#464=EDGE_LOOP('',(#2474,#2475,#2476,#2477));
#465=EDGE_LOOP('',(#2478,#2479,#2480,#2481));
#466=EDGE_LOOP('',(#2482,#2483,#2484,#2485));
#467=EDGE_LOOP('',(#2486,#2487,#2488,#2489));
#468=EDGE_LOOP('',(#2490,#2491,#2492,#2493));
#469=EDGE_LOOP('',(#2494,#2495,#2496,#2497));
#470=EDGE_LOOP('',(#2498,#2499,#2500,#2501));
#471=EDGE_LOOP('',(#2502,#2503,#2504,#2505));
#472=EDGE_LOOP('',(#2506,#2507,#2508,#2509));
#473=EDGE_LOOP('',(#2510,#2511,#2512,#2513));
#474=EDGE_LOOP('',(#2514,#2515,#2516,#2517));
#475=EDGE_LOOP('',(#2518,#2519,#2520,#2521,#2522,#2523));
#476=EDGE_LOOP('',(#2524));
#477=EDGE_LOOP('',(#2525,#2526,#2527,#2528,#2529,#2530,#2531,#2532));
#478=EDGE_LOOP('',(#2533));
#479=EDGE_LOOP('',(#2534,#2535,#2536,#2537));
#480=EDGE_LOOP('',(#2538,#2539,#2540,#2541));
#481=EDGE_LOOP('',(#2542,#2543,#2544,#2545));
#482=EDGE_LOOP('',(#2546,#2547,#2548,#2549));
#483=EDGE_LOOP('',(#2550,#2551,#2552,#2553,#2554,#2555));
#484=EDGE_LOOP('',(#2556,#2557,#2558,#2559));
#485=EDGE_LOOP('',(#2560,#2561,#2562,#2563));
#486=EDGE_LOOP('',(#2564,#2565,#2566,#2567));
#487=EDGE_LOOP('',(#2568,#2569,#2570,#2571));
#488=EDGE_LOOP('',(#2572,#2573,#2574,#2575));
#489=EDGE_LOOP('',(#2576,#2577,#2578,#2579));
#490=EDGE_LOOP('',(#2580,#2581,#2582,#2583));
#491=EDGE_LOOP('',(#2584,#2585,#2586,#2587,#2588,#2589));
#492=EDGE_LOOP('',(#2590));
#493=EDGE_LOOP('',(#2591,#2592,#2593,#2594,#2595,#2596,#2597,#2598));
#494=EDGE_LOOP('',(#2599));
#495=EDGE_LOOP('',(#2600,#2601,#2602,#2603));
#496=EDGE_LOOP('',(#2604,#2605,#2606,#2607));
#497=EDGE_LOOP('',(#2608,#2609,#2610,#2611));
#498=EDGE_LOOP('',(#2612,#2613,#2614,#2615));
#499=EDGE_LOOP('',(#2616,#2617,#2618,#2619));
#500=EDGE_LOOP('',(#2620,#2621,#2622,#2623,#2624,#2625));
#501=EDGE_LOOP('',(#2626,#2627,#2628,#2629));
#502=EDGE_LOOP('',(#2630,#2631,#2632,#2633));
#503=EDGE_LOOP('',(#2634,#2635,#2636,#2637));
#504=EDGE_LOOP('',(#2638,#2639,#2640,#2641));
#505=EDGE_LOOP('',(#2642,#2643,#2644,#2645));
#506=EDGE_LOOP('',(#2646,#2647,#2648,#2649));
#507=EDGE_LOOP('',(#2650,#2651,#2652,#2653));
#508=EDGE_LOOP('',(#2654,#2655,#2656,#2657));
#509=EDGE_LOOP('',(#2658,#2659,#2660,#2661));
#510=EDGE_LOOP('',(#2662,#2663,#2664,#2665));
#511=EDGE_LOOP('',(#2666,#2667,#2668,#2669));
#512=EDGE_LOOP('',(#2670,#2671,#2672,#2673));
#513=EDGE_LOOP('',(#2674,#2675,#2676,#2677));
#514=EDGE_LOOP('',(#2678,#2679,#2680,#2681));
#515=EDGE_LOOP('',(#2682,#2683,#2684,#2685));
#516=EDGE_LOOP('',(#2686,#2687,#2688,#2689));
#517=EDGE_LOOP('',(#2690,#2691,#2692,#2693));
#518=EDGE_LOOP('',(#2694,#2695,#2696,#2697));
#519=EDGE_LOOP('',(#2698,#2699,#2700,#2701));
#520=EDGE_LOOP('',(#2702,#2703,#2704,#2705));
#521=EDGE_LOOP('',(#2706,#2707,#2708,#2709,#2710,#2711,#2712,#2713,#2714,
#2715,#2716,#2717,#2718,#2719,#2720,#2721,#2722,#2723,#2724,#2725,#2726,
#2727,#2728,#2729,#2730,#2731,#2732,#2733,#2734,#2735,#2736,#2737,#2738,
#2739,#2740,#2741,#2742,#2743,#2744,#2745,#2746,#2747,#2748,#2749));
#522=EDGE_LOOP('',(#2750,#2751,#2752,#2753));
#523=EDGE_LOOP('',(#2754,#2755,#2756,#2757));
#524=EDGE_LOOP('',(#2758,#2759,#2760,#2761,#2762,#2763));
#525=EDGE_LOOP('',(#2764));
#526=EDGE_LOOP('',(#2765));
#527=EDGE_LOOP('',(#2766));
#528=EDGE_LOOP('',(#2767,#2768,#2769,#2770));
#529=EDGE_LOOP('',(#2771,#2772,#2773,#2774));
#530=EDGE_LOOP('',(#2775,#2776,#2777,#2778));
#531=EDGE_LOOP('',(#2779,#2780,#2781,#2782));
#532=EDGE_LOOP('',(#2783,#2784,#2785,#2786,#2787,#2788));
#533=EDGE_LOOP('',(#2789));
#534=EDGE_LOOP('',(#2790));
#535=EDGE_LOOP('',(#2791));
#536=EDGE_LOOP('',(#2792,#2793,#2794,#2795));
#537=EDGE_LOOP('',(#2796,#2797,#2798,#2799));
#538=EDGE_LOOP('',(#2800,#2801,#2802,#2803));
#539=EDGE_LOOP('',(#2804,#2805,#2806,#2807));
#540=EDGE_LOOP('',(#2808,#2809,#2810,#2811));
#541=EDGE_LOOP('',(#2812,#2813,#2814,#2815));
#542=EDGE_LOOP('',(#2816,#2817,#2818,#2819));
#543=EDGE_LOOP('',(#2820,#2821,#2822,#2823));
#544=EDGE_LOOP('',(#2824,#2825,#2826,#2827));
#545=EDGE_LOOP('',(#2828,#2829,#2830,#2831));
#546=EDGE_LOOP('',(#2832,#2833,#2834,#2835));
#547=EDGE_LOOP('',(#2836,#2837,#2838,#2839));
#548=EDGE_LOOP('',(#2840,#2841,#2842,#2843));
#549=EDGE_LOOP('',(#2844,#2845,#2846,#2847));
#550=EDGE_LOOP('',(#2848,#2849,#2850,#2851));
#551=EDGE_LOOP('',(#2852,#2853,#2854,#2855));
#552=EDGE_LOOP('',(#2856,#2857,#2858,#2859));
#553=EDGE_LOOP('',(#2860,#2861,#2862,#2863));
#554=EDGE_LOOP('',(#2864,#2865,#2866,#2867));
#555=EDGE_LOOP('',(#2868,#2869,#2870,#2871));
#556=EDGE_LOOP('',(#2872,#2873,#2874,#2875));
#557=EDGE_LOOP('',(#2876,#2877,#2878,#2879));
#558=EDGE_LOOP('',(#2880,#2881,#2882,#2883));
#559=EDGE_LOOP('',(#2884,#2885,#2886,#2887));
#560=EDGE_LOOP('',(#2888,#2889,#2890,#2891));
#561=EDGE_LOOP('',(#2892,#2893,#2894,#2895));
#562=EDGE_LOOP('',(#2896,#2897,#2898,#2899,#2900,#2901));
#563=EDGE_LOOP('',(#2902));
#564=EDGE_LOOP('',(#2903));
#565=EDGE_LOOP('',(#2904));
#566=EDGE_LOOP('',(#2905,#2906,#2907,#2908));
#567=EDGE_LOOP('',(#2909,#2910,#2911,#2912));
#568=EDGE_LOOP('',(#2913));
#569=EDGE_LOOP('',(#2914));
#570=EDGE_LOOP('',(#2915));
#571=EDGE_LOOP('',(#2916));
#572=EDGE_LOOP('',(#2917));
#573=EDGE_LOOP('',(#2918));
#574=EDGE_LOOP('',(#2919));
#575=EDGE_LOOP('',(#2920));
#576=EDGE_LOOP('',(#2921));
#577=EDGE_LOOP('',(#2922));
#578=EDGE_LOOP('',(#2923));
#579=EDGE_LOOP('',(#2924));
#580=EDGE_LOOP('',(#2925));
#581=EDGE_LOOP('',(#2926,#2927,#2928,#2929));
#582=EDGE_LOOP('',(#2930,#2931,#2932,#2933));
#583=EDGE_LOOP('',(#2934,#2935,#2936,#2937));
#584=EDGE_LOOP('',(#2938,#2939,#2940,#2941));
#585=EDGE_LOOP('',(#2942,#2943,#2944,#2945));
#586=EDGE_LOOP('',(#2946,#2947,#2948,#2949,#2950,#2951));
#587=EDGE_LOOP('',(#2952));
#588=EDGE_LOOP('',(#2953));
#589=EDGE_LOOP('',(#2954));
#590=EDGE_LOOP('',(#2955,#2956,#2957,#2958));
#591=EDGE_LOOP('',(#2959,#2960,#2961,#2962));
#592=EDGE_LOOP('',(#2963));
#593=EDGE_LOOP('',(#2964));
#594=EDGE_LOOP('',(#2965));
#595=EDGE_LOOP('',(#2966));
#596=EDGE_LOOP('',(#2967));
#597=EDGE_LOOP('',(#2968));
#598=EDGE_LOOP('',(#2969));
#599=EDGE_LOOP('',(#2970));
#600=EDGE_LOOP('',(#2971));
#601=EDGE_LOOP('',(#2972));
#602=EDGE_LOOP('',(#2973));
#603=EDGE_LOOP('',(#2974));
#604=EDGE_LOOP('',(#2975));
#605=LINE('',#4657,#874);
#606=LINE('',#4662,#875);
#607=LINE('',#4664,#876);
#608=LINE('',#4666,#877);
#609=LINE('',#4667,#878);
#610=LINE('',#4673,#879);
#611=LINE('',#4676,#880);
#612=LINE('',#4678,#881);
#613=LINE('',#4679,#882);
#614=LINE('',#4685,#883);
#615=LINE('',#4688,#884);
#616=LINE('',#4690,#885);
#617=LINE('',#4691,#886);
#618=LINE('',#4697,#887);
#619=LINE('',#4700,#888);
#620=LINE('',#4702,#889);
#621=LINE('',#4703,#890);
#622=LINE('',#4711,#891);
#623=LINE('',#4718,#892);
#624=LINE('',#4721,#893);
#625=LINE('',#4724,#894);
#626=LINE('',#4726,#895);
#627=LINE('',#4727,#896);
#628=LINE('',#4730,#897);
#629=LINE('',#4734,#898);
#630=LINE('',#4736,#899);
#631=LINE('',#4738,#900);
#632=LINE('',#4742,#901);
#633=LINE('',#4746,#902);
#634=LINE('',#4750,#903);
#635=LINE('',#4754,#904);
#636=LINE('',#4756,#905);
#637=LINE('',#4758,#906);
#638=LINE('',#4762,#907);
#639=LINE('',#4766,#908);
#640=LINE('',#4768,#909);
#641=LINE('',#4770,#910);
#642=LINE('',#4774,#911);
#643=LINE('',#4778,#912);
#644=LINE('',#4780,#913);
#645=LINE('',#4782,#914);
#646=LINE('',#4786,#915);
#647=LINE('',#4790,#916);
#648=LINE('',#4794,#917);
#649=LINE('',#4798,#918);
#650=LINE('',#4800,#919);
#651=LINE('',#4802,#920);
#652=LINE('',#4806,#921);
#653=LINE('',#4810,#922);
#654=LINE('',#4811,#923);
#655=LINE('',#4816,#924);
#656=LINE('',#4817,#925);
#657=LINE('',#4820,#926);
#658=LINE('',#4821,#927);
#659=LINE('',#4825,#928);
#660=LINE('',#4830,#929);
#661=LINE('',#4831,#930);
#662=LINE('',#4834,#931);
#663=LINE('',#4835,#932);
#664=LINE('',#4840,#933);
#665=LINE('',#4841,#934);
#666=LINE('',#4844,#935);
#667=LINE('',#4845,#936);
#668=LINE('',#4850,#937);
#669=LINE('',#4851,#938);
#670=LINE('',#4854,#939);
#671=LINE('',#4855,#940);
#672=LINE('',#4859,#941);
#673=LINE('',#4864,#942);
#674=LINE('',#4865,#943);
#675=LINE('',#4868,#944);
#676=LINE('',#4869,#945);
#677=LINE('',#4875,#946);
#678=LINE('',#4878,#947);
#679=LINE('',#4881,#948);
#680=LINE('',#4883,#949);
#681=LINE('',#4884,#950);
#682=LINE('',#4887,#951);
#683=LINE('',#4891,#952);
#684=LINE('',#4892,#953);
#685=LINE('',#4900,#954);
#686=LINE('',#4903,#955);
#687=LINE('',#4906,#956);
#688=LINE('',#4910,#957);
#689=LINE('',#4912,#958);
#690=LINE('',#4913,#959);
#691=LINE('',#4918,#960);
#692=LINE('',#4919,#961);
#693=LINE('',#4922,#962);
#694=LINE('',#4925,#963);
#695=LINE('',#4928,#964);
#696=LINE('',#4929,#965);
#697=LINE('',#4931,#966);
#698=LINE('',#4932,#967);
#699=LINE('',#4938,#968);
#700=LINE('',#4944,#969);
#701=LINE('',#4947,#970);
#702=LINE('',#4950,#971);
#703=LINE('',#4952,#972);
#704=LINE('',#4953,#973);
#705=LINE('',#4956,#974);
#706=LINE('',#4960,#975);
#707=LINE('',#4961,#976);
#708=LINE('',#4966,#977);
#709=LINE('',#4969,#978);
#710=LINE('',#4972,#979);
#711=LINE('',#4973,#980);
#712=LINE('',#4975,#981);
#713=LINE('',#4976,#982);
#714=LINE('',#4984,#983);
#715=LINE('',#4987,#984);
#716=LINE('',#4990,#985);
#717=LINE('',#4992,#986);
#718=LINE('',#4993,#987);
#719=LINE('',#4996,#988);
#720=LINE('',#5000,#989);
#721=LINE('',#5001,#990);
#722=LINE('',#5006,#991);
#723=LINE('',#5009,#992);
#724=LINE('',#5012,#993);
#725=LINE('',#5013,#994);
#726=LINE('',#5015,#995);
#727=LINE('',#5016,#996);
#728=LINE('',#5027,#997);
#729=LINE('',#5039,#998);
#730=LINE('',#5043,#999);
#731=LINE('',#5045,#1000);
#732=LINE('',#5046,#1001);
#733=LINE('',#5056,#1002);
#734=LINE('',#5066,#1003);
#735=LINE('',#5077,#1004);
#736=LINE('',#5088,#1005);
#737=LINE('',#5098,#1006);
#738=LINE('',#5109,#1007);
#739=LINE('',#5117,#1008);
#740=LINE('',#5120,#1009);
#741=LINE('',#5124,#1010);
#742=LINE('',#5131,#1011);
#743=LINE('',#5134,#1012);
#744=LINE('',#5138,#1013);
#745=LINE('',#5143,#1014);
#746=LINE('',#5145,#1015);
#747=LINE('',#5148,#1016);
#748=LINE('',#5151,#1017);
#749=LINE('',#5155,#1018);
#750=LINE('',#5162,#1019);
#751=LINE('',#5165,#1020);
#752=LINE('',#5169,#1021);
#753=LINE('',#5172,#1022);
#754=LINE('',#5173,#1023);
#755=LINE('',#5176,#1024);
#756=LINE('',#5177,#1025);
#757=LINE('',#5180,#1026);
#758=LINE('',#5181,#1027);
#759=LINE('',#5184,#1028);
#760=LINE('',#5185,#1029);
#761=LINE('',#5191,#1030);
#762=LINE('',#5194,#1031);
#763=LINE('',#5197,#1032);
#764=LINE('',#5199,#1033);
#765=LINE('',#5200,#1034);
#766=LINE('',#5203,#1035);
#767=LINE('',#5207,#1036);
#768=LINE('',#5208,#1037);
#769=LINE('',#5213,#1038);
#770=LINE('',#5214,#1039);
#771=LINE('',#5217,#1040);
#772=LINE('',#5218,#1041);
#773=LINE('',#5224,#1042);
#774=LINE('',#5227,#1043);
#775=LINE('',#5230,#1044);
#776=LINE('',#5232,#1045);
#777=LINE('',#5233,#1046);
#778=LINE('',#5236,#1047);
#779=LINE('',#5240,#1048);
#780=LINE('',#5241,#1049);
#781=LINE('',#5246,#1050);
#782=LINE('',#5247,#1051);
#783=LINE('',#5250,#1052);
#784=LINE('',#5251,#1053);
#785=LINE('',#5253,#1054);
#786=LINE('',#5261,#1055);
#787=LINE('',#5263,#1056);
#788=LINE('',#5266,#1057);
#789=LINE('',#5273,#1058);
#790=LINE('',#5276,#1059);
#791=LINE('',#5278,#1060);
#792=LINE('',#5281,#1061);
#793=LINE('',#5284,#1062);
#794=LINE('',#5285,#1063);
#795=LINE('',#5290,#1064);
#796=LINE('',#5291,#1065);
#797=LINE('',#5295,#1066);
#798=LINE('',#5297,#1067);
#799=LINE('',#5300,#1068);
#800=LINE('',#5301,#1069);
#801=LINE('',#5306,#1070);
#802=LINE('',#5307,#1071);
#803=LINE('',#5311,#1072);
#804=LINE('',#5313,#1073);
#805=LINE('',#5316,#1074);
#806=LINE('',#5317,#1075);
#807=LINE('',#5322,#1076);
#808=LINE('',#5323,#1077);
#809=LINE('',#5327,#1078);
#810=LINE('',#5329,#1079);
#811=LINE('',#5332,#1080);
#812=LINE('',#5333,#1081);
#813=LINE('',#5338,#1082);
#814=LINE('',#5339,#1083);
#815=LINE('',#5349,#1084);
#816=LINE('',#5352,#1085);
#817=LINE('',#5355,#1086);
#818=LINE('',#5357,#1087);
#819=LINE('',#5358,#1088);
#820=LINE('',#5361,#1089);
#821=LINE('',#5365,#1090);
#822=LINE('',#5366,#1091);
#823=LINE('',#5377,#1092);
#824=LINE('',#5378,#1093);
#825=LINE('',#5381,#1094);
#826=LINE('',#5382,#1095);
#827=LINE('',#5388,#1096);
#828=LINE('',#5391,#1097);
#829=LINE('',#5394,#1098);
#830=LINE('',#5396,#1099);
#831=LINE('',#5397,#1100);
#832=LINE('',#5400,#1101);
#833=LINE('',#5404,#1102);
#834=LINE('',#5405,#1103);
#835=LINE('',#5416,#1104);
#836=LINE('',#5417,#1105);
#837=LINE('',#5420,#1106);
#838=LINE('',#5421,#1107);
#839=LINE('',#5425,#1108);
#840=LINE('',#5429,#1109);
#841=LINE('',#5433,#1110);
#842=LINE('',#5437,#1111);
#843=LINE('',#5441,#1112);
#844=LINE('',#5445,#1113);
#845=LINE('',#5450,#1114);
#846=LINE('',#5456,#1115);
#847=LINE('',#5462,#1116);
#848=LINE('',#5468,#1117);
#849=LINE('',#5474,#1118);
#850=LINE('',#5480,#1119);
#851=LINE('',#5486,#1120);
#852=LINE('',#5492,#1121);
#853=LINE('',#5498,#1122);
#854=LINE('',#5504,#1123);
#855=LINE('',#5510,#1124);
#856=LINE('',#5516,#1125);
#857=LINE('',#5522,#1126);
#858=LINE('',#5525,#1127);
#859=LINE('',#5529,#1128);
#860=LINE('',#5534,#1129);
#861=LINE('',#5537,#1130);
#862=LINE('',#5540,#1131);
#863=LINE('',#5542,#1132);
#864=LINE('',#5546,#1133);
#865=LINE('',#5548,#1134);
#866=LINE('',#5549,#1135);
#867=LINE('',#5552,#1136);
#868=LINE('',#5553,#1137);
#869=LINE('',#5555,#1138);
#870=LINE('',#5562,#1139);
#871=LINE('',#5565,#1140);
#872=LINE('',#5567,#1141);
#873=LINE('',#5570,#1142);
#874=VECTOR('',#3644,3.1);
#875=VECTOR('',#3649,10.);
#876=VECTOR('',#3650,10.);
#877=VECTOR('',#3651,10.);
#878=VECTOR('',#3652,10.);
#879=VECTOR('',#3659,10.);
#880=VECTOR('',#3662,10.);
#881=VECTOR('',#3663,10.);
#882=VECTOR('',#3664,10.);
#883=VECTOR('',#3671,10.);
#884=VECTOR('',#3674,10.);
#885=VECTOR('',#3675,10.);
#886=VECTOR('',#3676,10.);
#887=VECTOR('',#3683,10.);
#888=VECTOR('',#3686,10.);
#889=VECTOR('',#3687,10.);
#890=VECTOR('',#3688,10.);
#891=VECTOR('',#3699,3.1);
#892=VECTOR('',#3706,10.);
#893=VECTOR('',#3709,10.);
#894=VECTOR('',#3712,10.);
#895=VECTOR('',#3713,10.);
#896=VECTOR('',#3714,10.);
#897=VECTOR('',#3717,10.);
#898=VECTOR('',#3720,10.);
#899=VECTOR('',#3721,10.);
#900=VECTOR('',#3722,10.);
#901=VECTOR('',#3725,10.);
#902=VECTOR('',#3728,10.);
#903=VECTOR('',#3731,10.);
#904=VECTOR('',#3734,10.);
#905=VECTOR('',#3735,10.);
#906=VECTOR('',#3736,10.);
#907=VECTOR('',#3739,10.);
#908=VECTOR('',#3742,10.);
#909=VECTOR('',#3743,10.);
#910=VECTOR('',#3744,10.);
#911=VECTOR('',#3747,10.);
#912=VECTOR('',#3750,10.);
#913=VECTOR('',#3751,10.);
#914=VECTOR('',#3752,10.);
#915=VECTOR('',#3755,10.);
#916=VECTOR('',#3758,10.);
#917=VECTOR('',#3761,10.);
#918=VECTOR('',#3764,10.);
#919=VECTOR('',#3765,10.);
#920=VECTOR('',#3766,10.);
#921=VECTOR('',#3769,10.);
#922=VECTOR('',#3772,10.);
#923=VECTOR('',#3773,10.);
#924=VECTOR('',#3778,10.);
#925=VECTOR('',#3779,10.);
#926=VECTOR('',#3782,10.);
#927=VECTOR('',#3783,10.);
#928=VECTOR('',#3788,10.);
#929=VECTOR('',#3793,10.);
#930=VECTOR('',#3794,10.);
#931=VECTOR('',#3797,10.);
#932=VECTOR('',#3798,10.);
#933=VECTOR('',#3803,10.);
#934=VECTOR('',#3804,10.);
#935=VECTOR('',#3807,10.);
#936=VECTOR('',#3808,10.);
#937=VECTOR('',#3813,10.);
#938=VECTOR('',#3814,10.);
#939=VECTOR('',#3817,10.);
#940=VECTOR('',#3818,10.);
#941=VECTOR('',#3823,10.);
#942=VECTOR('',#3828,10.);
#943=VECTOR('',#3829,10.);
#944=VECTOR('',#3832,10.);
#945=VECTOR('',#3833,10.);
#946=VECTOR('',#3838,10.);
#947=VECTOR('',#3841,10.);
#948=VECTOR('',#3844,1.91);
#949=VECTOR('',#3845,10.);
#950=VECTOR('',#3846,1.91);
#951=VECTOR('',#3849,10.);
#952=VECTOR('',#3852,10.);
#953=VECTOR('',#3853,10.);
#954=VECTOR('',#3860,10.);
#955=VECTOR('',#3863,10.);
#956=VECTOR('',#3866,10.);
#957=VECTOR('',#3869,1.91);
#958=VECTOR('',#3870,10.);
#959=VECTOR('',#3871,1.91);
#960=VECTOR('',#3876,10.);
#961=VECTOR('',#3877,10.);
#962=VECTOR('',#3880,10.);
#963=VECTOR('',#3883,10.);
#964=VECTOR('',#3886,1.91);
#965=VECTOR('',#3887,10.);
#966=VECTOR('',#3890,10.);
#967=VECTOR('',#3891,10.);
#968=VECTOR('',#3898,10.);
#969=VECTOR('',#3903,10.);
#970=VECTOR('',#3906,10.);
#971=VECTOR('',#3909,1.91);
#972=VECTOR('',#3910,10.);
#973=VECTOR('',#3911,1.91);
#974=VECTOR('',#3914,10.);
#975=VECTOR('',#3917,10.);
#976=VECTOR('',#3918,10.);
#977=VECTOR('',#3923,10.);
#978=VECTOR('',#3926,10.);
#979=VECTOR('',#3929,1.91);
#980=VECTOR('',#3930,10.);
#981=VECTOR('',#3933,10.);
#982=VECTOR('',#3934,10.);
#983=VECTOR('',#3941,10.);
#984=VECTOR('',#3944,10.);
#985=VECTOR('',#3947,1.91);
#986=VECTOR('',#3948,10.);
#987=VECTOR('',#3949,1.91);
#988=VECTOR('',#3952,10.);
#989=VECTOR('',#3955,10.);
#990=VECTOR('',#3956,10.);
#991=VECTOR('',#3961,10.);
#992=VECTOR('',#3964,10.);
#993=VECTOR('',#3967,1.91);
#994=VECTOR('',#3968,10.);
#995=VECTOR('',#3971,10.);
#996=VECTOR('',#3972,10.);
#997=VECTOR('',#3985,1.2645);
#998=VECTOR('',#4000,1.2645);
#999=VECTOR('',#4005,10.);
#1000=VECTOR('',#4006,10.);
#1001=VECTOR('',#4007,1.91);
#1002=VECTOR('',#4020,3.6645);
#1003=VECTOR('',#4033,3.6645);
#1004=VECTOR('',#4048,1.2645);
#1005=VECTOR('',#4063,3.6645);
#1006=VECTOR('',#4076,1.2645);
#1007=VECTOR('',#4091,3.6645);
#1008=VECTOR('',#4104,10.);
#1009=VECTOR('',#4107,10.);
#1010=VECTOR('',#4114,10.);
#1011=VECTOR('',#4125,10.);
#1012=VECTOR('',#4128,10.);
#1013=VECTOR('',#4135,10.);
#1014=VECTOR('',#4144,10.);
#1015=VECTOR('',#4147,10.);
#1016=VECTOR('',#4150,10.);
#1017=VECTOR('',#4153,10.);
#1018=VECTOR('',#4160,10.);
#1019=VECTOR('',#4171,10.);
#1020=VECTOR('',#4174,10.);
#1021=VECTOR('',#4181,10.);
#1022=VECTOR('',#4184,10.);
#1023=VECTOR('',#4185,10.);
#1024=VECTOR('',#4188,10.);
#1025=VECTOR('',#4189,10.);
#1026=VECTOR('',#4192,10.);
#1027=VECTOR('',#4193,10.);
#1028=VECTOR('',#4196,10.);
#1029=VECTOR('',#4197,10.);
#1030=VECTOR('',#4202,10.);
#1031=VECTOR('',#4205,10.);
#1032=VECTOR('',#4208,1.91);
#1033=VECTOR('',#4209,10.);
#1034=VECTOR('',#4210,10.);
#1035=VECTOR('',#4213,10.);
#1036=VECTOR('',#4216,1.91);
#1037=VECTOR('',#4217,10.);
#1038=VECTOR('',#4222,10.);
#1039=VECTOR('',#4223,10.);
#1040=VECTOR('',#4226,1.91);
#1041=VECTOR('',#4227,10.);
#1042=VECTOR('',#4232,10.);
#1043=VECTOR('',#4235,10.);
#1044=VECTOR('',#4238,1.91);
#1045=VECTOR('',#4239,10.);
#1046=VECTOR('',#4240,10.);
#1047=VECTOR('',#4243,10.);
#1048=VECTOR('',#4246,1.91);
#1049=VECTOR('',#4247,10.);
#1050=VECTOR('',#4252,10.);
#1051=VECTOR('',#4253,10.);
#1052=VECTOR('',#4256,1.91);
#1053=VECTOR('',#4257,10.);
#1054=VECTOR('',#4260,10.);
#1055=VECTOR('',#4275,10.);
#1056=VECTOR('',#4278,10.);
#1057=VECTOR('',#4283,10.);
#1058=VECTOR('',#4294,10.);
#1059=VECTOR('',#4299,10.);
#1060=VECTOR('',#4302,10.);
#1061=VECTOR('',#4307,10.);
#1062=VECTOR('',#4310,10.);
#1063=VECTOR('',#4311,10.);
#1064=VECTOR('',#4318,10.);
#1065=VECTOR('',#4319,10.);
#1066=VECTOR('',#4324,10.);
#1067=VECTOR('',#4327,10.);
#1068=VECTOR('',#4330,10.);
#1069=VECTOR('',#4331,10.);
#1070=VECTOR('',#4338,10.);
#1071=VECTOR('',#4339,10.);
#1072=VECTOR('',#4344,10.);
#1073=VECTOR('',#4347,10.);
#1074=VECTOR('',#4350,10.);
#1075=VECTOR('',#4351,10.);
#1076=VECTOR('',#4358,10.);
#1077=VECTOR('',#4359,10.);
#1078=VECTOR('',#4364,10.);
#1079=VECTOR('',#4367,10.);
#1080=VECTOR('',#4370,10.);
#1081=VECTOR('',#4371,10.);
#1082=VECTOR('',#4378,10.);
#1083=VECTOR('',#4379,10.);
#1084=VECTOR('',#4392,10.);
#1085=VECTOR('',#4395,10.);
#1086=VECTOR('',#4398,1.91);
#1087=VECTOR('',#4399,10.);
#1088=VECTOR('',#4400,10.);
#1089=VECTOR('',#4403,10.);
#1090=VECTOR('',#4406,1.91);
#1091=VECTOR('',#4407,10.);
#1092=VECTOR('',#4418,10.);
#1093=VECTOR('',#4419,10.);
#1094=VECTOR('',#4422,1.91);
#1095=VECTOR('',#4423,10.);
#1096=VECTOR('',#4428,10.);
#1097=VECTOR('',#4431,10.);
#1098=VECTOR('',#4434,1.91);
#1099=VECTOR('',#4435,10.);
#1100=VECTOR('',#4436,10.);
#1101=VECTOR('',#4439,10.);
#1102=VECTOR('',#4442,1.91);
#1103=VECTOR('',#4443,10.);
#1104=VECTOR('',#4454,10.);
#1105=VECTOR('',#4455,10.);
#1106=VECTOR('',#4458,1.91);
#1107=VECTOR('',#4459,10.);
#1108=VECTOR('',#4464,1.8);
#1109=VECTOR('',#4469,1.8);
#1110=VECTOR('',#4474,1.8);
#1111=VECTOR('',#4479,1.8);
#1112=VECTOR('',#4484,5.9);
#1113=VECTOR('',#4489,5.9);
#1114=VECTOR('',#4494,2.525);
#1115=VECTOR('',#4501,2.5);
#1116=VECTOR('',#4508,2.5);
#1117=VECTOR('',#4515,2.5);
#1118=VECTOR('',#4522,6.);
#1119=VECTOR('',#4529,1.2);
#1120=VECTOR('',#4536,1.2);
#1121=VECTOR('',#4543,1.2);
#1122=VECTOR('',#4550,1.2);
#1123=VECTOR('',#4557,3.5);
#1124=VECTOR('',#4564,3.5);
#1125=VECTOR('',#4571,3.5);
#1126=VECTOR('',#4578,3.5);
#1127=VECTOR('',#4583,10.);
#1128=VECTOR('',#4586,10.);
#1129=VECTOR('',#4593,10.);
#1130=VECTOR('',#4596,10.);
#1131=VECTOR('',#4601,10.);
#1132=VECTOR('',#4604,10.);
#1133=VECTOR('',#4609,10.);
#1134=VECTOR('',#4610,10.);
#1135=VECTOR('',#4611,10.);
#1136=VECTOR('',#4614,10.);
#1137=VECTOR('',#4615,10.);
#1138=VECTOR('',#4618,10.);
#1139=VECTOR('',#4629,10.);
#1140=VECTOR('',#4634,10.);
#1141=VECTOR('',#4637,10.);
#1142=VECTOR('',#4642,10.);
#1143=CIRCLE('',#3266,3.1);
#1144=CIRCLE('',#3267,3.1);
#1145=CIRCLE('',#3270,0.300000000000002);
#1146=CIRCLE('',#3271,0.300000000000002);
#1147=CIRCLE('',#3274,0.299999999999994);
#1148=CIRCLE('',#3275,0.299999999999994);
#1149=CIRCLE('',#3278,0.299999999999999);
#1150=CIRCLE('',#3279,0.299999999999999);
#1151=CIRCLE('',#3282,0.3);
#1152=CIRCLE('',#3283,0.3);
#1153=CIRCLE('',#3285,3.1);
#1154=CIRCLE('',#3286,3.1);
#1155=CIRCLE('',#3288,0.5);
#1156=CIRCLE('',#3289,0.5);
#1157=CIRCLE('',#3292,0.999999999999996);
#1158=CIRCLE('',#3293,0.999999999999996);
#1159=CIRCLE('',#3294,0.5);
#1160=CIRCLE('',#3295,0.5);
#1161=CIRCLE('',#3296,1.);
#1162=CIRCLE('',#3297,1.00000000000001);
#1163=CIRCLE('',#3298,0.5);
#1164=CIRCLE('',#3299,0.5);
#1165=CIRCLE('',#3300,0.999999999999996);
#1166=CIRCLE('',#3301,1.00000000000001);
#1167=CIRCLE('',#3302,0.5);
#1168=CIRCLE('',#3303,0.5);
#1169=CIRCLE('',#3304,1.00000000000001);
#1170=CIRCLE('',#3305,0.999999999999996);
#1171=CIRCLE('',#3306,0.5);
#1172=CIRCLE('',#3308,0.5);
#1173=CIRCLE('',#3311,0.5);
#1174=CIRCLE('',#3313,0.5);
#1175=CIRCLE('',#3316,0.5);
#1176=CIRCLE('',#3319,0.5);
#1177=CIRCLE('',#3322,0.5);
#1178=CIRCLE('',#3324,0.5);
#1179=CIRCLE('',#3327,2.);
#1180=CIRCLE('',#3328,2.);
#1181=CIRCLE('',#3331,2.);
#1182=CIRCLE('',#3332,3.2645);
#1183=CIRCLE('',#3334,2.);
#1184=CIRCLE('',#3335,2.);
#1185=CIRCLE('',#3337,2.);
#1186=CIRCLE('',#3338,4.6645);
#1187=CIRCLE('',#3341,2.);
#1188=CIRCLE('',#3344,4.6645);
#1189=CIRCLE('',#3346,2.);
#1190=CIRCLE('',#3348,2.);
#1191=CIRCLE('',#3349,2.);
#1192=CIRCLE('',#3352,2.);
#1193=CIRCLE('',#3353,3.2645);
#1194=CIRCLE('',#3355,2.);
#1195=CIRCLE('',#3358,4.6645);
#1196=CIRCLE('',#3360,2.);
#1197=CIRCLE('',#3361,2.);
#1198=CIRCLE('',#3364,2.);
#1199=CIRCLE('',#3365,3.2645);
#1200=CIRCLE('',#3367,2.);
#1201=CIRCLE('',#3370,4.6645);
#1202=CIRCLE('',#3372,2.);
#1203=CIRCLE('',#3373,1.2645);
#1204=CIRCLE('',#3374,1.2645);
#1205=CIRCLE('',#3376,1.2645);
#1206=CIRCLE('',#3378,3.2645);
#1207=CIRCLE('',#3379,2.);
#1208=CIRCLE('',#3380,1.2645);
#1209=CIRCLE('',#3381,1.2645);
#1210=CIRCLE('',#3383,1.2645);
#1211=CIRCLE('',#3386,3.6645);
#1212=CIRCLE('',#3387,1.);
#1213=CIRCLE('',#3388,3.6645);
#1214=CIRCLE('',#3390,3.6645);
#1215=CIRCLE('',#3392,3.6645);
#1216=CIRCLE('',#3393,1.);
#1217=CIRCLE('',#3394,3.6645);
#1218=CIRCLE('',#3396,3.6645);
#1219=CIRCLE('',#3400,2.);
#1220=CIRCLE('',#3401,1.2645);
#1221=CIRCLE('',#3402,1.2645);
#1222=CIRCLE('',#3404,1.2645);
#1223=CIRCLE('',#3406,3.6645);
#1224=CIRCLE('',#3407,1.);
#1225=CIRCLE('',#3408,3.6645);
#1226=CIRCLE('',#3410,3.6645);
#1227=CIRCLE('',#3413,2.);
#1228=CIRCLE('',#3414,1.2645);
#1229=CIRCLE('',#3415,1.2645);
#1230=CIRCLE('',#3417,1.2645);
#1231=CIRCLE('',#3419,3.6645);
#1232=CIRCLE('',#3420,1.);
#1233=CIRCLE('',#3421,3.6645);
#1234=CIRCLE('',#3423,3.6645);
#1235=CIRCLE('',#3426,2.75);
#1236=CIRCLE('',#3427,2.75);
#1237=CIRCLE('',#3429,1.25);
#1238=CIRCLE('',#3431,1.25);
#1239=CIRCLE('',#3435,2.75);
#1240=CIRCLE('',#3436,2.75);
#1241=CIRCLE('',#3438,1.25);
#1242=CIRCLE('',#3440,1.25);
#1243=CIRCLE('',#3444,2.74999999999999);
#1244=CIRCLE('',#3445,2.75);
#1245=CIRCLE('',#3448,1.24999999999998);
#1246=CIRCLE('',#3450,1.25);
#1247=CIRCLE('',#3454,2.75);
#1248=CIRCLE('',#3455,2.75);
#1249=CIRCLE('',#3457,1.25);
#1250=CIRCLE('',#3459,1.25);
#1251=CIRCLE('',#3467,1.5);
#1252=CIRCLE('',#3468,1.5);
#1253=CIRCLE('',#3471,1.5);
#1254=CIRCLE('',#3473,1.5);
#1255=CIRCLE('',#3476,1.5);
#1256=CIRCLE('',#3477,1.5);
#1257=CIRCLE('',#3480,1.5);
#1258=CIRCLE('',#3482,1.5);
#1259=CIRCLE('',#3485,2.74999999999999);
#1260=CIRCLE('',#3486,2.75);
#1261=CIRCLE('',#3488,1.25);
#1262=CIRCLE('',#3490,1.25);
#1263=CIRCLE('',#3495,2.74999999999999);
#1264=CIRCLE('',#3496,2.75);
#1265=CIRCLE('',#3498,1.25);
#1266=CIRCLE('',#3500,1.25);
#1267=CIRCLE('',#3507,0.999999999999996);
#1268=CIRCLE('',#3510,1.00000000000001);
#1269=CIRCLE('',#3514,1.00000000000001);
#1270=CIRCLE('',#3517,0.999999999999996);
#1271=CIRCLE('',#3521,0.999999999999996);
#1272=CIRCLE('',#3524,0.999999999999996);
#1273=CIRCLE('',#3528,1.);
#1274=CIRCLE('',#3531,1.00000000000001);
#1275=CIRCLE('',#3535,4.);
#1276=CIRCLE('',#3536,4.);
#1277=CIRCLE('',#3539,4.);
#1278=CIRCLE('',#3540,1.8);
#1279=CIRCLE('',#3541,1.8);
#1280=CIRCLE('',#3542,5.9);
#1281=CIRCLE('',#3544,4.);
#1282=CIRCLE('',#3547,4.);
#1283=CIRCLE('',#3548,4.);
#1284=CIRCLE('',#3551,4.);
#1285=CIRCLE('',#3552,1.8);
#1286=CIRCLE('',#3553,1.8);
#1287=CIRCLE('',#3554,5.9);
#1288=CIRCLE('',#3556,4.);
#1289=CIRCLE('',#3559,1.8);
#1290=CIRCLE('',#3561,1.8);
#1291=CIRCLE('',#3563,1.8);
#1292=CIRCLE('',#3565,1.8);
#1293=CIRCLE('',#3567,5.9);
#1294=CIRCLE('',#3569,5.9);
#1295=CIRCLE('',#3571,2.525);
#1296=CIRCLE('',#3572,2.525);
#1297=CIRCLE('',#3574,2.5);
#1298=CIRCLE('',#3575,2.5);
#1299=CIRCLE('',#3577,2.5);
#1300=CIRCLE('',#3578,2.5);
#1301=CIRCLE('',#3580,2.5);
#1302=CIRCLE('',#3581,2.5);
#1303=CIRCLE('',#3583,6.);
#1304=CIRCLE('',#3584,6.);
#1305=CIRCLE('',#3586,1.2);
#1306=CIRCLE('',#3587,1.2);
#1307=CIRCLE('',#3589,1.2);
#1308=CIRCLE('',#3590,1.2);
#1309=CIRCLE('',#3592,1.2);
#1310=CIRCLE('',#3593,1.2);
#1311=CIRCLE('',#3595,1.2);
#1312=CIRCLE('',#3596,1.2);
#1313=CIRCLE('',#3598,3.5);
#1314=CIRCLE('',#3599,3.5);
#1315=CIRCLE('',#3601,3.5);
#1316=CIRCLE('',#3602,3.5);
#1317=CIRCLE('',#3604,3.5);
#1318=CIRCLE('',#3605,3.5);
#1319=CIRCLE('',#3607,3.5);
#1320=CIRCLE('',#3608,3.5);
#1321=CIRCLE('',#3610,2.75);
#1322=CIRCLE('',#3611,2.75);
#1323=CIRCLE('',#3613,1.25);
#1324=CIRCLE('',#3615,1.25);
#1325=CIRCLE('',#3622,2.75);
#1326=CIRCLE('',#3623,2.75);
#1327=CIRCLE('',#3625,1.25);
#1328=CIRCLE('',#3627,1.25);
#1329=VERTEX_POINT('',#4654);
#1330=VERTEX_POINT('',#4656);
#1331=VERTEX_POINT('',#4660);
#1332=VERTEX_POINT('',#4661);
#1333=VERTEX_POINT('',#4663);
#1334=VERTEX_POINT('',#4665);
#1335=VERTEX_POINT('',#4669);
#1336=VERTEX_POINT('',#4671);
#1337=VERTEX_POINT('',#4675);
#1338=VERTEX_POINT('',#4677);
#1339=VERTEX_POINT('',#4681);
#1340=VERTEX_POINT('',#4683);
#1341=VERTEX_POINT('',#4687);
#1342=VERTEX_POINT('',#4689);
#1343=VERTEX_POINT('',#4693);
#1344=VERTEX_POINT('',#4695);
#1345=VERTEX_POINT('',#4699);
#1346=VERTEX_POINT('',#4701);
#1347=VERTEX_POINT('',#4708);
#1348=VERTEX_POINT('',#4710);
#1349=VERTEX_POINT('',#4714);
#1350=VERTEX_POINT('',#4715);
#1351=VERTEX_POINT('',#4717);
#1352=VERTEX_POINT('',#4719);
#1353=VERTEX_POINT('',#4723);
#1354=VERTEX_POINT('',#4725);
#1355=VERTEX_POINT('',#4729);
#1356=VERTEX_POINT('',#4731);
#1357=VERTEX_POINT('',#4733);
#1358=VERTEX_POINT('',#4735);
#1359=VERTEX_POINT('',#4737);
#1360=VERTEX_POINT('',#4739);
#1361=VERTEX_POINT('',#4741);
#1362=VERTEX_POINT('',#4743);
#1363=VERTEX_POINT('',#4745);
#1364=VERTEX_POINT('',#4747);
#1365=VERTEX_POINT('',#4749);
#1366=VERTEX_POINT('',#4751);
#1367=VERTEX_POINT('',#4753);
#1368=VERTEX_POINT('',#4755);
#1369=VERTEX_POINT('',#4757);
#1370=VERTEX_POINT('',#4759);
#1371=VERTEX_POINT('',#4761);
#1372=VERTEX_POINT('',#4763);
#1373=VERTEX_POINT('',#4765);
#1374=VERTEX_POINT('',#4767);
#1375=VERTEX_POINT('',#4769);
#1376=VERTEX_POINT('',#4771);
#1377=VERTEX_POINT('',#4773);
#1378=VERTEX_POINT('',#4775);
#1379=VERTEX_POINT('',#4777);
#1380=VERTEX_POINT('',#4779);
#1381=VERTEX_POINT('',#4781);
#1382=VERTEX_POINT('',#4783);
#1383=VERTEX_POINT('',#4785);
#1384=VERTEX_POINT('',#4787);
#1385=VERTEX_POINT('',#4789);
#1386=VERTEX_POINT('',#4791);
#1387=VERTEX_POINT('',#4793);
#1388=VERTEX_POINT('',#4795);
#1389=VERTEX_POINT('',#4797);
#1390=VERTEX_POINT('',#4799);
#1391=VERTEX_POINT('',#4801);
#1392=VERTEX_POINT('',#4803);
#1393=VERTEX_POINT('',#4805);
#1394=VERTEX_POINT('',#4807);
#1395=VERTEX_POINT('',#4809);
#1396=VERTEX_POINT('',#4813);
#1397=VERTEX_POINT('',#4814);
#1398=VERTEX_POINT('',#4819);
#1399=VERTEX_POINT('',#4823);
#1400=VERTEX_POINT('',#4827);
#1401=VERTEX_POINT('',#4828);
#1402=VERTEX_POINT('',#4833);
#1403=VERTEX_POINT('',#4837);
#1404=VERTEX_POINT('',#4838);
#1405=VERTEX_POINT('',#4843);
#1406=VERTEX_POINT('',#4847);
#1407=VERTEX_POINT('',#4848);
#1408=VERTEX_POINT('',#4853);
#1409=VERTEX_POINT('',#4857);
#1410=VERTEX_POINT('',#4861);
#1411=VERTEX_POINT('',#4862);
#1412=VERTEX_POINT('',#4867);
#1413=VERTEX_POINT('',#4871);
#1414=VERTEX_POINT('',#4872);
#1415=VERTEX_POINT('',#4874);
#1416=VERTEX_POINT('',#4876);
#1417=VERTEX_POINT('',#4880);
#1418=VERTEX_POINT('',#4882);
#1419=VERTEX_POINT('',#4886);
#1420=VERTEX_POINT('',#4888);
#1421=VERTEX_POINT('',#4890);
#1422=VERTEX_POINT('',#4893);
#1423=VERTEX_POINT('',#4896);
#1424=VERTEX_POINT('',#4897);
#1425=VERTEX_POINT('',#4899);
#1426=VERTEX_POINT('',#4901);
#1427=VERTEX_POINT('',#4905);
#1428=VERTEX_POINT('',#4907);
#1429=VERTEX_POINT('',#4909);
#1430=VERTEX_POINT('',#4911);
#1431=VERTEX_POINT('',#4914);
#1432=VERTEX_POINT('',#4917);
#1433=VERTEX_POINT('',#4921);
#1434=VERTEX_POINT('',#4923);
#1435=VERTEX_POINT('',#4927);
#1436=VERTEX_POINT('',#4933);
#1437=VERTEX_POINT('',#4936);
#1438=VERTEX_POINT('',#4940);
#1439=VERTEX_POINT('',#4941);
#1440=VERTEX_POINT('',#4943);
#1441=VERTEX_POINT('',#4945);
#1442=VERTEX_POINT('',#4949);
#1443=VERTEX_POINT('',#4951);
#1444=VERTEX_POINT('',#4955);
#1445=VERTEX_POINT('',#4957);
#1446=VERTEX_POINT('',#4959);
#1447=VERTEX_POINT('',#4962);
#1448=VERTEX_POINT('',#4965);
#1449=VERTEX_POINT('',#4967);
#1450=VERTEX_POINT('',#4971);
#1451=VERTEX_POINT('',#4977);
#1452=VERTEX_POINT('',#4980);
#1453=VERTEX_POINT('',#4981);
#1454=VERTEX_POINT('',#4983);
#1455=VERTEX_POINT('',#4985);
#1456=VERTEX_POINT('',#4989);
#1457=VERTEX_POINT('',#4991);
#1458=VERTEX_POINT('',#4995);
#1459=VERTEX_POINT('',#4997);
#1460=VERTEX_POINT('',#4999);
#1461=VERTEX_POINT('',#5002);
#1462=VERTEX_POINT('',#5005);
#1463=VERTEX_POINT('',#5007);
#1464=VERTEX_POINT('',#5011);
#1465=VERTEX_POINT('',#5017);
#1466=VERTEX_POINT('',#5020);
#1467=VERTEX_POINT('',#5022);
#1468=VERTEX_POINT('',#5026);
#1469=VERTEX_POINT('',#5030);
#1470=VERTEX_POINT('',#5032);
#1471=VERTEX_POINT('',#5034);
#1472=VERTEX_POINT('',#5038);
#1473=VERTEX_POINT('',#5042);
#1474=VERTEX_POINT('',#5044);
#1475=VERTEX_POINT('',#5048);
#1476=VERTEX_POINT('',#5049);
#1477=VERTEX_POINT('',#5054);
#1478=VERTEX_POINT('',#5058);
#1479=VERTEX_POINT('',#5059);
#1480=VERTEX_POINT('',#5064);
#1481=VERTEX_POINT('',#5070);
#1482=VERTEX_POINT('',#5072);
#1483=VERTEX_POINT('',#5076);
#1484=VERTEX_POINT('',#5080);
#1485=VERTEX_POINT('',#5081);
#1486=VERTEX_POINT('',#5086);
#1487=VERTEX_POINT('',#5091);
#1488=VERTEX_POINT('',#5093);
#1489=VERTEX_POINT('',#5097);
#1490=VERTEX_POINT('',#5101);
#1491=VERTEX_POINT('',#5102);
#1492=VERTEX_POINT('',#5107);
#1493=VERTEX_POINT('',#5115);
#1494=VERTEX_POINT('',#5119);
#1495=VERTEX_POINT('',#5129);
#1496=VERTEX_POINT('',#5133);
#1497=VERTEX_POINT('',#5146);
#1498=VERTEX_POINT('',#5150);
#1499=VERTEX_POINT('',#5160);
#1500=VERTEX_POINT('',#5164);
#1501=VERTEX_POINT('',#5171);
#1502=VERTEX_POINT('',#5175);
#1503=VERTEX_POINT('',#5179);
#1504=VERTEX_POINT('',#5183);
#1505=VERTEX_POINT('',#5187);
#1506=VERTEX_POINT('',#5188);
#1507=VERTEX_POINT('',#5190);
#1508=VERTEX_POINT('',#5192);
#1509=VERTEX_POINT('',#5196);
#1510=VERTEX_POINT('',#5198);
#1511=VERTEX_POINT('',#5202);
#1512=VERTEX_POINT('',#5204);
#1513=VERTEX_POINT('',#5206);
#1514=VERTEX_POINT('',#5210);
#1515=VERTEX_POINT('',#5211);
#1516=VERTEX_POINT('',#5216);
#1517=VERTEX_POINT('',#5220);
#1518=VERTEX_POINT('',#5221);
#1519=VERTEX_POINT('',#5223);
#1520=VERTEX_POINT('',#5225);
#1521=VERTEX_POINT('',#5229);
#1522=VERTEX_POINT('',#5231);
#1523=VERTEX_POINT('',#5235);
#1524=VERTEX_POINT('',#5237);
#1525=VERTEX_POINT('',#5239);
#1526=VERTEX_POINT('',#5243);
#1527=VERTEX_POINT('',#5244);
#1528=VERTEX_POINT('',#5249);
#1529=VERTEX_POINT('',#5272);
#1530=VERTEX_POINT('',#5283);
#1531=VERTEX_POINT('',#5289);
#1532=VERTEX_POINT('',#5293);
#1533=VERTEX_POINT('',#5299);
#1534=VERTEX_POINT('',#5305);
#1535=VERTEX_POINT('',#5309);
#1536=VERTEX_POINT('',#5315);
#1537=VERTEX_POINT('',#5321);
#1538=VERTEX_POINT('',#5325);
#1539=VERTEX_POINT('',#5331);
#1540=VERTEX_POINT('',#5337);
#1541=VERTEX_POINT('',#5345);
#1542=VERTEX_POINT('',#5346);
#1543=VERTEX_POINT('',#5348);
#1544=VERTEX_POINT('',#5350);
#1545=VERTEX_POINT('',#5354);
#1546=VERTEX_POINT('',#5356);
#1547=VERTEX_POINT('',#5360);
#1548=VERTEX_POINT('',#5362);
#1549=VERTEX_POINT('',#5364);
#1550=VERTEX_POINT('',#5367);
#1551=VERTEX_POINT('',#5369);
#1552=VERTEX_POINT('',#5371);
#1553=VERTEX_POINT('',#5374);
#1554=VERTEX_POINT('',#5375);
#1555=VERTEX_POINT('',#5380);
#1556=VERTEX_POINT('',#5384);
#1557=VERTEX_POINT('',#5385);
#1558=VERTEX_POINT('',#5387);
#1559=VERTEX_POINT('',#5389);
#1560=VERTEX_POINT('',#5393);
#1561=VERTEX_POINT('',#5395);
#1562=VERTEX_POINT('',#5399);
#1563=VERTEX_POINT('',#5401);
#1564=VERTEX_POINT('',#5403);
#1565=VERTEX_POINT('',#5406);
#1566=VERTEX_POINT('',#5408);
#1567=VERTEX_POINT('',#5410);
#1568=VERTEX_POINT('',#5413);
#1569=VERTEX_POINT('',#5414);
#1570=VERTEX_POINT('',#5419);
#1571=VERTEX_POINT('',#5423);
#1572=VERTEX_POINT('',#5427);
#1573=VERTEX_POINT('',#5431);
#1574=VERTEX_POINT('',#5435);
#1575=VERTEX_POINT('',#5439);
#1576=VERTEX_POINT('',#5443);
#1577=VERTEX_POINT('',#5447);
#1578=VERTEX_POINT('',#5449);
#1579=VERTEX_POINT('',#5453);
#1580=VERTEX_POINT('',#5455);
#1581=VERTEX_POINT('',#5459);
#1582=VERTEX_POINT('',#5461);
#1583=VERTEX_POINT('',#5465);
#1584=VERTEX_POINT('',#5467);
#1585=VERTEX_POINT('',#5471);
#1586=VERTEX_POINT('',#5473);
#1587=VERTEX_POINT('',#5477);
#1588=VERTEX_POINT('',#5479);
#1589=VERTEX_POINT('',#5483);
#1590=VERTEX_POINT('',#5485);
#1591=VERTEX_POINT('',#5489);
#1592=VERTEX_POINT('',#5491);
#1593=VERTEX_POINT('',#5495);
#1594=VERTEX_POINT('',#5497);
#1595=VERTEX_POINT('',#5501);
#1596=VERTEX_POINT('',#5503);
#1597=VERTEX_POINT('',#5507);
#1598=VERTEX_POINT('',#5509);
#1599=VERTEX_POINT('',#5513);
#1600=VERTEX_POINT('',#5515);
#1601=VERTEX_POINT('',#5519);
#1602=VERTEX_POINT('',#5521);
#1603=VERTEX_POINT('',#5526);
#1604=VERTEX_POINT('',#5528);
#1605=VERTEX_POINT('',#5532);
#1606=VERTEX_POINT('',#5536);
#1607=VERTEX_POINT('',#5545);
#1608=VERTEX_POINT('',#5547);
#1609=VERTEX_POINT('',#5551);
#1610=VERTEX_POINT('',#5561);
#1611=EDGE_CURVE('',#1329,#1329,#1143,.T.);
#1612=EDGE_CURVE('',#1329,#1330,#605,.T.);
#1613=EDGE_CURVE('',#1330,#1330,#1144,.T.);
#1614=EDGE_CURVE('',#1331,#1332,#606,.T.);
#1615=EDGE_CURVE('',#1333,#1331,#607,.T.);
#1616=EDGE_CURVE('',#1334,#1333,#608,.T.);
#1617=EDGE_CURVE('',#1334,#1332,#609,.T.);
#1618=EDGE_CURVE('',#1332,#1335,#1145,.T.);
#1619=EDGE_CURVE('',#1336,#1334,#1146,.T.);
#1620=EDGE_CURVE('',#1336,#1335,#610,.T.);
#1621=EDGE_CURVE('',#1335,#1337,#611,.T.);
#1622=EDGE_CURVE('',#1338,#1336,#612,.T.);
#1623=EDGE_CURVE('',#1338,#1337,#613,.T.);
#1624=EDGE_CURVE('',#1337,#1339,#1147,.T.);
#1625=EDGE_CURVE('',#1340,#1338,#1148,.T.);
#1626=EDGE_CURVE('',#1340,#1339,#614,.T.);
#1627=EDGE_CURVE('',#1339,#1341,#615,.T.);
#1628=EDGE_CURVE('',#1342,#1340,#616,.T.);
#1629=EDGE_CURVE('',#1342,#1341,#617,.T.);
#1630=EDGE_CURVE('',#1341,#1343,#1149,.T.);
#1631=EDGE_CURVE('',#1344,#1342,#1150,.T.);
#1632=EDGE_CURVE('',#1344,#1343,#618,.T.);
#1633=EDGE_CURVE('',#1343,#1345,#619,.T.);
#1634=EDGE_CURVE('',#1346,#1344,#620,.T.);
#1635=EDGE_CURVE('',#1346,#1345,#621,.T.);
#1636=EDGE_CURVE('',#1345,#1331,#1151,.T.);
#1637=EDGE_CURVE('',#1333,#1346,#1152,.T.);
#1638=EDGE_CURVE('',#1347,#1347,#1153,.T.);
#1639=EDGE_CURVE('',#1347,#1348,#622,.T.);
#1640=EDGE_CURVE('',#1348,#1348,#1154,.T.);
#1641=EDGE_CURVE('',#1349,#1350,#1155,.T.);
#1642=EDGE_CURVE('',#1350,#1351,#623,.T.);
#1643=EDGE_CURVE('',#1351,#1352,#1156,.T.);
#1644=EDGE_CURVE('',#1352,#1349,#624,.T.);
#1645=EDGE_CURVE('',#1353,#1352,#625,.T.);
#1646=EDGE_CURVE('',#1353,#1354,#626,.T.);
#1647=EDGE_CURVE('',#1349,#1354,#627,.T.);
#1648=EDGE_CURVE('',#1355,#1351,#628,.T.);
#1649=EDGE_CURVE('',#1355,#1356,#1157,.T.);
#1650=EDGE_CURVE('',#1356,#1357,#629,.T.);
#1651=EDGE_CURVE('',#1357,#1358,#630,.T.);
#1652=EDGE_CURVE('',#1358,#1359,#631,.T.);
#1653=EDGE_CURVE('',#1359,#1360,#1158,.T.);
#1654=EDGE_CURVE('',#1361,#1360,#632,.T.);
#1655=EDGE_CURVE('',#1362,#1361,#1159,.T.);
#1656=EDGE_CURVE('',#1362,#1363,#633,.T.);
#1657=EDGE_CURVE('',#1364,#1363,#1160,.T.);
#1658=EDGE_CURVE('',#1365,#1364,#634,.T.);
#1659=EDGE_CURVE('',#1365,#1366,#1161,.T.);
#1660=EDGE_CURVE('',#1366,#1367,#635,.T.);
#1661=EDGE_CURVE('',#1367,#1368,#636,.T.);
#1662=EDGE_CURVE('',#1368,#1369,#637,.T.);
#1663=EDGE_CURVE('',#1369,#1370,#1162,.T.);
#1664=EDGE_CURVE('',#1371,#1370,#638,.T.);
#1665=EDGE_CURVE('',#1372,#1371,#1163,.T.);
#1666=EDGE_CURVE('',#1372,#1373,#639,.T.);
#1667=EDGE_CURVE('',#1373,#1374,#640,.T.);
#1668=EDGE_CURVE('',#1374,#1375,#641,.T.);
#1669=EDGE_CURVE('',#1376,#1375,#1164,.T.);
#1670=EDGE_CURVE('',#1376,#1377,#642,.T.);
#1671=EDGE_CURVE('',#1377,#1378,#1165,.T.);
#1672=EDGE_CURVE('',#1379,#1378,#643,.T.);
#1673=EDGE_CURVE('',#1379,#1380,#644,.T.);
#1674=EDGE_CURVE('',#1381,#1380,#645,.T.);
#1675=EDGE_CURVE('',#1381,#1382,#1166,.T.);
#1676=EDGE_CURVE('',#1382,#1383,#646,.T.);
#1677=EDGE_CURVE('',#1384,#1383,#1167,.T.);
#1678=EDGE_CURVE('',#1384,#1385,#647,.T.);
#1679=EDGE_CURVE('',#1386,#1385,#1168,.T.);
#1680=EDGE_CURVE('',#1386,#1387,#648,.T.);
#1681=EDGE_CURVE('',#1387,#1388,#1169,.T.);
#1682=EDGE_CURVE('',#1389,#1388,#649,.T.);
#1683=EDGE_CURVE('',#1389,#1390,#650,.T.);
#1684=EDGE_CURVE('',#1391,#1390,#651,.T.);
#1685=EDGE_CURVE('',#1391,#1392,#1170,.T.);
#1686=EDGE_CURVE('',#1392,#1393,#652,.T.);
#1687=EDGE_CURVE('',#1394,#1393,#1171,.T.);
#1688=EDGE_CURVE('',#1394,#1395,#653,.T.);
#1689=EDGE_CURVE('',#1395,#1353,#654,.T.);
#1690=EDGE_CURVE('',#1396,#1397,#1172,.T.);
#1691=EDGE_CURVE('',#1397,#1362,#655,.T.);
#1692=EDGE_CURVE('',#1361,#1396,#656,.T.);
#1693=EDGE_CURVE('',#1398,#1397,#657,.T.);
#1694=EDGE_CURVE('',#1363,#1398,#658,.T.);
#1695=EDGE_CURVE('',#1398,#1399,#1173,.T.);
#1696=EDGE_CURVE('',#1399,#1364,#659,.T.);
#1697=EDGE_CURVE('',#1400,#1401,#1174,.T.);
#1698=EDGE_CURVE('',#1401,#1372,#660,.T.);
#1699=EDGE_CURVE('',#1371,#1400,#661,.T.);
#1700=EDGE_CURVE('',#1370,#1402,#662,.T.);
#1701=EDGE_CURVE('',#1400,#1402,#663,.T.);
#1702=EDGE_CURVE('',#1403,#1404,#1175,.T.);
#1703=EDGE_CURVE('',#1404,#1376,#664,.T.);
#1704=EDGE_CURVE('',#1375,#1403,#665,.T.);
#1705=EDGE_CURVE('',#1374,#1405,#666,.T.);
#1706=EDGE_CURVE('',#1403,#1405,#667,.T.);
#1707=EDGE_CURVE('',#1406,#1407,#1176,.T.);
#1708=EDGE_CURVE('',#1407,#1384,#668,.T.);
#1709=EDGE_CURVE('',#1383,#1406,#669,.T.);
#1710=EDGE_CURVE('',#1408,#1407,#670,.T.);
#1711=EDGE_CURVE('',#1385,#1408,#671,.T.);
#1712=EDGE_CURVE('',#1408,#1409,#1177,.T.);
#1713=EDGE_CURVE('',#1409,#1386,#672,.T.);
#1714=EDGE_CURVE('',#1410,#1411,#1178,.T.);
#1715=EDGE_CURVE('',#1411,#1394,#673,.T.);
#1716=EDGE_CURVE('',#1393,#1410,#674,.T.);
#1717=EDGE_CURVE('',#1412,#1411,#675,.T.);
#1718=EDGE_CURVE('',#1412,#1395,#676,.T.);
#1719=EDGE_CURVE('',#1413,#1414,#1179,.T.);
#1720=EDGE_CURVE('',#1414,#1415,#677,.T.);
#1721=EDGE_CURVE('',#1415,#1416,#1180,.T.);
#1722=EDGE_CURVE('',#1416,#1413,#678,.T.);
#1723=EDGE_CURVE('',#1417,#1414,#679,.T.);
#1724=EDGE_CURVE('',#1417,#1418,#680,.T.);
#1725=EDGE_CURVE('',#1415,#1418,#681,.T.);
#1726=EDGE_CURVE('',#1413,#1419,#682,.T.);
#1727=EDGE_CURVE('',#1420,#1419,#1181,.T.);
#1728=EDGE_CURVE('',#1420,#1421,#683,.T.);
#1729=EDGE_CURVE('',#1421,#1417,#684,.T.);
#1730=EDGE_CURVE('',#1422,#1422,#1182,.T.);
#1731=EDGE_CURVE('',#1423,#1424,#1183,.T.);
#1732=EDGE_CURVE('',#1424,#1425,#685,.T.);
#1733=EDGE_CURVE('',#1425,#1426,#1184,.T.);
#1734=EDGE_CURVE('',#1426,#1423,#686,.T.);
#1735=EDGE_CURVE('',#1425,#1427,#687,.T.);
#1736=EDGE_CURVE('',#1428,#1427,#1185,.T.);
#1737=EDGE_CURVE('',#1428,#1429,#688,.T.);
#1738=EDGE_CURVE('',#1429,#1430,#689,.T.);
#1739=EDGE_CURVE('',#1426,#1430,#690,.T.);
#1740=EDGE_CURVE('',#1431,#1431,#1186,.T.);
#1741=EDGE_CURVE('',#1432,#1424,#691,.T.);
#1742=EDGE_CURVE('',#1427,#1432,#692,.T.);
#1743=EDGE_CURVE('',#1419,#1433,#693,.T.);
#1744=EDGE_CURVE('',#1433,#1434,#1187,.T.);
#1745=EDGE_CURVE('',#1434,#1420,#694,.T.);
#1746=EDGE_CURVE('',#1434,#1435,#695,.T.);
#1747=EDGE_CURVE('',#1435,#1421,#696,.T.);
#1748=EDGE_CURVE('',#1418,#1435,#697,.T.);
#1749=EDGE_CURVE('',#1433,#1416,#698,.T.);
#1750=EDGE_CURVE('',#1436,#1436,#1188,.T.);
#1751=EDGE_CURVE('',#1432,#1437,#1189,.T.);
#1752=EDGE_CURVE('',#1437,#1428,#699,.T.);
#1753=EDGE_CURVE('',#1438,#1439,#1190,.T.);
#1754=EDGE_CURVE('',#1439,#1440,#700,.T.);
#1755=EDGE_CURVE('',#1440,#1441,#1191,.T.);
#1756=EDGE_CURVE('',#1441,#1438,#701,.T.);
#1757=EDGE_CURVE('',#1442,#1439,#702,.T.);
#1758=EDGE_CURVE('',#1442,#1443,#703,.T.);
#1759=EDGE_CURVE('',#1440,#1443,#704,.T.);
#1760=EDGE_CURVE('',#1438,#1444,#705,.T.);
#1761=EDGE_CURVE('',#1445,#1444,#1192,.T.);
#1762=EDGE_CURVE('',#1445,#1446,#706,.T.);
#1763=EDGE_CURVE('',#1446,#1442,#707,.T.);
#1764=EDGE_CURVE('',#1447,#1447,#1193,.T.);
#1765=EDGE_CURVE('',#1444,#1448,#708,.T.);
#1766=EDGE_CURVE('',#1448,#1449,#1194,.T.);
#1767=EDGE_CURVE('',#1449,#1445,#709,.T.);
#1768=EDGE_CURVE('',#1449,#1450,#710,.T.);
#1769=EDGE_CURVE('',#1450,#1446,#711,.T.);
#1770=EDGE_CURVE('',#1443,#1450,#712,.T.);
#1771=EDGE_CURVE('',#1448,#1441,#713,.T.);
#1772=EDGE_CURVE('',#1451,#1451,#1195,.T.);
#1773=EDGE_CURVE('',#1452,#1453,#1196,.T.);
#1774=EDGE_CURVE('',#1453,#1454,#714,.T.);
#1775=EDGE_CURVE('',#1454,#1455,#1197,.T.);
#1776=EDGE_CURVE('',#1455,#1452,#715,.T.);
#1777=EDGE_CURVE('',#1456,#1453,#716,.T.);
#1778=EDGE_CURVE('',#1456,#1457,#717,.T.);
#1779=EDGE_CURVE('',#1454,#1457,#718,.T.);
#1780=EDGE_CURVE('',#1452,#1458,#719,.T.);
#1781=EDGE_CURVE('',#1459,#1458,#1198,.T.);
#1782=EDGE_CURVE('',#1459,#1460,#720,.T.);
#1783=EDGE_CURVE('',#1460,#1456,#721,.T.);
#1784=EDGE_CURVE('',#1461,#1461,#1199,.T.);
#1785=EDGE_CURVE('',#1458,#1462,#722,.T.);
#1786=EDGE_CURVE('',#1462,#1463,#1200,.T.);
#1787=EDGE_CURVE('',#1463,#1459,#723,.T.);
#1788=EDGE_CURVE('',#1463,#1464,#724,.T.);
#1789=EDGE_CURVE('',#1464,#1460,#725,.T.);
#1790=EDGE_CURVE('',#1457,#1464,#726,.T.);
#1791=EDGE_CURVE('',#1462,#1455,#727,.T.);
#1792=EDGE_CURVE('',#1465,#1465,#1201,.T.);
#1793=EDGE_CURVE('',#1461,#1466,#1202,.T.);
#1794=EDGE_CURVE('',#1466,#1467,#1203,.T.);
#1795=EDGE_CURVE('',#1467,#1466,#1204,.T.);
#1796=EDGE_CURVE('',#1467,#1468,#728,.T.);
#1797=EDGE_CURVE('',#1468,#1468,#1205,.T.);
#1798=EDGE_CURVE('',#1469,#1469,#1206,.T.);
#1799=EDGE_CURVE('',#1469,#1470,#1207,.T.);
#1800=EDGE_CURVE('',#1470,#1471,#1208,.T.);
#1801=EDGE_CURVE('',#1471,#1470,#1209,.T.);
#1802=EDGE_CURVE('',#1471,#1472,#729,.T.);
#1803=EDGE_CURVE('',#1472,#1472,#1210,.T.);
#1804=EDGE_CURVE('',#1423,#1473,#730,.T.);
#1805=EDGE_CURVE('',#1473,#1474,#731,.T.);
#1806=EDGE_CURVE('',#1474,#1437,#732,.T.);
#1807=EDGE_CURVE('',#1475,#1476,#1211,.T.);
#1808=EDGE_CURVE('',#1476,#1431,#1212,.T.);
#1809=EDGE_CURVE('',#1476,#1475,#1213,.T.);
#1810=EDGE_CURVE('',#1477,#1477,#1214,.T.);
#1811=EDGE_CURVE('',#1477,#1475,#733,.T.);
#1812=EDGE_CURVE('',#1478,#1479,#1215,.T.);
#1813=EDGE_CURVE('',#1479,#1465,#1216,.T.);
#1814=EDGE_CURVE('',#1479,#1478,#1217,.T.);
#1815=EDGE_CURVE('',#1480,#1480,#1218,.T.);
#1816=EDGE_CURVE('',#1480,#1478,#734,.T.);
#1817=EDGE_CURVE('',#1422,#1481,#1219,.T.);
#1818=EDGE_CURVE('',#1481,#1482,#1220,.T.);
#1819=EDGE_CURVE('',#1482,#1481,#1221,.T.);
#1820=EDGE_CURVE('',#1482,#1483,#735,.T.);
#1821=EDGE_CURVE('',#1483,#1483,#1222,.T.);
#1822=EDGE_CURVE('',#1484,#1485,#1223,.T.);
#1823=EDGE_CURVE('',#1485,#1436,#1224,.T.);
#1824=EDGE_CURVE('',#1485,#1484,#1225,.T.);
#1825=EDGE_CURVE('',#1486,#1486,#1226,.T.);
#1826=EDGE_CURVE('',#1486,#1484,#736,.T.);
#1827=EDGE_CURVE('',#1447,#1487,#1227,.T.);
#1828=EDGE_CURVE('',#1487,#1488,#1228,.T.);
#1829=EDGE_CURVE('',#1488,#1487,#1229,.T.);
#1830=EDGE_CURVE('',#1488,#1489,#737,.T.);
#1831=EDGE_CURVE('',#1489,#1489,#1230,.T.);
#1832=EDGE_CURVE('',#1490,#1491,#1231,.T.);
#1833=EDGE_CURVE('',#1491,#1451,#1232,.T.);
#1834=EDGE_CURVE('',#1491,#1490,#1233,.T.);
#1835=EDGE_CURVE('',#1492,#1492,#1234,.T.);
#1836=EDGE_CURVE('',#1492,#1490,#738,.T.);
#1837=EDGE_CURVE('',#1446,#1368,#1235,.T.);
#1838=EDGE_CURVE('',#1367,#1442,#1236,.T.);
#1839=EDGE_CURVE('',#1450,#1493,#1237,.T.);
#1840=EDGE_CURVE('',#1368,#1493,#739,.T.);
#1841=EDGE_CURVE('',#1494,#1367,#740,.T.);
#1842=EDGE_CURVE('',#1443,#1494,#1238,.T.);
#1843=EDGE_CURVE('',#1493,#1494,#741,.T.);
#1844=EDGE_CURVE('',#1460,#1380,#1239,.T.);
#1845=EDGE_CURVE('',#1379,#1456,#1240,.T.);
#1846=EDGE_CURVE('',#1464,#1495,#1241,.T.);
#1847=EDGE_CURVE('',#1380,#1495,#742,.T.);
#1848=EDGE_CURVE('',#1496,#1379,#743,.T.);
#1849=EDGE_CURVE('',#1457,#1496,#1242,.T.);
#1850=EDGE_CURVE('',#1495,#1496,#744,.T.);
#1851=EDGE_CURVE('',#1473,#1390,#1243,.T.);
#1852=EDGE_CURVE('',#1389,#1474,#1244,.T.);
#1853=EDGE_CURVE('',#1474,#1429,#745,.T.);
#1854=EDGE_CURVE('',#1430,#1473,#746,.T.);
#1855=EDGE_CURVE('',#1430,#1497,#1245,.T.);
#1856=EDGE_CURVE('',#1390,#1497,#747,.T.);
#1857=EDGE_CURVE('',#1498,#1389,#748,.T.);
#1858=EDGE_CURVE('',#1429,#1498,#1246,.T.);
#1859=EDGE_CURVE('',#1497,#1498,#749,.T.);
#1860=EDGE_CURVE('',#1421,#1358,#1247,.T.);
#1861=EDGE_CURVE('',#1357,#1417,#1248,.T.);
#1862=EDGE_CURVE('',#1435,#1499,#1249,.T.);
#1863=EDGE_CURVE('',#1358,#1499,#750,.T.);
#1864=EDGE_CURVE('',#1500,#1357,#751,.T.);
#1865=EDGE_CURVE('',#1418,#1500,#1250,.T.);
#1866=EDGE_CURVE('',#1499,#1500,#752,.T.);
#1867=EDGE_CURVE('',#1366,#1501,#753,.T.);
#1868=EDGE_CURVE('',#1494,#1501,#754,.T.);
#1869=EDGE_CURVE('',#1356,#1502,#755,.T.);
#1870=EDGE_CURVE('',#1500,#1502,#756,.T.);
#1871=EDGE_CURVE('',#1378,#1503,#757,.T.);
#1872=EDGE_CURVE('',#1496,#1503,#758,.T.);
#1873=EDGE_CURVE('',#1388,#1504,#759,.T.);
#1874=EDGE_CURVE('',#1498,#1504,#760,.T.);
#1875=EDGE_CURVE('',#1505,#1506,#1251,.T.);
#1876=EDGE_CURVE('',#1506,#1507,#761,.T.);
#1877=EDGE_CURVE('',#1507,#1508,#1252,.T.);
#1878=EDGE_CURVE('',#1508,#1505,#762,.T.);
#1879=EDGE_CURVE('',#1508,#1509,#763,.T.);
#1880=EDGE_CURVE('',#1509,#1510,#764,.T.);
#1881=EDGE_CURVE('',#1505,#1510,#765,.T.);
#1882=EDGE_CURVE('',#1507,#1511,#766,.T.);
#1883=EDGE_CURVE('',#1512,#1511,#1253,.T.);
#1884=EDGE_CURVE('',#1512,#1513,#767,.T.);
#1885=EDGE_CURVE('',#1513,#1509,#768,.T.);
#1886=EDGE_CURVE('',#1514,#1515,#1254,.T.);
#1887=EDGE_CURVE('',#1515,#1512,#769,.T.);
#1888=EDGE_CURVE('',#1511,#1514,#770,.T.);
#1889=EDGE_CURVE('',#1516,#1515,#771,.T.);
#1890=EDGE_CURVE('',#1516,#1513,#772,.T.);
#1891=EDGE_CURVE('',#1517,#1518,#1255,.T.);
#1892=EDGE_CURVE('',#1518,#1519,#773,.T.);
#1893=EDGE_CURVE('',#1519,#1520,#1256,.T.);
#1894=EDGE_CURVE('',#1520,#1517,#774,.T.);
#1895=EDGE_CURVE('',#1520,#1521,#775,.T.);
#1896=EDGE_CURVE('',#1521,#1522,#776,.T.);
#1897=EDGE_CURVE('',#1517,#1522,#777,.T.);
#1898=EDGE_CURVE('',#1519,#1523,#778,.T.);
#1899=EDGE_CURVE('',#1524,#1523,#1257,.T.);
#1900=EDGE_CURVE('',#1524,#1525,#779,.T.);
#1901=EDGE_CURVE('',#1525,#1521,#780,.T.);
#1902=EDGE_CURVE('',#1526,#1527,#1258,.T.);
#1903=EDGE_CURVE('',#1527,#1524,#781,.T.);
#1904=EDGE_CURVE('',#1523,#1526,#782,.T.);
#1905=EDGE_CURVE('',#1528,#1527,#783,.T.);
#1906=EDGE_CURVE('',#1528,#1525,#784,.T.);
#1907=EDGE_CURVE('',#1510,#1516,#785,.T.);
#1908=EDGE_CURVE('',#1510,#1353,#1259,.T.);
#1909=EDGE_CURVE('',#1395,#1516,#1260,.T.);
#1910=EDGE_CURVE('',#1509,#1354,#1261,.T.);
#1911=EDGE_CURVE('',#1513,#1412,#1262,.T.);
#1912=EDGE_CURVE('',#1514,#1506,#786,.T.);
#1913=EDGE_CURVE('',#1354,#1412,#787,.T.);
#1914=EDGE_CURVE('',#1522,#1528,#788,.T.);
#1915=EDGE_CURVE('',#1522,#1374,#1263,.T.);
#1916=EDGE_CURVE('',#1373,#1528,#1264,.T.);
#1917=EDGE_CURVE('',#1521,#1405,#1265,.T.);
#1918=EDGE_CURVE('',#1529,#1373,#789,.T.);
#1919=EDGE_CURVE('',#1525,#1529,#1266,.T.);
#1920=EDGE_CURVE('',#1526,#1518,#790,.T.);
#1921=EDGE_CURVE('',#1405,#1529,#791,.T.);
#1922=EDGE_CURVE('',#1529,#1401,#792,.T.);
#1923=EDGE_CURVE('',#1530,#1404,#793,.T.);
#1924=EDGE_CURVE('',#1377,#1530,#794,.T.);
#1925=EDGE_CURVE('',#1503,#1530,#1267,.T.);
#1926=EDGE_CURVE('',#1531,#1495,#795,.T.);
#1927=EDGE_CURVE('',#1381,#1531,#796,.T.);
#1928=EDGE_CURVE('',#1532,#1531,#1268,.T.);
#1929=EDGE_CURVE('',#1382,#1532,#797,.T.);
#1930=EDGE_CURVE('',#1406,#1532,#798,.T.);
#1931=EDGE_CURVE('',#1533,#1409,#799,.T.);
#1932=EDGE_CURVE('',#1387,#1533,#800,.T.);
#1933=EDGE_CURVE('',#1504,#1533,#1269,.T.);
#1934=EDGE_CURVE('',#1534,#1497,#801,.T.);
#1935=EDGE_CURVE('',#1391,#1534,#802,.T.);
#1936=EDGE_CURVE('',#1535,#1534,#1270,.T.);
#1937=EDGE_CURVE('',#1392,#1535,#803,.T.);
#1938=EDGE_CURVE('',#1410,#1535,#804,.T.);
#1939=EDGE_CURVE('',#1536,#1350,#805,.T.);
#1940=EDGE_CURVE('',#1355,#1536,#806,.T.);
#1941=EDGE_CURVE('',#1502,#1536,#1271,.T.);
#1942=EDGE_CURVE('',#1537,#1499,#807,.T.);
#1943=EDGE_CURVE('',#1359,#1537,#808,.T.);
#1944=EDGE_CURVE('',#1538,#1537,#1272,.T.);
#1945=EDGE_CURVE('',#1360,#1538,#809,.T.);
#1946=EDGE_CURVE('',#1396,#1538,#810,.T.);
#1947=EDGE_CURVE('',#1539,#1399,#811,.T.);
#1948=EDGE_CURVE('',#1365,#1539,#812,.T.);
#1949=EDGE_CURVE('',#1501,#1539,#1273,.T.);
#1950=EDGE_CURVE('',#1540,#1493,#813,.T.);
#1951=EDGE_CURVE('',#1369,#1540,#814,.T.);
#1952=EDGE_CURVE('',#1402,#1540,#1274,.T.);
#1953=EDGE_CURVE('',#1541,#1542,#1275,.T.);
#1954=EDGE_CURVE('',#1542,#1543,#815,.T.);
#1955=EDGE_CURVE('',#1543,#1544,#1276,.T.);
#1956=EDGE_CURVE('',#1544,#1541,#816,.T.);
#1957=EDGE_CURVE('',#1544,#1545,#817,.T.);
#1958=EDGE_CURVE('',#1545,#1546,#818,.T.);
#1959=EDGE_CURVE('',#1541,#1546,#819,.T.);
#1960=EDGE_CURVE('',#1543,#1547,#820,.T.);
#1961=EDGE_CURVE('',#1548,#1547,#1277,.T.);
#1962=EDGE_CURVE('',#1548,#1549,#821,.T.);
#1963=EDGE_CURVE('',#1549,#1545,#822,.T.);
#1964=EDGE_CURVE('',#1550,#1550,#1278,.T.);
#1965=EDGE_CURVE('',#1551,#1551,#1279,.T.);
#1966=EDGE_CURVE('',#1552,#1552,#1280,.T.);
#1967=EDGE_CURVE('',#1553,#1554,#1281,.T.);
#1968=EDGE_CURVE('',#1554,#1548,#823,.T.);
#1969=EDGE_CURVE('',#1547,#1553,#824,.T.);
#1970=EDGE_CURVE('',#1555,#1554,#825,.T.);
#1971=EDGE_CURVE('',#1555,#1549,#826,.T.);
#1972=EDGE_CURVE('',#1556,#1557,#1282,.T.);
#1973=EDGE_CURVE('',#1557,#1558,#827,.T.);
#1974=EDGE_CURVE('',#1558,#1559,#1283,.T.);
#1975=EDGE_CURVE('',#1559,#1556,#828,.T.);
#1976=EDGE_CURVE('',#1559,#1560,#829,.T.);
#1977=EDGE_CURVE('',#1560,#1561,#830,.T.);
#1978=EDGE_CURVE('',#1556,#1561,#831,.T.);
#1979=EDGE_CURVE('',#1558,#1562,#832,.T.);
#1980=EDGE_CURVE('',#1563,#1562,#1284,.T.);
#1981=EDGE_CURVE('',#1563,#1564,#833,.T.);
#1982=EDGE_CURVE('',#1564,#1560,#834,.T.);
#1983=EDGE_CURVE('',#1565,#1565,#1285,.T.);
#1984=EDGE_CURVE('',#1566,#1566,#1286,.T.);
#1985=EDGE_CURVE('',#1567,#1567,#1287,.T.);
#1986=EDGE_CURVE('',#1568,#1569,#1288,.T.);
#1987=EDGE_CURVE('',#1569,#1563,#835,.T.);
#1988=EDGE_CURVE('',#1562,#1568,#836,.T.);
#1989=EDGE_CURVE('',#1570,#1569,#837,.T.);
#1990=EDGE_CURVE('',#1570,#1564,#838,.T.);
#1991=EDGE_CURVE('',#1571,#1571,#1289,.T.);
#1992=EDGE_CURVE('',#1571,#1565,#839,.T.);
#1993=EDGE_CURVE('',#1572,#1572,#1290,.T.);
#1994=EDGE_CURVE('',#1572,#1566,#840,.T.);
#1995=EDGE_CURVE('',#1573,#1573,#1291,.T.);
#1996=EDGE_CURVE('',#1573,#1550,#841,.T.);
#1997=EDGE_CURVE('',#1574,#1574,#1292,.T.);
#1998=EDGE_CURVE('',#1574,#1551,#842,.T.);
#1999=EDGE_CURVE('',#1575,#1575,#1293,.T.);
#2000=EDGE_CURVE('',#1575,#1567,#843,.T.);
#2001=EDGE_CURVE('',#1576,#1576,#1294,.T.);
#2002=EDGE_CURVE('',#1576,#1552,#844,.T.);
#2003=EDGE_CURVE('',#1577,#1577,#1295,.T.);
#2004=EDGE_CURVE('',#1577,#1578,#845,.T.);
#2005=EDGE_CURVE('',#1578,#1578,#1296,.T.);
#2006=EDGE_CURVE('',#1579,#1579,#1297,.T.);
#2007=EDGE_CURVE('',#1579,#1580,#846,.T.);
#2008=EDGE_CURVE('',#1580,#1580,#1298,.T.);
#2009=EDGE_CURVE('',#1581,#1581,#1299,.T.);
#2010=EDGE_CURVE('',#1581,#1582,#847,.T.);
#2011=EDGE_CURVE('',#1582,#1582,#1300,.T.);
#2012=EDGE_CURVE('',#1583,#1583,#1301,.T.);
#2013=EDGE_CURVE('',#1583,#1584,#848,.T.);
#2014=EDGE_CURVE('',#1584,#1584,#1302,.T.);
#2015=EDGE_CURVE('',#1585,#1585,#1303,.T.);
#2016=EDGE_CURVE('',#1585,#1586,#849,.T.);
#2017=EDGE_CURVE('',#1586,#1586,#1304,.T.);
#2018=EDGE_CURVE('',#1587,#1587,#1305,.T.);
#2019=EDGE_CURVE('',#1587,#1588,#850,.T.);
#2020=EDGE_CURVE('',#1588,#1588,#1306,.T.);
#2021=EDGE_CURVE('',#1589,#1589,#1307,.T.);
#2022=EDGE_CURVE('',#1589,#1590,#851,.T.);
#2023=EDGE_CURVE('',#1590,#1590,#1308,.T.);
#2024=EDGE_CURVE('',#1591,#1591,#1309,.T.);
#2025=EDGE_CURVE('',#1591,#1592,#852,.T.);
#2026=EDGE_CURVE('',#1592,#1592,#1310,.T.);
#2027=EDGE_CURVE('',#1593,#1593,#1311,.T.);
#2028=EDGE_CURVE('',#1593,#1594,#853,.T.);
#2029=EDGE_CURVE('',#1594,#1594,#1312,.T.);
#2030=EDGE_CURVE('',#1595,#1595,#1313,.T.);
#2031=EDGE_CURVE('',#1595,#1596,#854,.T.);
#2032=EDGE_CURVE('',#1596,#1596,#1314,.T.);
#2033=EDGE_CURVE('',#1597,#1597,#1315,.T.);
#2034=EDGE_CURVE('',#1597,#1598,#855,.T.);
#2035=EDGE_CURVE('',#1598,#1598,#1316,.T.);
#2036=EDGE_CURVE('',#1599,#1599,#1317,.T.);
#2037=EDGE_CURVE('',#1599,#1600,#856,.T.);
#2038=EDGE_CURVE('',#1600,#1600,#1318,.T.);
#2039=EDGE_CURVE('',#1601,#1601,#1319,.T.);
#2040=EDGE_CURVE('',#1601,#1602,#857,.T.);
#2041=EDGE_CURVE('',#1602,#1602,#1320,.T.);
#2042=EDGE_CURVE('',#1561,#1570,#858,.T.);
#2043=EDGE_CURVE('',#1561,#1603,#1321,.T.);
#2044=EDGE_CURVE('',#1604,#1603,#859,.T.);
#2045=EDGE_CURVE('',#1604,#1570,#1322,.T.);
#2046=EDGE_CURVE('',#1560,#1605,#1323,.T.);
#2047=EDGE_CURVE('',#1603,#1605,#860,.T.);
#2048=EDGE_CURVE('',#1606,#1604,#861,.T.);
#2049=EDGE_CURVE('',#1564,#1606,#1324,.T.);
#2050=EDGE_CURVE('',#1568,#1557,#862,.T.);
#2051=EDGE_CURVE('',#1605,#1606,#863,.T.);
#2052=EDGE_CURVE('',#1607,#1604,#864,.T.);
#2053=EDGE_CURVE('',#1607,#1608,#865,.T.);
#2054=EDGE_CURVE('',#1606,#1608,#866,.T.);
#2055=EDGE_CURVE('',#1603,#1609,#867,.T.);
#2056=EDGE_CURVE('',#1609,#1607,#868,.T.);
#2057=EDGE_CURVE('',#1546,#1555,#869,.T.);
#2058=EDGE_CURVE('',#1546,#1607,#1325,.T.);
#2059=EDGE_CURVE('',#1609,#1555,#1326,.T.);
#2060=EDGE_CURVE('',#1545,#1608,#1327,.T.);
#2061=EDGE_CURVE('',#1610,#1609,#870,.T.);
#2062=EDGE_CURVE('',#1549,#1610,#1328,.T.);
#2063=EDGE_CURVE('',#1553,#1542,#871,.T.);
#2064=EDGE_CURVE('',#1608,#1610,#872,.T.);
#2065=EDGE_CURVE('',#1610,#1605,#873,.T.);
#2066=ORIENTED_EDGE('',*,*,#1611,.F.);
#2067=ORIENTED_EDGE('',*,*,#1612,.T.);
#2068=ORIENTED_EDGE('',*,*,#1613,.F.);
#2069=ORIENTED_EDGE('',*,*,#1612,.F.);
#2070=ORIENTED_EDGE('',*,*,#1614,.F.);
#2071=ORIENTED_EDGE('',*,*,#1615,.F.);
#2072=ORIENTED_EDGE('',*,*,#1616,.F.);
#2073=ORIENTED_EDGE('',*,*,#1617,.T.);
#2074=ORIENTED_EDGE('',*,*,#1618,.F.);
#2075=ORIENTED_EDGE('',*,*,#1617,.F.);
#2076=ORIENTED_EDGE('',*,*,#1619,.F.);
#2077=ORIENTED_EDGE('',*,*,#1620,.T.);
#2078=ORIENTED_EDGE('',*,*,#1621,.F.);
#2079=ORIENTED_EDGE('',*,*,#1620,.F.);
#2080=ORIENTED_EDGE('',*,*,#1622,.F.);
#2081=ORIENTED_EDGE('',*,*,#1623,.T.);
#2082=ORIENTED_EDGE('',*,*,#1624,.F.);
#2083=ORIENTED_EDGE('',*,*,#1623,.F.);
#2084=ORIENTED_EDGE('',*,*,#1625,.F.);
#2085=ORIENTED_EDGE('',*,*,#1626,.T.);
#2086=ORIENTED_EDGE('',*,*,#1627,.F.);
#2087=ORIENTED_EDGE('',*,*,#1626,.F.);
#2088=ORIENTED_EDGE('',*,*,#1628,.F.);
#2089=ORIENTED_EDGE('',*,*,#1629,.T.);
#2090=ORIENTED_EDGE('',*,*,#1630,.F.);
#2091=ORIENTED_EDGE('',*,*,#1629,.F.);
#2092=ORIENTED_EDGE('',*,*,#1631,.F.);
#2093=ORIENTED_EDGE('',*,*,#1632,.T.);
#2094=ORIENTED_EDGE('',*,*,#1633,.F.);
#2095=ORIENTED_EDGE('',*,*,#1632,.F.);
#2096=ORIENTED_EDGE('',*,*,#1634,.F.);
#2097=ORIENTED_EDGE('',*,*,#1635,.T.);
#2098=ORIENTED_EDGE('',*,*,#1636,.F.);
#2099=ORIENTED_EDGE('',*,*,#1635,.F.);
#2100=ORIENTED_EDGE('',*,*,#1637,.F.);
#2101=ORIENTED_EDGE('',*,*,#1615,.T.);
#2102=ORIENTED_EDGE('',*,*,#1638,.F.);
#2103=ORIENTED_EDGE('',*,*,#1639,.T.);
#2104=ORIENTED_EDGE('',*,*,#1640,.F.);
#2105=ORIENTED_EDGE('',*,*,#1639,.F.);
#2106=ORIENTED_EDGE('',*,*,#1641,.T.);
#2107=ORIENTED_EDGE('',*,*,#1642,.T.);
#2108=ORIENTED_EDGE('',*,*,#1643,.T.);
#2109=ORIENTED_EDGE('',*,*,#1644,.T.);
#2110=ORIENTED_EDGE('',*,*,#1644,.F.);
#2111=ORIENTED_EDGE('',*,*,#1645,.F.);
#2112=ORIENTED_EDGE('',*,*,#1646,.T.);
#2113=ORIENTED_EDGE('',*,*,#1647,.F.);
#2114=ORIENTED_EDGE('',*,*,#1643,.F.);
#2115=ORIENTED_EDGE('',*,*,#1648,.F.);
#2116=ORIENTED_EDGE('',*,*,#1649,.T.);
#2117=ORIENTED_EDGE('',*,*,#1650,.T.);
#2118=ORIENTED_EDGE('',*,*,#1651,.T.);
#2119=ORIENTED_EDGE('',*,*,#1652,.T.);
#2120=ORIENTED_EDGE('',*,*,#1653,.T.);
#2121=ORIENTED_EDGE('',*,*,#1654,.F.);
#2122=ORIENTED_EDGE('',*,*,#1655,.F.);
#2123=ORIENTED_EDGE('',*,*,#1656,.T.);
#2124=ORIENTED_EDGE('',*,*,#1657,.F.);
#2125=ORIENTED_EDGE('',*,*,#1658,.F.);
#2126=ORIENTED_EDGE('',*,*,#1659,.T.);
#2127=ORIENTED_EDGE('',*,*,#1660,.T.);
#2128=ORIENTED_EDGE('',*,*,#1661,.T.);
#2129=ORIENTED_EDGE('',*,*,#1662,.T.);
#2130=ORIENTED_EDGE('',*,*,#1663,.T.);
#2131=ORIENTED_EDGE('',*,*,#1664,.F.);
#2132=ORIENTED_EDGE('',*,*,#1665,.F.);
#2133=ORIENTED_EDGE('',*,*,#1666,.T.);
#2134=ORIENTED_EDGE('',*,*,#1667,.T.);
#2135=ORIENTED_EDGE('',*,*,#1668,.T.);
#2136=ORIENTED_EDGE('',*,*,#1669,.F.);
#2137=ORIENTED_EDGE('',*,*,#1670,.T.);
#2138=ORIENTED_EDGE('',*,*,#1671,.T.);
#2139=ORIENTED_EDGE('',*,*,#1672,.F.);
#2140=ORIENTED_EDGE('',*,*,#1673,.T.);
#2141=ORIENTED_EDGE('',*,*,#1674,.F.);
#2142=ORIENTED_EDGE('',*,*,#1675,.T.);
#2143=ORIENTED_EDGE('',*,*,#1676,.T.);
#2144=ORIENTED_EDGE('',*,*,#1677,.F.);
#2145=ORIENTED_EDGE('',*,*,#1678,.T.);
#2146=ORIENTED_EDGE('',*,*,#1679,.F.);
#2147=ORIENTED_EDGE('',*,*,#1680,.T.);
#2148=ORIENTED_EDGE('',*,*,#1681,.T.);
#2149=ORIENTED_EDGE('',*,*,#1682,.F.);
#2150=ORIENTED_EDGE('',*,*,#1683,.T.);
#2151=ORIENTED_EDGE('',*,*,#1684,.F.);
#2152=ORIENTED_EDGE('',*,*,#1685,.T.);
#2153=ORIENTED_EDGE('',*,*,#1686,.T.);
#2154=ORIENTED_EDGE('',*,*,#1687,.F.);
#2155=ORIENTED_EDGE('',*,*,#1688,.T.);
#2156=ORIENTED_EDGE('',*,*,#1689,.T.);
#2157=ORIENTED_EDGE('',*,*,#1645,.T.);
#2158=ORIENTED_EDGE('',*,*,#1690,.T.);
#2159=ORIENTED_EDGE('',*,*,#1691,.T.);
#2160=ORIENTED_EDGE('',*,*,#1655,.T.);
#2161=ORIENTED_EDGE('',*,*,#1692,.T.);
#2162=ORIENTED_EDGE('',*,*,#1691,.F.);
#2163=ORIENTED_EDGE('',*,*,#1693,.F.);
#2164=ORIENTED_EDGE('',*,*,#1694,.F.);
#2165=ORIENTED_EDGE('',*,*,#1656,.F.);
#2166=ORIENTED_EDGE('',*,*,#1695,.T.);
#2167=ORIENTED_EDGE('',*,*,#1696,.T.);
#2168=ORIENTED_EDGE('',*,*,#1657,.T.);
#2169=ORIENTED_EDGE('',*,*,#1694,.T.);
#2170=ORIENTED_EDGE('',*,*,#1697,.T.);
#2171=ORIENTED_EDGE('',*,*,#1698,.T.);
#2172=ORIENTED_EDGE('',*,*,#1665,.T.);
#2173=ORIENTED_EDGE('',*,*,#1699,.T.);
#2174=ORIENTED_EDGE('',*,*,#1699,.F.);
#2175=ORIENTED_EDGE('',*,*,#1664,.T.);
#2176=ORIENTED_EDGE('',*,*,#1700,.T.);
#2177=ORIENTED_EDGE('',*,*,#1701,.F.);
#2178=ORIENTED_EDGE('',*,*,#1702,.T.);
#2179=ORIENTED_EDGE('',*,*,#1703,.T.);
#2180=ORIENTED_EDGE('',*,*,#1669,.T.);
#2181=ORIENTED_EDGE('',*,*,#1704,.T.);
#2182=ORIENTED_EDGE('',*,*,#1704,.F.);
#2183=ORIENTED_EDGE('',*,*,#1668,.F.);
#2184=ORIENTED_EDGE('',*,*,#1705,.T.);
#2185=ORIENTED_EDGE('',*,*,#1706,.F.);
#2186=ORIENTED_EDGE('',*,*,#1707,.T.);
#2187=ORIENTED_EDGE('',*,*,#1708,.T.);
#2188=ORIENTED_EDGE('',*,*,#1677,.T.);
#2189=ORIENTED_EDGE('',*,*,#1709,.T.);
#2190=ORIENTED_EDGE('',*,*,#1708,.F.);
#2191=ORIENTED_EDGE('',*,*,#1710,.F.);
#2192=ORIENTED_EDGE('',*,*,#1711,.F.);
#2193=ORIENTED_EDGE('',*,*,#1678,.F.);
#2194=ORIENTED_EDGE('',*,*,#1712,.T.);
#2195=ORIENTED_EDGE('',*,*,#1713,.T.);
#2196=ORIENTED_EDGE('',*,*,#1679,.T.);
#2197=ORIENTED_EDGE('',*,*,#1711,.T.);
#2198=ORIENTED_EDGE('',*,*,#1714,.T.);
#2199=ORIENTED_EDGE('',*,*,#1715,.T.);
#2200=ORIENTED_EDGE('',*,*,#1687,.T.);
#2201=ORIENTED_EDGE('',*,*,#1716,.T.);
#2202=ORIENTED_EDGE('',*,*,#1715,.F.);
#2203=ORIENTED_EDGE('',*,*,#1717,.F.);
#2204=ORIENTED_EDGE('',*,*,#1718,.T.);
#2205=ORIENTED_EDGE('',*,*,#1688,.F.);
#2206=ORIENTED_EDGE('',*,*,#1719,.T.);
#2207=ORIENTED_EDGE('',*,*,#1720,.T.);
#2208=ORIENTED_EDGE('',*,*,#1721,.T.);
#2209=ORIENTED_EDGE('',*,*,#1722,.T.);
#2210=ORIENTED_EDGE('',*,*,#1720,.F.);
#2211=ORIENTED_EDGE('',*,*,#1723,.F.);
#2212=ORIENTED_EDGE('',*,*,#1724,.T.);
#2213=ORIENTED_EDGE('',*,*,#1725,.F.);
#2214=ORIENTED_EDGE('',*,*,#1719,.F.);
#2215=ORIENTED_EDGE('',*,*,#1726,.T.);
#2216=ORIENTED_EDGE('',*,*,#1727,.F.);
#2217=ORIENTED_EDGE('',*,*,#1728,.T.);
#2218=ORIENTED_EDGE('',*,*,#1729,.T.);
#2219=ORIENTED_EDGE('',*,*,#1723,.T.);
#2220=ORIENTED_EDGE('',*,*,#1730,.F.);
#2221=ORIENTED_EDGE('',*,*,#1731,.T.);
#2222=ORIENTED_EDGE('',*,*,#1732,.T.);
#2223=ORIENTED_EDGE('',*,*,#1733,.T.);
#2224=ORIENTED_EDGE('',*,*,#1734,.T.);
#2225=ORIENTED_EDGE('',*,*,#1733,.F.);
#2226=ORIENTED_EDGE('',*,*,#1735,.T.);
#2227=ORIENTED_EDGE('',*,*,#1736,.F.);
#2228=ORIENTED_EDGE('',*,*,#1737,.T.);
#2229=ORIENTED_EDGE('',*,*,#1738,.T.);
#2230=ORIENTED_EDGE('',*,*,#1739,.F.);
#2231=ORIENTED_EDGE('',*,*,#1740,.F.);
#2232=ORIENTED_EDGE('',*,*,#1732,.F.);
#2233=ORIENTED_EDGE('',*,*,#1741,.F.);
#2234=ORIENTED_EDGE('',*,*,#1742,.F.);
#2235=ORIENTED_EDGE('',*,*,#1735,.F.);
#2236=ORIENTED_EDGE('',*,*,#1727,.T.);
#2237=ORIENTED_EDGE('',*,*,#1743,.T.);
#2238=ORIENTED_EDGE('',*,*,#1744,.T.);
#2239=ORIENTED_EDGE('',*,*,#1745,.T.);
#2240=ORIENTED_EDGE('',*,*,#1745,.F.);
#2241=ORIENTED_EDGE('',*,*,#1746,.T.);
#2242=ORIENTED_EDGE('',*,*,#1747,.T.);
#2243=ORIENTED_EDGE('',*,*,#1728,.F.);
#2244=ORIENTED_EDGE('',*,*,#1721,.F.);
#2245=ORIENTED_EDGE('',*,*,#1725,.T.);
#2246=ORIENTED_EDGE('',*,*,#1748,.T.);
#2247=ORIENTED_EDGE('',*,*,#1746,.F.);
#2248=ORIENTED_EDGE('',*,*,#1744,.F.);
#2249=ORIENTED_EDGE('',*,*,#1749,.T.);
#2250=ORIENTED_EDGE('',*,*,#1750,.F.);
#2251=ORIENTED_EDGE('',*,*,#1751,.T.);
#2252=ORIENTED_EDGE('',*,*,#1752,.T.);
#2253=ORIENTED_EDGE('',*,*,#1736,.T.);
#2254=ORIENTED_EDGE('',*,*,#1742,.T.);
#2255=ORIENTED_EDGE('',*,*,#1753,.T.);
#2256=ORIENTED_EDGE('',*,*,#1754,.T.);
#2257=ORIENTED_EDGE('',*,*,#1755,.T.);
#2258=ORIENTED_EDGE('',*,*,#1756,.T.);
#2259=ORIENTED_EDGE('',*,*,#1754,.F.);
#2260=ORIENTED_EDGE('',*,*,#1757,.F.);
#2261=ORIENTED_EDGE('',*,*,#1758,.T.);
#2262=ORIENTED_EDGE('',*,*,#1759,.F.);
#2263=ORIENTED_EDGE('',*,*,#1753,.F.);
#2264=ORIENTED_EDGE('',*,*,#1760,.T.);
#2265=ORIENTED_EDGE('',*,*,#1761,.F.);
#2266=ORIENTED_EDGE('',*,*,#1762,.T.);
#2267=ORIENTED_EDGE('',*,*,#1763,.T.);
#2268=ORIENTED_EDGE('',*,*,#1757,.T.);
#2269=ORIENTED_EDGE('',*,*,#1764,.F.);
#2270=ORIENTED_EDGE('',*,*,#1761,.T.);
#2271=ORIENTED_EDGE('',*,*,#1765,.T.);
#2272=ORIENTED_EDGE('',*,*,#1766,.T.);
#2273=ORIENTED_EDGE('',*,*,#1767,.T.);
#2274=ORIENTED_EDGE('',*,*,#1767,.F.);
#2275=ORIENTED_EDGE('',*,*,#1768,.T.);
#2276=ORIENTED_EDGE('',*,*,#1769,.T.);
#2277=ORIENTED_EDGE('',*,*,#1762,.F.);
#2278=ORIENTED_EDGE('',*,*,#1755,.F.);
#2279=ORIENTED_EDGE('',*,*,#1759,.T.);
#2280=ORIENTED_EDGE('',*,*,#1770,.T.);
#2281=ORIENTED_EDGE('',*,*,#1768,.F.);
#2282=ORIENTED_EDGE('',*,*,#1766,.F.);
#2283=ORIENTED_EDGE('',*,*,#1771,.T.);
#2284=ORIENTED_EDGE('',*,*,#1772,.F.);
#2285=ORIENTED_EDGE('',*,*,#1773,.T.);
#2286=ORIENTED_EDGE('',*,*,#1774,.T.);
#2287=ORIENTED_EDGE('',*,*,#1775,.T.);
#2288=ORIENTED_EDGE('',*,*,#1776,.T.);
#2289=ORIENTED_EDGE('',*,*,#1774,.F.);
#2290=ORIENTED_EDGE('',*,*,#1777,.F.);
#2291=ORIENTED_EDGE('',*,*,#1778,.T.);
#2292=ORIENTED_EDGE('',*,*,#1779,.F.);
#2293=ORIENTED_EDGE('',*,*,#1773,.F.);
#2294=ORIENTED_EDGE('',*,*,#1780,.T.);
#2295=ORIENTED_EDGE('',*,*,#1781,.F.);
#2296=ORIENTED_EDGE('',*,*,#1782,.T.);
#2297=ORIENTED_EDGE('',*,*,#1783,.T.);
#2298=ORIENTED_EDGE('',*,*,#1777,.T.);
#2299=ORIENTED_EDGE('',*,*,#1784,.F.);
#2300=ORIENTED_EDGE('',*,*,#1781,.T.);
#2301=ORIENTED_EDGE('',*,*,#1785,.T.);
#2302=ORIENTED_EDGE('',*,*,#1786,.T.);
#2303=ORIENTED_EDGE('',*,*,#1787,.T.);
#2304=ORIENTED_EDGE('',*,*,#1787,.F.);
#2305=ORIENTED_EDGE('',*,*,#1788,.T.);
#2306=ORIENTED_EDGE('',*,*,#1789,.T.);
#2307=ORIENTED_EDGE('',*,*,#1782,.F.);
#2308=ORIENTED_EDGE('',*,*,#1775,.F.);
#2309=ORIENTED_EDGE('',*,*,#1779,.T.);
#2310=ORIENTED_EDGE('',*,*,#1790,.T.);
#2311=ORIENTED_EDGE('',*,*,#1788,.F.);
#2312=ORIENTED_EDGE('',*,*,#1786,.F.);
#2313=ORIENTED_EDGE('',*,*,#1791,.T.);
#2314=ORIENTED_EDGE('',*,*,#1792,.F.);
#2315=ORIENTED_EDGE('',*,*,#1784,.T.);
#2316=ORIENTED_EDGE('',*,*,#1793,.T.);
#2317=ORIENTED_EDGE('',*,*,#1794,.T.);
#2318=ORIENTED_EDGE('',*,*,#1795,.T.);
#2319=ORIENTED_EDGE('',*,*,#1793,.F.);
#2320=ORIENTED_EDGE('',*,*,#1794,.F.);
#2321=ORIENTED_EDGE('',*,*,#1795,.F.);
#2322=ORIENTED_EDGE('',*,*,#1796,.T.);
#2323=ORIENTED_EDGE('',*,*,#1797,.F.);
#2324=ORIENTED_EDGE('',*,*,#1796,.F.);
#2325=ORIENTED_EDGE('',*,*,#1798,.T.);
#2326=ORIENTED_EDGE('',*,*,#1799,.T.);
#2327=ORIENTED_EDGE('',*,*,#1800,.T.);
#2328=ORIENTED_EDGE('',*,*,#1801,.T.);
#2329=ORIENTED_EDGE('',*,*,#1799,.F.);
#2330=ORIENTED_EDGE('',*,*,#1800,.F.);
#2331=ORIENTED_EDGE('',*,*,#1801,.F.);
#2332=ORIENTED_EDGE('',*,*,#1802,.T.);
#2333=ORIENTED_EDGE('',*,*,#1803,.F.);
#2334=ORIENTED_EDGE('',*,*,#1802,.F.);
#2335=ORIENTED_EDGE('',*,*,#1731,.F.);
#2336=ORIENTED_EDGE('',*,*,#1804,.T.);
#2337=ORIENTED_EDGE('',*,*,#1805,.T.);
#2338=ORIENTED_EDGE('',*,*,#1806,.T.);
#2339=ORIENTED_EDGE('',*,*,#1751,.F.);
#2340=ORIENTED_EDGE('',*,*,#1741,.T.);
#2341=ORIENTED_EDGE('',*,*,#1798,.F.);
#2342=ORIENTED_EDGE('',*,*,#1807,.T.);
#2343=ORIENTED_EDGE('',*,*,#1808,.T.);
#2344=ORIENTED_EDGE('',*,*,#1740,.T.);
#2345=ORIENTED_EDGE('',*,*,#1808,.F.);
#2346=ORIENTED_EDGE('',*,*,#1809,.T.);
#2347=ORIENTED_EDGE('',*,*,#1810,.F.);
#2348=ORIENTED_EDGE('',*,*,#1811,.T.);
#2349=ORIENTED_EDGE('',*,*,#1809,.F.);
#2350=ORIENTED_EDGE('',*,*,#1807,.F.);
#2351=ORIENTED_EDGE('',*,*,#1811,.F.);
#2352=ORIENTED_EDGE('',*,*,#1812,.T.);
#2353=ORIENTED_EDGE('',*,*,#1813,.T.);
#2354=ORIENTED_EDGE('',*,*,#1792,.T.);
#2355=ORIENTED_EDGE('',*,*,#1813,.F.);
#2356=ORIENTED_EDGE('',*,*,#1814,.T.);
#2357=ORIENTED_EDGE('',*,*,#1815,.F.);
#2358=ORIENTED_EDGE('',*,*,#1816,.T.);
#2359=ORIENTED_EDGE('',*,*,#1814,.F.);
#2360=ORIENTED_EDGE('',*,*,#1812,.F.);
#2361=ORIENTED_EDGE('',*,*,#1816,.F.);
#2362=ORIENTED_EDGE('',*,*,#1810,.T.);
#2363=ORIENTED_EDGE('',*,*,#1803,.T.);
#2364=ORIENTED_EDGE('',*,*,#1815,.T.);
#2365=ORIENTED_EDGE('',*,*,#1797,.T.);
#2366=ORIENTED_EDGE('',*,*,#1730,.T.);
#2367=ORIENTED_EDGE('',*,*,#1817,.T.);
#2368=ORIENTED_EDGE('',*,*,#1818,.T.);
#2369=ORIENTED_EDGE('',*,*,#1819,.T.);
#2370=ORIENTED_EDGE('',*,*,#1817,.F.);
#2371=ORIENTED_EDGE('',*,*,#1819,.F.);
#2372=ORIENTED_EDGE('',*,*,#1820,.T.);
#2373=ORIENTED_EDGE('',*,*,#1821,.F.);
#2374=ORIENTED_EDGE('',*,*,#1820,.F.);
#2375=ORIENTED_EDGE('',*,*,#1818,.F.);
#2376=ORIENTED_EDGE('',*,*,#1822,.T.);
#2377=ORIENTED_EDGE('',*,*,#1823,.T.);
#2378=ORIENTED_EDGE('',*,*,#1750,.T.);
#2379=ORIENTED_EDGE('',*,*,#1823,.F.);
#2380=ORIENTED_EDGE('',*,*,#1824,.T.);
#2381=ORIENTED_EDGE('',*,*,#1825,.F.);
#2382=ORIENTED_EDGE('',*,*,#1826,.T.);
#2383=ORIENTED_EDGE('',*,*,#1824,.F.);
#2384=ORIENTED_EDGE('',*,*,#1822,.F.);
#2385=ORIENTED_EDGE('',*,*,#1826,.F.);
#2386=ORIENTED_EDGE('',*,*,#1825,.T.);
#2387=ORIENTED_EDGE('',*,*,#1821,.T.);
#2388=ORIENTED_EDGE('',*,*,#1764,.T.);
#2389=ORIENTED_EDGE('',*,*,#1827,.T.);
#2390=ORIENTED_EDGE('',*,*,#1828,.T.);
#2391=ORIENTED_EDGE('',*,*,#1829,.T.);
#2392=ORIENTED_EDGE('',*,*,#1827,.F.);
#2393=ORIENTED_EDGE('',*,*,#1829,.F.);
#2394=ORIENTED_EDGE('',*,*,#1830,.T.);
#2395=ORIENTED_EDGE('',*,*,#1831,.F.);
#2396=ORIENTED_EDGE('',*,*,#1830,.F.);
#2397=ORIENTED_EDGE('',*,*,#1828,.F.);
#2398=ORIENTED_EDGE('',*,*,#1832,.T.);
#2399=ORIENTED_EDGE('',*,*,#1833,.T.);
#2400=ORIENTED_EDGE('',*,*,#1772,.T.);
#2401=ORIENTED_EDGE('',*,*,#1833,.F.);
#2402=ORIENTED_EDGE('',*,*,#1834,.T.);
#2403=ORIENTED_EDGE('',*,*,#1835,.F.);
#2404=ORIENTED_EDGE('',*,*,#1836,.T.);
#2405=ORIENTED_EDGE('',*,*,#1834,.F.);
#2406=ORIENTED_EDGE('',*,*,#1832,.F.);
#2407=ORIENTED_EDGE('',*,*,#1836,.F.);
#2408=ORIENTED_EDGE('',*,*,#1835,.T.);
#2409=ORIENTED_EDGE('',*,*,#1831,.T.);
#2410=ORIENTED_EDGE('',*,*,#1763,.F.);
#2411=ORIENTED_EDGE('',*,*,#1837,.T.);
#2412=ORIENTED_EDGE('',*,*,#1661,.F.);
#2413=ORIENTED_EDGE('',*,*,#1838,.T.);
#2414=ORIENTED_EDGE('',*,*,#1769,.F.);
#2415=ORIENTED_EDGE('',*,*,#1839,.T.);
#2416=ORIENTED_EDGE('',*,*,#1840,.F.);
#2417=ORIENTED_EDGE('',*,*,#1837,.F.);
#2418=ORIENTED_EDGE('',*,*,#1758,.F.);
#2419=ORIENTED_EDGE('',*,*,#1838,.F.);
#2420=ORIENTED_EDGE('',*,*,#1841,.F.);
#2421=ORIENTED_EDGE('',*,*,#1842,.F.);
#2422=ORIENTED_EDGE('',*,*,#1756,.F.);
#2423=ORIENTED_EDGE('',*,*,#1771,.F.);
#2424=ORIENTED_EDGE('',*,*,#1765,.F.);
#2425=ORIENTED_EDGE('',*,*,#1760,.F.);
#2426=ORIENTED_EDGE('',*,*,#1770,.F.);
#2427=ORIENTED_EDGE('',*,*,#1842,.T.);
#2428=ORIENTED_EDGE('',*,*,#1843,.F.);
#2429=ORIENTED_EDGE('',*,*,#1839,.F.);
#2430=ORIENTED_EDGE('',*,*,#1783,.F.);
#2431=ORIENTED_EDGE('',*,*,#1844,.T.);
#2432=ORIENTED_EDGE('',*,*,#1673,.F.);
#2433=ORIENTED_EDGE('',*,*,#1845,.T.);
#2434=ORIENTED_EDGE('',*,*,#1789,.F.);
#2435=ORIENTED_EDGE('',*,*,#1846,.T.);
#2436=ORIENTED_EDGE('',*,*,#1847,.F.);
#2437=ORIENTED_EDGE('',*,*,#1844,.F.);
#2438=ORIENTED_EDGE('',*,*,#1778,.F.);
#2439=ORIENTED_EDGE('',*,*,#1845,.F.);
#2440=ORIENTED_EDGE('',*,*,#1848,.F.);
#2441=ORIENTED_EDGE('',*,*,#1849,.F.);
#2442=ORIENTED_EDGE('',*,*,#1776,.F.);
#2443=ORIENTED_EDGE('',*,*,#1791,.F.);
#2444=ORIENTED_EDGE('',*,*,#1785,.F.);
#2445=ORIENTED_EDGE('',*,*,#1780,.F.);
#2446=ORIENTED_EDGE('',*,*,#1790,.F.);
#2447=ORIENTED_EDGE('',*,*,#1849,.T.);
#2448=ORIENTED_EDGE('',*,*,#1850,.F.);
#2449=ORIENTED_EDGE('',*,*,#1846,.F.);
#2450=ORIENTED_EDGE('',*,*,#1805,.F.);
#2451=ORIENTED_EDGE('',*,*,#1851,.T.);
#2452=ORIENTED_EDGE('',*,*,#1683,.F.);
#2453=ORIENTED_EDGE('',*,*,#1852,.T.);
#2454=ORIENTED_EDGE('',*,*,#1752,.F.);
#2455=ORIENTED_EDGE('',*,*,#1806,.F.);
#2456=ORIENTED_EDGE('',*,*,#1853,.T.);
#2457=ORIENTED_EDGE('',*,*,#1737,.F.);
#2458=ORIENTED_EDGE('',*,*,#1854,.F.);
#2459=ORIENTED_EDGE('',*,*,#1855,.T.);
#2460=ORIENTED_EDGE('',*,*,#1856,.F.);
#2461=ORIENTED_EDGE('',*,*,#1851,.F.);
#2462=ORIENTED_EDGE('',*,*,#1853,.F.);
#2463=ORIENTED_EDGE('',*,*,#1852,.F.);
#2464=ORIENTED_EDGE('',*,*,#1857,.F.);
#2465=ORIENTED_EDGE('',*,*,#1858,.F.);
#2466=ORIENTED_EDGE('',*,*,#1734,.F.);
#2467=ORIENTED_EDGE('',*,*,#1739,.T.);
#2468=ORIENTED_EDGE('',*,*,#1854,.T.);
#2469=ORIENTED_EDGE('',*,*,#1804,.F.);
#2470=ORIENTED_EDGE('',*,*,#1738,.F.);
#2471=ORIENTED_EDGE('',*,*,#1858,.T.);
#2472=ORIENTED_EDGE('',*,*,#1859,.F.);
#2473=ORIENTED_EDGE('',*,*,#1855,.F.);
#2474=ORIENTED_EDGE('',*,*,#1729,.F.);
#2475=ORIENTED_EDGE('',*,*,#1860,.T.);
#2476=ORIENTED_EDGE('',*,*,#1651,.F.);
#2477=ORIENTED_EDGE('',*,*,#1861,.T.);
#2478=ORIENTED_EDGE('',*,*,#1747,.F.);
#2479=ORIENTED_EDGE('',*,*,#1862,.T.);
#2480=ORIENTED_EDGE('',*,*,#1863,.F.);
#2481=ORIENTED_EDGE('',*,*,#1860,.F.);
#2482=ORIENTED_EDGE('',*,*,#1724,.F.);
#2483=ORIENTED_EDGE('',*,*,#1861,.F.);
#2484=ORIENTED_EDGE('',*,*,#1864,.F.);
#2485=ORIENTED_EDGE('',*,*,#1865,.F.);
#2486=ORIENTED_EDGE('',*,*,#1722,.F.);
#2487=ORIENTED_EDGE('',*,*,#1749,.F.);
#2488=ORIENTED_EDGE('',*,*,#1743,.F.);
#2489=ORIENTED_EDGE('',*,*,#1726,.F.);
#2490=ORIENTED_EDGE('',*,*,#1748,.F.);
#2491=ORIENTED_EDGE('',*,*,#1865,.T.);
#2492=ORIENTED_EDGE('',*,*,#1866,.F.);
#2493=ORIENTED_EDGE('',*,*,#1862,.F.);
#2494=ORIENTED_EDGE('',*,*,#1841,.T.);
#2495=ORIENTED_EDGE('',*,*,#1660,.F.);
#2496=ORIENTED_EDGE('',*,*,#1867,.T.);
#2497=ORIENTED_EDGE('',*,*,#1868,.F.);
#2498=ORIENTED_EDGE('',*,*,#1864,.T.);
#2499=ORIENTED_EDGE('',*,*,#1650,.F.);
#2500=ORIENTED_EDGE('',*,*,#1869,.T.);
#2501=ORIENTED_EDGE('',*,*,#1870,.F.);
#2502=ORIENTED_EDGE('',*,*,#1848,.T.);
#2503=ORIENTED_EDGE('',*,*,#1672,.T.);
#2504=ORIENTED_EDGE('',*,*,#1871,.T.);
#2505=ORIENTED_EDGE('',*,*,#1872,.F.);
#2506=ORIENTED_EDGE('',*,*,#1857,.T.);
#2507=ORIENTED_EDGE('',*,*,#1682,.T.);
#2508=ORIENTED_EDGE('',*,*,#1873,.T.);
#2509=ORIENTED_EDGE('',*,*,#1874,.F.);
#2510=ORIENTED_EDGE('',*,*,#1875,.T.);
#2511=ORIENTED_EDGE('',*,*,#1876,.T.);
#2512=ORIENTED_EDGE('',*,*,#1877,.T.);
#2513=ORIENTED_EDGE('',*,*,#1878,.T.);
#2514=ORIENTED_EDGE('',*,*,#1878,.F.);
#2515=ORIENTED_EDGE('',*,*,#1879,.T.);
#2516=ORIENTED_EDGE('',*,*,#1880,.T.);
#2517=ORIENTED_EDGE('',*,*,#1881,.F.);
#2518=ORIENTED_EDGE('',*,*,#1877,.F.);
#2519=ORIENTED_EDGE('',*,*,#1882,.T.);
#2520=ORIENTED_EDGE('',*,*,#1883,.F.);
#2521=ORIENTED_EDGE('',*,*,#1884,.T.);
#2522=ORIENTED_EDGE('',*,*,#1885,.T.);
#2523=ORIENTED_EDGE('',*,*,#1879,.F.);
#2524=ORIENTED_EDGE('',*,*,#1613,.T.);
#2525=ORIENTED_EDGE('',*,*,#1627,.T.);
#2526=ORIENTED_EDGE('',*,*,#1630,.T.);
#2527=ORIENTED_EDGE('',*,*,#1633,.T.);
#2528=ORIENTED_EDGE('',*,*,#1636,.T.);
#2529=ORIENTED_EDGE('',*,*,#1614,.T.);
#2530=ORIENTED_EDGE('',*,*,#1618,.T.);
#2531=ORIENTED_EDGE('',*,*,#1621,.T.);
#2532=ORIENTED_EDGE('',*,*,#1624,.T.);
#2533=ORIENTED_EDGE('',*,*,#1640,.T.);
#2534=ORIENTED_EDGE('',*,*,#1886,.T.);
#2535=ORIENTED_EDGE('',*,*,#1887,.T.);
#2536=ORIENTED_EDGE('',*,*,#1883,.T.);
#2537=ORIENTED_EDGE('',*,*,#1888,.T.);
#2538=ORIENTED_EDGE('',*,*,#1887,.F.);
#2539=ORIENTED_EDGE('',*,*,#1889,.F.);
#2540=ORIENTED_EDGE('',*,*,#1890,.T.);
#2541=ORIENTED_EDGE('',*,*,#1884,.F.);
#2542=ORIENTED_EDGE('',*,*,#1891,.T.);
#2543=ORIENTED_EDGE('',*,*,#1892,.T.);
#2544=ORIENTED_EDGE('',*,*,#1893,.T.);
#2545=ORIENTED_EDGE('',*,*,#1894,.T.);
#2546=ORIENTED_EDGE('',*,*,#1894,.F.);
#2547=ORIENTED_EDGE('',*,*,#1895,.T.);
#2548=ORIENTED_EDGE('',*,*,#1896,.T.);
#2549=ORIENTED_EDGE('',*,*,#1897,.F.);
#2550=ORIENTED_EDGE('',*,*,#1893,.F.);
#2551=ORIENTED_EDGE('',*,*,#1898,.T.);
#2552=ORIENTED_EDGE('',*,*,#1899,.F.);
#2553=ORIENTED_EDGE('',*,*,#1900,.T.);
#2554=ORIENTED_EDGE('',*,*,#1901,.T.);
#2555=ORIENTED_EDGE('',*,*,#1895,.F.);
#2556=ORIENTED_EDGE('',*,*,#1902,.T.);
#2557=ORIENTED_EDGE('',*,*,#1903,.T.);
#2558=ORIENTED_EDGE('',*,*,#1899,.T.);
#2559=ORIENTED_EDGE('',*,*,#1904,.T.);
#2560=ORIENTED_EDGE('',*,*,#1903,.F.);
#2561=ORIENTED_EDGE('',*,*,#1905,.F.);
#2562=ORIENTED_EDGE('',*,*,#1906,.T.);
#2563=ORIENTED_EDGE('',*,*,#1900,.F.);
#2564=ORIENTED_EDGE('',*,*,#1907,.F.);
#2565=ORIENTED_EDGE('',*,*,#1908,.T.);
#2566=ORIENTED_EDGE('',*,*,#1689,.F.);
#2567=ORIENTED_EDGE('',*,*,#1909,.T.);
#2568=ORIENTED_EDGE('',*,*,#1880,.F.);
#2569=ORIENTED_EDGE('',*,*,#1910,.T.);
#2570=ORIENTED_EDGE('',*,*,#1646,.F.);
#2571=ORIENTED_EDGE('',*,*,#1908,.F.);
#2572=ORIENTED_EDGE('',*,*,#1890,.F.);
#2573=ORIENTED_EDGE('',*,*,#1909,.F.);
#2574=ORIENTED_EDGE('',*,*,#1718,.F.);
#2575=ORIENTED_EDGE('',*,*,#1911,.F.);
#2576=ORIENTED_EDGE('',*,*,#1876,.F.);
#2577=ORIENTED_EDGE('',*,*,#1912,.F.);
#2578=ORIENTED_EDGE('',*,*,#1888,.F.);
#2579=ORIENTED_EDGE('',*,*,#1882,.F.);
#2580=ORIENTED_EDGE('',*,*,#1885,.F.);
#2581=ORIENTED_EDGE('',*,*,#1911,.T.);
#2582=ORIENTED_EDGE('',*,*,#1913,.F.);
#2583=ORIENTED_EDGE('',*,*,#1910,.F.);
#2584=ORIENTED_EDGE('',*,*,#1875,.F.);
#2585=ORIENTED_EDGE('',*,*,#1881,.T.);
#2586=ORIENTED_EDGE('',*,*,#1907,.T.);
#2587=ORIENTED_EDGE('',*,*,#1889,.T.);
#2588=ORIENTED_EDGE('',*,*,#1886,.F.);
#2589=ORIENTED_EDGE('',*,*,#1912,.T.);
#2590=ORIENTED_EDGE('',*,*,#1611,.T.);
#2591=ORIENTED_EDGE('',*,*,#1628,.T.);
#2592=ORIENTED_EDGE('',*,*,#1625,.T.);
#2593=ORIENTED_EDGE('',*,*,#1622,.T.);
#2594=ORIENTED_EDGE('',*,*,#1619,.T.);
#2595=ORIENTED_EDGE('',*,*,#1616,.T.);
#2596=ORIENTED_EDGE('',*,*,#1637,.T.);
#2597=ORIENTED_EDGE('',*,*,#1634,.T.);
#2598=ORIENTED_EDGE('',*,*,#1631,.T.);
#2599=ORIENTED_EDGE('',*,*,#1638,.T.);
#2600=ORIENTED_EDGE('',*,*,#1914,.F.);
#2601=ORIENTED_EDGE('',*,*,#1915,.T.);
#2602=ORIENTED_EDGE('',*,*,#1667,.F.);
#2603=ORIENTED_EDGE('',*,*,#1916,.T.);
#2604=ORIENTED_EDGE('',*,*,#1896,.F.);
#2605=ORIENTED_EDGE('',*,*,#1917,.T.);
#2606=ORIENTED_EDGE('',*,*,#1705,.F.);
#2607=ORIENTED_EDGE('',*,*,#1915,.F.);
#2608=ORIENTED_EDGE('',*,*,#1906,.F.);
#2609=ORIENTED_EDGE('',*,*,#1916,.F.);
#2610=ORIENTED_EDGE('',*,*,#1918,.F.);
#2611=ORIENTED_EDGE('',*,*,#1919,.F.);
#2612=ORIENTED_EDGE('',*,*,#1892,.F.);
#2613=ORIENTED_EDGE('',*,*,#1920,.F.);
#2614=ORIENTED_EDGE('',*,*,#1904,.F.);
#2615=ORIENTED_EDGE('',*,*,#1898,.F.);
#2616=ORIENTED_EDGE('',*,*,#1901,.F.);
#2617=ORIENTED_EDGE('',*,*,#1919,.T.);
#2618=ORIENTED_EDGE('',*,*,#1921,.F.);
#2619=ORIENTED_EDGE('',*,*,#1917,.F.);
#2620=ORIENTED_EDGE('',*,*,#1891,.F.);
#2621=ORIENTED_EDGE('',*,*,#1897,.T.);
#2622=ORIENTED_EDGE('',*,*,#1914,.T.);
#2623=ORIENTED_EDGE('',*,*,#1905,.T.);
#2624=ORIENTED_EDGE('',*,*,#1902,.F.);
#2625=ORIENTED_EDGE('',*,*,#1920,.T.);
#2626=ORIENTED_EDGE('',*,*,#1698,.F.);
#2627=ORIENTED_EDGE('',*,*,#1922,.F.);
#2628=ORIENTED_EDGE('',*,*,#1918,.T.);
#2629=ORIENTED_EDGE('',*,*,#1666,.F.);
#2630=ORIENTED_EDGE('',*,*,#1703,.F.);
#2631=ORIENTED_EDGE('',*,*,#1923,.F.);
#2632=ORIENTED_EDGE('',*,*,#1924,.F.);
#2633=ORIENTED_EDGE('',*,*,#1670,.F.);
#2634=ORIENTED_EDGE('',*,*,#1671,.F.);
#2635=ORIENTED_EDGE('',*,*,#1924,.T.);
#2636=ORIENTED_EDGE('',*,*,#1925,.F.);
#2637=ORIENTED_EDGE('',*,*,#1871,.F.);
#2638=ORIENTED_EDGE('',*,*,#1847,.T.);
#2639=ORIENTED_EDGE('',*,*,#1926,.F.);
#2640=ORIENTED_EDGE('',*,*,#1927,.F.);
#2641=ORIENTED_EDGE('',*,*,#1674,.T.);
#2642=ORIENTED_EDGE('',*,*,#1675,.F.);
#2643=ORIENTED_EDGE('',*,*,#1927,.T.);
#2644=ORIENTED_EDGE('',*,*,#1928,.F.);
#2645=ORIENTED_EDGE('',*,*,#1929,.F.);
#2646=ORIENTED_EDGE('',*,*,#1709,.F.);
#2647=ORIENTED_EDGE('',*,*,#1676,.F.);
#2648=ORIENTED_EDGE('',*,*,#1929,.T.);
#2649=ORIENTED_EDGE('',*,*,#1930,.F.);
#2650=ORIENTED_EDGE('',*,*,#1713,.F.);
#2651=ORIENTED_EDGE('',*,*,#1931,.F.);
#2652=ORIENTED_EDGE('',*,*,#1932,.F.);
#2653=ORIENTED_EDGE('',*,*,#1680,.F.);
#2654=ORIENTED_EDGE('',*,*,#1681,.F.);
#2655=ORIENTED_EDGE('',*,*,#1932,.T.);
#2656=ORIENTED_EDGE('',*,*,#1933,.F.);
#2657=ORIENTED_EDGE('',*,*,#1873,.F.);
#2658=ORIENTED_EDGE('',*,*,#1856,.T.);
#2659=ORIENTED_EDGE('',*,*,#1934,.F.);
#2660=ORIENTED_EDGE('',*,*,#1935,.F.);
#2661=ORIENTED_EDGE('',*,*,#1684,.T.);
#2662=ORIENTED_EDGE('',*,*,#1685,.F.);
#2663=ORIENTED_EDGE('',*,*,#1935,.T.);
#2664=ORIENTED_EDGE('',*,*,#1936,.F.);
#2665=ORIENTED_EDGE('',*,*,#1937,.F.);
#2666=ORIENTED_EDGE('',*,*,#1716,.F.);
#2667=ORIENTED_EDGE('',*,*,#1686,.F.);
#2668=ORIENTED_EDGE('',*,*,#1937,.T.);
#2669=ORIENTED_EDGE('',*,*,#1938,.F.);
#2670=ORIENTED_EDGE('',*,*,#1642,.F.);
#2671=ORIENTED_EDGE('',*,*,#1939,.F.);
#2672=ORIENTED_EDGE('',*,*,#1940,.F.);
#2673=ORIENTED_EDGE('',*,*,#1648,.T.);
#2674=ORIENTED_EDGE('',*,*,#1649,.F.);
#2675=ORIENTED_EDGE('',*,*,#1940,.T.);
#2676=ORIENTED_EDGE('',*,*,#1941,.F.);
#2677=ORIENTED_EDGE('',*,*,#1869,.F.);
#2678=ORIENTED_EDGE('',*,*,#1863,.T.);
#2679=ORIENTED_EDGE('',*,*,#1942,.F.);
#2680=ORIENTED_EDGE('',*,*,#1943,.F.);
#2681=ORIENTED_EDGE('',*,*,#1652,.F.);
#2682=ORIENTED_EDGE('',*,*,#1653,.F.);
#2683=ORIENTED_EDGE('',*,*,#1943,.T.);
#2684=ORIENTED_EDGE('',*,*,#1944,.F.);
#2685=ORIENTED_EDGE('',*,*,#1945,.F.);
#2686=ORIENTED_EDGE('',*,*,#1692,.F.);
#2687=ORIENTED_EDGE('',*,*,#1654,.T.);
#2688=ORIENTED_EDGE('',*,*,#1945,.T.);
#2689=ORIENTED_EDGE('',*,*,#1946,.F.);
#2690=ORIENTED_EDGE('',*,*,#1696,.F.);
#2691=ORIENTED_EDGE('',*,*,#1947,.F.);
#2692=ORIENTED_EDGE('',*,*,#1948,.F.);
#2693=ORIENTED_EDGE('',*,*,#1658,.T.);
#2694=ORIENTED_EDGE('',*,*,#1659,.F.);
#2695=ORIENTED_EDGE('',*,*,#1948,.T.);
#2696=ORIENTED_EDGE('',*,*,#1949,.F.);
#2697=ORIENTED_EDGE('',*,*,#1867,.F.);
#2698=ORIENTED_EDGE('',*,*,#1840,.T.);
#2699=ORIENTED_EDGE('',*,*,#1950,.F.);
#2700=ORIENTED_EDGE('',*,*,#1951,.F.);
#2701=ORIENTED_EDGE('',*,*,#1662,.F.);
#2702=ORIENTED_EDGE('',*,*,#1663,.F.);
#2703=ORIENTED_EDGE('',*,*,#1951,.T.);
#2704=ORIENTED_EDGE('',*,*,#1952,.F.);
#2705=ORIENTED_EDGE('',*,*,#1700,.F.);
#2706=ORIENTED_EDGE('',*,*,#1641,.F.);
#2707=ORIENTED_EDGE('',*,*,#1647,.T.);
#2708=ORIENTED_EDGE('',*,*,#1913,.T.);
#2709=ORIENTED_EDGE('',*,*,#1717,.T.);
#2710=ORIENTED_EDGE('',*,*,#1714,.F.);
#2711=ORIENTED_EDGE('',*,*,#1938,.T.);
#2712=ORIENTED_EDGE('',*,*,#1936,.T.);
#2713=ORIENTED_EDGE('',*,*,#1934,.T.);
#2714=ORIENTED_EDGE('',*,*,#1859,.T.);
#2715=ORIENTED_EDGE('',*,*,#1874,.T.);
#2716=ORIENTED_EDGE('',*,*,#1933,.T.);
#2717=ORIENTED_EDGE('',*,*,#1931,.T.);
#2718=ORIENTED_EDGE('',*,*,#1712,.F.);
#2719=ORIENTED_EDGE('',*,*,#1710,.T.);
#2720=ORIENTED_EDGE('',*,*,#1707,.F.);
#2721=ORIENTED_EDGE('',*,*,#1930,.T.);
#2722=ORIENTED_EDGE('',*,*,#1928,.T.);
#2723=ORIENTED_EDGE('',*,*,#1926,.T.);
#2724=ORIENTED_EDGE('',*,*,#1850,.T.);
#2725=ORIENTED_EDGE('',*,*,#1872,.T.);
#2726=ORIENTED_EDGE('',*,*,#1925,.T.);
#2727=ORIENTED_EDGE('',*,*,#1923,.T.);
#2728=ORIENTED_EDGE('',*,*,#1702,.F.);
#2729=ORIENTED_EDGE('',*,*,#1706,.T.);
#2730=ORIENTED_EDGE('',*,*,#1921,.T.);
#2731=ORIENTED_EDGE('',*,*,#1922,.T.);
#2732=ORIENTED_EDGE('',*,*,#1697,.F.);
#2733=ORIENTED_EDGE('',*,*,#1701,.T.);
#2734=ORIENTED_EDGE('',*,*,#1952,.T.);
#2735=ORIENTED_EDGE('',*,*,#1950,.T.);
#2736=ORIENTED_EDGE('',*,*,#1843,.T.);
#2737=ORIENTED_EDGE('',*,*,#1868,.T.);
#2738=ORIENTED_EDGE('',*,*,#1949,.T.);
#2739=ORIENTED_EDGE('',*,*,#1947,.T.);
#2740=ORIENTED_EDGE('',*,*,#1695,.F.);
#2741=ORIENTED_EDGE('',*,*,#1693,.T.);
#2742=ORIENTED_EDGE('',*,*,#1690,.F.);
#2743=ORIENTED_EDGE('',*,*,#1946,.T.);
#2744=ORIENTED_EDGE('',*,*,#1944,.T.);
#2745=ORIENTED_EDGE('',*,*,#1942,.T.);
#2746=ORIENTED_EDGE('',*,*,#1866,.T.);
#2747=ORIENTED_EDGE('',*,*,#1870,.T.);
#2748=ORIENTED_EDGE('',*,*,#1941,.T.);
#2749=ORIENTED_EDGE('',*,*,#1939,.T.);
#2750=ORIENTED_EDGE('',*,*,#1953,.T.);
#2751=ORIENTED_EDGE('',*,*,#1954,.T.);
#2752=ORIENTED_EDGE('',*,*,#1955,.T.);
#2753=ORIENTED_EDGE('',*,*,#1956,.T.);
#2754=ORIENTED_EDGE('',*,*,#1956,.F.);
#2755=ORIENTED_EDGE('',*,*,#1957,.T.);
#2756=ORIENTED_EDGE('',*,*,#1958,.T.);
#2757=ORIENTED_EDGE('',*,*,#1959,.F.);
#2758=ORIENTED_EDGE('',*,*,#1955,.F.);
#2759=ORIENTED_EDGE('',*,*,#1960,.T.);
#2760=ORIENTED_EDGE('',*,*,#1961,.F.);
#2761=ORIENTED_EDGE('',*,*,#1962,.T.);
#2762=ORIENTED_EDGE('',*,*,#1963,.T.);
#2763=ORIENTED_EDGE('',*,*,#1957,.F.);
#2764=ORIENTED_EDGE('',*,*,#1964,.T.);
#2765=ORIENTED_EDGE('',*,*,#1965,.T.);
#2766=ORIENTED_EDGE('',*,*,#1966,.T.);
#2767=ORIENTED_EDGE('',*,*,#1967,.T.);
#2768=ORIENTED_EDGE('',*,*,#1968,.T.);
#2769=ORIENTED_EDGE('',*,*,#1961,.T.);
#2770=ORIENTED_EDGE('',*,*,#1969,.T.);
#2771=ORIENTED_EDGE('',*,*,#1968,.F.);
#2772=ORIENTED_EDGE('',*,*,#1970,.F.);
#2773=ORIENTED_EDGE('',*,*,#1971,.T.);
#2774=ORIENTED_EDGE('',*,*,#1962,.F.);
#2775=ORIENTED_EDGE('',*,*,#1972,.T.);
#2776=ORIENTED_EDGE('',*,*,#1973,.T.);
#2777=ORIENTED_EDGE('',*,*,#1974,.T.);
#2778=ORIENTED_EDGE('',*,*,#1975,.T.);
#2779=ORIENTED_EDGE('',*,*,#1975,.F.);
#2780=ORIENTED_EDGE('',*,*,#1976,.T.);
#2781=ORIENTED_EDGE('',*,*,#1977,.T.);
#2782=ORIENTED_EDGE('',*,*,#1978,.F.);
#2783=ORIENTED_EDGE('',*,*,#1974,.F.);
#2784=ORIENTED_EDGE('',*,*,#1979,.T.);
#2785=ORIENTED_EDGE('',*,*,#1980,.F.);
#2786=ORIENTED_EDGE('',*,*,#1981,.T.);
#2787=ORIENTED_EDGE('',*,*,#1982,.T.);
#2788=ORIENTED_EDGE('',*,*,#1976,.F.);
#2789=ORIENTED_EDGE('',*,*,#1983,.T.);
#2790=ORIENTED_EDGE('',*,*,#1984,.T.);
#2791=ORIENTED_EDGE('',*,*,#1985,.T.);
#2792=ORIENTED_EDGE('',*,*,#1986,.T.);
#2793=ORIENTED_EDGE('',*,*,#1987,.T.);
#2794=ORIENTED_EDGE('',*,*,#1980,.T.);
#2795=ORIENTED_EDGE('',*,*,#1988,.T.);
#2796=ORIENTED_EDGE('',*,*,#1987,.F.);
#2797=ORIENTED_EDGE('',*,*,#1989,.F.);
#2798=ORIENTED_EDGE('',*,*,#1990,.T.);
#2799=ORIENTED_EDGE('',*,*,#1981,.F.);
#2800=ORIENTED_EDGE('',*,*,#1991,.F.);
#2801=ORIENTED_EDGE('',*,*,#1992,.T.);
#2802=ORIENTED_EDGE('',*,*,#1983,.F.);
#2803=ORIENTED_EDGE('',*,*,#1992,.F.);
#2804=ORIENTED_EDGE('',*,*,#1993,.F.);
#2805=ORIENTED_EDGE('',*,*,#1994,.T.);
#2806=ORIENTED_EDGE('',*,*,#1984,.F.);
#2807=ORIENTED_EDGE('',*,*,#1994,.F.);
#2808=ORIENTED_EDGE('',*,*,#1995,.F.);
#2809=ORIENTED_EDGE('',*,*,#1996,.T.);
#2810=ORIENTED_EDGE('',*,*,#1964,.F.);
#2811=ORIENTED_EDGE('',*,*,#1996,.F.);
#2812=ORIENTED_EDGE('',*,*,#1997,.F.);
#2813=ORIENTED_EDGE('',*,*,#1998,.T.);
#2814=ORIENTED_EDGE('',*,*,#1965,.F.);
#2815=ORIENTED_EDGE('',*,*,#1998,.F.);
#2816=ORIENTED_EDGE('',*,*,#1999,.F.);
#2817=ORIENTED_EDGE('',*,*,#2000,.T.);
#2818=ORIENTED_EDGE('',*,*,#1985,.F.);
#2819=ORIENTED_EDGE('',*,*,#2000,.F.);
#2820=ORIENTED_EDGE('',*,*,#2001,.F.);
#2821=ORIENTED_EDGE('',*,*,#2002,.T.);
#2822=ORIENTED_EDGE('',*,*,#1966,.F.);
#2823=ORIENTED_EDGE('',*,*,#2002,.F.);
#2824=ORIENTED_EDGE('',*,*,#2003,.F.);
#2825=ORIENTED_EDGE('',*,*,#2004,.T.);
#2826=ORIENTED_EDGE('',*,*,#2005,.F.);
#2827=ORIENTED_EDGE('',*,*,#2004,.F.);
#2828=ORIENTED_EDGE('',*,*,#2006,.F.);
#2829=ORIENTED_EDGE('',*,*,#2007,.T.);
#2830=ORIENTED_EDGE('',*,*,#2008,.F.);
#2831=ORIENTED_EDGE('',*,*,#2007,.F.);
#2832=ORIENTED_EDGE('',*,*,#2009,.F.);
#2833=ORIENTED_EDGE('',*,*,#2010,.T.);
#2834=ORIENTED_EDGE('',*,*,#2011,.F.);
#2835=ORIENTED_EDGE('',*,*,#2010,.F.);
#2836=ORIENTED_EDGE('',*,*,#2012,.F.);
#2837=ORIENTED_EDGE('',*,*,#2013,.T.);
#2838=ORIENTED_EDGE('',*,*,#2014,.F.);
#2839=ORIENTED_EDGE('',*,*,#2013,.F.);
#2840=ORIENTED_EDGE('',*,*,#2015,.F.);
#2841=ORIENTED_EDGE('',*,*,#2016,.T.);
#2842=ORIENTED_EDGE('',*,*,#2017,.F.);
#2843=ORIENTED_EDGE('',*,*,#2016,.F.);
#2844=ORIENTED_EDGE('',*,*,#2018,.F.);
#2845=ORIENTED_EDGE('',*,*,#2019,.T.);
#2846=ORIENTED_EDGE('',*,*,#2020,.F.);
#2847=ORIENTED_EDGE('',*,*,#2019,.F.);
#2848=ORIENTED_EDGE('',*,*,#2021,.F.);
#2849=ORIENTED_EDGE('',*,*,#2022,.T.);
#2850=ORIENTED_EDGE('',*,*,#2023,.F.);
#2851=ORIENTED_EDGE('',*,*,#2022,.F.);
#2852=ORIENTED_EDGE('',*,*,#2024,.F.);
#2853=ORIENTED_EDGE('',*,*,#2025,.T.);
#2854=ORIENTED_EDGE('',*,*,#2026,.F.);
#2855=ORIENTED_EDGE('',*,*,#2025,.F.);
#2856=ORIENTED_EDGE('',*,*,#2027,.F.);
#2857=ORIENTED_EDGE('',*,*,#2028,.T.);
#2858=ORIENTED_EDGE('',*,*,#2029,.F.);
#2859=ORIENTED_EDGE('',*,*,#2028,.F.);
#2860=ORIENTED_EDGE('',*,*,#2030,.F.);
#2861=ORIENTED_EDGE('',*,*,#2031,.T.);
#2862=ORIENTED_EDGE('',*,*,#2032,.F.);
#2863=ORIENTED_EDGE('',*,*,#2031,.F.);
#2864=ORIENTED_EDGE('',*,*,#2033,.F.);
#2865=ORIENTED_EDGE('',*,*,#2034,.T.);
#2866=ORIENTED_EDGE('',*,*,#2035,.F.);
#2867=ORIENTED_EDGE('',*,*,#2034,.F.);
#2868=ORIENTED_EDGE('',*,*,#2036,.F.);
#2869=ORIENTED_EDGE('',*,*,#2037,.T.);
#2870=ORIENTED_EDGE('',*,*,#2038,.F.);
#2871=ORIENTED_EDGE('',*,*,#2037,.F.);
#2872=ORIENTED_EDGE('',*,*,#2039,.F.);
#2873=ORIENTED_EDGE('',*,*,#2040,.T.);
#2874=ORIENTED_EDGE('',*,*,#2041,.F.);
#2875=ORIENTED_EDGE('',*,*,#2040,.F.);
#2876=ORIENTED_EDGE('',*,*,#2042,.F.);
#2877=ORIENTED_EDGE('',*,*,#2043,.T.);
#2878=ORIENTED_EDGE('',*,*,#2044,.F.);
#2879=ORIENTED_EDGE('',*,*,#2045,.T.);
#2880=ORIENTED_EDGE('',*,*,#1977,.F.);
#2881=ORIENTED_EDGE('',*,*,#2046,.T.);
#2882=ORIENTED_EDGE('',*,*,#2047,.F.);
#2883=ORIENTED_EDGE('',*,*,#2043,.F.);
#2884=ORIENTED_EDGE('',*,*,#1990,.F.);
#2885=ORIENTED_EDGE('',*,*,#2045,.F.);
#2886=ORIENTED_EDGE('',*,*,#2048,.F.);
#2887=ORIENTED_EDGE('',*,*,#2049,.F.);
#2888=ORIENTED_EDGE('',*,*,#1973,.F.);
#2889=ORIENTED_EDGE('',*,*,#2050,.F.);
#2890=ORIENTED_EDGE('',*,*,#1988,.F.);
#2891=ORIENTED_EDGE('',*,*,#1979,.F.);
#2892=ORIENTED_EDGE('',*,*,#1982,.F.);
#2893=ORIENTED_EDGE('',*,*,#2049,.T.);
#2894=ORIENTED_EDGE('',*,*,#2051,.F.);
#2895=ORIENTED_EDGE('',*,*,#2046,.F.);
#2896=ORIENTED_EDGE('',*,*,#1972,.F.);
#2897=ORIENTED_EDGE('',*,*,#1978,.T.);
#2898=ORIENTED_EDGE('',*,*,#2042,.T.);
#2899=ORIENTED_EDGE('',*,*,#1989,.T.);
#2900=ORIENTED_EDGE('',*,*,#1986,.F.);
#2901=ORIENTED_EDGE('',*,*,#2050,.T.);
#2902=ORIENTED_EDGE('',*,*,#1991,.T.);
#2903=ORIENTED_EDGE('',*,*,#1993,.T.);
#2904=ORIENTED_EDGE('',*,*,#1999,.T.);
#2905=ORIENTED_EDGE('',*,*,#2048,.T.);
#2906=ORIENTED_EDGE('',*,*,#2052,.F.);
#2907=ORIENTED_EDGE('',*,*,#2053,.T.);
#2908=ORIENTED_EDGE('',*,*,#2054,.F.);
#2909=ORIENTED_EDGE('',*,*,#2044,.T.);
#2910=ORIENTED_EDGE('',*,*,#2055,.T.);
#2911=ORIENTED_EDGE('',*,*,#2056,.T.);
#2912=ORIENTED_EDGE('',*,*,#2052,.T.);
#2913=ORIENTED_EDGE('',*,*,#2006,.T.);
#2914=ORIENTED_EDGE('',*,*,#2009,.T.);
#2915=ORIENTED_EDGE('',*,*,#2012,.T.);
#2916=ORIENTED_EDGE('',*,*,#2015,.T.);
#2917=ORIENTED_EDGE('',*,*,#2039,.T.);
#2918=ORIENTED_EDGE('',*,*,#2036,.T.);
#2919=ORIENTED_EDGE('',*,*,#2033,.T.);
#2920=ORIENTED_EDGE('',*,*,#2030,.T.);
#2921=ORIENTED_EDGE('',*,*,#2027,.T.);
#2922=ORIENTED_EDGE('',*,*,#2024,.T.);
#2923=ORIENTED_EDGE('',*,*,#2021,.T.);
#2924=ORIENTED_EDGE('',*,*,#2018,.T.);
#2925=ORIENTED_EDGE('',*,*,#2003,.T.);
#2926=ORIENTED_EDGE('',*,*,#2057,.F.);
#2927=ORIENTED_EDGE('',*,*,#2058,.T.);
#2928=ORIENTED_EDGE('',*,*,#2056,.F.);
#2929=ORIENTED_EDGE('',*,*,#2059,.T.);
#2930=ORIENTED_EDGE('',*,*,#1958,.F.);
#2931=ORIENTED_EDGE('',*,*,#2060,.T.);
#2932=ORIENTED_EDGE('',*,*,#2053,.F.);
#2933=ORIENTED_EDGE('',*,*,#2058,.F.);
#2934=ORIENTED_EDGE('',*,*,#1971,.F.);
#2935=ORIENTED_EDGE('',*,*,#2059,.F.);
#2936=ORIENTED_EDGE('',*,*,#2061,.F.);
#2937=ORIENTED_EDGE('',*,*,#2062,.F.);
#2938=ORIENTED_EDGE('',*,*,#1954,.F.);
#2939=ORIENTED_EDGE('',*,*,#2063,.F.);
#2940=ORIENTED_EDGE('',*,*,#1969,.F.);
#2941=ORIENTED_EDGE('',*,*,#1960,.F.);
#2942=ORIENTED_EDGE('',*,*,#1963,.F.);
#2943=ORIENTED_EDGE('',*,*,#2062,.T.);
#2944=ORIENTED_EDGE('',*,*,#2064,.F.);
#2945=ORIENTED_EDGE('',*,*,#2060,.F.);
#2946=ORIENTED_EDGE('',*,*,#1953,.F.);
#2947=ORIENTED_EDGE('',*,*,#1959,.T.);
#2948=ORIENTED_EDGE('',*,*,#2057,.T.);
#2949=ORIENTED_EDGE('',*,*,#1970,.T.);
#2950=ORIENTED_EDGE('',*,*,#1967,.F.);
#2951=ORIENTED_EDGE('',*,*,#2063,.T.);
#2952=ORIENTED_EDGE('',*,*,#1995,.T.);
#2953=ORIENTED_EDGE('',*,*,#1997,.T.);
#2954=ORIENTED_EDGE('',*,*,#2001,.T.);
#2955=ORIENTED_EDGE('',*,*,#2047,.T.);
#2956=ORIENTED_EDGE('',*,*,#2065,.F.);
#2957=ORIENTED_EDGE('',*,*,#2061,.T.);
#2958=ORIENTED_EDGE('',*,*,#2055,.F.);
#2959=ORIENTED_EDGE('',*,*,#2051,.T.);
#2960=ORIENTED_EDGE('',*,*,#2054,.T.);
#2961=ORIENTED_EDGE('',*,*,#2064,.T.);
#2962=ORIENTED_EDGE('',*,*,#2065,.T.);
#2963=ORIENTED_EDGE('',*,*,#2008,.T.);
#2964=ORIENTED_EDGE('',*,*,#2011,.T.);
#2965=ORIENTED_EDGE('',*,*,#2014,.T.);
#2966=ORIENTED_EDGE('',*,*,#2017,.T.);
#2967=ORIENTED_EDGE('',*,*,#2041,.T.);
#2968=ORIENTED_EDGE('',*,*,#2038,.T.);
#2969=ORIENTED_EDGE('',*,*,#2035,.T.);
#2970=ORIENTED_EDGE('',*,*,#2032,.T.);
#2971=ORIENTED_EDGE('',*,*,#2029,.T.);
#2972=ORIENTED_EDGE('',*,*,#2026,.T.);
#2973=ORIENTED_EDGE('',*,*,#2023,.T.);
#2974=ORIENTED_EDGE('',*,*,#2020,.T.);
#2975=ORIENTED_EDGE('',*,*,#2005,.T.);
#2976=CYLINDRICAL_SURFACE('',#3265,3.1);
#2977=CYLINDRICAL_SURFACE('',#3269,0.300000000000002);
#2978=CYLINDRICAL_SURFACE('',#3273,0.299999999999994);
#2979=CYLINDRICAL_SURFACE('',#3277,0.299999999999999);
#2980=CYLINDRICAL_SURFACE('',#3281,0.3);
#2981=CYLINDRICAL_SURFACE('',#3284,3.1);
#2982=CYLINDRICAL_SURFACE('',#3287,0.5);
#2983=CYLINDRICAL_SURFACE('',#3307,0.5);
#2984=CYLINDRICAL_SURFACE('',#3310,0.5);
#2985=CYLINDRICAL_SURFACE('',#3312,0.5);
#2986=CYLINDRICAL_SURFACE('',#3315,0.5);
#2987=CYLINDRICAL_SURFACE('',#3318,0.5);
#2988=CYLINDRICAL_SURFACE('',#3321,0.5);
#2989=CYLINDRICAL_SURFACE('',#3323,0.5);
#2990=CYLINDRICAL_SURFACE('',#3326,2.);
#2991=CYLINDRICAL_SURFACE('',#3333,2.);
#2992=CYLINDRICAL_SURFACE('',#3340,2.);
#2993=CYLINDRICAL_SURFACE('',#3345,2.);
#2994=CYLINDRICAL_SURFACE('',#3347,2.);
#2995=CYLINDRICAL_SURFACE('',#3354,2.);
#2996=CYLINDRICAL_SURFACE('',#3359,2.);
#2997=CYLINDRICAL_SURFACE('',#3366,2.);
#2998=CYLINDRICAL_SURFACE('',#3375,1.2645);
#2999=CYLINDRICAL_SURFACE('',#3382,1.2645);
#3000=CYLINDRICAL_SURFACE('',#3389,3.6645);
#3001=CYLINDRICAL_SURFACE('',#3395,3.6645);
#3002=CYLINDRICAL_SURFACE('',#3403,1.2645);
#3003=CYLINDRICAL_SURFACE('',#3409,3.6645);
#3004=CYLINDRICAL_SURFACE('',#3416,1.2645);
#3005=CYLINDRICAL_SURFACE('',#3422,3.6645);
#3006=CYLINDRICAL_SURFACE('',#3425,2.75);
#3007=CYLINDRICAL_SURFACE('',#3433,1.25);
#3008=CYLINDRICAL_SURFACE('',#3434,2.75);
#3009=CYLINDRICAL_SURFACE('',#3442,1.25);
#3010=CYLINDRICAL_SURFACE('',#3443,2.74999999999999);
#3011=CYLINDRICAL_SURFACE('',#3452,1.25);
#3012=CYLINDRICAL_SURFACE('',#3453,2.75);
#3013=CYLINDRICAL_SURFACE('',#3461,1.25);
#3014=CYLINDRICAL_SURFACE('',#3466,1.5);
#3015=CYLINDRICAL_SURFACE('',#3472,1.5);
#3016=CYLINDRICAL_SURFACE('',#3475,1.5);
#3017=CYLINDRICAL_SURFACE('',#3481,1.5);
#3018=CYLINDRICAL_SURFACE('',#3484,2.74999999999999);
#3019=CYLINDRICAL_SURFACE('',#3492,1.24999999999999);
#3020=CYLINDRICAL_SURFACE('',#3494,2.74999999999999);
#3021=CYLINDRICAL_SURFACE('',#3502,1.24999999999999);
#3022=CYLINDRICAL_SURFACE('',#3506,0.999999999999996);
#3023=CYLINDRICAL_SURFACE('',#3509,1.00000000000001);
#3024=CYLINDRICAL_SURFACE('',#3513,1.00000000000001);
#3025=CYLINDRICAL_SURFACE('',#3516,0.999999999999996);
#3026=CYLINDRICAL_SURFACE('',#3520,0.999999999999996);
#3027=CYLINDRICAL_SURFACE('',#3523,0.999999999999996);
#3028=CYLINDRICAL_SURFACE('',#3527,1.);
#3029=CYLINDRICAL_SURFACE('',#3530,1.00000000000001);
#3030=CYLINDRICAL_SURFACE('',#3534,4.);
#3031=CYLINDRICAL_SURFACE('',#3543,4.);
#3032=CYLINDRICAL_SURFACE('',#3546,4.);
#3033=CYLINDRICAL_SURFACE('',#3555,4.);
#3034=CYLINDRICAL_SURFACE('',#3558,1.8);
#3035=CYLINDRICAL_SURFACE('',#3560,1.8);
#3036=CYLINDRICAL_SURFACE('',#3562,1.8);
#3037=CYLINDRICAL_SURFACE('',#3564,1.8);
#3038=CYLINDRICAL_SURFACE('',#3566,5.9);
#3039=CYLINDRICAL_SURFACE('',#3568,5.9);
#3040=CYLINDRICAL_SURFACE('',#3570,2.525);
#3041=CYLINDRICAL_SURFACE('',#3573,2.5);
#3042=CYLINDRICAL_SURFACE('',#3576,2.5);
#3043=CYLINDRICAL_SURFACE('',#3579,2.5);
#3044=CYLINDRICAL_SURFACE('',#3582,6.);
#3045=CYLINDRICAL_SURFACE('',#3585,1.2);
#3046=CYLINDRICAL_SURFACE('',#3588,1.2);
#3047=CYLINDRICAL_SURFACE('',#3591,1.2);
#3048=CYLINDRICAL_SURFACE('',#3594,1.2);
#3049=CYLINDRICAL_SURFACE('',#3597,3.5);
#3050=CYLINDRICAL_SURFACE('',#3600,3.5);
#3051=CYLINDRICAL_SURFACE('',#3603,3.5);
#3052=CYLINDRICAL_SURFACE('',#3606,3.5);
#3053=CYLINDRICAL_SURFACE('',#3609,2.75);
#3054=CYLINDRICAL_SURFACE('',#3617,1.25);
#3055=CYLINDRICAL_SURFACE('',#3621,2.75);
#3056=CYLINDRICAL_SURFACE('',#3629,1.25);
#3057=ADVANCED_FACE('',(#187),#2976,.F.);
#3058=ADVANCED_FACE('',(#188),#95,.F.);
#3059=ADVANCED_FACE('',(#189),#2977,.F.);
#3060=ADVANCED_FACE('',(#190),#96,.F.);
#3061=ADVANCED_FACE('',(#191),#2978,.F.);
#3062=ADVANCED_FACE('',(#192),#97,.F.);
#3063=ADVANCED_FACE('',(#193),#2979,.F.);
#3064=ADVANCED_FACE('',(#194),#98,.F.);
#3065=ADVANCED_FACE('',(#195),#2980,.F.);
#3066=ADVANCED_FACE('',(#196),#2981,.F.);
#3067=ADVANCED_FACE('',(#197),#2982,.T.);
#3068=ADVANCED_FACE('',(#198),#99,.T.);
#3069=ADVANCED_FACE('',(#199),#100,.F.);
#3070=ADVANCED_FACE('',(#200),#2983,.T.);
#3071=ADVANCED_FACE('',(#201),#101,.T.);
#3072=ADVANCED_FACE('',(#202),#2984,.T.);
#3073=ADVANCED_FACE('',(#203),#2985,.T.);
#3074=ADVANCED_FACE('',(#204),#102,.T.);
#3075=ADVANCED_FACE('',(#205),#2986,.T.);
#3076=ADVANCED_FACE('',(#206),#103,.T.);
#3077=ADVANCED_FACE('',(#207),#2987,.T.);
#3078=ADVANCED_FACE('',(#208),#104,.T.);
#3079=ADVANCED_FACE('',(#209),#2988,.T.);
#3080=ADVANCED_FACE('',(#210),#2989,.T.);
#3081=ADVANCED_FACE('',(#211),#105,.T.);
#3082=ADVANCED_FACE('',(#212),#2990,.T.);
#3083=ADVANCED_FACE('',(#213),#106,.T.);
#3084=ADVANCED_FACE('',(#214,#39),#107,.T.);
#3085=ADVANCED_FACE('',(#215),#2991,.T.);
#3086=ADVANCED_FACE('',(#216,#40),#108,.T.);
#3087=ADVANCED_FACE('',(#217),#109,.T.);
#3088=ADVANCED_FACE('',(#218),#2992,.T.);
#3089=ADVANCED_FACE('',(#219),#110,.T.);
#3090=ADVANCED_FACE('',(#220,#41),#111,.T.);
#3091=ADVANCED_FACE('',(#221),#2993,.T.);
#3092=ADVANCED_FACE('',(#222),#2994,.T.);
#3093=ADVANCED_FACE('',(#223),#112,.T.);
#3094=ADVANCED_FACE('',(#224,#42),#113,.T.);
#3095=ADVANCED_FACE('',(#225),#2995,.T.);
#3096=ADVANCED_FACE('',(#226),#114,.T.);
#3097=ADVANCED_FACE('',(#227,#43),#115,.T.);
#3098=ADVANCED_FACE('',(#228),#2996,.T.);
#3099=ADVANCED_FACE('',(#229),#116,.T.);
#3100=ADVANCED_FACE('',(#230,#44),#117,.T.);
#3101=ADVANCED_FACE('',(#231),#2997,.T.);
#3102=ADVANCED_FACE('',(#232),#118,.T.);
#3103=ADVANCED_FACE('',(#233,#45),#119,.T.);
#3104=ADVANCED_FACE('',(#234),#31,.T.);
#3105=ADVANCED_FACE('',(#235),#2998,.F.);
#3106=ADVANCED_FACE('',(#236),#32,.T.);
#3107=ADVANCED_FACE('',(#237),#2999,.F.);
#3108=ADVANCED_FACE('',(#238,#46),#120,.T.);
#3109=ADVANCED_FACE('',(#239),#33,.F.);
#3110=ADVANCED_FACE('',(#240),#3000,.T.);
#3111=ADVANCED_FACE('',(#241),#34,.F.);
#3112=ADVANCED_FACE('',(#242),#3001,.T.);
#3113=ADVANCED_FACE('',(#243,#47),#121,.T.);
#3114=ADVANCED_FACE('',(#244,#48),#122,.T.);
#3115=ADVANCED_FACE('',(#245),#35,.T.);
#3116=ADVANCED_FACE('',(#246),#3002,.F.);
#3117=ADVANCED_FACE('',(#247),#36,.F.);
#3118=ADVANCED_FACE('',(#248),#3003,.T.);
#3119=ADVANCED_FACE('',(#249,#49),#123,.T.);
#3120=ADVANCED_FACE('',(#250),#37,.T.);
#3121=ADVANCED_FACE('',(#251),#3004,.F.);
#3122=ADVANCED_FACE('',(#252),#38,.F.);
#3123=ADVANCED_FACE('',(#253),#3005,.T.);
#3124=ADVANCED_FACE('',(#254,#50),#124,.T.);
#3125=ADVANCED_FACE('',(#255),#3006,.T.);
#3126=ADVANCED_FACE('',(#256),#125,.T.);
#3127=ADVANCED_FACE('',(#257),#126,.T.);
#3128=ADVANCED_FACE('',(#258),#127,.T.);
#3129=ADVANCED_FACE('',(#259),#3007,.F.);
#3130=ADVANCED_FACE('',(#260),#3008,.T.);
#3131=ADVANCED_FACE('',(#261),#128,.T.);
#3132=ADVANCED_FACE('',(#262),#129,.T.);
#3133=ADVANCED_FACE('',(#263),#130,.T.);
#3134=ADVANCED_FACE('',(#264),#3009,.F.);
#3135=ADVANCED_FACE('',(#265),#3010,.T.);
#3136=ADVANCED_FACE('',(#266),#131,.T.);
#3137=ADVANCED_FACE('',(#267),#132,.T.);
#3138=ADVANCED_FACE('',(#268),#133,.T.);
#3139=ADVANCED_FACE('',(#269),#134,.T.);
#3140=ADVANCED_FACE('',(#270),#3011,.F.);
#3141=ADVANCED_FACE('',(#271),#3012,.T.);
#3142=ADVANCED_FACE('',(#272),#135,.T.);
#3143=ADVANCED_FACE('',(#273),#136,.T.);
#3144=ADVANCED_FACE('',(#274),#137,.T.);
#3145=ADVANCED_FACE('',(#275),#3013,.F.);
#3146=ADVANCED_FACE('',(#276),#138,.T.);
#3147=ADVANCED_FACE('',(#277),#139,.T.);
#3148=ADVANCED_FACE('',(#278),#140,.T.);
#3149=ADVANCED_FACE('',(#279),#141,.T.);
#3150=ADVANCED_FACE('',(#280),#3014,.T.);
#3151=ADVANCED_FACE('',(#281),#142,.T.);
#3152=ADVANCED_FACE('',(#282,#51,#52,#53),#143,.F.);
#3153=ADVANCED_FACE('',(#283),#3015,.T.);
#3154=ADVANCED_FACE('',(#284),#144,.T.);
#3155=ADVANCED_FACE('',(#285),#3016,.T.);
#3156=ADVANCED_FACE('',(#286),#145,.T.);
#3157=ADVANCED_FACE('',(#287),#146,.F.);
#3158=ADVANCED_FACE('',(#288),#3017,.T.);
#3159=ADVANCED_FACE('',(#289),#147,.T.);
#3160=ADVANCED_FACE('',(#290),#3018,.T.);
#3161=ADVANCED_FACE('',(#291),#148,.T.);
#3162=ADVANCED_FACE('',(#292),#149,.T.);
#3163=ADVANCED_FACE('',(#293),#150,.T.);
#3164=ADVANCED_FACE('',(#294),#3019,.F.);
#3165=ADVANCED_FACE('',(#295,#54,#55,#56),#151,.T.);
#3166=ADVANCED_FACE('',(#296),#3020,.T.);
#3167=ADVANCED_FACE('',(#297),#152,.T.);
#3168=ADVANCED_FACE('',(#298),#153,.T.);
#3169=ADVANCED_FACE('',(#299),#154,.T.);
#3170=ADVANCED_FACE('',(#300),#3021,.F.);
#3171=ADVANCED_FACE('',(#301),#155,.T.);
#3172=ADVANCED_FACE('',(#302),#156,.T.);
#3173=ADVANCED_FACE('',(#303),#157,.T.);
#3174=ADVANCED_FACE('',(#304),#3022,.F.);
#3175=ADVANCED_FACE('',(#305),#158,.T.);
#3176=ADVANCED_FACE('',(#306),#3023,.F.);
#3177=ADVANCED_FACE('',(#307),#159,.T.);
#3178=ADVANCED_FACE('',(#308),#160,.T.);
#3179=ADVANCED_FACE('',(#309),#3024,.F.);
#3180=ADVANCED_FACE('',(#310),#161,.T.);
#3181=ADVANCED_FACE('',(#311),#3025,.F.);
#3182=ADVANCED_FACE('',(#312),#162,.T.);
#3183=ADVANCED_FACE('',(#313),#163,.T.);
#3184=ADVANCED_FACE('',(#314),#3026,.F.);
#3185=ADVANCED_FACE('',(#315),#164,.T.);
#3186=ADVANCED_FACE('',(#316),#3027,.F.);
#3187=ADVANCED_FACE('',(#317),#165,.T.);
#3188=ADVANCED_FACE('',(#318),#166,.T.);
#3189=ADVANCED_FACE('',(#319),#3028,.F.);
#3190=ADVANCED_FACE('',(#320),#167,.T.);
#3191=ADVANCED_FACE('',(#321),#3029,.F.);
#3192=ADVANCED_FACE('',(#322),#168,.T.);
#3193=ADVANCED_FACE('',(#323),#3030,.T.);
#3194=ADVANCED_FACE('',(#324),#169,.T.);
#3195=ADVANCED_FACE('',(#325,#57,#58,#59),#170,.T.);
#3196=ADVANCED_FACE('',(#326),#3031,.T.);
#3197=ADVANCED_FACE('',(#327),#171,.T.);
#3198=ADVANCED_FACE('',(#328),#3032,.T.);
#3199=ADVANCED_FACE('',(#329),#172,.T.);
#3200=ADVANCED_FACE('',(#330,#60,#61,#62),#173,.T.);
#3201=ADVANCED_FACE('',(#331),#3033,.T.);
#3202=ADVANCED_FACE('',(#332),#174,.T.);
#3203=ADVANCED_FACE('',(#333),#3034,.F.);
#3204=ADVANCED_FACE('',(#334),#3035,.F.);
#3205=ADVANCED_FACE('',(#335),#3036,.F.);
#3206=ADVANCED_FACE('',(#336),#3037,.F.);
#3207=ADVANCED_FACE('',(#337),#3038,.F.);
#3208=ADVANCED_FACE('',(#338),#3039,.F.);
#3209=ADVANCED_FACE('',(#339),#3040,.F.);
#3210=ADVANCED_FACE('',(#340),#3041,.F.);
#3211=ADVANCED_FACE('',(#341),#3042,.F.);
#3212=ADVANCED_FACE('',(#342),#3043,.F.);
#3213=ADVANCED_FACE('',(#343),#3044,.F.);
#3214=ADVANCED_FACE('',(#344),#3045,.F.);
#3215=ADVANCED_FACE('',(#345),#3046,.F.);
#3216=ADVANCED_FACE('',(#346),#3047,.F.);
#3217=ADVANCED_FACE('',(#347),#3048,.F.);
#3218=ADVANCED_FACE('',(#348),#3049,.F.);
#3219=ADVANCED_FACE('',(#349),#3050,.F.);
#3220=ADVANCED_FACE('',(#350),#3051,.F.);
#3221=ADVANCED_FACE('',(#351),#3052,.F.);
#3222=ADVANCED_FACE('',(#352),#3053,.T.);
#3223=ADVANCED_FACE('',(#353),#175,.T.);
#3224=ADVANCED_FACE('',(#354),#176,.T.);
#3225=ADVANCED_FACE('',(#355),#177,.T.);
#3226=ADVANCED_FACE('',(#356),#3054,.F.);
#3227=ADVANCED_FACE('',(#357,#63,#64,#65),#178,.T.);
#3228=ADVANCED_FACE('',(#358),#179,.T.);
#3229=ADVANCED_FACE('',(#359,#66,#67,#68,#69,#70,#71,#72,#73,#74,#75,#76,
#77,#78),#180,.T.);
#3230=ADVANCED_FACE('',(#360),#3055,.T.);
#3231=ADVANCED_FACE('',(#361),#181,.T.);
#3232=ADVANCED_FACE('',(#362),#182,.T.);
#3233=ADVANCED_FACE('',(#363),#183,.T.);
#3234=ADVANCED_FACE('',(#364),#3056,.F.);
#3235=ADVANCED_FACE('',(#365,#79,#80,#81),#184,.T.);
#3236=ADVANCED_FACE('',(#366),#185,.T.);
#3237=ADVANCED_FACE('',(#367,#82,#83,#84,#85,#86,#87,#88,#89,#90,#91,#92,
#93,#94),#186,.F.);
#3238=CLOSED_SHELL('',(#3057,#3058,#3059,#3060,#3061,#3062,#3063,#3064,
#3065,#3066,#3067,#3068,#3069,#3070,#3071,#3072,#3073,#3074,#3075,#3076,
#3077,#3078,#3079,#3080,#3081,#3082,#3083,#3084,#3085,#3086,#3087,#3088,
#3089,#3090,#3091,#3092,#3093,#3094,#3095,#3096,#3097,#3098,#3099,#3100,
#3101,#3102,#3103,#3104,#3105,#3106,#3107,#3108,#3109,#3110,#3111,#3112,
#3113,#3114,#3115,#3116,#3117,#3118,#3119,#3120,#3121,#3122,#3123,#3124,
#3125,#3126,#3127,#3128,#3129,#3130,#3131,#3132,#3133,#3134,#3135,#3136,
#3137,#3138,#3139,#3140,#3141,#3142,#3143,#3144,#3145,#3146,#3147,#3148,
#3149,#3150,#3151,#3152,#3153,#3154,#3155,#3156,#3157,#3158,#3159,#3160,
#3161,#3162,#3163,#3164,#3165,#3166,#3167,#3168,#3169,#3170,#3171,#3172,
#3173,#3174,#3175,#3176,#3177,#3178,#3179,#3180,#3181,#3182,#3183,#3184,
#3185,#3186,#3187,#3188,#3189,#3190,#3191,#3192));
#3239=CLOSED_SHELL('',(#3193,#3194,#3195,#3196,#3197,#3198,#3199,#3200,
#3201,#3202,#3203,#3204,#3205,#3206,#3207,#3208,#3209,#3210,#3211,#3212,
#3213,#3214,#3215,#3216,#3217,#3218,#3219,#3220,#3221,#3222,#3223,#3224,
#3225,#3226,#3227,#3228,#3229,#3230,#3231,#3232,#3233,#3234,#3235,#3236,
#3237));
#3240=DERIVED_UNIT_ELEMENT(#3244,1.);
#3241=DERIVED_UNIT_ELEMENT(#5584,-3.);
#3242=DERIVED_UNIT_ELEMENT(#3244,1.);
#3243=DERIVED_UNIT_ELEMENT(#5584,-3.);
#3244=(
MASS_UNIT()
NAMED_UNIT(*)
SI_UNIT(.KILO.,.GRAM.)
);
#3245=DERIVED_UNIT((#3240,#3241));
#3246=DERIVED_UNIT((#3242,#3243));
#3247=MEASURE_REPRESENTATION_ITEM('density measure',
POSITIVE_RATIO_MEASURE(7850.),#3245);
#3248=MEASURE_REPRESENTATION_ITEM('density measure',
POSITIVE_RATIO_MEASURE(7850.),#3246);
#3249=PROPERTY_DEFINITION_REPRESENTATION(#3259,#3253);
#3250=PROPERTY_DEFINITION_REPRESENTATION(#3260,#3254);
#3251=PROPERTY_DEFINITION_REPRESENTATION(#3261,#3255);
#3252=PROPERTY_DEFINITION_REPRESENTATION(#3262,#3256);
#3253=REPRESENTATION('material name',(#3257),#5580);
#3254=REPRESENTATION('density',(#3247),#5580);
#3255=REPRESENTATION('material name',(#3258),#5581);
#3256=REPRESENTATION('density',(#3248),#5581);
#3257=DESCRIPTIVE_REPRESENTATION_ITEM('\X2\92FC\X0\','\X2\92FC\X0\');
#3258=DESCRIPTIVE_REPRESENTATION_ITEM('\X2\92FC\X0\','\X2\92FC\X0\');
#3259=PROPERTY_DEFINITION('material property','material name',#5600);
#3260=PROPERTY_DEFINITION('material property','density of part',#5600);
#3261=PROPERTY_DEFINITION('material property','material name',#5601);
#3262=PROPERTY_DEFINITION('material property','density of part',#5601);
#3263=AXIS2_PLACEMENT_3D('',#4651,#3636,#3637);
#3264=AXIS2_PLACEMENT_3D('',#4652,#3638,#3639);
#3265=AXIS2_PLACEMENT_3D('',#4653,#3640,#3641);
#3266=AXIS2_PLACEMENT_3D('',#4655,#3642,#3643);
#3267=AXIS2_PLACEMENT_3D('',#4658,#3645,#3646);
#3268=AXIS2_PLACEMENT_3D('',#4659,#3647,#3648);
#3269=AXIS2_PLACEMENT_3D('',#4668,#3653,#3654);
#3270=AXIS2_PLACEMENT_3D('',#4670,#3655,#3656);
#3271=AXIS2_PLACEMENT_3D('',#4672,#3657,#3658);
#3272=AXIS2_PLACEMENT_3D('',#4674,#3660,#3661);
#3273=AXIS2_PLACEMENT_3D('',#4680,#3665,#3666);
#3274=AXIS2_PLACEMENT_3D('',#4682,#3667,#3668);
#3275=AXIS2_PLACEMENT_3D('',#4684,#3669,#3670);
#3276=AXIS2_PLACEMENT_3D('',#4686,#3672,#3673);
#3277=AXIS2_PLACEMENT_3D('',#4692,#3677,#3678);
#3278=AXIS2_PLACEMENT_3D('',#4694,#3679,#3680);
#3279=AXIS2_PLACEMENT_3D('',#4696,#3681,#3682);
#3280=AXIS2_PLACEMENT_3D('',#4698,#3684,#3685);
#3281=AXIS2_PLACEMENT_3D('',#4704,#3689,#3690);
#3282=AXIS2_PLACEMENT_3D('',#4705,#3691,#3692);
#3283=AXIS2_PLACEMENT_3D('',#4706,#3693,#3694);
#3284=AXIS2_PLACEMENT_3D('',#4707,#3695,#3696);
#3285=AXIS2_PLACEMENT_3D('',#4709,#3697,#3698);
#3286=AXIS2_PLACEMENT_3D('',#4712,#3700,#3701);
#3287=AXIS2_PLACEMENT_3D('',#4713,#3702,#3703);
#3288=AXIS2_PLACEMENT_3D('',#4716,#3704,#3705);
#3289=AXIS2_PLACEMENT_3D('',#4720,#3707,#3708);
#3290=AXIS2_PLACEMENT_3D('',#4722,#3710,#3711);
#3291=AXIS2_PLACEMENT_3D('',#4728,#3715,#3716);
#3292=AXIS2_PLACEMENT_3D('',#4732,#3718,#3719);
#3293=AXIS2_PLACEMENT_3D('',#4740,#3723,#3724);
#3294=AXIS2_PLACEMENT_3D('',#4744,#3726,#3727);
#3295=AXIS2_PLACEMENT_3D('',#4748,#3729,#3730);
#3296=AXIS2_PLACEMENT_3D('',#4752,#3732,#3733);
#3297=AXIS2_PLACEMENT_3D('',#4760,#3737,#3738);
#3298=AXIS2_PLACEMENT_3D('',#4764,#3740,#3741);
#3299=AXIS2_PLACEMENT_3D('',#4772,#3745,#3746);
#3300=AXIS2_PLACEMENT_3D('',#4776,#3748,#3749);
#3301=AXIS2_PLACEMENT_3D('',#4784,#3753,#3754);
#3302=AXIS2_PLACEMENT_3D('',#4788,#3756,#3757);
#3303=AXIS2_PLACEMENT_3D('',#4792,#3759,#3760);
#3304=AXIS2_PLACEMENT_3D('',#4796,#3762,#3763);
#3305=AXIS2_PLACEMENT_3D('',#4804,#3767,#3768);
#3306=AXIS2_PLACEMENT_3D('',#4808,#3770,#3771);
#3307=AXIS2_PLACEMENT_3D('',#4812,#3774,#3775);
#3308=AXIS2_PLACEMENT_3D('',#4815,#3776,#3777);
#3309=AXIS2_PLACEMENT_3D('',#4818,#3780,#3781);
#3310=AXIS2_PLACEMENT_3D('',#4822,#3784,#3785);
#3311=AXIS2_PLACEMENT_3D('',#4824,#3786,#3787);
#3312=AXIS2_PLACEMENT_3D('',#4826,#3789,#3790);
#3313=AXIS2_PLACEMENT_3D('',#4829,#3791,#3792);
#3314=AXIS2_PLACEMENT_3D('',#4832,#3795,#3796);
#3315=AXIS2_PLACEMENT_3D('',#4836,#3799,#3800);
#3316=AXIS2_PLACEMENT_3D('',#4839,#3801,#3802);
#3317=AXIS2_PLACEMENT_3D('',#4842,#3805,#3806);
#3318=AXIS2_PLACEMENT_3D('',#4846,#3809,#3810);
#3319=AXIS2_PLACEMENT_3D('',#4849,#3811,#3812);
#3320=AXIS2_PLACEMENT_3D('',#4852,#3815,#3816);
#3321=AXIS2_PLACEMENT_3D('',#4856,#3819,#3820);
#3322=AXIS2_PLACEMENT_3D('',#4858,#3821,#3822);
#3323=AXIS2_PLACEMENT_3D('',#4860,#3824,#3825);
#3324=AXIS2_PLACEMENT_3D('',#4863,#3826,#3827);
#3325=AXIS2_PLACEMENT_3D('',#4866,#3830,#3831);
#3326=AXIS2_PLACEMENT_3D('',#4870,#3834,#3835);
#3327=AXIS2_PLACEMENT_3D('',#4873,#3836,#3837);
#3328=AXIS2_PLACEMENT_3D('',#4877,#3839,#3840);
#3329=AXIS2_PLACEMENT_3D('',#4879,#3842,#3843);
#3330=AXIS2_PLACEMENT_3D('',#4885,#3847,#3848);
#3331=AXIS2_PLACEMENT_3D('',#4889,#3850,#3851);
#3332=AXIS2_PLACEMENT_3D('',#4894,#3854,#3855);
#3333=AXIS2_PLACEMENT_3D('',#4895,#3856,#3857);
#3334=AXIS2_PLACEMENT_3D('',#4898,#3858,#3859);
#3335=AXIS2_PLACEMENT_3D('',#4902,#3861,#3862);
#3336=AXIS2_PLACEMENT_3D('',#4904,#3864,#3865);
#3337=AXIS2_PLACEMENT_3D('',#4908,#3867,#3868);
#3338=AXIS2_PLACEMENT_3D('',#4915,#3872,#3873);
#3339=AXIS2_PLACEMENT_3D('',#4916,#3874,#3875);
#3340=AXIS2_PLACEMENT_3D('',#4920,#3878,#3879);
#3341=AXIS2_PLACEMENT_3D('',#4924,#3881,#3882);
#3342=AXIS2_PLACEMENT_3D('',#4926,#3884,#3885);
#3343=AXIS2_PLACEMENT_3D('',#4930,#3888,#3889);
#3344=AXIS2_PLACEMENT_3D('',#4934,#3892,#3893);
#3345=AXIS2_PLACEMENT_3D('',#4935,#3894,#3895);
#3346=AXIS2_PLACEMENT_3D('',#4937,#3896,#3897);
#3347=AXIS2_PLACEMENT_3D('',#4939,#3899,#3900);
#3348=AXIS2_PLACEMENT_3D('',#4942,#3901,#3902);
#3349=AXIS2_PLACEMENT_3D('',#4946,#3904,#3905);
#3350=AXIS2_PLACEMENT_3D('',#4948,#3907,#3908);
#3351=AXIS2_PLACEMENT_3D('',#4954,#3912,#3913);
#3352=AXIS2_PLACEMENT_3D('',#4958,#3915,#3916);
#3353=AXIS2_PLACEMENT_3D('',#4963,#3919,#3920);
#3354=AXIS2_PLACEMENT_3D('',#4964,#3921,#3922);
#3355=AXIS2_PLACEMENT_3D('',#4968,#3924,#3925);
#3356=AXIS2_PLACEMENT_3D('',#4970,#3927,#3928);
#3357=AXIS2_PLACEMENT_3D('',#4974,#3931,#3932);
#3358=AXIS2_PLACEMENT_3D('',#4978,#3935,#3936);
#3359=AXIS2_PLACEMENT_3D('',#4979,#3937,#3938);
#3360=AXIS2_PLACEMENT_3D('',#4982,#3939,#3940);
#3361=AXIS2_PLACEMENT_3D('',#4986,#3942,#3943);
#3362=AXIS2_PLACEMENT_3D('',#4988,#3945,#3946);
#3363=AXIS2_PLACEMENT_3D('',#4994,#3950,#3951);
#3364=AXIS2_PLACEMENT_3D('',#4998,#3953,#3954);
#3365=AXIS2_PLACEMENT_3D('',#5003,#3957,#3958);
#3366=AXIS2_PLACEMENT_3D('',#5004,#3959,#3960);
#3367=AXIS2_PLACEMENT_3D('',#5008,#3962,#3963);
#3368=AXIS2_PLACEMENT_3D('',#5010,#3965,#3966);
#3369=AXIS2_PLACEMENT_3D('',#5014,#3969,#3970);
#3370=AXIS2_PLACEMENT_3D('',#5018,#3973,#3974);
#3371=AXIS2_PLACEMENT_3D('',#5019,#3975,#3976);
#3372=AXIS2_PLACEMENT_3D('',#5021,#3977,#3978);
#3373=AXIS2_PLACEMENT_3D('',#5023,#3979,#3980);
#3374=AXIS2_PLACEMENT_3D('',#5024,#3981,#3982);
#3375=AXIS2_PLACEMENT_3D('',#5025,#3983,#3984);
#3376=AXIS2_PLACEMENT_3D('',#5028,#3986,#3987);
#3377=AXIS2_PLACEMENT_3D('',#5029,#3988,#3989);
#3378=AXIS2_PLACEMENT_3D('',#5031,#3990,#3991);
#3379=AXIS2_PLACEMENT_3D('',#5033,#3992,#3993);
#3380=AXIS2_PLACEMENT_3D('',#5035,#3994,#3995);
#3381=AXIS2_PLACEMENT_3D('',#5036,#3996,#3997);
#3382=AXIS2_PLACEMENT_3D('',#5037,#3998,#3999);
#3383=AXIS2_PLACEMENT_3D('',#5040,#4001,#4002);
#3384=AXIS2_PLACEMENT_3D('',#5041,#4003,#4004);
#3385=AXIS2_PLACEMENT_3D('',#5047,#4008,#4009);
#3386=AXIS2_PLACEMENT_3D('',#5050,#4010,#4011);
#3387=AXIS2_PLACEMENT_3D('',#5051,#4012,#4013);
#3388=AXIS2_PLACEMENT_3D('',#5052,#4014,#4015);
#3389=AXIS2_PLACEMENT_3D('',#5053,#4016,#4017);
#3390=AXIS2_PLACEMENT_3D('',#5055,#4018,#4019);
#3391=AXIS2_PLACEMENT_3D('',#5057,#4021,#4022);
#3392=AXIS2_PLACEMENT_3D('',#5060,#4023,#4024);
#3393=AXIS2_PLACEMENT_3D('',#5061,#4025,#4026);
#3394=AXIS2_PLACEMENT_3D('',#5062,#4027,#4028);
#3395=AXIS2_PLACEMENT_3D('',#5063,#4029,#4030);
#3396=AXIS2_PLACEMENT_3D('',#5065,#4031,#4032);
#3397=AXIS2_PLACEMENT_3D('',#5067,#4034,#4035);
#3398=AXIS2_PLACEMENT_3D('',#5068,#4036,#4037);
#3399=AXIS2_PLACEMENT_3D('',#5069,#4038,#4039);
#3400=AXIS2_PLACEMENT_3D('',#5071,#4040,#4041);
#3401=AXIS2_PLACEMENT_3D('',#5073,#4042,#4043);
#3402=AXIS2_PLACEMENT_3D('',#5074,#4044,#4045);
#3403=AXIS2_PLACEMENT_3D('',#5075,#4046,#4047);
#3404=AXIS2_PLACEMENT_3D('',#5078,#4049,#4050);
#3405=AXIS2_PLACEMENT_3D('',#5079,#4051,#4052);
#3406=AXIS2_PLACEMENT_3D('',#5082,#4053,#4054);
#3407=AXIS2_PLACEMENT_3D('',#5083,#4055,#4056);
#3408=AXIS2_PLACEMENT_3D('',#5084,#4057,#4058);
#3409=AXIS2_PLACEMENT_3D('',#5085,#4059,#4060);
#3410=AXIS2_PLACEMENT_3D('',#5087,#4061,#4062);
#3411=AXIS2_PLACEMENT_3D('',#5089,#4064,#4065);
#3412=AXIS2_PLACEMENT_3D('',#5090,#4066,#4067);
#3413=AXIS2_PLACEMENT_3D('',#5092,#4068,#4069);
#3414=AXIS2_PLACEMENT_3D('',#5094,#4070,#4071);
#3415=AXIS2_PLACEMENT_3D('',#5095,#4072,#4073);
#3416=AXIS2_PLACEMENT_3D('',#5096,#4074,#4075);
#3417=AXIS2_PLACEMENT_3D('',#5099,#4077,#4078);
#3418=AXIS2_PLACEMENT_3D('',#5100,#4079,#4080);
#3419=AXIS2_PLACEMENT_3D('',#5103,#4081,#4082);
#3420=AXIS2_PLACEMENT_3D('',#5104,#4083,#4084);
#3421=AXIS2_PLACEMENT_3D('',#5105,#4085,#4086);
#3422=AXIS2_PLACEMENT_3D('',#5106,#4087,#4088);
#3423=AXIS2_PLACEMENT_3D('',#5108,#4089,#4090);
#3424=AXIS2_PLACEMENT_3D('',#5110,#4092,#4093);
#3425=AXIS2_PLACEMENT_3D('',#5111,#4094,#4095);
#3426=AXIS2_PLACEMENT_3D('',#5112,#4096,#4097);
#3427=AXIS2_PLACEMENT_3D('',#5113,#4098,#4099);
#3428=AXIS2_PLACEMENT_3D('',#5114,#4100,#4101);
#3429=AXIS2_PLACEMENT_3D('',#5116,#4102,#4103);
#3430=AXIS2_PLACEMENT_3D('',#5118,#4105,#4106);
#3431=AXIS2_PLACEMENT_3D('',#5121,#4108,#4109);
#3432=AXIS2_PLACEMENT_3D('',#5122,#4110,#4111);
#3433=AXIS2_PLACEMENT_3D('',#5123,#4112,#4113);
#3434=AXIS2_PLACEMENT_3D('',#5125,#4115,#4116);
#3435=AXIS2_PLACEMENT_3D('',#5126,#4117,#4118);
#3436=AXIS2_PLACEMENT_3D('',#5127,#4119,#4120);
#3437=AXIS2_PLACEMENT_3D('',#5128,#4121,#4122);
#3438=AXIS2_PLACEMENT_3D('',#5130,#4123,#4124);
#3439=AXIS2_PLACEMENT_3D('',#5132,#4126,#4127);
#3440=AXIS2_PLACEMENT_3D('',#5135,#4129,#4130);
#3441=AXIS2_PLACEMENT_3D('',#5136,#4131,#4132);
#3442=AXIS2_PLACEMENT_3D('',#5137,#4133,#4134);
#3443=AXIS2_PLACEMENT_3D('',#5139,#4136,#4137);
#3444=AXIS2_PLACEMENT_3D('',#5140,#4138,#4139);
#3445=AXIS2_PLACEMENT_3D('',#5141,#4140,#4141);
#3446=AXIS2_PLACEMENT_3D('',#5142,#4142,#4143);
#3447=AXIS2_PLACEMENT_3D('',#5144,#4145,#4146);
#3448=AXIS2_PLACEMENT_3D('',#5147,#4148,#4149);
#3449=AXIS2_PLACEMENT_3D('',#5149,#4151,#4152);
#3450=AXIS2_PLACEMENT_3D('',#5152,#4154,#4155);
#3451=AXIS2_PLACEMENT_3D('',#5153,#4156,#4157);
#3452=AXIS2_PLACEMENT_3D('',#5154,#4158,#4159);
#3453=AXIS2_PLACEMENT_3D('',#5156,#4161,#4162);
#3454=AXIS2_PLACEMENT_3D('',#5157,#4163,#4164);
#3455=AXIS2_PLACEMENT_3D('',#5158,#4165,#4166);
#3456=AXIS2_PLACEMENT_3D('',#5159,#4167,#4168);
#3457=AXIS2_PLACEMENT_3D('',#5161,#4169,#4170);
#3458=AXIS2_PLACEMENT_3D('',#5163,#4172,#4173);
#3459=AXIS2_PLACEMENT_3D('',#5166,#4175,#4176);
#3460=AXIS2_PLACEMENT_3D('',#5167,#4177,#4178);
#3461=AXIS2_PLACEMENT_3D('',#5168,#4179,#4180);
#3462=AXIS2_PLACEMENT_3D('',#5170,#4182,#4183);
#3463=AXIS2_PLACEMENT_3D('',#5174,#4186,#4187);
#3464=AXIS2_PLACEMENT_3D('',#5178,#4190,#4191);
#3465=AXIS2_PLACEMENT_3D('',#5182,#4194,#4195);
#3466=AXIS2_PLACEMENT_3D('',#5186,#4198,#4199);
#3467=AXIS2_PLACEMENT_3D('',#5189,#4200,#4201);
#3468=AXIS2_PLACEMENT_3D('',#5193,#4203,#4204);
#3469=AXIS2_PLACEMENT_3D('',#5195,#4206,#4207);
#3470=AXIS2_PLACEMENT_3D('',#5201,#4211,#4212);
#3471=AXIS2_PLACEMENT_3D('',#5205,#4214,#4215);
#3472=AXIS2_PLACEMENT_3D('',#5209,#4218,#4219);
#3473=AXIS2_PLACEMENT_3D('',#5212,#4220,#4221);
#3474=AXIS2_PLACEMENT_3D('',#5215,#4224,#4225);
#3475=AXIS2_PLACEMENT_3D('',#5219,#4228,#4229);
#3476=AXIS2_PLACEMENT_3D('',#5222,#4230,#4231);
#3477=AXIS2_PLACEMENT_3D('',#5226,#4233,#4234);
#3478=AXIS2_PLACEMENT_3D('',#5228,#4236,#4237);
#3479=AXIS2_PLACEMENT_3D('',#5234,#4241,#4242);
#3480=AXIS2_PLACEMENT_3D('',#5238,#4244,#4245);
#3481=AXIS2_PLACEMENT_3D('',#5242,#4248,#4249);
#3482=AXIS2_PLACEMENT_3D('',#5245,#4250,#4251);
#3483=AXIS2_PLACEMENT_3D('',#5248,#4254,#4255);
#3484=AXIS2_PLACEMENT_3D('',#5252,#4258,#4259);
#3485=AXIS2_PLACEMENT_3D('',#5254,#4261,#4262);
#3486=AXIS2_PLACEMENT_3D('',#5255,#4263,#4264);
#3487=AXIS2_PLACEMENT_3D('',#5256,#4265,#4266);
#3488=AXIS2_PLACEMENT_3D('',#5257,#4267,#4268);
#3489=AXIS2_PLACEMENT_3D('',#5258,#4269,#4270);
#3490=AXIS2_PLACEMENT_3D('',#5259,#4271,#4272);
#3491=AXIS2_PLACEMENT_3D('',#5260,#4273,#4274);
#3492=AXIS2_PLACEMENT_3D('',#5262,#4276,#4277);
#3493=AXIS2_PLACEMENT_3D('',#5264,#4279,#4280);
#3494=AXIS2_PLACEMENT_3D('',#5265,#4281,#4282);
#3495=AXIS2_PLACEMENT_3D('',#5267,#4284,#4285);
#3496=AXIS2_PLACEMENT_3D('',#5268,#4286,#4287);
#3497=AXIS2_PLACEMENT_3D('',#5269,#4288,#4289);
#3498=AXIS2_PLACEMENT_3D('',#5270,#4290,#4291);
#3499=AXIS2_PLACEMENT_3D('',#5271,#4292,#4293);
#3500=AXIS2_PLACEMENT_3D('',#5274,#4295,#4296);
#3501=AXIS2_PLACEMENT_3D('',#5275,#4297,#4298);
#3502=AXIS2_PLACEMENT_3D('',#5277,#4300,#4301);
#3503=AXIS2_PLACEMENT_3D('',#5279,#4303,#4304);
#3504=AXIS2_PLACEMENT_3D('',#5280,#4305,#4306);
#3505=AXIS2_PLACEMENT_3D('',#5282,#4308,#4309);
#3506=AXIS2_PLACEMENT_3D('',#5286,#4312,#4313);
#3507=AXIS2_PLACEMENT_3D('',#5287,#4314,#4315);
#3508=AXIS2_PLACEMENT_3D('',#5288,#4316,#4317);
#3509=AXIS2_PLACEMENT_3D('',#5292,#4320,#4321);
#3510=AXIS2_PLACEMENT_3D('',#5294,#4322,#4323);
#3511=AXIS2_PLACEMENT_3D('',#5296,#4325,#4326);
#3512=AXIS2_PLACEMENT_3D('',#5298,#4328,#4329);
#3513=AXIS2_PLACEMENT_3D('',#5302,#4332,#4333);
#3514=AXIS2_PLACEMENT_3D('',#5303,#4334,#4335);
#3515=AXIS2_PLACEMENT_3D('',#5304,#4336,#4337);
#3516=AXIS2_PLACEMENT_3D('',#5308,#4340,#4341);
#3517=AXIS2_PLACEMENT_3D('',#5310,#4342,#4343);
#3518=AXIS2_PLACEMENT_3D('',#5312,#4345,#4346);
#3519=AXIS2_PLACEMENT_3D('',#5314,#4348,#4349);
#3520=AXIS2_PLACEMENT_3D('',#5318,#4352,#4353);
#3521=AXIS2_PLACEMENT_3D('',#5319,#4354,#4355);
#3522=AXIS2_PLACEMENT_3D('',#5320,#4356,#4357);
#3523=AXIS2_PLACEMENT_3D('',#5324,#4360,#4361);
#3524=AXIS2_PLACEMENT_3D('',#5326,#4362,#4363);
#3525=AXIS2_PLACEMENT_3D('',#5328,#4365,#4366);
#3526=AXIS2_PLACEMENT_3D('',#5330,#4368,#4369);
#3527=AXIS2_PLACEMENT_3D('',#5334,#4372,#4373);
#3528=AXIS2_PLACEMENT_3D('',#5335,#4374,#4375);
#3529=AXIS2_PLACEMENT_3D('',#5336,#4376,#4377);
#3530=AXIS2_PLACEMENT_3D('',#5340,#4380,#4381);
#3531=AXIS2_PLACEMENT_3D('',#5341,#4382,#4383);
#3532=AXIS2_PLACEMENT_3D('',#5342,#4384,#4385);
#3533=AXIS2_PLACEMENT_3D('',#5343,#4386,#4387);
#3534=AXIS2_PLACEMENT_3D('',#5344,#4388,#4389);
#3535=AXIS2_PLACEMENT_3D('',#5347,#4390,#4391);
#3536=AXIS2_PLACEMENT_3D('',#5351,#4393,#4394);
#3537=AXIS2_PLACEMENT_3D('',#5353,#4396,#4397);
#3538=AXIS2_PLACEMENT_3D('',#5359,#4401,#4402);
#3539=AXIS2_PLACEMENT_3D('',#5363,#4404,#4405);
#3540=AXIS2_PLACEMENT_3D('',#5368,#4408,#4409);
#3541=AXIS2_PLACEMENT_3D('',#5370,#4410,#4411);
#3542=AXIS2_PLACEMENT_3D('',#5372,#4412,#4413);
#3543=AXIS2_PLACEMENT_3D('',#5373,#4414,#4415);
#3544=AXIS2_PLACEMENT_3D('',#5376,#4416,#4417);
#3545=AXIS2_PLACEMENT_3D('',#5379,#4420,#4421);
#3546=AXIS2_PLACEMENT_3D('',#5383,#4424,#4425);
#3547=AXIS2_PLACEMENT_3D('',#5386,#4426,#4427);
#3548=AXIS2_PLACEMENT_3D('',#5390,#4429,#4430);
#3549=AXIS2_PLACEMENT_3D('',#5392,#4432,#4433);
#3550=AXIS2_PLACEMENT_3D('',#5398,#4437,#4438);
#3551=AXIS2_PLACEMENT_3D('',#5402,#4440,#4441);
#3552=AXIS2_PLACEMENT_3D('',#5407,#4444,#4445);
#3553=AXIS2_PLACEMENT_3D('',#5409,#4446,#4447);
#3554=AXIS2_PLACEMENT_3D('',#5411,#4448,#4449);
#3555=AXIS2_PLACEMENT_3D('',#5412,#4450,#4451);
#3556=AXIS2_PLACEMENT_3D('',#5415,#4452,#4453);
#3557=AXIS2_PLACEMENT_3D('',#5418,#4456,#4457);
#3558=AXIS2_PLACEMENT_3D('',#5422,#4460,#4461);
#3559=AXIS2_PLACEMENT_3D('',#5424,#4462,#4463);
#3560=AXIS2_PLACEMENT_3D('',#5426,#4465,#4466);
#3561=AXIS2_PLACEMENT_3D('',#5428,#4467,#4468);
#3562=AXIS2_PLACEMENT_3D('',#5430,#4470,#4471);
#3563=AXIS2_PLACEMENT_3D('',#5432,#4472,#4473);
#3564=AXIS2_PLACEMENT_3D('',#5434,#4475,#4476);
#3565=AXIS2_PLACEMENT_3D('',#5436,#4477,#4478);
#3566=AXIS2_PLACEMENT_3D('',#5438,#4480,#4481);
#3567=AXIS2_PLACEMENT_3D('',#5440,#4482,#4483);
#3568=AXIS2_PLACEMENT_3D('',#5442,#4485,#4486);
#3569=AXIS2_PLACEMENT_3D('',#5444,#4487,#4488);
#3570=AXIS2_PLACEMENT_3D('',#5446,#4490,#4491);
#3571=AXIS2_PLACEMENT_3D('',#5448,#4492,#4493);
#3572=AXIS2_PLACEMENT_3D('',#5451,#4495,#4496);
#3573=AXIS2_PLACEMENT_3D('',#5452,#4497,#4498);
#3574=AXIS2_PLACEMENT_3D('',#5454,#4499,#4500);
#3575=AXIS2_PLACEMENT_3D('',#5457,#4502,#4503);
#3576=AXIS2_PLACEMENT_3D('',#5458,#4504,#4505);
#3577=AXIS2_PLACEMENT_3D('',#5460,#4506,#4507);
#3578=AXIS2_PLACEMENT_3D('',#5463,#4509,#4510);
#3579=AXIS2_PLACEMENT_3D('',#5464,#4511,#4512);
#3580=AXIS2_PLACEMENT_3D('',#5466,#4513,#4514);
#3581=AXIS2_PLACEMENT_3D('',#5469,#4516,#4517);
#3582=AXIS2_PLACEMENT_3D('',#5470,#4518,#4519);
#3583=AXIS2_PLACEMENT_3D('',#5472,#4520,#4521);
#3584=AXIS2_PLACEMENT_3D('',#5475,#4523,#4524);
#3585=AXIS2_PLACEMENT_3D('',#5476,#4525,#4526);
#3586=AXIS2_PLACEMENT_3D('',#5478,#4527,#4528);
#3587=AXIS2_PLACEMENT_3D('',#5481,#4530,#4531);
#3588=AXIS2_PLACEMENT_3D('',#5482,#4532,#4533);
#3589=AXIS2_PLACEMENT_3D('',#5484,#4534,#4535);
#3590=AXIS2_PLACEMENT_3D('',#5487,#4537,#4538);
#3591=AXIS2_PLACEMENT_3D('',#5488,#4539,#4540);
#3592=AXIS2_PLACEMENT_3D('',#5490,#4541,#4542);
#3593=AXIS2_PLACEMENT_3D('',#5493,#4544,#4545);
#3594=AXIS2_PLACEMENT_3D('',#5494,#4546,#4547);
#3595=AXIS2_PLACEMENT_3D('',#5496,#4548,#4549);
#3596=AXIS2_PLACEMENT_3D('',#5499,#4551,#4552);
#3597=AXIS2_PLACEMENT_3D('',#5500,#4553,#4554);
#3598=AXIS2_PLACEMENT_3D('',#5502,#4555,#4556);
#3599=AXIS2_PLACEMENT_3D('',#5505,#4558,#4559);
#3600=AXIS2_PLACEMENT_3D('',#5506,#4560,#4561);
#3601=AXIS2_PLACEMENT_3D('',#5508,#4562,#4563);
#3602=AXIS2_PLACEMENT_3D('',#5511,#4565,#4566);
#3603=AXIS2_PLACEMENT_3D('',#5512,#4567,#4568);
#3604=AXIS2_PLACEMENT_3D('',#5514,#4569,#4570);
#3605=AXIS2_PLACEMENT_3D('',#5517,#4572,#4573);
#3606=AXIS2_PLACEMENT_3D('',#5518,#4574,#4575);
#3607=AXIS2_PLACEMENT_3D('',#5520,#4576,#4577);
#3608=AXIS2_PLACEMENT_3D('',#5523,#4579,#4580);
#3609=AXIS2_PLACEMENT_3D('',#5524,#4581,#4582);
#3610=AXIS2_PLACEMENT_3D('',#5527,#4584,#4585);
#3611=AXIS2_PLACEMENT_3D('',#5530,#4587,#4588);
#3612=AXIS2_PLACEMENT_3D('',#5531,#4589,#4590);
#3613=AXIS2_PLACEMENT_3D('',#5533,#4591,#4592);
#3614=AXIS2_PLACEMENT_3D('',#5535,#4594,#4595);
#3615=AXIS2_PLACEMENT_3D('',#5538,#4597,#4598);
#3616=AXIS2_PLACEMENT_3D('',#5539,#4599,#4600);
#3617=AXIS2_PLACEMENT_3D('',#5541,#4602,#4603);
#3618=AXIS2_PLACEMENT_3D('',#5543,#4605,#4606);
#3619=AXIS2_PLACEMENT_3D('',#5544,#4607,#4608);
#3620=AXIS2_PLACEMENT_3D('',#5550,#4612,#4613);
#3621=AXIS2_PLACEMENT_3D('',#5554,#4616,#4617);
#3622=AXIS2_PLACEMENT_3D('',#5556,#4619,#4620);
#3623=AXIS2_PLACEMENT_3D('',#5557,#4621,#4622);
#3624=AXIS2_PLACEMENT_3D('',#5558,#4623,#4624);
#3625=AXIS2_PLACEMENT_3D('',#5559,#4625,#4626);
#3626=AXIS2_PLACEMENT_3D('',#5560,#4627,#4628);
#3627=AXIS2_PLACEMENT_3D('',#5563,#4630,#4631);
#3628=AXIS2_PLACEMENT_3D('',#5564,#4632,#4633);
#3629=AXIS2_PLACEMENT_3D('',#5566,#4635,#4636);
#3630=AXIS2_PLACEMENT_3D('',#5568,#4638,#4639);
#3631=AXIS2_PLACEMENT_3D('',#5569,#4640,#4641);
#3632=AXIS2_PLACEMENT_3D('',#5571,#4643,#4644);
#3633=AXIS2_PLACEMENT_3D('',#5572,#4645,#4646);
#3634=AXIS2_PLACEMENT_3D('',#5573,#4647,#4648);
#3635=AXIS2_PLACEMENT_3D('',#5574,#4649,#4650);
#3636=DIRECTION('axis',(0.,0.,1.));
#3637=DIRECTION('refdir',(1.,0.,0.));
#3638=DIRECTION('axis',(0.,0.,1.));
#3639=DIRECTION('refdir',(1.,0.,0.));
#3640=DIRECTION('center_axis',(0.,-1.,2.22044604925031E-15));
#3641=DIRECTION('ref_axis',(-1.,0.,0.));
#3642=DIRECTION('center_axis',(0.,-1.,1.83758917935762E-15));
#3643=DIRECTION('ref_axis',(-1.,0.,0.));
#3644=DIRECTION('',(0.,-1.,2.22044604925031E-15));
#3645=DIRECTION('center_axis',(0.,1.,-1.80697300937893E-15));
#3646=DIRECTION('ref_axis',(-1.,0.,0.));
#3647=DIRECTION('center_axis',(-1.,0.,0.));
#3648=DIRECTION('ref_axis',(0.,-1.83758917935762E-15,-1.));
#3649=DIRECTION('',(0.,1.80697300937893E-15,1.));
#3650=DIRECTION('',(0.,-1.,2.22044604925031E-15));
#3651=DIRECTION('',(0.,-1.83758917935762E-15,-1.));
#3652=DIRECTION('',(0.,-1.,2.22044604925031E-15));
#3653=DIRECTION('center_axis',(0.,-1.,2.22044604925031E-15));
#3654=DIRECTION('ref_axis',(-1.,0.,0.));
#3655=DIRECTION('center_axis',(0.,1.,-1.80697300937893E-15));
#3656=DIRECTION('ref_axis',(-1.,0.,0.));
#3657=DIRECTION('center_axis',(0.,-1.,1.83758917935762E-15));
#3658=DIRECTION('ref_axis',(-1.,0.,0.));
#3659=DIRECTION('',(0.,-1.,2.22044604925031E-15));
#3660=DIRECTION('center_axis',(0.,2.22044604925031E-15,1.));
#3661=DIRECTION('ref_axis',(-1.,0.,0.));
#3662=DIRECTION('',(1.,0.,0.));
#3663=DIRECTION('',(-1.,0.,0.));
#3664=DIRECTION('',(0.,-1.,2.22044604925031E-15));
#3665=DIRECTION('center_axis',(0.,-1.,2.22044604925031E-15));
#3666=DIRECTION('ref_axis',(0.,2.22044604925031E-15,1.));
#3667=DIRECTION('center_axis',(0.,1.,-1.80697300937893E-15));
#3668=DIRECTION('ref_axis',(0.,2.22044604925031E-15,1.));
#3669=DIRECTION('center_axis',(0.,-1.,1.83758917935762E-15));
#3670=DIRECTION('ref_axis',(0.,2.22044604925031E-15,1.));
#3671=DIRECTION('',(0.,-1.,2.22044604925031E-15));
#3672=DIRECTION('center_axis',(1.,0.,0.));
#3673=DIRECTION('ref_axis',(0.,1.83758917935762E-15,1.));
#3674=DIRECTION('',(0.,-1.80697300937893E-15,-1.));
#3675=DIRECTION('',(0.,1.83758917935762E-15,1.));
#3676=DIRECTION('',(0.,-1.,2.22044604925031E-15));
#3677=DIRECTION('center_axis',(0.,-1.,2.22044604925031E-15));
#3678=DIRECTION('ref_axis',(1.,0.,0.));
#3679=DIRECTION('center_axis',(0.,1.,-1.80697300937893E-15));
#3680=DIRECTION('ref_axis',(1.,0.,0.));
#3681=DIRECTION('center_axis',(0.,-1.,1.83758917935762E-15));
#3682=DIRECTION('ref_axis',(1.,0.,0.));
#3683=DIRECTION('',(0.,-1.,2.22044604925031E-15));
#3684=DIRECTION('center_axis',(0.,-2.22044604925031E-15,-1.));
#3685=DIRECTION('ref_axis',(1.,0.,0.));
#3686=DIRECTION('',(-1.,0.,0.));
#3687=DIRECTION('',(1.,0.,0.));
#3688=DIRECTION('',(0.,-1.,2.22044604925031E-15));
#3689=DIRECTION('center_axis',(0.,-1.,2.22044604925031E-15));
#3690=DIRECTION('ref_axis',(0.,-2.22044604925031E-15,-1.));
#3691=DIRECTION('center_axis',(0.,1.,-1.80697300937893E-15));
#3692=DIRECTION('ref_axis',(0.,-2.22044604925031E-15,-1.));
#3693=DIRECTION('center_axis',(0.,-1.,1.83758917935762E-15));
#3694=DIRECTION('ref_axis',(0.,-2.22044604925031E-15,-1.));
#3695=DIRECTION('center_axis',(0.,-1.,2.22044604925031E-15));
#3696=DIRECTION('ref_axis',(-1.,0.,0.));
#3697=DIRECTION('center_axis',(0.,-1.,1.83758917935762E-15));
#3698=DIRECTION('ref_axis',(-1.,0.,0.));
#3699=DIRECTION('',(0.,-1.,2.22044604925031E-15));
#3700=DIRECTION('center_axis',(0.,1.,-1.80697300937893E-15));
#3701=DIRECTION('ref_axis',(-1.,0.,0.));
#3702=DIRECTION('center_axis',(0.,0.,1.));
#3703=DIRECTION('ref_axis',(0.707106781186541,-0.707106781186554,0.));
#3704=DIRECTION('center_axis',(0.,0.,-1.));
#3705=DIRECTION('ref_axis',(0.707106781186541,-0.707106781186554,0.));
#3706=DIRECTION('',(0.,0.,-1.));
#3707=DIRECTION('center_axis',(0.,0.,1.));
#3708=DIRECTION('ref_axis',(0.707106781186541,-0.707106781186554,0.));
#3709=DIRECTION('',(0.,0.,1.));
#3710=DIRECTION('center_axis',(1.,-1.64477485129656E-15,0.));
#3711=DIRECTION('ref_axis',(1.64477485129656E-15,1.,0.));
#3712=DIRECTION('',(-1.64477485129656E-15,-1.,0.));
#3713=DIRECTION('',(0.,0.,1.));
#3714=DIRECTION('',(1.64477485129656E-15,1.,0.));
#3715=DIRECTION('center_axis',(0.,0.,1.));
#3716=DIRECTION('ref_axis',(1.,0.,0.));
#3717=DIRECTION('',(1.,0.,0.));
#3718=DIRECTION('center_axis',(0.,0.,1.));
#3719=DIRECTION('ref_axis',(-1.,0.,0.));
#3720=DIRECTION('',(1.,0.,0.));
#3721=DIRECTION('',(1.58603289232165E-14,-1.,0.));
#3722=DIRECTION('',(-1.,0.,0.));
#3723=DIRECTION('center_axis',(0.,0.,1.));
#3724=DIRECTION('ref_axis',(-1.,8.88178419700128E-15,0.));
#3725=DIRECTION('',(-1.,0.,0.));
#3726=DIRECTION('center_axis',(0.,0.,1.));
#3727=DIRECTION('ref_axis',(0.707106781186541,0.707106781186554,0.));
#3728=DIRECTION('',(1.1348946473946E-14,-1.,0.));
#3729=DIRECTION('center_axis',(0.,0.,1.));
#3730=DIRECTION('ref_axis',(0.707106781186548,-0.707106781186548,0.));
#3731=DIRECTION('',(1.,-8.07434926999987E-16,0.));
#3732=DIRECTION('center_axis',(0.,0.,1.));
#3733=DIRECTION('ref_axis',(-1.,-8.88178419700124E-15,0.));
#3734=DIRECTION('',(1.,-8.07434926999984E-16,0.));
#3735=DIRECTION('',(0.,-1.,0.));
#3736=DIRECTION('',(-1.,0.,0.));
#3737=DIRECTION('center_axis',(0.,0.,1.));
#3738=DIRECTION('ref_axis',(-1.,-2.57571741713034E-13,0.));
#3739=DIRECTION('',(-1.,0.,0.));
#3740=DIRECTION('center_axis',(0.,0.,1.));
#3741=DIRECTION('ref_axis',(0.707106781186554,0.707106781186541,0.));
#3742=DIRECTION('',(-1.61187935427056E-14,-1.,0.));
#3743=DIRECTION('',(-1.,0.,0.));
#3744=DIRECTION('',(-5.09880203901924E-14,1.,0.));
#3745=DIRECTION('center_axis',(0.,0.,1.));
#3746=DIRECTION('ref_axis',(-0.707106781186566,0.707106781186529,0.));
#3747=DIRECTION('',(1.,0.,0.));
#3748=DIRECTION('center_axis',(0.,0.,1.));
#3749=DIRECTION('ref_axis',(1.,-5.32907051820077E-14,0.));
#3750=DIRECTION('',(1.,0.,0.));
#3751=DIRECTION('',(0.,1.,0.));
#3752=DIRECTION('',(-1.,0.,0.));
#3753=DIRECTION('center_axis',(0.,0.,1.));
#3754=DIRECTION('ref_axis',(1.,4.4408920985006E-15,0.));
#3755=DIRECTION('',(-1.,0.,0.));
#3756=DIRECTION('center_axis',(0.,0.,1.));
#3757=DIRECTION('ref_axis',(-0.707106781186554,-0.707106781186541,0.));
#3758=DIRECTION('',(2.44601517171384E-14,1.,0.));
#3759=DIRECTION('center_axis',(0.,0.,1.));
#3760=DIRECTION('ref_axis',(-0.707106781186541,0.707106781186554,0.));
#3761=DIRECTION('',(1.,0.,0.));
#3762=DIRECTION('center_axis',(0.,0.,1.));
#3763=DIRECTION('ref_axis',(1.,8.8817841970012E-15,0.));
#3764=DIRECTION('',(1.,0.,0.));
#3765=DIRECTION('',(5.70971841235795E-15,1.,0.));
#3766=DIRECTION('',(-1.,0.,0.));
#3767=DIRECTION('center_axis',(0.,0.,1.));
#3768=DIRECTION('ref_axis',(1.,0.,0.));
#3769=DIRECTION('',(-1.,0.,0.));
#3770=DIRECTION('center_axis',(0.,0.,1.));
#3771=DIRECTION('ref_axis',(-0.707106781186554,-0.707106781186541,0.));
#3772=DIRECTION('',(-1.64477485129653E-15,1.,0.));
#3773=DIRECTION('',(1.,0.,0.));
#3774=DIRECTION('center_axis',(0.,0.,1.));
#3775=DIRECTION('ref_axis',(0.707106781186541,0.707106781186554,0.));
#3776=DIRECTION('center_axis',(0.,0.,-1.));
#3777=DIRECTION('ref_axis',(0.707106781186541,0.707106781186554,0.));
#3778=DIRECTION('',(0.,0.,-1.));
#3779=DIRECTION('',(0.,0.,1.));
#3780=DIRECTION('center_axis',(1.,1.1348946473946E-14,0.));
#3781=DIRECTION('ref_axis',(-1.1348946473946E-14,1.,0.));
#3782=DIRECTION('',(-1.1348946473946E-14,1.,0.));
#3783=DIRECTION('',(0.,0.,1.));
#3784=DIRECTION('center_axis',(0.,0.,1.));
#3785=DIRECTION('ref_axis',(0.707106781186548,-0.707106781186548,0.));
#3786=DIRECTION('center_axis',(0.,0.,-1.));
#3787=DIRECTION('ref_axis',(0.707106781186548,-0.707106781186548,0.));
#3788=DIRECTION('',(0.,0.,-1.));
#3789=DIRECTION('center_axis',(0.,0.,1.));
#3790=DIRECTION('ref_axis',(0.707106781186554,0.707106781186541,0.));
#3791=DIRECTION('center_axis',(0.,0.,-1.));
#3792=DIRECTION('ref_axis',(0.707106781186554,0.707106781186541,0.));
#3793=DIRECTION('',(0.,0.,-1.));
#3794=DIRECTION('',(0.,0.,1.));
#3795=DIRECTION('center_axis',(0.,1.,0.));
#3796=DIRECTION('ref_axis',(-1.,0.,0.));
#3797=DIRECTION('',(0.,0.,1.));
#3798=DIRECTION('',(-1.,0.,0.));
#3799=DIRECTION('center_axis',(0.,0.,1.));
#3800=DIRECTION('ref_axis',(-0.707106781186566,0.707106781186529,0.));
#3801=DIRECTION('center_axis',(0.,0.,-1.));
#3802=DIRECTION('ref_axis',(-0.707106781186566,0.707106781186529,0.));
#3803=DIRECTION('',(0.,0.,-1.));
#3804=DIRECTION('',(0.,0.,1.));
#3805=DIRECTION('center_axis',(-1.,-5.09880203901924E-14,0.));
#3806=DIRECTION('ref_axis',(5.09880203901924E-14,-1.,0.));
#3807=DIRECTION('',(0.,0.,1.));
#3808=DIRECTION('',(5.09880203901924E-14,-1.,0.));
#3809=DIRECTION('center_axis',(0.,0.,1.));
#3810=DIRECTION('ref_axis',(-0.707106781186554,-0.707106781186541,0.));
#3811=DIRECTION('center_axis',(0.,0.,-1.));
#3812=DIRECTION('ref_axis',(-0.707106781186554,-0.707106781186541,0.));
#3813=DIRECTION('',(0.,0.,-1.));
#3814=DIRECTION('',(0.,0.,1.));
#3815=DIRECTION('center_axis',(-1.,2.44601517171384E-14,0.));
#3816=DIRECTION('ref_axis',(-2.44601517171384E-14,-1.,0.));
#3817=DIRECTION('',(-2.44601517171384E-14,-1.,0.));
#3818=DIRECTION('',(0.,0.,1.));
#3819=DIRECTION('center_axis',(0.,0.,1.));
#3820=DIRECTION('ref_axis',(-0.707106781186541,0.707106781186554,0.));
#3821=DIRECTION('center_axis',(0.,0.,-1.));
#3822=DIRECTION('ref_axis',(-0.707106781186541,0.707106781186554,0.));
#3823=DIRECTION('',(0.,0.,-1.));
#3824=DIRECTION('center_axis',(0.,0.,1.));
#3825=DIRECTION('ref_axis',(-0.707106781186554,-0.707106781186541,0.));
#3826=DIRECTION('center_axis',(0.,0.,-1.));
#3827=DIRECTION('ref_axis',(-0.707106781186554,-0.707106781186541,0.));
#3828=DIRECTION('',(0.,0.,-1.));
#3829=DIRECTION('',(0.,0.,1.));
#3830=DIRECTION('center_axis',(-1.,-1.64477485129653E-15,0.));
#3831=DIRECTION('ref_axis',(1.64477485129653E-15,-1.,0.));
#3832=DIRECTION('',(1.64477485129653E-15,-1.,0.));
#3833=DIRECTION('',(0.,0.,-1.));
#3834=DIRECTION('center_axis',(1.,1.58603289232165E-14,1.71512449944288E-15));
#3835=DIRECTION('ref_axis',(-1.25607396694702E-14,0.707106781186551,0.707106781186544));
#3836=DIRECTION('center_axis',(-1.,-1.58603289232165E-14,-1.71512449944288E-15));
#3837=DIRECTION('ref_axis',(-1.25607396694702E-14,0.707106781186551,0.707106781186544));
#3838=DIRECTION('',(-1.,-1.58603289232165E-14,-1.71512449944288E-15));
#3839=DIRECTION('center_axis',(1.,1.58603289232165E-14,1.74574066942157E-15));
#3840=DIRECTION('ref_axis',(-1.25607396694702E-14,0.707106781186551,0.707106781186544));
#3841=DIRECTION('',(1.,1.58603289232165E-14,1.71512449944288E-15));
#3842=DIRECTION('center_axis',(-1.58603289232165E-14,1.,-1.71291552370738E-15));
#3843=DIRECTION('ref_axis',(-1.77635683940028E-15,1.71291552370735E-15,
1.));
#3844=DIRECTION('',(-1.77635683940028E-15,1.71291552370736E-15,1.));
#3845=DIRECTION('',(-1.,-1.58603289232165E-14,-1.71512449944288E-15));
#3846=DIRECTION('',(1.77635683940028E-15,-1.71291552370736E-15,-1.));
#3847=DIRECTION('center_axis',(1.,1.58603289232165E-14,1.71512449944288E-15));
#3848=DIRECTION('ref_axis',(1.71512449944263E-15,1.58603289232166E-14,-1.));
#3849=DIRECTION('',(1.58603289232165E-14,-1.,1.26882631385733E-15));
#3850=DIRECTION('center_axis',(-1.,-1.58603289232165E-14,-1.71512449944288E-15));
#3851=DIRECTION('ref_axis',(9.42055475210264E-15,-0.707106781186548,0.707106781186548));
#3852=DIRECTION('',(1.71512449944288E-15,2.83989925879564E-29,-1.));
#3853=DIRECTION('',(-1.58603289232165E-14,1.,0.));
#3854=DIRECTION('center_axis',(1.,1.58603289232165E-14,1.71512449944288E-15));
#3855=DIRECTION('ref_axis',(1.58603289232165E-14,-1.,-3.59072520641432E-15));
#3856=DIRECTION('center_axis',(-1.,5.39251183389362E-15,-6.12323399573677E-17));
#3857=DIRECTION('ref_axis',(3.14018491736755E-15,0.707106781186546,0.707106781186549));
#3858=DIRECTION('center_axis',(1.,-5.39251183389362E-15,6.12323399573677E-17));
#3859=DIRECTION('ref_axis',(3.14018491736755E-15,0.707106781186546,0.707106781186549));
#3860=DIRECTION('',(1.,-5.39251183389362E-15,6.12323399573677E-17));
#3861=DIRECTION('center_axis',(-1.,5.55111512312578E-15,5.50652429301503E-16));
#3862=DIRECTION('ref_axis',(3.14018491736755E-15,0.707106781186546,0.707106781186549));
#3863=DIRECTION('',(-1.,5.39251183389362E-15,-6.12323399573677E-17));
#3864=DIRECTION('center_axis',(1.,-5.55111512312578E-15,-5.50652429301503E-16));
#3865=DIRECTION('ref_axis',(-5.50652429301473E-16,5.39251183389362E-15,
-1.));
#3866=DIRECTION('',(-6.02692499082228E-15,-1.,-9.5161973539299E-16));
#3867=DIRECTION('center_axis',(-1.,5.55111512312578E-15,5.50652429301503E-16));
#3868=DIRECTION('ref_axis',(-3.14018491736755E-15,-0.707106781186549,0.707106781186546));
#3869=DIRECTION('',(2.32507439712076E-15,1.71291552370737E-15,-1.));
#3870=DIRECTION('',(5.55111512312578E-15,1.,9.71165052462054E-33));
#3871=DIRECTION('',(-4.65014879424148E-15,1.71291552370741E-15,-1.));
#3872=DIRECTION('center_axis',(1.,-5.55111512312578E-15,-5.50652429301503E-16));
#3873=DIRECTION('ref_axis',(5.55111512312578E-15,1.,4.55667518064895E-16));
#3874=DIRECTION('center_axis',(-6.12323399573728E-17,-9.5161973539299E-16,
1.));
#3875=DIRECTION('ref_axis',(6.02692499082228E-15,1.,9.5161973539299E-16));
#3876=DIRECTION('',(6.02692499082228E-15,1.,9.5161973539299E-16));
#3877=DIRECTION('',(-1.,5.39251183389362E-15,-6.12323399573677E-17));
#3878=DIRECTION('center_axis',(1.,1.58603289232165E-14,1.71512449944288E-15));
#3879=DIRECTION('ref_axis',(9.42055475210264E-15,-0.707106781186548,0.707106781186548));
#3880=DIRECTION('',(-1.,-1.58603289232165E-14,-1.71512449944288E-15));
#3881=DIRECTION('center_axis',(1.,1.58603289232165E-14,1.74574066942157E-15));
#3882=DIRECTION('ref_axis',(9.42055475210264E-15,-0.707106781186548,0.707106781186548));
#3883=DIRECTION('',(1.,1.58603289232165E-14,1.71512449944288E-15));
#3884=DIRECTION('center_axis',(1.58603289232165E-14,-1.,0.));
#3885=DIRECTION('ref_axis',(1.71512449944288E-15,2.83989925879564E-29,-1.));
#3886=DIRECTION('',(1.77635683940028E-15,-1.71291552370736E-15,-1.));
#3887=DIRECTION('',(1.,1.58603289232165E-14,1.71512449944288E-15));
#3888=DIRECTION('center_axis',(-1.,-1.58603289232165E-14,-1.74574066942157E-15));
#3889=DIRECTION('ref_axis',(-1.74574066942131E-15,-1.58603289232166E-14,
1.));
#3890=DIRECTION('',(1.58603289232165E-14,-1.,1.5823855257564E-46));
#3891=DIRECTION('',(-1.58603289232165E-14,1.,-1.26882631385733E-15));
#3892=DIRECTION('center_axis',(-1.,-1.58603289232165E-14,-1.74574066942157E-15));
#3893=DIRECTION('ref_axis',(1.58603289232165E-14,-1.,-7.79359720029128E-16));
#3894=DIRECTION('center_axis',(-1.,5.39251183389362E-15,-6.12323399573677E-17));
#3895=DIRECTION('ref_axis',(-3.14018491736755E-15,-0.707106781186549,0.707106781186546));
#3896=DIRECTION('center_axis',(1.,-5.39251183389362E-15,6.12323399573677E-17));
#3897=DIRECTION('ref_axis',(-3.14018491736755E-15,-0.707106781186549,0.707106781186546));
#3898=DIRECTION('',(1.,-5.39251183389362E-15,6.12323399573677E-17));
#3899=DIRECTION('center_axis',(1.,0.,-6.12323399573677E-17));
#3900=DIRECTION('ref_axis',(0.,0.707106781186548,0.707106781186547));
#3901=DIRECTION('center_axis',(-1.,0.,6.12323399573677E-17));
#3902=DIRECTION('ref_axis',(0.,0.707106781186548,0.707106781186547));
#3903=DIRECTION('',(-1.,0.,6.12323399573677E-17));
#3904=DIRECTION('center_axis',(1.,1.25765874293837E-31,-3.06161699786838E-17));
#3905=DIRECTION('ref_axis',(0.,0.707106781186548,0.707106781186547));
#3906=DIRECTION('',(1.,0.,-6.12323399573677E-17));
#3907=DIRECTION('center_axis',(-1.04885825665903E-31,1.,-1.71291552370738E-15));
#3908=DIRECTION('ref_axis',(0.,1.71291552370738E-15,1.));
#3909=DIRECTION('',(0.,1.71291552370738E-15,1.));
#3910=DIRECTION('',(-1.,0.,6.12323399573677E-17));
#3911=DIRECTION('',(0.,-1.71291552370738E-15,-1.));
#3912=DIRECTION('center_axis',(1.,0.,-6.12323399573677E-17));
#3913=DIRECTION('ref_axis',(-6.12323399573677E-17,0.,-1.));
#3914=DIRECTION('',(1.16539806295448E-31,-1.,1.90323947078598E-15));
#3915=DIRECTION('center_axis',(-1.,0.,6.12323399573677E-17));
#3916=DIRECTION('ref_axis',(0.,-0.70710678118655,0.707106781186545));
#3917=DIRECTION('',(-6.12323399573677E-17,0.,-1.));
#3918=DIRECTION('',(0.,1.,0.));
#3919=DIRECTION('center_axis',(1.,0.,-6.12323399573677E-17));
#3920=DIRECTION('ref_axis',(5.93024825093657E-33,-1.,9.68483036099132E-17));
#3921=DIRECTION('center_axis',(1.,0.,-6.12323399573677E-17));
#3922=DIRECTION('ref_axis',(0.,-0.70710678118655,0.707106781186545));
#3923=DIRECTION('',(-1.,0.,6.12323399573677E-17));
#3924=DIRECTION('center_axis',(1.,1.25765874293837E-31,-3.06161699786838E-17));
#3925=DIRECTION('ref_axis',(0.,-0.70710678118655,0.707106781186545));
#3926=DIRECTION('',(1.,0.,-6.12323399573677E-17));
#3927=DIRECTION('center_axis',(0.,-1.,0.));
#3928=DIRECTION('ref_axis',(-6.12323399573677E-17,0.,-1.));
#3929=DIRECTION('',(0.,-1.71291552370738E-15,-1.));
#3930=DIRECTION('',(1.,0.,-6.12323399573677E-17));
#3931=DIRECTION('center_axis',(-1.,-1.25765874293837E-31,3.06161699786838E-17));
#3932=DIRECTION('ref_axis',(3.06161699786838E-17,0.,1.));
#3933=DIRECTION('',(1.25765874293837E-31,-1.,-7.70093876979582E-48));
#3934=DIRECTION('',(-1.16539806295448E-31,1.,-1.90323947078598E-15));
#3935=DIRECTION('center_axis',(-1.,-1.25765874293837E-31,3.06161699786838E-17));
#3936=DIRECTION('ref_axis',(1.26021666315713E-31,-1.,8.35480146778109E-18));
#3937=DIRECTION('center_axis',(-1.,0.,-6.12323399573677E-17));
#3938=DIRECTION('ref_axis',(0.,-0.707106781186551,0.707106781186544));
#3939=DIRECTION('center_axis',(1.,0.,6.12323399573677E-17));
#3940=DIRECTION('ref_axis',(0.,-0.707106781186551,0.707106781186544));
#3941=DIRECTION('',(1.,0.,6.12323399573677E-17));
#3942=DIRECTION('center_axis',(-1.,-1.15568641242986E-31,-3.06161699786838E-17));
#3943=DIRECTION('ref_axis',(0.,-0.707106781186551,0.707106781186544));
#3944=DIRECTION('',(-1.,0.,-6.12323399573677E-17));
#3945=DIRECTION('center_axis',(1.04885825665903E-31,-1.,-1.71291552370738E-15));
#3946=DIRECTION('ref_axis',(0.,-1.71291552370738E-15,1.));
#3947=DIRECTION('',(0.,-1.71291552370738E-15,1.));
#3948=DIRECTION('',(1.,0.,6.12323399573677E-17));
#3949=DIRECTION('',(0.,1.71291552370738E-15,-1.));
#3950=DIRECTION('center_axis',(-1.,0.,-6.12323399573677E-17));
#3951=DIRECTION('ref_axis',(-6.12323399573677E-17,0.,1.));
#3952=DIRECTION('',(-7.76932041969652E-32,1.,1.26882631385732E-15));
#3953=DIRECTION('center_axis',(1.,0.,6.12323399573677E-17));
#3954=DIRECTION('ref_axis',(0.,0.707106781186546,0.707106781186549));
#3955=DIRECTION('',(6.12323399573677E-17,0.,-1.));
#3956=DIRECTION('',(0.,-1.,0.));
#3957=DIRECTION('center_axis',(-1.,0.,-6.12323399573677E-17));
#3958=DIRECTION('ref_axis',(-1.13453464814549E-31,1.,1.85283568933573E-15));
#3959=DIRECTION('center_axis',(-1.,0.,-6.12323399573677E-17));
#3960=DIRECTION('ref_axis',(0.,0.707106781186546,0.707106781186549));
#3961=DIRECTION('',(1.,0.,6.12323399573677E-17));
#3962=DIRECTION('center_axis',(-1.,-1.15568641242986E-31,-3.06161699786838E-17));
#3963=DIRECTION('ref_axis',(0.,0.707106781186546,0.707106781186549));
#3964=DIRECTION('',(-1.,0.,-6.12323399573677E-17));
#3965=DIRECTION('center_axis',(0.,1.,0.));
#3966=DIRECTION('ref_axis',(6.12323399573677E-17,0.,-1.));
#3967=DIRECTION('',(0.,1.71291552370738E-15,-1.));
#3968=DIRECTION('',(-1.,0.,-6.12323399573677E-17));
#3969=DIRECTION('center_axis',(1.,1.15568641242986E-31,3.06161699786838E-17));
#3970=DIRECTION('ref_axis',(3.06161699786838E-17,0.,-1.));
#3971=DIRECTION('',(-1.15568641242986E-31,1.,-7.07653832900157E-48));
#3972=DIRECTION('',(7.76932041969652E-32,-1.,-1.26882631385732E-15));
#3973=DIRECTION('center_axis',(1.,1.15568641242986E-31,3.06161699786838E-17));
#3974=DIRECTION('ref_axis',(-1.06548740309159E-31,1.,-2.94612322184874E-16));
#3975=DIRECTION('center_axis',(1.,0.,6.12323399573677E-17));
#3976=DIRECTION('ref_axis',(0.,0.,-1.));
#3977=DIRECTION('center_axis',(0.,-1.,0.));
#3978=DIRECTION('ref_axis',(0.,0.,1.));
#3979=DIRECTION('center_axis',(1.,0.,6.12323399573677E-17));
#3980=DIRECTION('ref_axis',(0.,1.,1.85283568933573E-15));
#3981=DIRECTION('center_axis',(1.,0.,6.12323399573677E-17));
#3982=DIRECTION('ref_axis',(0.,1.,1.85283568933573E-15));
#3983=DIRECTION('center_axis',(1.,-5.39251183389362E-15,-1.71512449944288E-15));
#3984=DIRECTION('ref_axis',(-5.39251183389362E-15,-1.,0.));
#3985=DIRECTION('',(1.,-5.39251183389362E-15,-1.71512449944288E-15));
#3986=DIRECTION('center_axis',(-1.,-6.45824759887273E-32,-9.18794589678809E-16));
#3987=DIRECTION('ref_axis',(-6.45824759887273E-32,1.,3.07376413748571E-80));
#3988=DIRECTION('center_axis',(1.,-5.39251183389362E-15,6.12323399573677E-17));
#3989=DIRECTION('ref_axis',(0.,0.,-1.));
#3990=DIRECTION('center_axis',(-1.,5.39251183389362E-15,-6.12323399573677E-17));
#3991=DIRECTION('ref_axis',(5.39251183389362E-15,1.,1.85283568933575E-15));
#3992=DIRECTION('center_axis',(-5.39251183389362E-15,-1.,0.));
#3993=DIRECTION('ref_axis',(0.,0.,1.));
#3994=DIRECTION('center_axis',(1.,-5.39251183389362E-15,6.12323399573677E-17));
#3995=DIRECTION('ref_axis',(5.48746058039322E-15,1.,1.85283568933574E-15));
#3996=DIRECTION('center_axis',(1.,-5.39251183389362E-15,6.12323399573677E-17));
#3997=DIRECTION('ref_axis',(5.48746058039322E-15,1.,1.85283568933574E-15));
#3998=DIRECTION('center_axis',(1.,-5.39251183389362E-15,-1.71512449944288E-15));
#3999=DIRECTION('ref_axis',(-5.39251183389362E-15,-1.,0.));
#4000=DIRECTION('',(1.,-5.39251183389362E-15,-1.71512449944288E-15));
#4001=DIRECTION('center_axis',(-1.,5.39251183389362E-15,2.95909916627966E-15));
#4002=DIRECTION('ref_axis',(5.39251183389362E-15,1.,0.));
#4003=DIRECTION('center_axis',(-1.,5.39251183389362E-15,-6.12323399573677E-17));
#4004=DIRECTION('ref_axis',(-6.12323399573967E-17,-5.39251183389362E-15,
1.));
#4005=DIRECTION('',(6.12323399573677E-17,0.,-1.));
#4006=DIRECTION('',(-5.39251183389362E-15,-1.,0.));
#4007=DIRECTION('',(-2.32507439712076E-15,-1.71291552370737E-15,1.));
#4008=DIRECTION('center_axis',(-1.,5.55111512312578E-15,5.50652429301503E-16));
#4009=DIRECTION('ref_axis',(6.27189280395533E-16,0.,1.));
#4010=DIRECTION('center_axis',(-1.,5.55111512312578E-15,5.50652429301503E-16));
#4011=DIRECTION('ref_axis',(5.56702089711755E-15,1.,4.55667518064895E-16));
#4012=DIRECTION('center_axis',(-5.55111512312578E-15,-1.,4.35199987433253E-30));
#4013=DIRECTION('ref_axis',(-7.83986600494417E-16,0.,-1.));
#4014=DIRECTION('center_axis',(-1.,5.55111512312578E-15,5.50652429301503E-16));
#4015=DIRECTION('ref_axis',(5.56702089711755E-15,1.,4.55667518064895E-16));
#4016=DIRECTION('center_axis',(1.,-4.44089209850062E-15,-3.33066907387547E-15));
#4017=DIRECTION('ref_axis',(4.44089209850062E-15,1.,3.16953042276301E-30));
#4018=DIRECTION('center_axis',(1.,-5.39251183389362E-15,-2.95909916627966E-15));
#4019=DIRECTION('ref_axis',(5.39251183389362E-15,1.,-4.57700246969356E-59));
#4020=DIRECTION('',(-1.,4.44089209850062E-15,3.33066907387547E-15));
#4021=DIRECTION('center_axis',(-1.,-1.15568641242986E-31,-3.06161699786838E-17));
#4022=DIRECTION('ref_axis',(0.,0.,1.));
#4023=DIRECTION('center_axis',(-1.,-1.15568641242986E-31,-3.06161699786838E-17));
#4024=DIRECTION('ref_axis',(0.,1.,-2.94612322184874E-16));
#4025=DIRECTION('center_axis',(1.15568641242986E-31,-1.,0.));
#4026=DIRECTION('ref_axis',(0.,0.,-1.));
#4027=DIRECTION('center_axis',(-1.,-1.15568641242986E-31,-3.06161699786838E-17));
#4028=DIRECTION('ref_axis',(0.,1.,-2.94612322184874E-16));
#4029=DIRECTION('center_axis',(1.,0.,1.11022302462516E-15));
#4030=DIRECTION('ref_axis',(0.,1.,7.17009518299863E-47));
#4031=DIRECTION('center_axis',(1.,6.45824759887273E-32,9.18794589678809E-16));
#4032=DIRECTION('ref_axis',(-6.45824759887273E-32,1.,3.0737641374857E-80));
#4033=DIRECTION('',(-1.,0.,-1.11022302462516E-15));
#4034=DIRECTION('center_axis',(1.,-5.39251183389362E-15,-2.95909916627966E-15));
#4035=DIRECTION('ref_axis',(5.39251183389362E-15,1.,-4.57700246969356E-59));
#4036=DIRECTION('center_axis',(1.,6.45824759887273E-32,9.18794589678809E-16));
#4037=DIRECTION('ref_axis',(-6.45824759887273E-32,1.,3.07376413748571E-80));
#4038=DIRECTION('center_axis',(-1.,-1.58603289232165E-14,-1.71512449944288E-15));
#4039=DIRECTION('ref_axis',(-2.02453054162817E-15,0.,1.));
#4040=DIRECTION('center_axis',(1.58603289232165E-14,-1.,2.67581002544337E-29));
#4041=DIRECTION('ref_axis',(1.68710878469014E-15,0.,-1.));
#4042=DIRECTION('center_axis',(-1.,-1.58603289232165E-14,-1.71512449944288E-15));
#4043=DIRECTION('ref_axis',(1.58038864715324E-14,-1.,-3.59072520641432E-15));
#4044=DIRECTION('center_axis',(-1.,-1.58603289232165E-14,-1.71512449944288E-15));
#4045=DIRECTION('ref_axis',(1.58038864715324E-14,-1.,-3.59072520641432E-15));
#4046=DIRECTION('center_axis',(-1.,-1.58603289232165E-14,9.49410759657493E-16));
#4047=DIRECTION('ref_axis',(-1.58603289232165E-14,1.,0.));
#4048=DIRECTION('',(-1.,-1.58603289232165E-14,9.49410759657493E-16));
#4049=DIRECTION('center_axis',(1.,1.58603289232165E-14,-9.18794589678809E-16));
#4050=DIRECTION('ref_axis',(1.58603289232165E-14,-1.,-7.81224213531256E-58));
#4051=DIRECTION('center_axis',(1.,1.58603289232165E-14,1.74574066942157E-15));
#4052=DIRECTION('ref_axis',(1.25437856079107E-15,0.,-1.));
#4053=DIRECTION('center_axis',(1.,1.58603289232165E-14,1.74574066942157E-15));
#4054=DIRECTION('ref_axis',(1.58679031013078E-14,-1.,-7.79359720029128E-16));
#4055=DIRECTION('center_axis',(1.58603289232165E-14,-1.,2.48685707104716E-29));
#4056=DIRECTION('ref_axis',(-1.56797320098884E-15,0.,1.));
#4057=DIRECTION('center_axis',(1.,1.58603289232165E-14,1.74574066942157E-15));
#4058=DIRECTION('ref_axis',(1.58679031013078E-14,-1.,-7.79359720029128E-16));
#4059=DIRECTION('center_axis',(-1.,-1.77635683940025E-14,1.11022302462516E-15));
#4060=DIRECTION('ref_axis',(1.77635683940025E-14,-1.,-2.11302028184197E-30));
#4061=DIRECTION('center_axis',(-1.,-1.58603289232165E-14,9.18794589678809E-16));
#4062=DIRECTION('ref_axis',(1.58603289232165E-14,-1.,0.));
#4063=DIRECTION('',(1.,1.77635683940025E-14,-1.11022302462516E-15));
#4064=DIRECTION('center_axis',(-1.,-1.58603289232165E-14,9.18794589678809E-16));
#4065=DIRECTION('ref_axis',(1.58603289232165E-14,-1.,0.));
#4066=DIRECTION('center_axis',(-1.,0.,6.12323399573677E-17));
#4067=DIRECTION('ref_axis',(0.,0.,1.));
#4068=DIRECTION('center_axis',(0.,-1.,0.));
#4069=DIRECTION('ref_axis',(0.,0.,-1.));
#4070=DIRECTION('center_axis',(-1.,0.,6.12323399573677E-17));
#4071=DIRECTION('ref_axis',(0.,-1.,9.68483036099132E-17));
#4072=DIRECTION('center_axis',(-1.,0.,6.12323399573677E-17));
#4073=DIRECTION('ref_axis',(0.,-1.,9.68483036099132E-17));
#4074=DIRECTION('center_axis',(-1.,0.,6.12323399573677E-17));
#4075=DIRECTION('ref_axis',(0.,1.,0.));
#4076=DIRECTION('',(-1.,0.,6.12323399573677E-17));
#4077=DIRECTION('center_axis',(1.,4.4188009887024E-32,-3.06161699786838E-17));
#4078=DIRECTION('ref_axis',(4.4188009887024E-32,-1.,0.));
#4079=DIRECTION('center_axis',(1.,1.25765874293837E-31,-3.06161699786838E-17));
#4080=DIRECTION('ref_axis',(0.,0.,-1.));
#4081=DIRECTION('center_axis',(1.,1.25765874293837E-31,-3.06161699786838E-17));
#4082=DIRECTION('ref_axis',(0.,-1.,8.35480146778109E-18));
#4083=DIRECTION('center_axis',(1.25765874293837E-31,-1.,0.));
#4084=DIRECTION('ref_axis',(0.,0.,1.));
#4085=DIRECTION('center_axis',(1.,1.25765874293837E-31,-3.06161699786838E-17));
#4086=DIRECTION('ref_axis',(0.,-1.,8.35480146778109E-18));
#4087=DIRECTION('center_axis',(-1.,0.,0.));
#4088=DIRECTION('ref_axis',(0.,-1.,0.));
#4089=DIRECTION('center_axis',(-1.,-4.4188009887024E-32,3.06161699786838E-17));
#4090=DIRECTION('ref_axis',(4.4188009887024E-32,-1.,0.));
#4091=DIRECTION('',(1.,0.,0.));
#4092=DIRECTION('center_axis',(-1.,-4.4188009887024E-32,3.06161699786838E-17));
#4093=DIRECTION('ref_axis',(4.4188009887024E-32,-1.,0.));
#4094=DIRECTION('center_axis',(0.,-1.,0.));
#4095=DIRECTION('ref_axis',(0.,0.,-1.));
#4096=DIRECTION('center_axis',(0.,1.,0.));
#4097=DIRECTION('ref_axis',(1.,0.,0.));
#4098=DIRECTION('center_axis',(0.,-1.,0.));
#4099=DIRECTION('ref_axis',(-1.29189588320018E-14,0.,-1.));
#4100=DIRECTION('center_axis',(0.,-1.,0.));
#4101=DIRECTION('ref_axis',(0.,0.,-1.));
#4102=DIRECTION('center_axis',(0.,1.,0.));
#4103=DIRECTION('ref_axis',(1.,0.,0.));
#4104=DIRECTION('',(0.,0.,1.));
#4105=DIRECTION('center_axis',(0.,1.,0.));
#4106=DIRECTION('ref_axis',(0.,0.,1.));
#4107=DIRECTION('',(0.,0.,-1.));
#4108=DIRECTION('center_axis',(0.,1.,0.));
#4109=DIRECTION('ref_axis',(1.,0.,0.));
#4110=DIRECTION('center_axis',(6.12323399573677E-17,1.90323947078598E-15,
1.));
#4111=DIRECTION('ref_axis',(1.16539806295448E-31,-1.,1.90323947078598E-15));
#4112=DIRECTION('center_axis',(0.,-1.,0.));
#4113=DIRECTION('ref_axis',(0.,0.,-1.));
#4114=DIRECTION('',(0.,1.,0.));
#4115=DIRECTION('center_axis',(0.,1.,0.));
#4116=DIRECTION('ref_axis',(0.,0.,-1.));
#4117=DIRECTION('center_axis',(0.,-1.,0.));
#4118=DIRECTION('ref_axis',(-1.,0.,0.));
#4119=DIRECTION('center_axis',(0.,1.,0.));
#4120=DIRECTION('ref_axis',(1.29189588320018E-14,0.,-1.));
#4121=DIRECTION('center_axis',(0.,1.,0.));
#4122=DIRECTION('ref_axis',(0.,0.,1.));
#4123=DIRECTION('center_axis',(0.,-1.,0.));
#4124=DIRECTION('ref_axis',(-1.,0.,0.));
#4125=DIRECTION('',(0.,0.,1.));
#4126=DIRECTION('center_axis',(0.,-1.,0.));
#4127=DIRECTION('ref_axis',(0.,0.,-1.));
#4128=DIRECTION('',(0.,0.,-1.));
#4129=DIRECTION('center_axis',(0.,-1.,0.));
#4130=DIRECTION('ref_axis',(-1.,0.,0.));
#4131=DIRECTION('center_axis',(-6.12323399573677E-17,-1.26882631385732E-15,
1.));
#4132=DIRECTION('ref_axis',(-7.76932041969652E-32,1.,1.26882631385732E-15));
#4133=DIRECTION('center_axis',(0.,1.,0.));
#4134=DIRECTION('ref_axis',(0.,0.,-1.));
#4135=DIRECTION('',(0.,-1.,0.));
#4136=DIRECTION('center_axis',(5.39251183389362E-15,1.,0.));
#4137=DIRECTION('ref_axis',(0.,0.,-1.));
#4138=DIRECTION('center_axis',(-5.39251183389362E-15,-1.,0.));
#4139=DIRECTION('ref_axis',(-1.,6.45947941600093E-15,0.));
#4140=DIRECTION('center_axis',(5.39251183389362E-15,1.,0.));
#4141=DIRECTION('ref_axis',(9.68921912400138E-15,0.,-1.));
#4142=DIRECTION('center_axis',(-5.39251183389362E-15,-1.,-1.71291552370738E-15));
#4143=DIRECTION('ref_axis',(-2.32507439712076E-15,-1.71291552370737E-15,
1.));
#4144=DIRECTION('',(1.,-5.39251183389362E-15,6.12323399573677E-17));
#4145=DIRECTION('center_axis',(5.39251183389362E-15,1.,0.));
#4146=DIRECTION('ref_axis',(0.,0.,1.));
#4147=DIRECTION('',(-1.,5.39251183389362E-15,-6.12323399573677E-17));
#4148=DIRECTION('center_axis',(-5.39251183389362E-15,-1.,0.));
#4149=DIRECTION('ref_axis',(-1.,7.1054273576011E-15,0.));
#4150=DIRECTION('',(0.,0.,1.));
#4151=DIRECTION('center_axis',(-5.39251183389362E-15,-1.,0.));
#4152=DIRECTION('ref_axis',(0.,0.,-1.));
#4153=DIRECTION('',(0.,0.,-1.));
#4154=DIRECTION('center_axis',(-5.39251183389362E-15,-1.,0.));
#4155=DIRECTION('ref_axis',(-1.,7.105427357601E-15,3.5527136788005E-15));
#4156=DIRECTION('center_axis',(5.39251183389362E-15,1.,0.));
#4157=DIRECTION('ref_axis',(6.12323399573677E-17,0.,-1.));
#4158=DIRECTION('center_axis',(5.39251183389362E-15,1.,0.));
#4159=DIRECTION('ref_axis',(0.,0.,-1.));
#4160=DIRECTION('',(-5.70971841235795E-15,-1.,0.));
#4161=DIRECTION('center_axis',(1.58603289232165E-14,-1.,0.));
#4162=DIRECTION('ref_axis',(0.,0.,-1.));
#4163=DIRECTION('center_axis',(-1.58603289232165E-14,1.,0.));
#4164=DIRECTION('ref_axis',(1.,1.61486985400023E-14,-1.81672858575026E-15));
#4165=DIRECTION('center_axis',(1.58603289232165E-14,-1.,0.));
#4166=DIRECTION('ref_axis',(-1.29189588320018E-14,0.,-1.));
#4167=DIRECTION('center_axis',(1.58603289232165E-14,-1.,0.));
#4168=DIRECTION('ref_axis',(0.,0.,-1.));
#4169=DIRECTION('center_axis',(-1.58603289232165E-14,1.,0.));
#4170=DIRECTION('ref_axis',(1.,1.4210854715202E-14,-1.77635683940025E-15));
#4171=DIRECTION('',(0.,0.,1.));
#4172=DIRECTION('center_axis',(-1.58603289232165E-14,1.,0.));
#4173=DIRECTION('ref_axis',(0.,0.,1.));
#4174=DIRECTION('',(0.,0.,-1.));
#4175=DIRECTION('center_axis',(-1.58603289232165E-14,1.,0.));
#4176=DIRECTION('ref_axis',(1.,1.4210854715202E-14,-1.77635683940025E-15));
#4177=DIRECTION('center_axis',(-1.7151244994429E-15,1.2688263138573E-15,
1.));
#4178=DIRECTION('ref_axis',(1.58603289232165E-14,-1.,1.26882631385733E-15));
#4179=DIRECTION('center_axis',(1.58603289232165E-14,-1.,0.));
#4180=DIRECTION('ref_axis',(0.,0.,-1.));
#4181=DIRECTION('',(-1.58603289232165E-14,1.,0.));
#4182=DIRECTION('center_axis',(8.07434926999984E-16,1.,0.));
#4183=DIRECTION('ref_axis',(-1.,8.07434926999984E-16,0.));
#4184=DIRECTION('',(0.,0.,1.));
#4185=DIRECTION('',(-1.,8.07434926999984E-16,0.));
#4186=DIRECTION('center_axis',(0.,1.,0.));
#4187=DIRECTION('ref_axis',(-1.,0.,0.));
#4188=DIRECTION('',(0.,0.,1.));
#4189=DIRECTION('',(-1.,0.,0.));
#4190=DIRECTION('center_axis',(0.,-1.,0.));
#4191=DIRECTION('ref_axis',(1.,0.,0.));
#4192=DIRECTION('',(0.,0.,1.));
#4193=DIRECTION('',(1.,0.,0.));
#4194=DIRECTION('center_axis',(0.,-1.,0.));
#4195=DIRECTION('ref_axis',(1.,0.,0.));
#4196=DIRECTION('',(0.,0.,1.));
#4197=DIRECTION('',(1.,0.,0.));
#4198=DIRECTION('center_axis',(0.,1.,-1.83758917935762E-15));
#4199=DIRECTION('ref_axis',(0.707106781186548,0.,0.707106781186548));
#4200=DIRECTION('center_axis',(0.,-1.,1.83758917935762E-15));
#4201=DIRECTION('ref_axis',(0.707106781186548,0.,0.707106781186548));
#4202=DIRECTION('',(0.,-1.,1.83758917935762E-15));
#4203=DIRECTION('center_axis',(0.,1.,-1.80697300937893E-15));
#4204=DIRECTION('ref_axis',(0.707106781186548,0.,0.707106781186548));
#4205=DIRECTION('',(0.,1.,-1.83758917935762E-15));
#4206=DIRECTION('center_axis',(1.,0.,0.));
#4207=DIRECTION('ref_axis',(0.,-1.83758917935762E-15,-1.));
#4208=DIRECTION('',(0.,-1.77635683940025E-15,-1.));
#4209=DIRECTION('',(0.,1.,-1.83758917935762E-15));
#4210=DIRECTION('',(0.,-1.83758917935762E-15,-1.));
#4211=DIRECTION('center_axis',(0.,1.,-1.80697300937893E-15));
#4212=DIRECTION('ref_axis',(-1.,0.,0.));
#4213=DIRECTION('',(-1.,0.,0.));
#4214=DIRECTION('center_axis',(0.,1.,-1.80697300937893E-15));
#4215=DIRECTION('ref_axis',(-0.70710678118655,0.,0.707106781186545));
#4216=DIRECTION('',(0.,-1.77635683940025E-15,-1.));
#4217=DIRECTION('',(1.,0.,0.));
#4218=DIRECTION('center_axis',(0.,1.,-1.83758917935762E-15));
#4219=DIRECTION('ref_axis',(-0.70710678118655,0.,0.707106781186545));
#4220=DIRECTION('center_axis',(0.,-1.,1.83758917935762E-15));
#4221=DIRECTION('ref_axis',(-0.70710678118655,0.,0.707106781186545));
#4222=DIRECTION('',(0.,-1.,1.83758917935762E-15));
#4223=DIRECTION('',(0.,1.,-1.83758917935762E-15));
#4224=DIRECTION('center_axis',(-1.,0.,0.));
#4225=DIRECTION('ref_axis',(0.,1.77635683940025E-15,1.));
#4226=DIRECTION('',(0.,1.77635683940025E-15,1.));
#4227=DIRECTION('',(0.,-1.,1.83758917935762E-15));
#4228=DIRECTION('center_axis',(0.,-1.,-1.83758917935762E-15));
#4229=DIRECTION('ref_axis',(-0.707106781186548,0.,0.707106781186548));
#4230=DIRECTION('center_axis',(0.,1.,1.83758917935762E-15));
#4231=DIRECTION('ref_axis',(-0.707106781186548,0.,0.707106781186548));
#4232=DIRECTION('',(0.,1.,1.83758917935762E-15));
#4233=DIRECTION('center_axis',(0.,-1.,-1.80697300937893E-15));
#4234=DIRECTION('ref_axis',(-0.707106781186548,0.,0.707106781186548));
#4235=DIRECTION('',(0.,-1.,-1.83758917935762E-15));
#4236=DIRECTION('center_axis',(-1.,0.,0.));
#4237=DIRECTION('ref_axis',(0.,1.83758917935762E-15,-1.));
#4238=DIRECTION('',(0.,1.77635683940025E-15,-1.));
#4239=DIRECTION('',(0.,-1.,-1.83758917935762E-15));
#4240=DIRECTION('',(0.,1.83758917935762E-15,-1.));
#4241=DIRECTION('center_axis',(0.,-1.,-1.80697300937893E-15));
#4242=DIRECTION('ref_axis',(-1.,0.,0.));
#4243=DIRECTION('',(1.,0.,0.));
#4244=DIRECTION('center_axis',(0.,-1.,-1.80697300937893E-15));
#4245=DIRECTION('ref_axis',(0.707106781186548,0.,0.707106781186548));
#4246=DIRECTION('',(0.,1.77635683940025E-15,-1.));
#4247=DIRECTION('',(-1.,0.,0.));
#4248=DIRECTION('center_axis',(0.,-1.,-1.83758917935762E-15));
#4249=DIRECTION('ref_axis',(0.707106781186548,0.,0.707106781186548));
#4250=DIRECTION('center_axis',(0.,1.,1.83758917935762E-15));
#4251=DIRECTION('ref_axis',(0.707106781186548,0.,0.707106781186548));
#4252=DIRECTION('',(0.,1.,1.83758917935762E-15));
#4253=DIRECTION('',(0.,-1.,-1.83758917935762E-15));
#4254=DIRECTION('center_axis',(1.,0.,0.));
#4255=DIRECTION('ref_axis',(0.,-1.77635683940025E-15,1.));
#4256=DIRECTION('',(0.,-1.77635683940025E-15,1.));
#4257=DIRECTION('',(0.,1.,1.83758917935762E-15));
#4258=DIRECTION('center_axis',(1.,0.,0.));
#4259=DIRECTION('ref_axis',(0.,0.,-1.));
#4260=DIRECTION('',(-1.,0.,0.));
#4261=DIRECTION('center_axis',(-1.,0.,0.));
#4262=DIRECTION('ref_axis',(0.,1.,-1.81672858575027E-15));
#4263=DIRECTION('center_axis',(1.,0.,0.));
#4264=DIRECTION('ref_axis',(0.,0.,-1.));
#4265=DIRECTION('center_axis',(1.,0.,0.));
#4266=DIRECTION('ref_axis',(0.,0.,-1.));
#4267=DIRECTION('center_axis',(-1.,0.,0.));
#4268=DIRECTION('ref_axis',(0.,1.,-1.77635683940025E-15));
#4269=DIRECTION('center_axis',(-1.,0.,0.));
#4270=DIRECTION('ref_axis',(0.,0.,1.));
#4271=DIRECTION('center_axis',(-1.,0.,0.));
#4272=DIRECTION('ref_axis',(0.,1.,-1.77635683940025E-15));
#4273=DIRECTION('center_axis',(0.,1.83758917935762E-15,1.));
#4274=DIRECTION('ref_axis',(1.,0.,0.));
#4275=DIRECTION('',(1.,0.,0.));
#4276=DIRECTION('center_axis',(1.,0.,0.));
#4277=DIRECTION('ref_axis',(0.,0.,-1.));
#4278=DIRECTION('',(-1.,0.,0.));
#4279=DIRECTION('center_axis',(0.,1.,-1.83758917935762E-15));
#4280=DIRECTION('ref_axis',(-1.,0.,0.));
#4281=DIRECTION('center_axis',(-1.,0.,0.));
#4282=DIRECTION('ref_axis',(0.,0.,-1.));
#4283=DIRECTION('',(1.,0.,0.));
#4284=DIRECTION('center_axis',(1.,0.,0.));
#4285=DIRECTION('ref_axis',(0.,-1.,-1.81672858575027E-15));
#4286=DIRECTION('center_axis',(-1.,0.,0.));
#4287=DIRECTION('ref_axis',(0.,0.,-1.));
#4288=DIRECTION('center_axis',(-1.,0.,0.));
#4289=DIRECTION('ref_axis',(0.,0.,1.));
#4290=DIRECTION('center_axis',(1.,0.,0.));
#4291=DIRECTION('ref_axis',(0.,-1.,-1.77635683940025E-15));
#4292=DIRECTION('center_axis',(1.,0.,0.));
#4293=DIRECTION('ref_axis',(0.,0.,-1.));
#4294=DIRECTION('',(0.,0.,-1.));
#4295=DIRECTION('center_axis',(1.,0.,0.));
#4296=DIRECTION('ref_axis',(0.,-1.,-1.77635683940025E-15));
#4297=DIRECTION('center_axis',(0.,-1.83758917935762E-15,1.));
#4298=DIRECTION('ref_axis',(-1.,0.,0.));
#4299=DIRECTION('',(-1.,0.,0.));
#4300=DIRECTION('center_axis',(-1.,0.,0.));
#4301=DIRECTION('ref_axis',(0.,0.,-1.));
#4302=DIRECTION('',(1.,0.,0.));
#4303=DIRECTION('center_axis',(0.,-1.,-1.83758917935762E-15));
#4304=DIRECTION('ref_axis',(-1.,0.,0.));
#4305=DIRECTION('center_axis',(1.,-1.61187935427056E-14,0.));
#4306=DIRECTION('ref_axis',(1.61187935427056E-14,1.,0.));
#4307=DIRECTION('',(1.61187935427056E-14,1.,0.));
#4308=DIRECTION('center_axis',(0.,1.,0.));
#4309=DIRECTION('ref_axis',(-1.,0.,0.));
#4310=DIRECTION('',(-1.,0.,0.));
#4311=DIRECTION('',(0.,0.,1.));
#4312=DIRECTION('center_axis',(0.,0.,1.));
#4313=DIRECTION('ref_axis',(1.,-5.32907051820077E-14,0.));
#4314=DIRECTION('center_axis',(0.,0.,-1.));
#4315=DIRECTION('ref_axis',(1.,-5.32907051820077E-14,0.));
#4316=DIRECTION('center_axis',(0.,1.,0.));
#4317=DIRECTION('ref_axis',(-1.,0.,0.));
#4318=DIRECTION('',(-1.,0.,0.));
#4319=DIRECTION('',(0.,0.,1.));
#4320=DIRECTION('center_axis',(0.,0.,1.));
#4321=DIRECTION('ref_axis',(1.,4.4408920985006E-15,0.));
#4322=DIRECTION('center_axis',(0.,0.,-1.));
#4323=DIRECTION('ref_axis',(1.,4.4408920985006E-15,0.));
#4324=DIRECTION('',(0.,0.,1.));
#4325=DIRECTION('center_axis',(0.,-1.,0.));
#4326=DIRECTION('ref_axis',(1.,0.,0.));
#4327=DIRECTION('',(1.,0.,0.));
#4328=DIRECTION('center_axis',(0.,1.,0.));
#4329=DIRECTION('ref_axis',(-1.,0.,0.));
#4330=DIRECTION('',(-1.,0.,0.));
#4331=DIRECTION('',(0.,0.,1.));
#4332=DIRECTION('center_axis',(0.,0.,1.));
#4333=DIRECTION('ref_axis',(1.,8.8817841970012E-15,0.));
#4334=DIRECTION('center_axis',(0.,0.,-1.));
#4335=DIRECTION('ref_axis',(1.,8.8817841970012E-15,0.));
#4336=DIRECTION('center_axis',(0.,1.,0.));
#4337=DIRECTION('ref_axis',(-1.,0.,0.));
#4338=DIRECTION('',(-1.,0.,0.));
#4339=DIRECTION('',(0.,0.,1.));
#4340=DIRECTION('center_axis',(0.,0.,1.));
#4341=DIRECTION('ref_axis',(1.,0.,0.));
#4342=DIRECTION('center_axis',(0.,0.,-1.));
#4343=DIRECTION('ref_axis',(1.,0.,0.));
#4344=DIRECTION('',(0.,0.,1.));
#4345=DIRECTION('center_axis',(0.,-1.,0.));
#4346=DIRECTION('ref_axis',(1.,0.,0.));
#4347=DIRECTION('',(1.,0.,0.));
#4348=DIRECTION('center_axis',(0.,-1.,0.));
#4349=DIRECTION('ref_axis',(1.,0.,0.));
#4350=DIRECTION('',(1.,0.,0.));
#4351=DIRECTION('',(0.,0.,1.));
#4352=DIRECTION('center_axis',(0.,0.,1.));
#4353=DIRECTION('ref_axis',(-1.,0.,0.));
#4354=DIRECTION('center_axis',(0.,0.,-1.));
#4355=DIRECTION('ref_axis',(-1.,0.,0.));
#4356=DIRECTION('center_axis',(0.,-1.,0.));
#4357=DIRECTION('ref_axis',(1.,0.,0.));
#4358=DIRECTION('',(1.,0.,0.));
#4359=DIRECTION('',(0.,0.,1.));
#4360=DIRECTION('center_axis',(0.,0.,1.));
#4361=DIRECTION('ref_axis',(-1.,8.88178419700128E-15,0.));
#4362=DIRECTION('center_axis',(0.,0.,-1.));
#4363=DIRECTION('ref_axis',(-1.,8.88178419700128E-15,0.));
#4364=DIRECTION('',(0.,0.,1.));
#4365=DIRECTION('center_axis',(0.,1.,0.));
#4366=DIRECTION('ref_axis',(-1.,0.,0.));
#4367=DIRECTION('',(-1.,0.,0.));
#4368=DIRECTION('center_axis',(-8.07434926999987E-16,-1.,0.));
#4369=DIRECTION('ref_axis',(1.,-8.07434926999987E-16,0.));
#4370=DIRECTION('',(1.,-8.07434926999987E-16,0.));
#4371=DIRECTION('',(0.,0.,1.));
#4372=DIRECTION('center_axis',(0.,0.,1.));
#4373=DIRECTION('ref_axis',(-1.,-8.88178419700124E-15,0.));
#4374=DIRECTION('center_axis',(0.,0.,-1.));
#4375=DIRECTION('ref_axis',(-1.,-8.88178419700124E-15,0.));
#4376=DIRECTION('center_axis',(0.,-1.,0.));
#4377=DIRECTION('ref_axis',(1.,0.,0.));
#4378=DIRECTION('',(1.,0.,0.));
#4379=DIRECTION('',(0.,0.,1.));
#4380=DIRECTION('center_axis',(0.,0.,1.));
#4381=DIRECTION('ref_axis',(-1.,-2.57571741713034E-13,0.));
#4382=DIRECTION('center_axis',(0.,0.,-1.));
#4383=DIRECTION('ref_axis',(-1.,-2.57571741713034E-13,0.));
#4384=DIRECTION('center_axis',(0.,0.,1.));
#4385=DIRECTION('ref_axis',(1.,0.,0.));
#4386=DIRECTION('axis',(0.,0.,1.));
#4387=DIRECTION('refdir',(1.,0.,0.));
#4388=DIRECTION('center_axis',(1.,0.,6.12323399573677E-17));
#4389=DIRECTION('ref_axis',(0.,0.707106781186548,-0.707106781186548));
#4390=DIRECTION('center_axis',(-1.,0.,-6.12323399573677E-17));
#4391=DIRECTION('ref_axis',(0.,0.707106781186548,-0.707106781186548));
#4392=DIRECTION('',(-1.,0.,-6.12323399573677E-17));
#4393=DIRECTION('center_axis',(1.,0.,1.22456608664953E-16));
#4394=DIRECTION('ref_axis',(0.,0.707106781186548,-0.707106781186548));
#4395=DIRECTION('',(1.,0.,6.12323399573677E-17));
#4396=DIRECTION('center_axis',(0.,1.,0.));
#4397=DIRECTION('ref_axis',(-6.12323399573677E-17,0.,1.));
#4398=DIRECTION('',(-1.83680877372539E-16,0.,1.));
#4399=DIRECTION('',(1.,0.,6.12323399573677E-17));
#4400=DIRECTION('',(-6.12323399573677E-17,0.,1.));
#4401=DIRECTION('center_axis',(-1.,0.,-1.22456608664953E-16));
#4402=DIRECTION('ref_axis',(-1.22456608664953E-16,0.,1.));
#4403=DIRECTION('',(0.,-1.,0.));
#4404=DIRECTION('center_axis',(1.,0.,1.22456608664953E-16));
#4405=DIRECTION('ref_axis',(0.,-0.707106781186548,-0.707106781186547));
#4406=DIRECTION('',(-1.83680877372539E-16,0.,1.));
#4407=DIRECTION('',(0.,1.,0.));
#4408=DIRECTION('center_axis',(1.,0.,1.22456608664953E-16));
#4409=DIRECTION('ref_axis',(0.,1.,0.));
#4410=DIRECTION('center_axis',(1.,0.,1.22456608664953E-16));
#4411=DIRECTION('ref_axis',(0.,1.,0.));
#4412=DIRECTION('center_axis',(1.,0.,1.22456608664953E-16));
#4413=DIRECTION('ref_axis',(0.,1.,0.));
#4414=DIRECTION('center_axis',(1.,0.,6.12323399573677E-17));
#4415=DIRECTION('ref_axis',(0.,-0.707106781186548,-0.707106781186547));
#4416=DIRECTION('center_axis',(-1.,0.,-6.12323399573677E-17));
#4417=DIRECTION('ref_axis',(0.,-0.707106781186548,-0.707106781186547));
#4418=DIRECTION('',(-1.,0.,-6.12323399573677E-17));
#4419=DIRECTION('',(1.,0.,6.12323399573677E-17));
#4420=DIRECTION('center_axis',(0.,-1.,0.));
#4421=DIRECTION('ref_axis',(1.83680877372539E-16,0.,-1.));
#4422=DIRECTION('',(1.83680877372539E-16,0.,-1.));
#4423=DIRECTION('',(-1.,0.,-6.12323399573677E-17));
#4424=DIRECTION('center_axis',(-1.,0.,6.12323399573677E-17));
#4425=DIRECTION('ref_axis',(0.,-0.707106781186548,-0.707106781186548));
#4426=DIRECTION('center_axis',(1.,0.,-6.12323399573677E-17));
#4427=DIRECTION('ref_axis',(0.,-0.707106781186548,-0.707106781186548));
#4428=DIRECTION('',(1.,0.,-6.12323399573677E-17));
#4429=DIRECTION('center_axis',(-1.,0.,1.22456608664953E-16));
#4430=DIRECTION('ref_axis',(0.,-0.707106781186548,-0.707106781186548));
#4431=DIRECTION('',(-1.,0.,6.12323399573677E-17));
#4432=DIRECTION('center_axis',(0.,-1.,0.));
#4433=DIRECTION('ref_axis',(6.12323399573677E-17,0.,1.));
#4434=DIRECTION('',(1.83680877372539E-16,0.,1.));
#4435=DIRECTION('',(-1.,0.,6.12323399573677E-17));
#4436=DIRECTION('',(6.12323399573677E-17,0.,1.));
#4437=DIRECTION('center_axis',(1.,0.,-1.22456608664953E-16));
#4438=DIRECTION('ref_axis',(-1.22456608664953E-16,0.,-1.));
#4439=DIRECTION('',(0.,1.,0.));
#4440=DIRECTION('center_axis',(-1.,0.,1.22456608664953E-16));
#4441=DIRECTION('ref_axis',(0.,0.707106781186548,-0.707106781186547));
#4442=DIRECTION('',(1.83680877372539E-16,0.,1.));
#4443=DIRECTION('',(0.,-1.,0.));
#4444=DIRECTION('center_axis',(-1.,0.,1.22456608664953E-16));
#4445=DIRECTION('ref_axis',(0.,-1.,0.));
#4446=DIRECTION('center_axis',(-1.,0.,1.22456608664953E-16));
#4447=DIRECTION('ref_axis',(0.,-1.,0.));
#4448=DIRECTION('center_axis',(-1.,0.,1.22456608664953E-16));
#4449=DIRECTION('ref_axis',(0.,-1.,0.));
#4450=DIRECTION('center_axis',(-1.,0.,6.12323399573677E-17));
#4451=DIRECTION('ref_axis',(0.,0.707106781186548,-0.707106781186547));
#4452=DIRECTION('center_axis',(1.,0.,-6.12323399573677E-17));
#4453=DIRECTION('ref_axis',(0.,0.707106781186548,-0.707106781186547));
#4454=DIRECTION('',(1.,0.,-6.12323399573677E-17));
#4455=DIRECTION('',(-1.,0.,6.12323399573677E-17));
#4456=DIRECTION('center_axis',(0.,1.,0.));
#4457=DIRECTION('ref_axis',(-1.83680877372539E-16,0.,-1.));
#4458=DIRECTION('',(-1.83680877372539E-16,0.,-1.));
#4459=DIRECTION('',(1.,0.,-6.12323399573677E-17));
#4460=DIRECTION('center_axis',(1.,0.,0.));
#4461=DIRECTION('ref_axis',(0.,-1.,0.));
#4462=DIRECTION('center_axis',(1.,0.,-6.12323399573677E-17));
#4463=DIRECTION('ref_axis',(0.,-1.,0.));
#4464=DIRECTION('',(1.,0.,0.));
#4465=DIRECTION('center_axis',(1.,0.,0.));
#4466=DIRECTION('ref_axis',(0.,-1.,0.));
#4467=DIRECTION('center_axis',(1.,0.,-6.12323399573677E-17));
#4468=DIRECTION('ref_axis',(0.,-1.,0.));
#4469=DIRECTION('',(1.,0.,0.));
#4470=DIRECTION('center_axis',(-1.,0.,0.));
#4471=DIRECTION('ref_axis',(0.,1.,0.));
#4472=DIRECTION('center_axis',(-1.,0.,-6.12323399573677E-17));
#4473=DIRECTION('ref_axis',(0.,1.,0.));
#4474=DIRECTION('',(-1.,0.,0.));
#4475=DIRECTION('center_axis',(-1.,0.,0.));
#4476=DIRECTION('ref_axis',(0.,1.,0.));
#4477=DIRECTION('center_axis',(-1.,0.,-6.12323399573677E-17));
#4478=DIRECTION('ref_axis',(0.,1.,0.));
#4479=DIRECTION('',(-1.,0.,0.));
#4480=DIRECTION('center_axis',(1.,0.,0.));
#4481=DIRECTION('ref_axis',(0.,-1.,0.));
#4482=DIRECTION('center_axis',(1.,0.,-6.12323399573677E-17));
#4483=DIRECTION('ref_axis',(0.,-1.,0.));
#4484=DIRECTION('',(1.,0.,0.));
#4485=DIRECTION('center_axis',(-1.,0.,0.));
#4486=DIRECTION('ref_axis',(0.,1.,0.));
#4487=DIRECTION('center_axis',(-1.,0.,-6.12323399573677E-17));
#4488=DIRECTION('ref_axis',(0.,1.,0.));
#4489=DIRECTION('',(-1.,0.,0.));
#4490=DIRECTION('center_axis',(0.,0.,-1.));
#4491=DIRECTION('ref_axis',(1.,0.,0.));
#4492=DIRECTION('center_axis',(0.,0.,-1.));
#4493=DIRECTION('ref_axis',(1.,0.,0.));
#4494=DIRECTION('',(0.,0.,-1.));
#4495=DIRECTION('center_axis',(0.,0.,1.));
#4496=DIRECTION('ref_axis',(1.,0.,0.));
#4497=DIRECTION('center_axis',(0.,0.,-1.));
#4498=DIRECTION('ref_axis',(1.,0.,0.));
#4499=DIRECTION('center_axis',(0.,0.,-1.));
#4500=DIRECTION('ref_axis',(1.,0.,0.));
#4501=DIRECTION('',(0.,0.,-1.));
#4502=DIRECTION('center_axis',(0.,0.,1.));
#4503=DIRECTION('ref_axis',(1.,0.,0.));
#4504=DIRECTION('center_axis',(0.,0.,-1.));
#4505=DIRECTION('ref_axis',(1.,0.,0.));
#4506=DIRECTION('center_axis',(0.,0.,-1.));
#4507=DIRECTION('ref_axis',(1.,0.,0.));
#4508=DIRECTION('',(0.,0.,-1.));
#4509=DIRECTION('center_axis',(0.,0.,1.));
#4510=DIRECTION('ref_axis',(1.,0.,0.));
#4511=DIRECTION('center_axis',(0.,0.,-1.));
#4512=DIRECTION('ref_axis',(1.,0.,0.));
#4513=DIRECTION('center_axis',(0.,0.,-1.));
#4514=DIRECTION('ref_axis',(1.,0.,0.));
#4515=DIRECTION('',(0.,0.,-1.));
#4516=DIRECTION('center_axis',(0.,0.,1.));
#4517=DIRECTION('ref_axis',(1.,0.,0.));
#4518=DIRECTION('center_axis',(0.,0.,-1.));
#4519=DIRECTION('ref_axis',(1.,0.,0.));
#4520=DIRECTION('center_axis',(0.,0.,-1.));
#4521=DIRECTION('ref_axis',(1.,0.,0.));
#4522=DIRECTION('',(0.,0.,-1.));
#4523=DIRECTION('center_axis',(0.,0.,1.));
#4524=DIRECTION('ref_axis',(1.,0.,0.));
#4525=DIRECTION('center_axis',(0.,0.,-1.));
#4526=DIRECTION('ref_axis',(1.,0.,0.));
#4527=DIRECTION('center_axis',(0.,0.,-1.));
#4528=DIRECTION('ref_axis',(1.,0.,0.));
#4529=DIRECTION('',(0.,0.,-1.));
#4530=DIRECTION('center_axis',(0.,0.,1.));
#4531=DIRECTION('ref_axis',(1.,0.,0.));
#4532=DIRECTION('center_axis',(0.,0.,-1.));
#4533=DIRECTION('ref_axis',(1.,0.,0.));
#4534=DIRECTION('center_axis',(0.,0.,-1.));
#4535=DIRECTION('ref_axis',(1.,0.,0.));
#4536=DIRECTION('',(0.,0.,-1.));
#4537=DIRECTION('center_axis',(0.,0.,1.));
#4538=DIRECTION('ref_axis',(1.,0.,0.));
#4539=DIRECTION('center_axis',(0.,0.,-1.));
#4540=DIRECTION('ref_axis',(1.,0.,0.));
#4541=DIRECTION('center_axis',(0.,0.,-1.));
#4542=DIRECTION('ref_axis',(1.,0.,0.));
#4543=DIRECTION('',(0.,0.,-1.));
#4544=DIRECTION('center_axis',(0.,0.,1.));
#4545=DIRECTION('ref_axis',(1.,0.,0.));
#4546=DIRECTION('center_axis',(0.,0.,-1.));
#4547=DIRECTION('ref_axis',(1.,0.,0.));
#4548=DIRECTION('center_axis',(0.,0.,-1.));
#4549=DIRECTION('ref_axis',(1.,0.,0.));
#4550=DIRECTION('',(0.,0.,-1.));
#4551=DIRECTION('center_axis',(0.,0.,1.));
#4552=DIRECTION('ref_axis',(1.,0.,0.));
#4553=DIRECTION('center_axis',(0.,0.,-1.));
#4554=DIRECTION('ref_axis',(1.,0.,0.));
#4555=DIRECTION('center_axis',(0.,0.,-1.));
#4556=DIRECTION('ref_axis',(1.,0.,0.));
#4557=DIRECTION('',(0.,0.,-1.));
#4558=DIRECTION('center_axis',(0.,0.,1.));
#4559=DIRECTION('ref_axis',(1.,0.,0.));
#4560=DIRECTION('center_axis',(0.,0.,-1.));
#4561=DIRECTION('ref_axis',(1.,0.,0.));
#4562=DIRECTION('center_axis',(0.,0.,-1.));
#4563=DIRECTION('ref_axis',(1.,0.,0.));
#4564=DIRECTION('',(0.,0.,-1.));
#4565=DIRECTION('center_axis',(0.,0.,1.));
#4566=DIRECTION('ref_axis',(1.,0.,0.));
#4567=DIRECTION('center_axis',(0.,0.,-1.));
#4568=DIRECTION('ref_axis',(1.,0.,0.));
#4569=DIRECTION('center_axis',(0.,0.,-1.));
#4570=DIRECTION('ref_axis',(1.,0.,0.));
#4571=DIRECTION('',(0.,0.,-1.));
#4572=DIRECTION('center_axis',(0.,0.,1.));
#4573=DIRECTION('ref_axis',(1.,0.,0.));
#4574=DIRECTION('center_axis',(0.,0.,-1.));
#4575=DIRECTION('ref_axis',(1.,0.,0.));
#4576=DIRECTION('center_axis',(0.,0.,-1.));
#4577=DIRECTION('ref_axis',(1.,0.,0.));
#4578=DIRECTION('',(0.,0.,-1.));
#4579=DIRECTION('center_axis',(0.,0.,1.));
#4580=DIRECTION('ref_axis',(1.,0.,0.));
#4581=DIRECTION('center_axis',(0.,-1.,0.));
#4582=DIRECTION('ref_axis',(0.,0.,1.));
#4583=DIRECTION('',(0.,1.,0.));
#4584=DIRECTION('center_axis',(0.,1.,0.));
#4585=DIRECTION('ref_axis',(-1.,0.,5.04646829375071E-17));
#4586=DIRECTION('',(0.,-1.,0.));
#4587=DIRECTION('center_axis',(0.,-1.,0.));
#4588=DIRECTION('ref_axis',(0.,0.,1.));
#4589=DIRECTION('center_axis',(0.,-1.,0.));
#4590=DIRECTION('ref_axis',(0.,0.,-1.));
#4591=DIRECTION('center_axis',(0.,1.,0.));
#4592=DIRECTION('ref_axis',(-1.,0.,1.11022302462516E-16));
#4593=DIRECTION('',(0.,0.,-1.));
#4594=DIRECTION('center_axis',(0.,1.,0.));
#4595=DIRECTION('ref_axis',(0.,0.,1.));
#4596=DIRECTION('',(0.,0.,1.));
#4597=DIRECTION('center_axis',(0.,1.,0.));
#4598=DIRECTION('ref_axis',(-1.,0.,1.11022302462516E-16));
#4599=DIRECTION('center_axis',(-6.12323399573677E-17,0.,-1.));
#4600=DIRECTION('ref_axis',(0.,-1.,0.));
#4601=DIRECTION('',(0.,-1.,0.));
#4602=DIRECTION('center_axis',(0.,-1.,0.));
#4603=DIRECTION('ref_axis',(0.,0.,1.));
#4604=DIRECTION('',(0.,1.,0.));
#4605=DIRECTION('center_axis',(-1.,0.,6.12323399573677E-17));
#4606=DIRECTION('ref_axis',(6.12323399573677E-17,0.,1.));
#4607=DIRECTION('center_axis',(0.,1.,0.));
#4608=DIRECTION('ref_axis',(-1.,0.,0.));
#4609=DIRECTION('',(-1.,0.,0.));
#4610=DIRECTION('',(0.,0.,-1.));
#4611=DIRECTION('',(1.,0.,0.));
#4612=DIRECTION('center_axis',(0.,0.,1.));
#4613=DIRECTION('ref_axis',(1.,0.,0.));
#4614=DIRECTION('',(1.,0.,0.));
#4615=DIRECTION('',(0.,1.,0.));
#4616=DIRECTION('center_axis',(0.,1.,0.));
#4617=DIRECTION('ref_axis',(0.,0.,1.));
#4618=DIRECTION('',(0.,-1.,0.));
#4619=DIRECTION('center_axis',(0.,-1.,0.));
#4620=DIRECTION('ref_axis',(1.,0.,5.04646829375071E-17));
#4621=DIRECTION('center_axis',(0.,1.,0.));
#4622=DIRECTION('ref_axis',(0.,0.,1.));
#4623=DIRECTION('center_axis',(0.,1.,0.));
#4624=DIRECTION('ref_axis',(0.,0.,1.));
#4625=DIRECTION('center_axis',(0.,-1.,0.));
#4626=DIRECTION('ref_axis',(1.,0.,1.11022302462516E-16));
#4627=DIRECTION('center_axis',(0.,-1.,0.));
#4628=DIRECTION('ref_axis',(0.,0.,-1.));
#4629=DIRECTION('',(0.,0.,1.));
#4630=DIRECTION('center_axis',(0.,-1.,0.));
#4631=DIRECTION('ref_axis',(1.,0.,1.11022302462516E-16));
#4632=DIRECTION('center_axis',(6.12323399573677E-17,0.,-1.));
#4633=DIRECTION('ref_axis',(0.,1.,0.));
#4634=DIRECTION('',(0.,1.,0.));
#4635=DIRECTION('center_axis',(0.,1.,0.));
#4636=DIRECTION('ref_axis',(0.,0.,1.));
#4637=DIRECTION('',(0.,-1.,0.));
#4638=DIRECTION('center_axis',(1.,0.,6.12323399573677E-17));
#4639=DIRECTION('ref_axis',(6.12323399573677E-17,0.,-1.));
#4640=DIRECTION('center_axis',(0.,-1.,0.));
#4641=DIRECTION('ref_axis',(1.,0.,0.));
#4642=DIRECTION('',(-1.,0.,0.));
#4643=DIRECTION('center_axis',(0.,0.,1.));
#4644=DIRECTION('ref_axis',(1.,0.,0.));
#4645=DIRECTION('',(0.,0.,1.));
#4646=DIRECTION('',(1.,0.,0.));
#4647=DIRECTION('',(0.,0.,1.));
#4648=DIRECTION('',(-1.,1.17961196366423E-16,0.));
#4649=DIRECTION('center_axis',(0.,0.,1.));
#4650=DIRECTION('ref_axis',(1.,0.,0.));
#4651=CARTESIAN_POINT('',(0.,0.,0.));
#4652=CARTESIAN_POINT('',(0.,0.,0.));
#4653=CARTESIAN_POINT('Origin',(18.,63.,24.4));
#4654=CARTESIAN_POINT('',(21.1000000000001,63.,24.4));
#4655=CARTESIAN_POINT('Origin',(18.,63.,24.4));
#4656=CARTESIAN_POINT('',(21.1000000000001,61.5,24.4));
#4657=CARTESIAN_POINT('',(21.1000000000001,63.,24.4));
#4658=CARTESIAN_POINT('Origin',(18.,61.5,24.4));
#4659=CARTESIAN_POINT('Origin',(-14.6999999999998,63.,26.7));
#4660=CARTESIAN_POINT('',(-14.6999999999998,61.5,15.9));
#4661=CARTESIAN_POINT('',(-14.6999999999998,61.5,26.7));
#4662=CARTESIAN_POINT('',(-14.6999999999998,61.5,22.9124447539554));
#4663=CARTESIAN_POINT('',(-14.6999999999998,63.,15.9));
#4664=CARTESIAN_POINT('',(-14.6999999999998,63.,15.9));
#4665=CARTESIAN_POINT('',(-14.6999999999998,63.,26.7));
#4666=CARTESIAN_POINT('',(-14.6999999999998,63.,22.9124447539554));
#4667=CARTESIAN_POINT('',(-14.6999999999998,63.,26.7));
#4668=CARTESIAN_POINT('Origin',(-14.3999999999998,63.,26.7));
#4669=CARTESIAN_POINT('',(-14.3999999999998,61.5,27.));
#4670=CARTESIAN_POINT('Origin',(-14.3999999999998,61.5,26.7));
#4671=CARTESIAN_POINT('',(-14.3999999999998,63.,27.));
#4672=CARTESIAN_POINT('Origin',(-14.3999999999998,63.,26.7));
#4673=CARTESIAN_POINT('',(-14.3999999999998,63.,27.));
#4674=CARTESIAN_POINT('Origin',(-5.59999999999978,63.,27.));
#4675=CARTESIAN_POINT('',(-5.59999999999978,61.5,27.));
#4676=CARTESIAN_POINT('',(-2.8,61.5,27.));
#4677=CARTESIAN_POINT('',(-5.59999999999978,63.,27.));
#4678=CARTESIAN_POINT('',(-2.8,63.,27.));
#4679=CARTESIAN_POINT('',(-5.59999999999978,63.,27.));
#4680=CARTESIAN_POINT('Origin',(-5.59999999999978,63.,26.7));
#4681=CARTESIAN_POINT('',(-5.29999999999979,61.5,26.7));
#4682=CARTESIAN_POINT('Origin',(-5.59999999999978,61.5,26.7));
#4683=CARTESIAN_POINT('',(-5.29999999999979,63.,26.7));
#4684=CARTESIAN_POINT('Origin',(-5.59999999999978,63.,26.7));
#4685=CARTESIAN_POINT('',(-5.29999999999979,63.,26.7));
#4686=CARTESIAN_POINT('Origin',(-5.29999999999978,63.,15.9));
#4687=CARTESIAN_POINT('',(-5.29999999999978,61.5,15.9));
#4688=CARTESIAN_POINT('',(-5.29999999999978,61.5,17.5124447539554));
#4689=CARTESIAN_POINT('',(-5.29999999999978,63.,15.9));
#4690=CARTESIAN_POINT('',(-5.29999999999978,63.,17.5124447539554));
#4691=CARTESIAN_POINT('',(-5.29999999999978,63.,15.9));
#4692=CARTESIAN_POINT('Origin',(-5.59999999999978,63.,15.9));
#4693=CARTESIAN_POINT('',(-5.59999999999978,61.5,15.6));
#4694=CARTESIAN_POINT('Origin',(-5.59999999999978,61.5,15.9));
#4695=CARTESIAN_POINT('',(-5.59999999999978,63.,15.6));
#4696=CARTESIAN_POINT('Origin',(-5.59999999999978,63.,15.9));
#4697=CARTESIAN_POINT('',(-5.59999999999978,63.,15.6));
#4698=CARTESIAN_POINT('Origin',(-14.3999999999998,63.,15.6));
#4699=CARTESIAN_POINT('',(-14.3999999999998,61.5,15.6));
#4700=CARTESIAN_POINT('',(-7.2,61.5,15.6));
#4701=CARTESIAN_POINT('',(-14.3999999999998,63.,15.6));
#4702=CARTESIAN_POINT('',(-7.2,63.,15.6));
#4703=CARTESIAN_POINT('',(-14.3999999999998,63.,15.6));
#4704=CARTESIAN_POINT('Origin',(-14.3999999999998,63.,15.9));
#4705=CARTESIAN_POINT('Origin',(-14.3999999999998,61.5,15.9));
#4706=CARTESIAN_POINT('Origin',(-14.3999999999998,63.,15.9));
#4707=CARTESIAN_POINT('Origin',(18.0000000000007,63.,11.8));
#4708=CARTESIAN_POINT('',(21.1000000000007,63.,11.8));
#4709=CARTESIAN_POINT('Origin',(18.0000000000007,63.,11.8));
#4710=CARTESIAN_POINT('',(21.1000000000007,61.5,11.8));
#4711=CARTESIAN_POINT('',(21.1000000000007,63.,11.8));
#4712=CARTESIAN_POINT('Origin',(18.0000000000007,61.5,11.8));
#4713=CARTESIAN_POINT('Origin',(30.9999999999998,50.0000000000003,0.));
#4714=CARTESIAN_POINT('',(31.4999999999998,50.0000000000003,1.5));
#4715=CARTESIAN_POINT('',(30.9999999999998,49.5000000000003,1.5));
#4716=CARTESIAN_POINT('Origin',(30.9999999999998,50.0000000000003,1.5));
#4717=CARTESIAN_POINT('',(30.9999999999998,49.5000000000003,0.));
#4718=CARTESIAN_POINT('',(30.9999999999998,49.5000000000003,0.));
#4719=CARTESIAN_POINT('',(31.4999999999998,50.0000000000003,0.));
#4720=CARTESIAN_POINT('Origin',(30.9999999999998,50.0000000000003,0.));
#4721=CARTESIAN_POINT('',(31.4999999999998,50.0000000000003,0.));
#4722=CARTESIAN_POINT('Origin',(31.4999999999998,49.5000000000003,0.));
#4723=CARTESIAN_POINT('',(31.4999999999998,60.25,0.));
#4724=CARTESIAN_POINT('',(31.4999999999998,63.,0.));
#4725=CARTESIAN_POINT('',(31.4999999999998,60.25,1.5));
#4726=CARTESIAN_POINT('',(31.4999999999998,60.25,0.75));
#4727=CARTESIAN_POINT('',(31.4999999999998,63.,1.5));
#4728=CARTESIAN_POINT('Origin',(1.55431223447522E-13,0.,0.));
#4729=CARTESIAN_POINT('',(25.9999999999991,49.5000000000003,0.));
#4730=CARTESIAN_POINT('',(25.9999999999991,49.5000000000003,0.));
#4731=CARTESIAN_POINT('',(25.9999999999991,47.5000000000003,0.));
#4732=CARTESIAN_POINT('Origin',(25.9999999999991,48.5000000000003,0.));
#4733=CARTESIAN_POINT('',(28.75,47.5000000000002,0.));
#4734=CARTESIAN_POINT('',(25.9999999999991,47.5000000000003,0.));
#4735=CARTESIAN_POINT('',(28.7500000000002,33.5000000000003,0.));
#4736=CARTESIAN_POINT('',(28.7500000000005,16.7500000000004,0.));
#4737=CARTESIAN_POINT('',(25.9999999999992,33.5000000000003,0.));
#4738=CARTESIAN_POINT('',(31.5000000000002,33.5000000000003,0.));
#4739=CARTESIAN_POINT('',(25.9999999999992,31.5000000000003,0.));
#4740=CARTESIAN_POINT('Origin',(25.9999999999992,32.5000000000003,0.));
#4741=CARTESIAN_POINT('',(31.0000000000003,31.5000000000003,0.));
#4742=CARTESIAN_POINT('',(31.5000000000003,31.5000000000003,0.));
#4743=CARTESIAN_POINT('',(31.5000000000003,31.0000000000003,0.));
#4744=CARTESIAN_POINT('Origin',(31.0000000000003,31.0000000000003,0.));
#4745=CARTESIAN_POINT('',(31.500000000001,-30.9999999999997,0.));
#4746=CARTESIAN_POINT('',(31.5000000000003,31.5000000000003,0.));
#4747=CARTESIAN_POINT('',(31.000000000001,-31.4999999999997,0.));
#4748=CARTESIAN_POINT('Origin',(31.000000000001,-30.9999999999997,0.));
#4749=CARTESIAN_POINT('',(26.0000000000001,-31.4999999999997,0.));
#4750=CARTESIAN_POINT('',(26.0000000000001,-31.4999999999997,0.));
#4751=CARTESIAN_POINT('',(26.0000000000001,-33.4999999999997,0.));
#4752=CARTESIAN_POINT('Origin',(26.0000000000001,-32.4999999999997,0.));
#4753=CARTESIAN_POINT('',(28.750000000001,-33.4999999999997,0.));
#4754=CARTESIAN_POINT('',(26.0000000000001,-33.4999999999997,0.));
#4755=CARTESIAN_POINT('',(28.750000000001,-47.4999999999997,0.));
#4756=CARTESIAN_POINT('',(28.750000000001,-23.7499999999999,0.));
#4757=CARTESIAN_POINT('',(26.0000000000003,-47.4999999999997,0.));
#4758=CARTESIAN_POINT('',(31.500000000001,-47.4999999999997,0.));
#4759=CARTESIAN_POINT('',(26.0000000000003,-49.4999999999997,0.));
#4760=CARTESIAN_POINT('Origin',(26.0000000000003,-48.4999999999997,0.));
#4761=CARTESIAN_POINT('',(31.000000000001,-49.4999999999997,0.));
#4762=CARTESIAN_POINT('',(31.500000000001,-49.4999999999997,0.));
#4763=CARTESIAN_POINT('',(31.500000000001,-49.9999999999997,0.));
#4764=CARTESIAN_POINT('Origin',(31.000000000001,-49.9999999999997,0.));
#4765=CARTESIAN_POINT('',(31.5000000000008,-60.25,0.));
#4766=CARTESIAN_POINT('',(31.500000000001,-49.4999999999997,0.));
#4767=CARTESIAN_POINT('',(-31.4999999999994,-60.25,0.));
#4768=CARTESIAN_POINT('',(-15.7499999999996,-60.25,0.));
#4769=CARTESIAN_POINT('',(-31.5,-50.,0.));
#4770=CARTESIAN_POINT('',(-31.4999999999994,-63.,0.));
#4771=CARTESIAN_POINT('',(-31.,-49.5,0.));
#4772=CARTESIAN_POINT('Origin',(-31.,-50.,0.));
#4773=CARTESIAN_POINT('',(-26.,-49.5,0.));
#4774=CARTESIAN_POINT('',(-31.5,-49.5,0.));
#4775=CARTESIAN_POINT('',(-26.,-47.5,0.));
#4776=CARTESIAN_POINT('Origin',(-26.,-48.5,0.));
#4777=CARTESIAN_POINT('',(-28.7500000000007,-47.5,0.));
#4778=CARTESIAN_POINT('',(-31.5000000000007,-47.5,0.));
#4779=CARTESIAN_POINT('',(-28.7500000000007,-33.5,0.));
#4780=CARTESIAN_POINT('',(-28.7500000000007,-16.75,0.));
#4781=CARTESIAN_POINT('',(-26.0000000000001,-33.5,0.));
#4782=CARTESIAN_POINT('',(-26.0000000000001,-33.5,0.));
#4783=CARTESIAN_POINT('',(-26.0000000000001,-31.5,0.));
#4784=CARTESIAN_POINT('Origin',(-26.0000000000001,-32.5,0.));
#4785=CARTESIAN_POINT('',(-31.0000000000003,-31.5,0.));
#4786=CARTESIAN_POINT('',(-26.0000000000001,-31.5,0.));
#4787=CARTESIAN_POINT('',(-31.5000000000003,-31.,0.));
#4788=CARTESIAN_POINT('Origin',(-31.0000000000003,-31.,0.));
#4789=CARTESIAN_POINT('',(-31.4999999999987,31.,0.));
#4790=CARTESIAN_POINT('',(-31.5000000000003,-31.5,0.));
#4791=CARTESIAN_POINT('',(-30.9999999999987,31.5,0.));
#4792=CARTESIAN_POINT('Origin',(-30.9999999999987,31.,0.));
#4793=CARTESIAN_POINT('',(-25.9999999999998,31.5,0.));
#4794=CARTESIAN_POINT('',(-31.4999999999987,31.5,0.));
#4795=CARTESIAN_POINT('',(-25.9999999999998,33.5,0.));
#4796=CARTESIAN_POINT('Origin',(-25.9999999999998,32.5,0.));
#4797=CARTESIAN_POINT('',(-28.7500000000005,33.5,0.));
#4798=CARTESIAN_POINT('',(-31.5000000000005,33.5,0.));
#4799=CARTESIAN_POINT('',(-28.7500000000005,47.5,0.));
#4800=CARTESIAN_POINT('',(-28.7500000000006,23.7500000000001,0.));
#4801=CARTESIAN_POINT('',(-25.9999999999998,47.5,0.));
#4802=CARTESIAN_POINT('',(-25.9999999999998,47.5,0.));
#4803=CARTESIAN_POINT('',(-25.9999999999998,49.5,0.));
#4804=CARTESIAN_POINT('Origin',(-25.9999999999998,48.5,0.));
#4805=CARTESIAN_POINT('',(-31.0000000000002,49.5,0.));
#4806=CARTESIAN_POINT('',(-25.9999999999998,49.5,0.));
#4807=CARTESIAN_POINT('',(-31.5000000000002,50.,0.));
#4808=CARTESIAN_POINT('Origin',(-31.0000000000002,50.,0.));
#4809=CARTESIAN_POINT('',(-31.5000000000002,60.25,0.));
#4810=CARTESIAN_POINT('',(-31.5000000000002,49.5,0.));
#4811=CARTESIAN_POINT('',(15.75,60.25,0.));
#4812=CARTESIAN_POINT('Origin',(31.0000000000003,31.0000000000003,0.));
#4813=CARTESIAN_POINT('',(31.0000000000003,31.5000000000003,1.5));
#4814=CARTESIAN_POINT('',(31.5000000000003,31.0000000000003,1.5));
#4815=CARTESIAN_POINT('Origin',(31.0000000000003,31.0000000000003,1.5));
#4816=CARTESIAN_POINT('',(31.5000000000003,31.0000000000003,0.));
#4817=CARTESIAN_POINT('',(31.0000000000003,31.5000000000003,0.));
#4818=CARTESIAN_POINT('Origin',(31.500000000001,-31.4999999999997,0.));
#4819=CARTESIAN_POINT('',(31.500000000001,-30.9999999999997,1.5));
#4820=CARTESIAN_POINT('',(31.5000000000003,31.5000000000003,1.5));
#4821=CARTESIAN_POINT('',(31.500000000001,-30.9999999999997,0.));
#4822=CARTESIAN_POINT('Origin',(31.000000000001,-30.9999999999997,0.));
#4823=CARTESIAN_POINT('',(31.000000000001,-31.4999999999997,1.5));
#4824=CARTESIAN_POINT('Origin',(31.000000000001,-30.9999999999997,1.5));
#4825=CARTESIAN_POINT('',(31.000000000001,-31.4999999999997,0.));
#4826=CARTESIAN_POINT('Origin',(31.000000000001,-49.9999999999997,0.));
#4827=CARTESIAN_POINT('',(31.000000000001,-49.4999999999997,1.5));
#4828=CARTESIAN_POINT('',(31.500000000001,-49.9999999999997,1.5));
#4829=CARTESIAN_POINT('Origin',(31.000000000001,-49.9999999999997,1.5));
#4830=CARTESIAN_POINT('',(31.500000000001,-49.9999999999997,0.));
#4831=CARTESIAN_POINT('',(31.000000000001,-49.4999999999997,0.));
#4832=CARTESIAN_POINT('Origin',(31.500000000001,-49.4999999999997,0.));
#4833=CARTESIAN_POINT('',(26.0000000000003,-49.4999999999997,1.5));
#4834=CARTESIAN_POINT('',(26.0000000000003,-49.4999999999997,0.));
#4835=CARTESIAN_POINT('',(31.500000000001,-49.4999999999997,1.5));
#4836=CARTESIAN_POINT('Origin',(-31.,-50.,0.));
#4837=CARTESIAN_POINT('',(-31.5,-50.,1.5));
#4838=CARTESIAN_POINT('',(-31.,-49.5,1.5));
#4839=CARTESIAN_POINT('Origin',(-31.,-50.,1.5));
#4840=CARTESIAN_POINT('',(-31.,-49.5,0.));
#4841=CARTESIAN_POINT('',(-31.5,-50.,0.));
#4842=CARTESIAN_POINT('Origin',(-31.5,-49.5,0.));
#4843=CARTESIAN_POINT('',(-31.4999999999994,-60.25,1.5));
#4844=CARTESIAN_POINT('',(-31.4999999999995,-60.25,0.75));
#4845=CARTESIAN_POINT('',(-31.4999999999994,-63.,1.5));
#4846=CARTESIAN_POINT('Origin',(-31.0000000000003,-31.,0.));
#4847=CARTESIAN_POINT('',(-31.0000000000003,-31.5,1.5));
#4848=CARTESIAN_POINT('',(-31.5000000000003,-31.,1.5));
#4849=CARTESIAN_POINT('Origin',(-31.0000000000003,-31.,1.5));
#4850=CARTESIAN_POINT('',(-31.5000000000003,-31.,0.));
#4851=CARTESIAN_POINT('',(-31.0000000000003,-31.5,0.));
#4852=CARTESIAN_POINT('Origin',(-31.4999999999987,31.5,0.));
#4853=CARTESIAN_POINT('',(-31.4999999999987,31.,1.5));
#4854=CARTESIAN_POINT('',(-31.5000000000003,-31.5,1.5));
#4855=CARTESIAN_POINT('',(-31.4999999999987,31.,0.));
#4856=CARTESIAN_POINT('Origin',(-30.9999999999987,31.,0.));
#4857=CARTESIAN_POINT('',(-30.9999999999987,31.5,1.5));
#4858=CARTESIAN_POINT('Origin',(-30.9999999999987,31.,1.5));
#4859=CARTESIAN_POINT('',(-30.9999999999987,31.5,0.));
#4860=CARTESIAN_POINT('Origin',(-31.0000000000002,50.,0.));
#4861=CARTESIAN_POINT('',(-31.0000000000002,49.5,1.5));
#4862=CARTESIAN_POINT('',(-31.5000000000002,50.,1.5));
#4863=CARTESIAN_POINT('Origin',(-31.0000000000002,50.,1.5));
#4864=CARTESIAN_POINT('',(-31.5000000000002,50.,0.));
#4865=CARTESIAN_POINT('',(-31.0000000000002,49.5,0.));
#4866=CARTESIAN_POINT('Origin',(-31.5000000000002,63.,0.));
#4867=CARTESIAN_POINT('',(-31.5000000000002,60.25,1.5));
#4868=CARTESIAN_POINT('',(-31.5000000000002,49.5,1.5));
#4869=CARTESIAN_POINT('',(-31.5000000000002,60.25,0.75));
#4870=CARTESIAN_POINT('Origin',(30.,45.5000000000003,14.));
#4871=CARTESIAN_POINT('',(31.5,45.5000000000003,16.));
#4872=CARTESIAN_POINT('',(31.4999999999999,47.5000000000003,14.));
#4873=CARTESIAN_POINT('Origin',(31.5,45.5000000000003,14.));
#4874=CARTESIAN_POINT('',(29.9999999999999,47.5000000000003,14.));
#4875=CARTESIAN_POINT('',(29.9999999999999,47.5000000000003,14.));
#4876=CARTESIAN_POINT('',(30.,45.5000000000003,16.));
#4877=CARTESIAN_POINT('Origin',(30.,45.5000000000003,14.));
#4878=CARTESIAN_POINT('',(30.,45.5000000000003,16.));
#4879=CARTESIAN_POINT('Origin',(30.,47.5000000000003,-0.250220984178275));
#4880=CARTESIAN_POINT('',(31.5,47.5000000000003,2.75));
#4881=CARTESIAN_POINT('',(31.5,47.5000000000003,-3.25044196835652));
#4882=CARTESIAN_POINT('',(30.,47.5000000000003,2.75));
#4883=CARTESIAN_POINT('',(30.33,47.5000000000003,2.75));
#4884=CARTESIAN_POINT('',(30.,47.5000000000003,-3.25044196835653));
#4885=CARTESIAN_POINT('Origin',(31.5000000000001,40.5000000000003,7.87488950791086));
#4886=CARTESIAN_POINT('',(31.5000000000001,35.5000000000003,16.));
#4887=CARTESIAN_POINT('',(31.5000000000002,33.5000000000003,16.));
#4888=CARTESIAN_POINT('',(31.5000000000002,33.5000000000003,14.));
#4889=CARTESIAN_POINT('Origin',(31.5000000000001,35.5000000000003,14.));
#4890=CARTESIAN_POINT('',(31.5000000000002,33.5000000000003,2.75));
#4891=CARTESIAN_POINT('',(31.5000000000002,33.5000000000003,2.75));
#4892=CARTESIAN_POINT('',(31.5000000000001,40.5000000000003,2.75));
#4893=CARTESIAN_POINT('',(31.5000000000001,40.5000000000003,6.73549999999998));
#4894=CARTESIAN_POINT('Origin',(31.5000000000001,40.5000000000003,9.99999999999998));
#4895=CARTESIAN_POINT('Origin',(-30.0000000000005,45.5,14.));
#4896=CARTESIAN_POINT('',(-31.5000000000005,47.5,14.));
#4897=CARTESIAN_POINT('',(-31.5000000000005,45.5,16.));
#4898=CARTESIAN_POINT('Origin',(-31.5000000000005,45.5,14.));
#4899=CARTESIAN_POINT('',(-30.0000000000005,45.5,16.));
#4900=CARTESIAN_POINT('',(-30.0000000000005,45.5,16.));
#4901=CARTESIAN_POINT('',(-30.0000000000005,47.5,14.));
#4902=CARTESIAN_POINT('Origin',(-30.0000000000005,45.5,14.));
#4903=CARTESIAN_POINT('',(-30.0000000000005,47.5,14.));
#4904=CARTESIAN_POINT('Origin',(-30.0000000000006,40.5,7.87488950791087));
#4905=CARTESIAN_POINT('',(-30.0000000000006,35.5,16.));
#4906=CARTESIAN_POINT('',(-30.0000000000005,47.5,16.));
#4907=CARTESIAN_POINT('',(-30.0000000000006,33.5,14.));
#4908=CARTESIAN_POINT('Origin',(-30.0000000000006,35.5,14.));
#4909=CARTESIAN_POINT('',(-30.0000000000006,33.5,2.75));
#4910=CARTESIAN_POINT('',(-30.0000000000006,33.5,-3.25044196835652));
#4911=CARTESIAN_POINT('',(-30.0000000000005,47.5,2.75));
#4912=CARTESIAN_POINT('',(-30.0000000000006,40.5,2.75));
#4913=CARTESIAN_POINT('',(-30.0000000000006,47.5,-3.2504419683565));
#4914=CARTESIAN_POINT('',(-30.0000000000006,40.4999999999999,5.33550000000004));
#4915=CARTESIAN_POINT('Origin',(-30.0000000000006,40.4999999999999,10.));
#4916=CARTESIAN_POINT('Origin',(-30.0000000000006,33.5,16.));
#4917=CARTESIAN_POINT('',(-31.5000000000006,35.5,16.));
#4918=CARTESIAN_POINT('',(-31.5000000000005,47.5,16.));
#4919=CARTESIAN_POINT('',(-30.0000000000006,35.5,16.));
#4920=CARTESIAN_POINT('Origin',(30.0000000000001,35.5000000000003,14.));
#4921=CARTESIAN_POINT('',(30.0000000000001,35.5000000000003,16.));
#4922=CARTESIAN_POINT('',(30.0000000000001,35.5000000000003,16.));
#4923=CARTESIAN_POINT('',(30.0000000000002,33.5000000000003,14.));
#4924=CARTESIAN_POINT('Origin',(30.0000000000001,35.5000000000003,14.));
#4925=CARTESIAN_POINT('',(30.0000000000002,33.5000000000003,14.));
#4926=CARTESIAN_POINT('Origin',(30.0000000000002,33.5000000000003,16.));
#4927=CARTESIAN_POINT('',(30.0000000000002,33.5000000000003,2.75));
#4928=CARTESIAN_POINT('',(30.0000000000002,33.5000000000003,-3.25044196835651));
#4929=CARTESIAN_POINT('',(30.3300000000002,33.5000000000003,2.75));
#4930=CARTESIAN_POINT('Origin',(30.0000000000001,40.5000000000003,7.87488950791086));
#4931=CARTESIAN_POINT('',(30.0000000000001,40.5000000000003,2.75));
#4932=CARTESIAN_POINT('',(30.0000000000002,33.5000000000003,16.));
#4933=CARTESIAN_POINT('',(30.,40.4999999999998,14.6645));
#4934=CARTESIAN_POINT('Origin',(30.0000000000001,40.4999999999998,9.99999999999998));
#4935=CARTESIAN_POINT('Origin',(-30.0000000000006,35.5,14.));
#4936=CARTESIAN_POINT('',(-31.5000000000006,33.5,14.));
#4937=CARTESIAN_POINT('Origin',(-31.5000000000006,35.5,14.));
#4938=CARTESIAN_POINT('',(-30.0000000000006,33.5,14.));
#4939=CARTESIAN_POINT('Origin',(30.0000000000011,-35.4999999999997,14.));
#4940=CARTESIAN_POINT('',(31.5000000000011,-35.4999999999997,16.));
#4941=CARTESIAN_POINT('',(31.5000000000011,-33.4999999999997,14.));
#4942=CARTESIAN_POINT('Origin',(31.5000000000011,-35.4999999999997,14.));
#4943=CARTESIAN_POINT('',(30.0000000000011,-33.4999999999997,14.));
#4944=CARTESIAN_POINT('',(30.0000000000011,-33.4999999999997,14.));
#4945=CARTESIAN_POINT('',(30.0000000000011,-35.4999999999997,16.));
#4946=CARTESIAN_POINT('Origin',(30.0000000000011,-35.4999999999997,14.));
#4947=CARTESIAN_POINT('',(30.0000000000011,-35.4999999999997,16.));
#4948=CARTESIAN_POINT('Origin',(30.0000000000011,-33.4999999999997,-0.250220984178275));
#4949=CARTESIAN_POINT('',(31.5000000000011,-33.4999999999997,2.75));
#4950=CARTESIAN_POINT('',(31.5000000000011,-33.4999999999997,-3.25044196835653));
#4951=CARTESIAN_POINT('',(30.0000000000011,-33.4999999999997,2.75));
#4952=CARTESIAN_POINT('',(30.3300000000011,-33.4999999999997,2.75));
#4953=CARTESIAN_POINT('',(30.0000000000011,-33.4999999999997,-3.25044196835653));
#4954=CARTESIAN_POINT('Origin',(31.5000000000011,-40.4999999999997,7.87488950791086));
#4955=CARTESIAN_POINT('',(31.5000000000011,-45.4999999999997,16.));
#4956=CARTESIAN_POINT('',(31.5000000000011,-47.4999999999997,16.));
#4957=CARTESIAN_POINT('',(31.5000000000011,-47.4999999999997,14.));
#4958=CARTESIAN_POINT('Origin',(31.5000000000011,-45.4999999999997,14.));
#4959=CARTESIAN_POINT('',(31.5000000000011,-47.4999999999997,2.75));
#4960=CARTESIAN_POINT('',(31.5000000000011,-47.4999999999997,2.75));
#4961=CARTESIAN_POINT('',(31.5000000000011,-40.4999999999997,2.75));
#4962=CARTESIAN_POINT('',(31.5000000000011,-40.4999999999997,6.7355));
#4963=CARTESIAN_POINT('Origin',(31.5000000000011,-40.4999999999997,10.));
#4964=CARTESIAN_POINT('Origin',(30.0000000000011,-45.4999999999997,14.));
#4965=CARTESIAN_POINT('',(30.0000000000011,-45.4999999999997,16.));
#4966=CARTESIAN_POINT('',(30.0000000000011,-45.4999999999997,16.));
#4967=CARTESIAN_POINT('',(30.0000000000011,-47.4999999999997,14.));
#4968=CARTESIAN_POINT('Origin',(30.0000000000011,-45.4999999999997,14.));
#4969=CARTESIAN_POINT('',(30.0000000000011,-47.4999999999997,14.));
#4970=CARTESIAN_POINT('Origin',(30.0000000000011,-47.4999999999997,16.));
#4971=CARTESIAN_POINT('',(30.0000000000011,-47.4999999999997,2.75));
#4972=CARTESIAN_POINT('',(30.0000000000011,-47.4999999999997,-3.25044196835651));
#4973=CARTESIAN_POINT('',(30.3300000000011,-47.4999999999997,2.75));
#4974=CARTESIAN_POINT('Origin',(30.0000000000011,-40.4999999999997,7.87488950791086));
#4975=CARTESIAN_POINT('',(30.0000000000011,-40.4999999999997,2.75));
#4976=CARTESIAN_POINT('',(30.0000000000011,-47.4999999999997,16.));
#4977=CARTESIAN_POINT('',(30.0000000000011,-40.4999999999997,14.6645));
#4978=CARTESIAN_POINT('Origin',(30.0000000000011,-40.4999999999997,10.));
#4979=CARTESIAN_POINT('Origin',(-30.0000000000006,-45.5,14.));
#4980=CARTESIAN_POINT('',(-31.5000000000006,-45.5,16.));
#4981=CARTESIAN_POINT('',(-31.5000000000006,-47.5,14.));
#4982=CARTESIAN_POINT('Origin',(-31.5000000000006,-45.5,14.));
#4983=CARTESIAN_POINT('',(-30.0000000000006,-47.5,14.));
#4984=CARTESIAN_POINT('',(-30.0000000000006,-47.5,14.));
#4985=CARTESIAN_POINT('',(-30.0000000000006,-45.5,16.));
#4986=CARTESIAN_POINT('Origin',(-30.0000000000006,-45.5,14.));
#4987=CARTESIAN_POINT('',(-30.0000000000006,-45.5,16.));
#4988=CARTESIAN_POINT('Origin',(-30.0000000000006,-47.5,-0.250220984178275));
#4989=CARTESIAN_POINT('',(-31.5000000000006,-47.5,2.75));
#4990=CARTESIAN_POINT('',(-31.5000000000006,-47.5,-3.25044196835653));
#4991=CARTESIAN_POINT('',(-30.0000000000006,-47.5,2.75));
#4992=CARTESIAN_POINT('',(-30.3300000000006,-47.5,2.74999999999999));
#4993=CARTESIAN_POINT('',(-30.0000000000006,-47.5,-3.25044196835653));
#4994=CARTESIAN_POINT('Origin',(-31.5000000000006,-40.5,7.87488950791086));
#4995=CARTESIAN_POINT('',(-31.5000000000006,-35.5,16.));
#4996=CARTESIAN_POINT('',(-31.5000000000006,-33.5,16.));
#4997=CARTESIAN_POINT('',(-31.5000000000006,-33.5,14.));
#4998=CARTESIAN_POINT('Origin',(-31.5000000000006,-35.5,14.));
#4999=CARTESIAN_POINT('',(-31.5000000000006,-33.5,2.75));
#5000=CARTESIAN_POINT('',(-31.5000000000006,-33.5,2.75));
#5001=CARTESIAN_POINT('',(-31.5000000000006,-40.5,2.75));
#5002=CARTESIAN_POINT('',(-31.5000000000006,-40.5,13.2645000000001));
#5003=CARTESIAN_POINT('Origin',(-31.5000000000006,-40.5,10.0000000000001));
#5004=CARTESIAN_POINT('Origin',(-30.0000000000006,-35.5,14.));
#5005=CARTESIAN_POINT('',(-30.0000000000006,-35.5,16.));
#5006=CARTESIAN_POINT('',(-30.0000000000006,-35.5,16.));
#5007=CARTESIAN_POINT('',(-30.0000000000006,-33.5,14.));
#5008=CARTESIAN_POINT('Origin',(-30.0000000000006,-35.5,14.));
#5009=CARTESIAN_POINT('',(-30.0000000000006,-33.5,14.));
#5010=CARTESIAN_POINT('Origin',(-30.0000000000006,-33.5,16.));
#5011=CARTESIAN_POINT('',(-30.0000000000006,-33.5,2.75));
#5012=CARTESIAN_POINT('',(-30.0000000000006,-33.5,-3.25044196835651));
#5013=CARTESIAN_POINT('',(-30.3300000000006,-33.5,2.75));
#5014=CARTESIAN_POINT('Origin',(-30.0000000000006,-40.5,7.87488950791086));
#5015=CARTESIAN_POINT('',(-30.0000000000006,-40.5,2.75));
#5016=CARTESIAN_POINT('',(-30.0000000000006,-33.5,16.));
#5017=CARTESIAN_POINT('',(-30.0000000000006,-40.5000000000002,5.33549999999997));
#5018=CARTESIAN_POINT('Origin',(-30.0000000000006,-40.5000000000002,9.99999999999998));
#5019=CARTESIAN_POINT('Origin',(-29.5000000000006,-40.5,10.0000000000001));
#5020=CARTESIAN_POINT('',(-29.5000000000006,-40.5,11.2645000000001));
#5021=CARTESIAN_POINT('Origin',(-29.5000000000006,-40.5,13.2645000000001));
#5022=CARTESIAN_POINT('',(-29.5000000000006,-39.2355,10.0000000000001));
#5023=CARTESIAN_POINT('Origin',(-29.5000000000006,-40.5,10.0000000000001));
#5024=CARTESIAN_POINT('Origin',(-29.5000000000006,-40.5,10.0000000000001));
#5025=CARTESIAN_POINT('Origin',(-29.7675000000009,-40.5,10.0000000000001));
#5026=CARTESIAN_POINT('',(-28.0000000000005,-39.2355,10.0000000000001));
#5027=CARTESIAN_POINT('',(-29.7675000000009,-39.2355,10.0000000000001));
#5028=CARTESIAN_POINT('Origin',(-28.0000000000005,-40.5000000000002,9.99999999999998));
#5029=CARTESIAN_POINT('Origin',(-29.5000000000006,40.5,10.0000000000001));
#5030=CARTESIAN_POINT('',(-31.5000000000006,40.5,13.2645000000001));
#5031=CARTESIAN_POINT('Origin',(-31.5000000000006,40.5,10.0000000000001));
#5032=CARTESIAN_POINT('',(-29.5000000000006,40.5,11.2645000000001));
#5033=CARTESIAN_POINT('Origin',(-29.5000000000006,40.5,13.2645000000001));
#5034=CARTESIAN_POINT('',(-29.5000000000006,41.7645,10.0000000000001));
#5035=CARTESIAN_POINT('Origin',(-29.5000000000006,40.5,10.0000000000001));
#5036=CARTESIAN_POINT('Origin',(-29.5000000000006,40.5,10.0000000000001));
#5037=CARTESIAN_POINT('Origin',(-29.7675000000005,40.5,10.0000000000001));
#5038=CARTESIAN_POINT('',(-28.0000000000005,41.7645,10.0000000000001));
#5039=CARTESIAN_POINT('',(-29.7675000000005,41.7645,10.0000000000001));
#5040=CARTESIAN_POINT('Origin',(-28.0000000000005,40.4999999999998,10.));
#5041=CARTESIAN_POINT('Origin',(-31.5000000000006,40.5,7.87488950791087));
#5042=CARTESIAN_POINT('',(-31.5000000000005,47.5,2.75));
#5043=CARTESIAN_POINT('',(-31.5000000000005,47.5,2.75));
#5044=CARTESIAN_POINT('',(-31.5000000000006,33.5,2.75));
#5045=CARTESIAN_POINT('',(-31.5000000000006,40.5,2.75));
#5046=CARTESIAN_POINT('',(-31.5000000000006,33.5,-3.25044196835652));
#5047=CARTESIAN_POINT('Origin',(-29.0000000000006,40.4999999999999,10.));
#5048=CARTESIAN_POINT('',(-29.0000000000006,36.8354999999999,10.));
#5049=CARTESIAN_POINT('',(-29.0000000000006,40.4999999999999,6.33550000000004));
#5050=CARTESIAN_POINT('Origin',(-29.0000000000006,40.4999999999999,10.));
#5051=CARTESIAN_POINT('Origin',(-29.0000000000006,40.4999999999999,5.33550000000004));
#5052=CARTESIAN_POINT('Origin',(-29.0000000000006,40.4999999999999,10.));
#5053=CARTESIAN_POINT('Origin',(-30.0000000000005,40.4999999999999,10.));
#5054=CARTESIAN_POINT('',(-28.0000000000005,36.8354999999998,10.));
#5055=CARTESIAN_POINT('Origin',(-28.0000000000005,40.4999999999998,10.));
#5056=CARTESIAN_POINT('',(-30.0000000000005,36.8354999999999,10.));
#5057=CARTESIAN_POINT('Origin',(-29.0000000000006,-40.5000000000002,9.99999999999998));
#5058=CARTESIAN_POINT('',(-29.0000000000006,-44.1645000000002,9.99999999999998));
#5059=CARTESIAN_POINT('',(-29.0000000000006,-40.5000000000002,6.33549999999997));
#5060=CARTESIAN_POINT('Origin',(-29.0000000000006,-40.5000000000002,9.99999999999998));
#5061=CARTESIAN_POINT('Origin',(-29.0000000000006,-40.5000000000002,5.33549999999997));
#5062=CARTESIAN_POINT('Origin',(-29.0000000000006,-40.5000000000002,9.99999999999998));
#5063=CARTESIAN_POINT('Origin',(-30.0000000000005,-40.5000000000002,9.99999999999998));
#5064=CARTESIAN_POINT('',(-28.0000000000005,-44.1645000000002,9.99999999999998));
#5065=CARTESIAN_POINT('Origin',(-28.0000000000005,-40.5000000000002,9.99999999999998));
#5066=CARTESIAN_POINT('',(-30.0000000000005,-44.1645000000002,9.99999999999998));
#5067=CARTESIAN_POINT('Origin',(-28.0000000000005,40.4999999999998,10.));
#5068=CARTESIAN_POINT('Origin',(-28.0000000000005,-40.5000000000002,9.99999999999998));
#5069=CARTESIAN_POINT('Origin',(29.5000000000001,40.5000000000003,9.99999999999998));
#5070=CARTESIAN_POINT('',(29.5000000000001,40.5000000000003,8.73549999999997));
#5071=CARTESIAN_POINT('Origin',(29.5000000000001,40.5000000000003,6.73549999999997));
#5072=CARTESIAN_POINT('',(29.5000000000001,39.2355000000003,9.99999999999998));
#5073=CARTESIAN_POINT('Origin',(29.5000000000001,40.5000000000003,9.99999999999998));
#5074=CARTESIAN_POINT('Origin',(29.5000000000001,40.5000000000003,9.99999999999998));
#5075=CARTESIAN_POINT('Origin',(29.7675000000001,40.5000000000003,9.99999999999998));
#5076=CARTESIAN_POINT('',(28.0000000000002,39.2355000000002,9.99999999999998));
#5077=CARTESIAN_POINT('',(29.7675000000002,39.2355000000003,9.99999999999998));
#5078=CARTESIAN_POINT('Origin',(28.0000000000001,40.4999999999998,9.99999999999998));
#5079=CARTESIAN_POINT('Origin',(29.0000000000001,40.4999999999998,9.99999999999998));
#5080=CARTESIAN_POINT('',(29.,44.1644999999998,9.99999999999998));
#5081=CARTESIAN_POINT('',(29.0000000000001,40.4999999999998,13.6645));
#5082=CARTESIAN_POINT('Origin',(29.0000000000001,40.4999999999998,9.99999999999998));
#5083=CARTESIAN_POINT('Origin',(29.0000000000001,40.4999999999998,14.6645));
#5084=CARTESIAN_POINT('Origin',(29.0000000000001,40.4999999999998,9.99999999999998));
#5085=CARTESIAN_POINT('Origin',(30.0000000000001,40.4999999999998,9.99999999999998));
#5086=CARTESIAN_POINT('',(28.0000000000001,44.1644999999998,9.99999999999998));
#5087=CARTESIAN_POINT('Origin',(28.0000000000001,40.4999999999998,9.99999999999998));
#5088=CARTESIAN_POINT('',(30.0000000000001,44.1644999999998,9.99999999999998));
#5089=CARTESIAN_POINT('Origin',(28.0000000000001,40.4999999999998,9.99999999999998));
#5090=CARTESIAN_POINT('Origin',(29.5000000000011,-40.4999999999997,10.));
#5091=CARTESIAN_POINT('',(29.5000000000011,-40.4999999999997,8.7355));
#5092=CARTESIAN_POINT('Origin',(29.5000000000011,-40.4999999999997,6.7355));
#5093=CARTESIAN_POINT('',(29.5000000000011,-41.7644999999997,10.));
#5094=CARTESIAN_POINT('Origin',(29.5000000000011,-40.4999999999997,10.));
#5095=CARTESIAN_POINT('Origin',(29.5000000000011,-40.4999999999997,10.));
#5096=CARTESIAN_POINT('Origin',(29.7675000000008,-40.4999999999997,10.));
#5097=CARTESIAN_POINT('',(28.0000000000008,-41.7644999999997,10.));
#5098=CARTESIAN_POINT('',(29.7675000000008,-41.7644999999997,10.));
#5099=CARTESIAN_POINT('Origin',(28.0000000000008,-40.4999999999997,10.));
#5100=CARTESIAN_POINT('Origin',(29.0000000000011,-40.4999999999997,10.));
#5101=CARTESIAN_POINT('',(29.0000000000011,-36.8354999999997,10.));
#5102=CARTESIAN_POINT('',(29.0000000000011,-40.4999999999997,13.6645));
#5103=CARTESIAN_POINT('Origin',(29.0000000000011,-40.4999999999997,10.));
#5104=CARTESIAN_POINT('Origin',(29.0000000000011,-40.4999999999997,14.6645));
#5105=CARTESIAN_POINT('Origin',(29.0000000000011,-40.4999999999997,10.));
#5106=CARTESIAN_POINT('Origin',(30.0000000000008,-40.4999999999997,10.));
#5107=CARTESIAN_POINT('',(28.0000000000008,-36.8354999999997,10.));
#5108=CARTESIAN_POINT('Origin',(28.0000000000008,-40.4999999999997,10.));
#5109=CARTESIAN_POINT('',(30.0000000000008,-36.8354999999997,10.));
#5110=CARTESIAN_POINT('Origin',(28.0000000000008,-40.4999999999997,10.));
#5111=CARTESIAN_POINT('Origin',(28.7500000000011,-40.4999999999997,2.75));
#5112=CARTESIAN_POINT('Origin',(28.7500000000011,-47.4999999999997,2.75));
#5113=CARTESIAN_POINT('Origin',(28.7500000000011,-33.4999999999997,2.75));
#5114=CARTESIAN_POINT('Origin',(30.0000000000011,-47.4999999999997,2.75));
#5115=CARTESIAN_POINT('',(28.750000000001,-47.4999999999997,1.5));
#5116=CARTESIAN_POINT('Origin',(28.7500000000011,-47.4999999999997,2.75));
#5117=CARTESIAN_POINT('',(28.750000000001,-47.4999999999997,0.75));
#5118=CARTESIAN_POINT('Origin',(31.5000000000011,-33.4999999999997,2.75));
#5119=CARTESIAN_POINT('',(28.750000000001,-33.4999999999997,1.5));
#5120=CARTESIAN_POINT('',(28.750000000001,-33.4999999999997,0.75));
#5121=CARTESIAN_POINT('Origin',(28.7500000000011,-33.4999999999997,2.75));
#5122=CARTESIAN_POINT('Origin',(30.0000000000011,-33.4999999999997,16.));
#5123=CARTESIAN_POINT('Origin',(28.7500000000011,-40.4999999999997,2.75));
#5124=CARTESIAN_POINT('',(28.750000000001,-23.7499999999999,1.5));
#5125=CARTESIAN_POINT('Origin',(-28.7500000000006,-40.5,2.75));
#5126=CARTESIAN_POINT('Origin',(-28.7500000000006,-33.5,2.75));
#5127=CARTESIAN_POINT('Origin',(-28.7500000000006,-47.5,2.75));
#5128=CARTESIAN_POINT('Origin',(-30.0000000000006,-33.5,2.75));
#5129=CARTESIAN_POINT('',(-28.7500000000007,-33.5,1.5));
#5130=CARTESIAN_POINT('Origin',(-28.7500000000006,-33.5,2.75));
#5131=CARTESIAN_POINT('',(-28.7500000000007,-33.5,0.75));
#5132=CARTESIAN_POINT('Origin',(-31.5000000000006,-47.5,2.75));
#5133=CARTESIAN_POINT('',(-28.7500000000007,-47.5,1.5));
#5134=CARTESIAN_POINT('',(-28.7500000000007,-47.5,0.75));
#5135=CARTESIAN_POINT('Origin',(-28.7500000000006,-47.5,2.75));
#5136=CARTESIAN_POINT('Origin',(-30.0000000000006,-47.5,16.));
#5137=CARTESIAN_POINT('Origin',(-28.7500000000006,-40.5,2.75));
#5138=CARTESIAN_POINT('',(-28.7500000000007,-16.75,1.5));
#5139=CARTESIAN_POINT('Origin',(-28.7500000000006,40.5,2.75));
#5140=CARTESIAN_POINT('Origin',(-28.7500000000005,47.5,2.75));
#5141=CARTESIAN_POINT('Origin',(-28.7500000000006,33.5,2.75));
#5142=CARTESIAN_POINT('Origin',(-30.0000000000006,33.5,-0.250220984178267));
#5143=CARTESIAN_POINT('',(-30.3300000000006,33.5,2.75));
#5144=CARTESIAN_POINT('Origin',(-30.0000000000005,47.5,2.75));
#5145=CARTESIAN_POINT('',(-30.3300000000005,47.5,2.75));
#5146=CARTESIAN_POINT('',(-28.7500000000005,47.5,1.5));
#5147=CARTESIAN_POINT('Origin',(-28.7500000000005,47.5,2.75));
#5148=CARTESIAN_POINT('',(-28.7500000000005,47.5,0.75));
#5149=CARTESIAN_POINT('Origin',(-31.5000000000006,33.5,2.75000000000001));
#5150=CARTESIAN_POINT('',(-28.7500000000005,33.5,1.5));
#5151=CARTESIAN_POINT('',(-28.7500000000005,33.5,0.75));
#5152=CARTESIAN_POINT('Origin',(-28.7500000000006,33.5,2.75));
#5153=CARTESIAN_POINT('Origin',(-30.0000000000005,47.5,16.));
#5154=CARTESIAN_POINT('Origin',(-28.7500000000006,40.5,2.75));
#5155=CARTESIAN_POINT('',(-28.7500000000006,23.7500000000001,1.5));
#5156=CARTESIAN_POINT('Origin',(28.7500000000001,40.5000000000003,2.75));
#5157=CARTESIAN_POINT('Origin',(28.7500000000002,33.5000000000003,2.75));
#5158=CARTESIAN_POINT('Origin',(28.75,47.5000000000003,2.75));
#5159=CARTESIAN_POINT('Origin',(30.0000000000002,33.5000000000003,2.75));
#5160=CARTESIAN_POINT('',(28.7500000000002,33.5000000000003,1.5));
#5161=CARTESIAN_POINT('Origin',(28.7500000000002,33.5000000000003,2.75));
#5162=CARTESIAN_POINT('',(28.7500000000002,33.5000000000003,0.75));
#5163=CARTESIAN_POINT('Origin',(31.5,47.5000000000003,2.75));
#5164=CARTESIAN_POINT('',(28.75,47.5000000000002,1.5));
#5165=CARTESIAN_POINT('',(28.75,47.5000000000003,0.75));
#5166=CARTESIAN_POINT('Origin',(28.75,47.5000000000003,2.75));
#5167=CARTESIAN_POINT('Origin',(29.9999999999999,47.5000000000003,16.));
#5168=CARTESIAN_POINT('Origin',(28.7500000000001,40.5000000000003,2.75));
#5169=CARTESIAN_POINT('',(28.7500000000005,16.7500000000004,1.5));
#5170=CARTESIAN_POINT('Origin',(31.500000000001,-33.4999999999997,0.));
#5171=CARTESIAN_POINT('',(26.0000000000001,-33.4999999999997,1.5));
#5172=CARTESIAN_POINT('',(26.0000000000001,-33.4999999999997,0.));
#5173=CARTESIAN_POINT('',(26.0000000000001,-33.4999999999997,1.5));
#5174=CARTESIAN_POINT('Origin',(31.5,47.5000000000003,0.));
#5175=CARTESIAN_POINT('',(25.9999999999991,47.5000000000003,1.5));
#5176=CARTESIAN_POINT('',(25.9999999999991,47.5000000000003,0.));
#5177=CARTESIAN_POINT('',(25.9999999999991,47.5000000000003,1.5));
#5178=CARTESIAN_POINT('Origin',(-31.5000000000007,-47.5,0.));
#5179=CARTESIAN_POINT('',(-26.,-47.5,1.5));
#5180=CARTESIAN_POINT('',(-26.,-47.5,0.));
#5181=CARTESIAN_POINT('',(-31.5000000000007,-47.5,1.5));
#5182=CARTESIAN_POINT('Origin',(-31.5000000000005,33.5,0.));
#5183=CARTESIAN_POINT('',(-25.9999999999998,33.5,1.5));
#5184=CARTESIAN_POINT('',(-25.9999999999998,33.5,0.));
#5185=CARTESIAN_POINT('',(-31.5000000000005,33.5,1.5));
#5186=CARTESIAN_POINT('Origin',(29.9999999999998,61.5,37.));
#5187=CARTESIAN_POINT('',(31.4999999999998,63.,37.));
#5188=CARTESIAN_POINT('',(29.9999999999998,63.,38.5));
#5189=CARTESIAN_POINT('Origin',(29.9999999999998,63.,37.));
#5190=CARTESIAN_POINT('',(29.9999999999998,61.5,38.5));
#5191=CARTESIAN_POINT('',(29.9999999999998,61.5,38.5));
#5192=CARTESIAN_POINT('',(31.4999999999998,61.5000000000001,37.));
#5193=CARTESIAN_POINT('Origin',(29.9999999999998,61.5000000000001,37.));
#5194=CARTESIAN_POINT('',(31.4999999999998,61.5,37.));
#5195=CARTESIAN_POINT('Origin',(31.4999999999998,61.5,38.5));
#5196=CARTESIAN_POINT('',(31.4999999999998,61.5,2.74999999999999));
#5197=CARTESIAN_POINT('',(31.4999999999998,61.5,-3.25044196835651));
#5198=CARTESIAN_POINT('',(31.4999999999998,63.,2.74999999999999));
#5199=CARTESIAN_POINT('',(31.4999999999998,61.83,2.74999999999999));
#5200=CARTESIAN_POINT('',(31.4999999999998,63.,2.74999999999999));
#5201=CARTESIAN_POINT('Origin',(-2.22589685636899E-13,61.5,19.1248895079109));
#5202=CARTESIAN_POINT('',(-30.0000000000002,61.5,38.5));
#5203=CARTESIAN_POINT('',(31.4999999999998,61.5,38.5));
#5204=CARTESIAN_POINT('',(-31.5000000000002,61.5000000000001,37.));
#5205=CARTESIAN_POINT('Origin',(-30.0000000000002,61.5000000000001,37.));
#5206=CARTESIAN_POINT('',(-31.5000000000002,61.5,2.74999999999999));
#5207=CARTESIAN_POINT('',(-31.5000000000002,61.5,-3.25044196835651));
#5208=CARTESIAN_POINT('',(-2.17876253182464E-13,61.5,2.74999999999999));
#5209=CARTESIAN_POINT('Origin',(-30.0000000000002,61.5000000000001,37.));
#5210=CARTESIAN_POINT('',(-30.0000000000002,63.,38.5));
#5211=CARTESIAN_POINT('',(-31.5000000000002,63.0000000000001,37.));
#5212=CARTESIAN_POINT('Origin',(-30.0000000000002,63.,37.));
#5213=CARTESIAN_POINT('',(-31.5000000000002,61.5000000000001,37.));
#5214=CARTESIAN_POINT('',(-30.0000000000002,61.5000000000001,38.5));
#5215=CARTESIAN_POINT('Origin',(-31.5000000000002,61.5,-0.250220984178258));
#5216=CARTESIAN_POINT('',(-31.5000000000002,63.,2.74999999999999));
#5217=CARTESIAN_POINT('',(-31.5000000000002,63.,-3.25044196835651));
#5218=CARTESIAN_POINT('',(-31.5000000000002,61.83,2.74999999999999));
#5219=CARTESIAN_POINT('Origin',(-29.9999999999994,-61.5,37.));
#5220=CARTESIAN_POINT('',(-31.4999999999994,-63.,37.));
#5221=CARTESIAN_POINT('',(-29.9999999999994,-63.,38.5));
#5222=CARTESIAN_POINT('Origin',(-29.9999999999994,-63.,37.));
#5223=CARTESIAN_POINT('',(-29.9999999999994,-61.5,38.5));
#5224=CARTESIAN_POINT('',(-29.9999999999994,-61.5,38.5));
#5225=CARTESIAN_POINT('',(-31.4999999999993,-61.5000000000001,37.));
#5226=CARTESIAN_POINT('Origin',(-29.9999999999994,-61.5000000000001,37.));
#5227=CARTESIAN_POINT('',(-31.4999999999994,-61.5,37.));
#5228=CARTESIAN_POINT('Origin',(-31.4999999999994,-61.5,38.5));
#5229=CARTESIAN_POINT('',(-31.4999999999993,-61.5,2.74999999999999));
#5230=CARTESIAN_POINT('',(-31.4999999999993,-61.5,-3.25044196835651));
#5231=CARTESIAN_POINT('',(-31.4999999999994,-63.,2.74999999999999));
#5232=CARTESIAN_POINT('',(-31.4999999999994,-61.83,2.74999999999999));
#5233=CARTESIAN_POINT('',(-31.4999999999994,-63.,2.74999999999999));
#5234=CARTESIAN_POINT('Origin',(7.07704265216138E-13,-61.5,19.1248895079109));
#5235=CARTESIAN_POINT('',(30.0000000000008,-61.5,38.5));
#5236=CARTESIAN_POINT('',(-31.4999999999994,-61.5,38.5));
#5237=CARTESIAN_POINT('',(31.5000000000008,-61.5000000000001,37.));
#5238=CARTESIAN_POINT('Origin',(30.0000000000008,-61.5000000000001,37.));
#5239=CARTESIAN_POINT('',(31.5000000000008,-61.5,2.74999999999999));
#5240=CARTESIAN_POINT('',(31.5000000000008,-61.5,-3.25044196835651));
#5241=CARTESIAN_POINT('',(7.09123500488119E-13,-61.5,2.74999999999999));
#5242=CARTESIAN_POINT('Origin',(30.0000000000008,-61.5000000000001,37.));
#5243=CARTESIAN_POINT('',(30.0000000000008,-63.,38.5));
#5244=CARTESIAN_POINT('',(31.5000000000008,-63.0000000000001,37.));
#5245=CARTESIAN_POINT('Origin',(30.0000000000008,-63.,37.));
#5246=CARTESIAN_POINT('',(31.5000000000008,-61.5000000000001,37.));
#5247=CARTESIAN_POINT('',(30.0000000000008,-61.5000000000001,38.5));
#5248=CARTESIAN_POINT('Origin',(31.5000000000008,-61.5,-0.250220984178258));
#5249=CARTESIAN_POINT('',(31.5000000000008,-63.,2.74999999999999));
#5250=CARTESIAN_POINT('',(31.5000000000008,-63.,-3.25044196835651));
#5251=CARTESIAN_POINT('',(31.5000000000008,-61.83,2.74999999999999));
#5252=CARTESIAN_POINT('Origin',(-2.1316282072803E-13,60.25,2.75));
#5253=CARTESIAN_POINT('',(-2.17603712826531E-13,63.,2.74999999999999));
#5254=CARTESIAN_POINT('Origin',(31.4999999999998,60.25,2.75));
#5255=CARTESIAN_POINT('Origin',(-31.5000000000002,60.25,2.75));
#5256=CARTESIAN_POINT('Origin',(31.4999999999998,61.5,2.75));
#5257=CARTESIAN_POINT('Origin',(31.4999999999998,60.25,2.75));
#5258=CARTESIAN_POINT('Origin',(-31.5000000000002,63.,2.75));
#5259=CARTESIAN_POINT('Origin',(-31.5000000000002,60.25,2.75));
#5260=CARTESIAN_POINT('Origin',(-31.5000000000002,61.5,38.5));
#5261=CARTESIAN_POINT('',(31.4999999999998,63.,38.5));
#5262=CARTESIAN_POINT('Origin',(-2.1316282072803E-13,60.25,2.75));
#5263=CARTESIAN_POINT('',(15.75,60.25,1.5));
#5264=CARTESIAN_POINT('Origin',(-2.22044604925031E-13,63.,19.1248895079109));
#5265=CARTESIAN_POINT('Origin',(7.105427357601E-13,-60.25,2.75));
#5266=CARTESIAN_POINT('',(7.0832228971085E-13,-63.,2.74999999999999));
#5267=CARTESIAN_POINT('Origin',(-31.4999999999994,-60.25,2.75));
#5268=CARTESIAN_POINT('Origin',(31.5000000000008,-60.25,2.75));
#5269=CARTESIAN_POINT('Origin',(-31.4999999999994,-61.5,2.75));
#5270=CARTESIAN_POINT('Origin',(-31.4999999999993,-60.25,2.75));
#5271=CARTESIAN_POINT('Origin',(31.5000000000008,-63.,2.75));
#5272=CARTESIAN_POINT('',(31.5000000000008,-60.25,1.5));
#5273=CARTESIAN_POINT('',(31.5000000000008,-60.25,0.75));
#5274=CARTESIAN_POINT('Origin',(31.5000000000008,-60.25,2.75));
#5275=CARTESIAN_POINT('Origin',(31.5000000000008,-61.5,38.5));
#5276=CARTESIAN_POINT('',(-31.4999999999994,-63.,38.5));
#5277=CARTESIAN_POINT('Origin',(7.105427357601E-13,-60.25,2.75));
#5278=CARTESIAN_POINT('',(-15.7499999999996,-60.25,1.5));
#5279=CARTESIAN_POINT('Origin',(7.061018436616E-13,-63.,19.1248895079109));
#5280=CARTESIAN_POINT('Origin',(31.5000000000008,-63.,0.));
#5281=CARTESIAN_POINT('',(31.500000000001,-49.4999999999997,1.5));
#5282=CARTESIAN_POINT('Origin',(-26.,-49.5,0.));
#5283=CARTESIAN_POINT('',(-26.,-49.5,1.5));
#5284=CARTESIAN_POINT('',(-31.5,-49.5,1.5));
#5285=CARTESIAN_POINT('',(-26.,-49.5,0.));
#5286=CARTESIAN_POINT('Origin',(-26.,-48.5,0.));
#5287=CARTESIAN_POINT('Origin',(-26.,-48.5,1.5));
#5288=CARTESIAN_POINT('Origin',(-26.0000000000001,-33.5,0.));
#5289=CARTESIAN_POINT('',(-26.0000000000001,-33.5,1.5));
#5290=CARTESIAN_POINT('',(-26.0000000000001,-33.5,1.5));
#5291=CARTESIAN_POINT('',(-26.0000000000001,-33.5,0.));
#5292=CARTESIAN_POINT('Origin',(-26.0000000000001,-32.5,0.));
#5293=CARTESIAN_POINT('',(-26.0000000000001,-31.5,1.5));
#5294=CARTESIAN_POINT('Origin',(-26.0000000000001,-32.5,1.5));
#5295=CARTESIAN_POINT('',(-26.0000000000001,-31.5,0.));
#5296=CARTESIAN_POINT('Origin',(-31.5000000000003,-31.5,0.));
#5297=CARTESIAN_POINT('',(-26.0000000000001,-31.5,1.5));
#5298=CARTESIAN_POINT('Origin',(-25.9999999999998,31.5,0.));
#5299=CARTESIAN_POINT('',(-25.9999999999998,31.5,1.5));
#5300=CARTESIAN_POINT('',(-31.4999999999987,31.5,1.5));
#5301=CARTESIAN_POINT('',(-25.9999999999998,31.5,0.));
#5302=CARTESIAN_POINT('Origin',(-25.9999999999998,32.5,0.));
#5303=CARTESIAN_POINT('Origin',(-25.9999999999998,32.5,1.5));
#5304=CARTESIAN_POINT('Origin',(-25.9999999999998,47.5,0.));
#5305=CARTESIAN_POINT('',(-25.9999999999998,47.5,1.5));
#5306=CARTESIAN_POINT('',(-25.9999999999998,47.5,1.5));
#5307=CARTESIAN_POINT('',(-25.9999999999998,47.5,0.));
#5308=CARTESIAN_POINT('Origin',(-25.9999999999998,48.5,0.));
#5309=CARTESIAN_POINT('',(-25.9999999999998,49.5,1.5));
#5310=CARTESIAN_POINT('Origin',(-25.9999999999998,48.5,1.5));
#5311=CARTESIAN_POINT('',(-25.9999999999998,49.5,0.));
#5312=CARTESIAN_POINT('Origin',(-31.5000000000002,49.5,0.));
#5313=CARTESIAN_POINT('',(-25.9999999999998,49.5,1.5));
#5314=CARTESIAN_POINT('Origin',(25.9999999999991,49.5000000000003,0.));
#5315=CARTESIAN_POINT('',(25.9999999999991,49.5000000000003,1.5));
#5316=CARTESIAN_POINT('',(25.9999999999991,49.5000000000003,1.5));
#5317=CARTESIAN_POINT('',(25.9999999999991,49.5000000000003,0.));
#5318=CARTESIAN_POINT('Origin',(25.9999999999991,48.5000000000003,0.));
#5319=CARTESIAN_POINT('Origin',(25.9999999999991,48.5000000000003,1.5));
#5320=CARTESIAN_POINT('Origin',(25.9999999999992,33.5000000000003,0.));
#5321=CARTESIAN_POINT('',(25.9999999999992,33.5000000000003,1.5));
#5322=CARTESIAN_POINT('',(31.5000000000002,33.5000000000003,1.5));
#5323=CARTESIAN_POINT('',(25.9999999999992,33.5000000000003,0.));
#5324=CARTESIAN_POINT('Origin',(25.9999999999992,32.5000000000003,0.));
#5325=CARTESIAN_POINT('',(25.9999999999992,31.5000000000003,1.5));
#5326=CARTESIAN_POINT('Origin',(25.9999999999992,32.5000000000003,1.5));
#5327=CARTESIAN_POINT('',(25.9999999999992,31.5000000000003,0.));
#5328=CARTESIAN_POINT('Origin',(31.5000000000003,31.5000000000003,0.));
#5329=CARTESIAN_POINT('',(31.5000000000003,31.5000000000003,1.5));
#5330=CARTESIAN_POINT('Origin',(26.0000000000001,-31.4999999999997,0.));
#5331=CARTESIAN_POINT('',(26.0000000000001,-31.4999999999997,1.5));
#5332=CARTESIAN_POINT('',(26.0000000000001,-31.4999999999997,1.5));
#5333=CARTESIAN_POINT('',(26.0000000000001,-31.4999999999997,0.));
#5334=CARTESIAN_POINT('Origin',(26.0000000000001,-32.4999999999997,0.));
#5335=CARTESIAN_POINT('Origin',(26.0000000000001,-32.4999999999997,1.5));
#5336=CARTESIAN_POINT('Origin',(26.0000000000003,-47.4999999999997,0.));
#5337=CARTESIAN_POINT('',(26.0000000000003,-47.4999999999997,1.5));
#5338=CARTESIAN_POINT('',(31.500000000001,-47.4999999999997,1.5));
#5339=CARTESIAN_POINT('',(26.0000000000003,-47.4999999999997,0.));
#5340=CARTESIAN_POINT('Origin',(26.0000000000003,-48.4999999999997,0.));
#5341=CARTESIAN_POINT('Origin',(26.0000000000003,-48.4999999999997,1.5));
#5342=CARTESIAN_POINT('Origin',(1.55431223447522E-13,0.,1.5));
#5343=CARTESIAN_POINT('',(0.,0.,0.));
#5344=CARTESIAN_POINT('Origin',(31.5,60.,-34.5));
#5345=CARTESIAN_POINT('',(33.,64.,-34.5));
#5346=CARTESIAN_POINT('',(33.,60.,-38.5));
#5347=CARTESIAN_POINT('Origin',(33.,60.,-34.5));
#5348=CARTESIAN_POINT('',(31.5,60.,-38.5));
#5349=CARTESIAN_POINT('',(31.5,60.,-38.5));
#5350=CARTESIAN_POINT('',(31.5,64.,-34.5));
#5351=CARTESIAN_POINT('Origin',(31.5,60.,-34.5));
#5352=CARTESIAN_POINT('',(31.5,64.,-34.5));
#5353=CARTESIAN_POINT('Origin',(31.5,64.,-38.5));
#5354=CARTESIAN_POINT('',(31.5,64.,-1.25));
#5355=CARTESIAN_POINT('',(31.5,64.,4.7504419683565));
#5356=CARTESIAN_POINT('',(33.,64.,-1.25));
#5357=CARTESIAN_POINT('',(31.83,64.,-1.25));
#5358=CARTESIAN_POINT('',(33.,64.,-1.25));
#5359=CARTESIAN_POINT('Origin',(31.5,-1.50449044366093E-14,-18.3748895079109));
#5360=CARTESIAN_POINT('',(31.5,-60.0000000000001,-38.5));
#5361=CARTESIAN_POINT('',(31.5,64.,-38.5));
#5362=CARTESIAN_POINT('',(31.5,-64.0000000000001,-34.5));
#5363=CARTESIAN_POINT('Origin',(31.5,-60.0000000000001,-34.5));
#5364=CARTESIAN_POINT('',(31.5,-64.0000000000001,-1.25));
#5365=CARTESIAN_POINT('',(31.5,-64.0000000000001,4.7504419683565));
#5366=CARTESIAN_POINT('',(31.5,-2.52860206123072E-14,-1.25));
#5367=CARTESIAN_POINT('',(31.5,38.7,-28.5));
#5368=CARTESIAN_POINT('Origin',(31.5,40.5,-28.5));
#5369=CARTESIAN_POINT('',(31.5,-42.3000000000001,-28.5));
#5370=CARTESIAN_POINT('Origin',(31.5,-40.5000000000001,-28.5));
#5371=CARTESIAN_POINT('',(31.5,17.1,-21.49));
#5372=CARTESIAN_POINT('Origin',(31.5,23.,-21.49));
#5373=CARTESIAN_POINT('Origin',(31.5,-60.0000000000001,-34.5));
#5374=CARTESIAN_POINT('',(33.,-60.0000000000001,-38.5));
#5375=CARTESIAN_POINT('',(33.,-64.0000000000001,-34.5));
#5376=CARTESIAN_POINT('Origin',(33.,-60.0000000000001,-34.5));
#5377=CARTESIAN_POINT('',(31.5,-64.0000000000001,-34.5));
#5378=CARTESIAN_POINT('',(31.5,-60.0000000000001,-38.5));
#5379=CARTESIAN_POINT('Origin',(31.5,-64.0000000000001,1.75022098417825));
#5380=CARTESIAN_POINT('',(33.,-64.0000000000001,-1.25));
#5381=CARTESIAN_POINT('',(33.,-64.0000000000001,4.7504419683565));
#5382=CARTESIAN_POINT('',(31.83,-64.0000000000001,-1.25));
#5383=CARTESIAN_POINT('Origin',(-31.5,-60.,-34.5));
#5384=CARTESIAN_POINT('',(-33.,-64.,-34.5));
#5385=CARTESIAN_POINT('',(-33.,-60.,-38.5));
#5386=CARTESIAN_POINT('Origin',(-33.,-60.,-34.5));
#5387=CARTESIAN_POINT('',(-31.5,-60.,-38.5));
#5388=CARTESIAN_POINT('',(-31.5,-60.,-38.5));
#5389=CARTESIAN_POINT('',(-31.5,-64.,-34.5));
#5390=CARTESIAN_POINT('Origin',(-31.5,-60.,-34.5));
#5391=CARTESIAN_POINT('',(-31.5,-64.,-34.5));
#5392=CARTESIAN_POINT('Origin',(-31.5,-64.,-38.5));
#5393=CARTESIAN_POINT('',(-31.5,-64.,-1.25));
#5394=CARTESIAN_POINT('',(-31.5,-64.,4.7504419683565));
#5395=CARTESIAN_POINT('',(-33.,-64.,-1.25));
#5396=CARTESIAN_POINT('',(-31.83,-64.,-1.25));
#5397=CARTESIAN_POINT('',(-33.,-64.,-1.25));
#5398=CARTESIAN_POINT('Origin',(-31.5,1.50449044366093E-14,-18.3748895079109));
#5399=CARTESIAN_POINT('',(-31.5,60.0000000000001,-38.5));
#5400=CARTESIAN_POINT('',(-31.5,-64.,-38.5));
#5401=CARTESIAN_POINT('',(-31.5,64.0000000000001,-34.5));
#5402=CARTESIAN_POINT('Origin',(-31.5,60.0000000000001,-34.5));
#5403=CARTESIAN_POINT('',(-31.5,64.0000000000001,-1.25));
#5404=CARTESIAN_POINT('',(-31.5,64.0000000000001,4.7504419683565));
#5405=CARTESIAN_POINT('',(-31.5,2.52860206123072E-14,-1.25));
#5406=CARTESIAN_POINT('',(-31.5,-38.7,-28.5));
#5407=CARTESIAN_POINT('Origin',(-31.5,-40.5,-28.5));
#5408=CARTESIAN_POINT('',(-31.5,42.3000000000001,-28.5));
#5409=CARTESIAN_POINT('Origin',(-31.5,40.5000000000001,-28.5));
#5410=CARTESIAN_POINT('',(-31.5,28.9,-21.49));
#5411=CARTESIAN_POINT('Origin',(-31.5,23.,-21.49));
#5412=CARTESIAN_POINT('Origin',(-31.5,60.0000000000001,-34.5));
#5413=CARTESIAN_POINT('',(-33.,60.0000000000001,-38.5));
#5414=CARTESIAN_POINT('',(-33.,64.0000000000001,-34.5));
#5415=CARTESIAN_POINT('Origin',(-33.,60.0000000000001,-34.5));
#5416=CARTESIAN_POINT('',(-31.5,64.0000000000001,-34.5));
#5417=CARTESIAN_POINT('',(-31.5,60.0000000000001,-38.5));
#5418=CARTESIAN_POINT('Origin',(-31.5,64.0000000000001,1.75022098417825));
#5419=CARTESIAN_POINT('',(-33.,64.0000000000001,-1.25));
#5420=CARTESIAN_POINT('',(-33.,64.0000000000001,4.7504419683565));
#5421=CARTESIAN_POINT('',(-31.83,64.0000000000001,-1.25));
#5422=CARTESIAN_POINT('Origin',(-32.,-40.5,-28.5));
#5423=CARTESIAN_POINT('',(-33.,-38.7,-28.5));
#5424=CARTESIAN_POINT('Origin',(-33.,-40.5,-28.5));
#5425=CARTESIAN_POINT('',(-32.,-38.7,-28.5));
#5426=CARTESIAN_POINT('Origin',(-32.,40.5000000000001,-28.5));
#5427=CARTESIAN_POINT('',(-33.,42.3000000000001,-28.5));
#5428=CARTESIAN_POINT('Origin',(-33.,40.5000000000001,-28.5));
#5429=CARTESIAN_POINT('',(-32.,42.3000000000001,-28.5));
#5430=CARTESIAN_POINT('Origin',(32.,40.5,-28.5));
#5431=CARTESIAN_POINT('',(33.,38.7,-28.5));
#5432=CARTESIAN_POINT('Origin',(33.,40.5,-28.5));
#5433=CARTESIAN_POINT('',(32.,38.7,-28.5));
#5434=CARTESIAN_POINT('Origin',(32.,-40.5000000000001,-28.5));
#5435=CARTESIAN_POINT('',(33.,-42.3000000000001,-28.5));
#5436=CARTESIAN_POINT('Origin',(33.,-40.5000000000001,-28.5));
#5437=CARTESIAN_POINT('',(32.,-42.3000000000001,-28.5));
#5438=CARTESIAN_POINT('Origin',(-32.,23.,-21.49));
#5439=CARTESIAN_POINT('',(-33.,28.9,-21.49));
#5440=CARTESIAN_POINT('Origin',(-33.,23.,-21.49));
#5441=CARTESIAN_POINT('',(-32.,28.9,-21.49));
#5442=CARTESIAN_POINT('Origin',(32.,23.,-21.49));
#5443=CARTESIAN_POINT('',(33.,17.1,-21.49));
#5444=CARTESIAN_POINT('Origin',(33.,23.,-21.49));
#5445=CARTESIAN_POINT('',(32.,17.1,-21.49));
#5446=CARTESIAN_POINT('Origin',(0.,-54.0000008046627,0.5));
#5447=CARTESIAN_POINT('',(-2.525,-54.0000008046627,1.5));
#5448=CARTESIAN_POINT('Origin',(0.,-54.0000008046627,1.5));
#5449=CARTESIAN_POINT('',(-2.525,-54.0000008046627,0.));
#5450=CARTESIAN_POINT('',(-2.525,-54.0000008046627,0.5));
#5451=CARTESIAN_POINT('Origin',(0.,-54.0000008046627,0.));
#5452=CARTESIAN_POINT('Origin',(-20.0000002980232,8.,0.5));
#5453=CARTESIAN_POINT('',(-22.5000002980232,8.,1.5));
#5454=CARTESIAN_POINT('Origin',(-20.0000002980232,8.,1.5));
#5455=CARTESIAN_POINT('',(-22.5000002980232,8.,0.));
#5456=CARTESIAN_POINT('',(-22.5000002980232,8.,0.5));
#5457=CARTESIAN_POINT('Origin',(-20.0000002980232,8.,0.));
#5458=CARTESIAN_POINT('Origin',(0.,8.,0.5));
#5459=CARTESIAN_POINT('',(-2.5,8.,1.5));
#5460=CARTESIAN_POINT('Origin',(0.,8.,1.5));
#5461=CARTESIAN_POINT('',(-2.5,8.,0.));
#5462=CARTESIAN_POINT('',(-2.5,8.,0.5));
#5463=CARTESIAN_POINT('Origin',(0.,8.,0.));
#5464=CARTESIAN_POINT('Origin',(20.0000002980232,8.,0.5));
#5465=CARTESIAN_POINT('',(17.5000002980232,8.,1.5));
#5466=CARTESIAN_POINT('Origin',(20.0000002980232,8.,1.5));
#5467=CARTESIAN_POINT('',(17.5000002980232,8.,0.));
#5468=CARTESIAN_POINT('',(17.5000002980232,8.,0.5));
#5469=CARTESIAN_POINT('Origin',(20.0000002980232,8.,0.));
#5470=CARTESIAN_POINT('Origin',(0.,46.,0.5));
#5471=CARTESIAN_POINT('',(-6.,46.,1.5));
#5472=CARTESIAN_POINT('Origin',(0.,46.,1.5));
#5473=CARTESIAN_POINT('',(-6.,46.,0.));
#5474=CARTESIAN_POINT('',(-6.,46.,0.5));
#5475=CARTESIAN_POINT('Origin',(0.,46.,0.));
#5476=CARTESIAN_POINT('Origin',(18.,-38.,0.5));
#5477=CARTESIAN_POINT('',(16.8,-38.,1.5));
#5478=CARTESIAN_POINT('Origin',(18.,-38.,1.5));
#5479=CARTESIAN_POINT('',(16.8,-38.,0.));
#5480=CARTESIAN_POINT('',(16.8,-38.,0.5));
#5481=CARTESIAN_POINT('Origin',(18.,-38.,0.));
#5482=CARTESIAN_POINT('Origin',(-18.,-38.,0.5));
#5483=CARTESIAN_POINT('',(-19.2,-38.,1.5));
#5484=CARTESIAN_POINT('Origin',(-18.,-38.,1.5));
#5485=CARTESIAN_POINT('',(-19.2,-38.,0.));
#5486=CARTESIAN_POINT('',(-19.2,-38.,0.5));
#5487=CARTESIAN_POINT('Origin',(-18.,-38.,0.));
#5488=CARTESIAN_POINT('Origin',(-12.,-14.,0.5));
#5489=CARTESIAN_POINT('',(-13.2,-14.,1.5));
#5490=CARTESIAN_POINT('Origin',(-12.,-14.,1.5));
#5491=CARTESIAN_POINT('',(-13.2,-14.,0.));
#5492=CARTESIAN_POINT('',(-13.2,-14.,0.5));
#5493=CARTESIAN_POINT('Origin',(-12.,-14.,0.));
#5494=CARTESIAN_POINT('Origin',(12.,-14.,0.5));
#5495=CARTESIAN_POINT('',(10.8,-14.,1.5));
#5496=CARTESIAN_POINT('Origin',(12.,-14.,1.5));
#5497=CARTESIAN_POINT('',(10.8,-14.,0.));
#5498=CARTESIAN_POINT('',(10.8,-14.,0.5));
#5499=CARTESIAN_POINT('Origin',(12.,-14.,0.));
#5500=CARTESIAN_POINT('Origin',(-18.,-14.,0.5));
#5501=CARTESIAN_POINT('',(-21.5,-14.,1.5));
#5502=CARTESIAN_POINT('Origin',(-18.,-14.,1.5));
#5503=CARTESIAN_POINT('',(-21.5,-14.,0.));
#5504=CARTESIAN_POINT('',(-21.5,-14.,0.5));
#5505=CARTESIAN_POINT('Origin',(-18.,-14.,0.));
#5506=CARTESIAN_POINT('Origin',(-18.,-44.,0.5));
#5507=CARTESIAN_POINT('',(-21.5,-44.,1.5));
#5508=CARTESIAN_POINT('Origin',(-18.,-44.,1.5));
#5509=CARTESIAN_POINT('',(-21.5,-44.,0.));
#5510=CARTESIAN_POINT('',(-21.5,-44.,0.5));
#5511=CARTESIAN_POINT('Origin',(-18.,-44.,0.));
#5512=CARTESIAN_POINT('Origin',(18.,-44.,0.5));
#5513=CARTESIAN_POINT('',(14.5,-44.,1.5));
#5514=CARTESIAN_POINT('Origin',(18.,-44.,1.5));
#5515=CARTESIAN_POINT('',(14.5,-44.,0.));
#5516=CARTESIAN_POINT('',(14.5,-44.,0.5));
#5517=CARTESIAN_POINT('Origin',(18.,-44.,0.));
#5518=CARTESIAN_POINT('Origin',(18.,-14.,0.5));
#5519=CARTESIAN_POINT('',(14.5,-14.,1.5));
#5520=CARTESIAN_POINT('Origin',(18.,-14.,1.5));
#5521=CARTESIAN_POINT('',(14.5,-14.,0.));
#5522=CARTESIAN_POINT('',(14.5,-14.,0.5));
#5523=CARTESIAN_POINT('Origin',(18.,-14.,0.));
#5524=CARTESIAN_POINT('Origin',(-30.25,3.5527136788005E-14,-1.25));
#5525=CARTESIAN_POINT('',(-33.,2.66453525910038E-14,-1.25));
#5526=CARTESIAN_POINT('',(-30.25,-64.,1.5));
#5527=CARTESIAN_POINT('Origin',(-30.25,-64.,-1.25));
#5528=CARTESIAN_POINT('',(-30.25,64.,1.5));
#5529=CARTESIAN_POINT('',(-30.25,-32.,1.5));
#5530=CARTESIAN_POINT('Origin',(-30.25,64.0000000000001,-1.25));
#5531=CARTESIAN_POINT('Origin',(-31.5,-64.,-1.25));
#5532=CARTESIAN_POINT('',(-30.25,-64.,0.));
#5533=CARTESIAN_POINT('Origin',(-30.25,-64.,-1.25));
#5534=CARTESIAN_POINT('',(-30.25,-64.,0.));
#5535=CARTESIAN_POINT('Origin',(-33.,64.0000000000001,-1.25));
#5536=CARTESIAN_POINT('',(-30.25,64.,0.));
#5537=CARTESIAN_POINT('',(-30.25,64.,0.));
#5538=CARTESIAN_POINT('Origin',(-30.25,64.0000000000001,-1.25));
#5539=CARTESIAN_POINT('Origin',(-31.5,64.,-38.5));
#5540=CARTESIAN_POINT('',(-33.,-64.,-38.5));
#5541=CARTESIAN_POINT('Origin',(-30.25,3.5527136788005E-14,-1.25));
#5542=CARTESIAN_POINT('',(-30.25,-32.,0.));
#5543=CARTESIAN_POINT('Origin',(-33.,1.77635683940025E-14,-18.3748895079109));
#5544=CARTESIAN_POINT('Origin',(33.,64.,0.));
#5545=CARTESIAN_POINT('',(30.25,64.,1.5));
#5546=CARTESIAN_POINT('',(-33.,64.,1.5));
#5547=CARTESIAN_POINT('',(30.25,64.,0.));
#5548=CARTESIAN_POINT('',(30.25,64.,0.));
#5549=CARTESIAN_POINT('',(-33.,64.,0.));
#5550=CARTESIAN_POINT('Origin',(0.,0.,1.5));
#5551=CARTESIAN_POINT('',(30.25,-64.,1.5));
#5552=CARTESIAN_POINT('',(33.,-64.,1.5));
#5553=CARTESIAN_POINT('',(30.25,32.,1.5));
#5554=CARTESIAN_POINT('Origin',(30.25,-3.5527136788005E-14,-1.25));
#5555=CARTESIAN_POINT('',(33.,-2.66453525910038E-14,-1.25));
#5556=CARTESIAN_POINT('Origin',(30.25,64.,-1.25));
#5557=CARTESIAN_POINT('Origin',(30.25,-64.0000000000001,-1.25));
#5558=CARTESIAN_POINT('Origin',(31.5,64.,-1.25));
#5559=CARTESIAN_POINT('Origin',(30.25,64.,-1.25));
#5560=CARTESIAN_POINT('Origin',(33.,-64.0000000000001,-1.25));
#5561=CARTESIAN_POINT('',(30.25,-64.,0.));
#5562=CARTESIAN_POINT('',(30.25,-64.,0.));
#5563=CARTESIAN_POINT('Origin',(30.25,-64.0000000000001,-1.25));
#5564=CARTESIAN_POINT('Origin',(31.5,-64.,-38.5));
#5565=CARTESIAN_POINT('',(33.,64.,-38.5));
#5566=CARTESIAN_POINT('Origin',(30.25,-3.5527136788005E-14,-1.25));
#5567=CARTESIAN_POINT('',(30.25,32.,0.));
#5568=CARTESIAN_POINT('Origin',(33.,-1.77635683940025E-14,-18.3748895079109));
#5569=CARTESIAN_POINT('Origin',(-33.,-64.,0.));
#5570=CARTESIAN_POINT('',(33.,-64.,0.));
#5571=CARTESIAN_POINT('Origin',(0.,0.,0.));
#5572=CARTESIAN_POINT('',(0.,0.,-0.5));
#5573=CARTESIAN_POINT('',(0.,0.,38.));
#5574=CARTESIAN_POINT('Origin',(0.,0.,0.));
#5575=UNCERTAINTY_MEASURE_WITH_UNIT(LENGTH_MEASURE(0.01),#5583,
'DISTANCE_ACCURACY_VALUE',
'Maximum model space distance between geometric entities at asserted c
onnectivities');
#5576=UNCERTAINTY_MEASURE_WITH_UNIT(LENGTH_MEASURE(0.01),#5583,
'DISTANCE_ACCURACY_VALUE',
'Maximum model space distance between geometric entities at asserted c
onnectivities');
#5577=UNCERTAINTY_MEASURE_WITH_UNIT(LENGTH_MEASURE(0.01),#5583,
'DISTANCE_ACCURACY_VALUE',
'Maximum model space distance between geometric entities at asserted c
onnectivities');
#5578=UNCERTAINTY_MEASURE_WITH_UNIT(LENGTH_MEASURE(0.01),#5583,
'DISTANCE_ACCURACY_VALUE',
'Maximum model space distance between geometric entities at asserted c
onnectivities');
#5579=(
GEOMETRIC_REPRESENTATION_CONTEXT(3)
GLOBAL_UNCERTAINTY_ASSIGNED_CONTEXT((#5575))
GLOBAL_UNIT_ASSIGNED_CONTEXT((#5583,#5585,#5586))
REPRESENTATION_CONTEXT('','3D')
);
#5580=(
GEOMETRIC_REPRESENTATION_CONTEXT(3)
GLOBAL_UNCERTAINTY_ASSIGNED_CONTEXT((#5576))
GLOBAL_UNIT_ASSIGNED_CONTEXT((#5583,#5585,#5586))
REPRESENTATION_CONTEXT('','3D')
);
#5581=(
GEOMETRIC_REPRESENTATION_CONTEXT(3)
GLOBAL_UNCERTAINTY_ASSIGNED_CONTEXT((#5577))
GLOBAL_UNIT_ASSIGNED_CONTEXT((#5583,#5585,#5586))
REPRESENTATION_CONTEXT('','3D')
);
#5582=(
GEOMETRIC_REPRESENTATION_CONTEXT(3)
GLOBAL_UNCERTAINTY_ASSIGNED_CONTEXT((#5578))
GLOBAL_UNIT_ASSIGNED_CONTEXT((#5583,#5585,#5586))
REPRESENTATION_CONTEXT('','3D')
);
#5583=(
LENGTH_UNIT()
NAMED_UNIT(*)
SI_UNIT(.MILLI.,.METRE.)
);
#5584=(
LENGTH_UNIT()
NAMED_UNIT(*)
SI_UNIT($,.METRE.)
);
#5585=(
NAMED_UNIT(*)
PLANE_ANGLE_UNIT()
SI_UNIT($,.RADIAN.)
);
#5586=(
NAMED_UNIT(*)
SI_UNIT($,.STERADIAN.)
SOLID_ANGLE_UNIT()
);
#5587=SHAPE_DEFINITION_REPRESENTATION(#5590,#5595);
#5588=SHAPE_DEFINITION_REPRESENTATION(#5591,#5596);
#5589=SHAPE_DEFINITION_REPRESENTATION(#5592,#5597);
#5590=PRODUCT_DEFINITION_SHAPE('',$,#5599);
#5591=PRODUCT_DEFINITION_SHAPE('',$,#5600);
#5592=PRODUCT_DEFINITION_SHAPE('',$,#5601);
#5593=PRODUCT_DEFINITION_SHAPE($,$,#20);
#5594=PRODUCT_DEFINITION_SHAPE($,$,#21);
#5595=SHAPE_REPRESENTATION('',(#3263,#3633,#3634),#5579);
#5596=SHAPE_REPRESENTATION('',(#3264),#5580);
#5597=SHAPE_REPRESENTATION('',(#3533),#5581);
#5598=PRODUCT_DEFINITION_CONTEXT('part definition',#5609,'design');
#5599=PRODUCT_DEFINITION('2026-04-19-22-32-20-210',
'anthracite-enclosure-component',#5602,#5598);
#5600=PRODUCT_DEFINITION('2026-02-22-10-37-50-021',
'anthracite-enclosure-bottom',#5603,#5598);
#5601=PRODUCT_DEFINITION('2026-02-21-22-29-50-728',
'anthracite-enclosure-top',#5604,#5598);
#5602=PRODUCT_DEFINITION_FORMATION('',$,#5611);
#5603=PRODUCT_DEFINITION_FORMATION('',$,#5612);
#5604=PRODUCT_DEFINITION_FORMATION('',$,#5613);
#5605=PRODUCT_RELATED_PRODUCT_CATEGORY('anthracite-enclosure-component',
'anthracite-enclosure-component',(#5611));
#5606=PRODUCT_RELATED_PRODUCT_CATEGORY('anthracite-enclosure-bottom',
'anthracite-enclosure-bottom',(#5612));
#5607=PRODUCT_RELATED_PRODUCT_CATEGORY('anthracite-enclosure-top',
'anthracite-enclosure-top',(#5613));
#5608=APPLICATION_PROTOCOL_DEFINITION('international standard',
'automotive_design',2009,#5609);
#5609=APPLICATION_CONTEXT(
'Core Data for Automotive Mechanical Design Process');
#5610=PRODUCT_CONTEXT('part definition',#5609,'mechanical');
#5611=PRODUCT('2026-04-19-22-32-20-210',
'anthracite-enclosure-component',$,(#5610));
#5612=PRODUCT('2026-02-22-10-37-50-021','anthracite-enclosure-bottom',$,
(#5610));
#5613=PRODUCT('2026-02-21-22-29-50-728','anthracite-enclosure-top',$,(#5610));
#5614=PRESENTATION_STYLE_ASSIGNMENT((#5617));
#5615=PRESENTATION_STYLE_ASSIGNMENT((#5618));
#5616=PRESENTATION_STYLE_ASSIGNMENT((NULL_STYLE(.NULL.)));
#5617=SURFACE_STYLE_USAGE(.BOTH.,#5619);
#5618=SURFACE_STYLE_USAGE(.BOTH.,#5620);
#5619=SURFACE_SIDE_STYLE('',(#5621));
#5620=SURFACE_SIDE_STYLE('',(#5622));
#5621=SURFACE_STYLE_FILL_AREA(#5623);
#5622=SURFACE_STYLE_FILL_AREA(#5624);
#5623=FILL_AREA_STYLE('\X2\92FC\X0\ - \X2\30B530C630F3\X0\',(#5625));
#5624=FILL_AREA_STYLE('\X2\30A230EB30DF30CB30A630E0\X0\ - \X2\30B530C630F3\X0\',
(#5626));
#5625=FILL_AREA_STYLE_COLOUR('\X2\92FC\X0\ - \X2\30B530C630F3\X0\',#5627);
#5626=FILL_AREA_STYLE_COLOUR('\X2\30A230EB30DF30CB30A630E0\X0\ - \X2\30B530C630F3\X0\',
#5628);
#5627=COLOUR_RGB('\X2\92FC\X0\ - \X2\30B530C630F3\X0\',0.627450980392157,
0.627450980392157,0.627450980392157);
#5628=COLOUR_RGB('\X2\30A230EB30DF30CB30A630E0\X0\ - \X2\30B530C630F3\X0\',
0.96078431372549,0.96078431372549,0.964705882352941);
ENDSEC;
END-ISO-10303-21;
