ISO-10303-21;
HEADER;
/* Generated by software containing ST-Developer
 * from STEP Tools, Inc. (www.steptools.com) 
 */

FILE_DESCRIPTION(
/* description */ (''),
/* implementation_level */ '2;1');

FILE_NAME(
/* name */ 'SW_Foot_Alpha_DPDT.step',
/* time_stamp */ '2026-09-03T15:25:05+09:00',
/* author */ (''),
/* organization */ (''),
/* preprocessor_version */ 'ST-DEVELOPER v20.1',
/* originating_system */ 'Autodesk Translation Framework v15.8.0.0',
/* authorisation */ '');

FILE_SCHEMA (('AUTOMOTIVE_DESIGN { 1 0 10303 214 3 1 1 }'));
ENDSEC;

DATA;
#10=MECHANICAL_DESIGN_GEOMETRIC_PRESENTATION_REPRESENTATION('',(#192,#193,
#194,#195,#196,#197,#198,#199),#9228);
#11=SHAPE_REPRESENTATION_RELATIONSHIP('SRR','None',#9235,#12);
#12=ADVANCED_BREP_SHAPE_REPRESENTATION('',(#200,#201,#202,#203,#204,#205,
#206,#207),#9227);
#13=CONICAL_SURFACE('',#3364,6.,0.785398163397448);
#14=(
BOUNDED_CURVE()
B_SPLINE_CURVE(2,(#8982,#8983,#8984,#8985,#8986),.UNSPECIFIED.,.F.,.F.)
B_SPLINE_CURVE_WITH_KNOTS((3,2,3),(0.0206208944038441,0.148778984207164,
0.166852018892944),.UNSPECIFIED.)
CURVE()
GEOMETRIC_REPRESENTATION_ITEM()
RATIONAL_B_SPLINE_CURVE((1.,1.,1.,1.,1.))
REPRESENTATION_ITEM('')
);
#15=(
BOUNDED_CURVE()
B_SPLINE_CURVE(2,(#9049,#9050,#9051,#9052,#9053),.UNSPECIFIED.,.F.,.F.)
B_SPLINE_CURVE_WITH_KNOTS((3,2,3),(0.0206208944038424,0.148778984207163,
0.166852018892971),.UNSPECIFIED.)
CURVE()
GEOMETRIC_REPRESENTATION_ITEM()
RATIONAL_B_SPLINE_CURVE((1.,1.,1.,1.,1.))
REPRESENTATION_ITEM('')
);
#16=B_SPLINE_SURFACE_WITH_KNOTS('',3,3,((#5163,#5164,#5165,#5166),(#5167,
#5168,#5169,#5170),(#5171,#5172,#5173,#5174),(#5175,#5176,#5177,#5178)),
 .UNSPECIFIED.,.F.,.F.,.F.,(4,4),(4,4),(0.0353883739632681,0.0498541957445242),
(11.6149723878394,12.2209153136545),.UNSPECIFIED.);
#17=B_SPLINE_SURFACE_WITH_KNOTS('',3,3,((#5224,#5225,#5226,#5227,#5228,
#5229,#5230,#5231,#5232,#5233,#5234,#5235,#5236,#5237,#5238),(#5239,#5240,
#5241,#5242,#5243,#5244,#5245,#5246,#5247,#5248,#5249,#5250,#5251,#5252,
#5253),(#5254,#5255,#5256,#5257,#5258,#5259,#5260,#5261,#5262,#5263,#5264,
#5265,#5266,#5267,#5268),(#5269,#5270,#5271,#5272,#5273,#5274,#5275,#5276,
#5277,#5278,#5279,#5280,#5281,#5282,#5283)),.UNSPECIFIED.,.F.,.F.,.F.,(4,
4),(4,1,1,1,1,1,1,1,1,1,1,1,4),(0.,0.0498541957445242),(12.5746303276298,
13.0695239418521,13.5644175560744,14.0593111702967,14.554204784519,15.0490983987414,
15.5439920129637,16.038885627186,16.5337792414083,17.0286728556306,17.5235664698529,
18.0184600840753,18.5133536982976),.UNSPECIFIED.);
#18=B_SPLINE_SURFACE_WITH_KNOTS('',3,3,((#5383,#5384,#5385,#5386,#5387,
#5388,#5389,#5390,#5391,#5392,#5393,#5394,#5395,#5396,#5397),(#5398,#5399,
#5400,#5401,#5402,#5403,#5404,#5405,#5406,#5407,#5408,#5409,#5410,#5411,
#5412),(#5413,#5414,#5415,#5416,#5417,#5418,#5419,#5420,#5421,#5422,#5423,
#5424,#5425,#5426,#5427),(#5428,#5429,#5430,#5431,#5432,#5433,#5434,#5435,
#5436,#5437,#5438,#5439,#5440,#5441,#5442)),.UNSPECIFIED.,.F.,.F.,.F.,(4,
4),(4,1,1,1,1,1,1,1,1,1,1,1,4),(0.,0.0498541957445242),(18.8508619813029,
19.3463350666507,19.8418081519986,20.3372812373464,20.8327543226943,21.3282274080422,
21.82370049339,22.3191735787379,22.8146466640857,23.3101197494336,23.8055928347814,
24.3010659201293,24.7965390054771),.UNSPECIFIED.);
#19=B_SPLINE_SURFACE_WITH_KNOTS('',3,3,((#5494,#5495,#5496,#5497,#5498,
#5499,#5500,#5501,#5502,#5503,#5504,#5505,#5506,#5507,#5508),(#5509,#5510,
#5511,#5512,#5513,#5514,#5515,#5516,#5517,#5518,#5519,#5520,#5521,#5522,
#5523),(#5524,#5525,#5526,#5527,#5528,#5529,#5530,#5531,#5532,#5533,#5534,
#5535,#5536,#5537,#5538),(#5539,#5540,#5541,#5542,#5543,#5544,#5545,#5546,
#5547,#5548,#5549,#5550,#5551,#5552,#5553)),.UNSPECIFIED.,.F.,.F.,.F.,(4,
4),(4,1,1,1,1,1,1,1,1,1,1,1,4),(0.,0.0498541957445242),(25.1340472884825,
25.6295203738303,26.1249934591782,26.620466544526,27.1159396298739,27.6114127152218,
28.1068858005696,28.6023588859175,29.0978319712653,29.5933050566132,30.088778141961,
30.5842512273089,31.0797243126567),.UNSPECIFIED.);
#20=B_SPLINE_SURFACE_WITH_KNOTS('',3,3,((#5605,#5606,#5607,#5608,#5609,
#5610,#5611,#5612,#5613,#5614,#5615,#5616,#5617,#5618,#5619),(#5620,#5621,
#5622,#5623,#5624,#5625,#5626,#5627,#5628,#5629,#5630,#5631,#5632,#5633,
#5634),(#5635,#5636,#5637,#5638,#5639,#5640,#5641,#5642,#5643,#5644,#5645,
#5646,#5647,#5648,#5649),(#5650,#5651,#5652,#5653,#5654,#5655,#5656,#5657,
#5658,#5659,#5660,#5661,#5662,#5663,#5664)),.UNSPECIFIED.,.F.,.F.,.F.,(4,
4),(4,1,1,1,1,1,1,1,1,1,1,1,4),(0.,0.0498541957445242),(31.4172325956621,
31.9127056810099,32.4081787663578,32.9036518517056,33.3991249370535,33.8945980224013,
34.3900711077492,34.885544193097,35.3810172784449,35.8764903637928,36.3719634491406,
36.8674365344885,37.3629096198363),.UNSPECIFIED.);
#21=B_SPLINE_SURFACE_WITH_KNOTS('',3,3,((#5716,#5717,#5718,#5719,#5720,
#5721,#5722,#5723,#5724,#5725,#5726,#5727,#5728,#5729,#5730),(#5731,#5732,
#5733,#5734,#5735,#5736,#5737,#5738,#5739,#5740,#5741,#5742,#5743,#5744,
#5745),(#5746,#5747,#5748,#5749,#5750,#5751,#5752,#5753,#5754,#5755,#5756,
#5757,#5758,#5759,#5760),(#5761,#5762,#5763,#5764,#5765,#5766,#5767,#5768,
#5769,#5770,#5771,#5772,#5773,#5774,#5775)),.UNSPECIFIED.,.F.,.F.,.F.,(4,
4),(4,1,1,1,1,1,1,1,1,1,1,1,4),(0.,0.0498541957445242),(37.7004179028416,
38.1958909881895,38.6913640735374,39.1868371588852,39.6823102442331,40.1777833295809,
40.6732564149288,41.1687295002766,41.6642025856245,42.1596756709723,42.6551487563202,
43.150621841668,43.6460949270159),.UNSPECIFIED.);
#22=B_SPLINE_SURFACE_WITH_KNOTS('',3,3,((#5827,#5828,#5829,#5830,#5831,
#5832,#5833,#5834,#5835,#5836,#5837,#5838,#5839,#5840,#5841),(#5842,#5843,
#5844,#5845,#5846,#5847,#5848,#5849,#5850,#5851,#5852,#5853,#5854,#5855,
#5856),(#5857,#5858,#5859,#5860,#5861,#5862,#5863,#5864,#5865,#5866,#5867,
#5868,#5869,#5870,#5871),(#5872,#5873,#5874,#5875,#5876,#5877,#5878,#5879,
#5880,#5881,#5882,#5883,#5884,#5885,#5886)),.UNSPECIFIED.,.F.,.F.,.F.,(4,
4),(4,1,1,1,1,1,1,1,1,1,1,1,4),(0.,0.0498541957445242),(43.9836032100212,
44.4790762953691,44.974549380717,45.4700224660648,45.9654955514127,46.4609686367605,
46.9564417221084,47.4519148074562,47.9473878928041,48.4428609781519,48.9383340634998,
49.4338071488476,49.9292802341955),.UNSPECIFIED.);
#23=B_SPLINE_SURFACE_WITH_KNOTS('',3,3,((#5938,#5939,#5940,#5941,#5942,
#5943,#5944,#5945,#5946,#5947,#5948,#5949,#5950,#5951,#5952),(#5953,#5954,
#5955,#5956,#5957,#5958,#5959,#5960,#5961,#5962,#5963,#5964,#5965,#5966,
#5967),(#5968,#5969,#5970,#5971,#5972,#5973,#5974,#5975,#5976,#5977,#5978,
#5979,#5980,#5981,#5982),(#5983,#5984,#5985,#5986,#5987,#5988,#5989,#5990,
#5991,#5992,#5993,#5994,#5995,#5996,#5997)),.UNSPECIFIED.,.F.,.F.,.F.,(4,
4),(4,1,1,1,1,1,1,1,1,1,1,1,4),(0.,0.0498541957445242),(50.2667885172008,
50.7622616025487,51.2577346878965,51.7532077732444,52.2486808585922,52.7441539439401,
53.2396270292879,53.7351001146358,54.2305731999837,54.7260462853315,55.2215193706794,
55.7169924560272,56.2124655413751),.UNSPECIFIED.);
#24=B_SPLINE_SURFACE_WITH_KNOTS('',3,3,((#6049,#6050,#6051,#6052,#6053,
#6054,#6055,#6056,#6057,#6058,#6059,#6060,#6061,#6062,#6063),(#6064,#6065,
#6066,#6067,#6068,#6069,#6070,#6071,#6072,#6073,#6074,#6075,#6076,#6077,
#6078),(#6079,#6080,#6081,#6082,#6083,#6084,#6085,#6086,#6087,#6088,#6089,
#6090,#6091,#6092,#6093),(#6094,#6095,#6096,#6097,#6098,#6099,#6100,#6101,
#6102,#6103,#6104,#6105,#6106,#6107,#6108)),.UNSPECIFIED.,.F.,.F.,.F.,(4,
4),(4,1,1,1,1,1,1,1,1,1,1,1,4),(0.,0.0498541957445242),(56.5499738243804,
57.0454469097283,57.5409199950761,58.036393080424,58.5318661657718,59.0273392511197,
59.5228123364675,60.0182854218154,60.5137585071633,61.0092315925111,61.504704677859,
62.0001777632068,62.4956508485547),.UNSPECIFIED.);
#25=B_SPLINE_SURFACE_WITH_KNOTS('',3,3,((#6160,#6161,#6162,#6163,#6164,
#6165,#6166,#6167,#6168,#6169,#6170,#6171,#6172,#6173,#6174),(#6175,#6176,
#6177,#6178,#6179,#6180,#6181,#6182,#6183,#6184,#6185,#6186,#6187,#6188,
#6189),(#6190,#6191,#6192,#6193,#6194,#6195,#6196,#6197,#6198,#6199,#6200,
#6201,#6202,#6203,#6204),(#6205,#6206,#6207,#6208,#6209,#6210,#6211,#6212,
#6213,#6214,#6215,#6216,#6217,#6218,#6219)),.UNSPECIFIED.,.F.,.F.,.F.,(4,
4),(4,1,1,1,1,1,1,1,1,1,1,1,4),(0.,0.0498541957445242),(62.83315913156,
63.3286322169079,63.8241053022557,64.3195783876036,64.8150514729514,65.3105245582993,
65.8059976436471,66.301470728995,66.7969438143428,67.2924168996907,67.7878899850385,
68.2833630703864,68.7788361557343),.UNSPECIFIED.);
#26=B_SPLINE_SURFACE_WITH_KNOTS('',3,3,((#6271,#6272,#6273,#6274,#6275,
#6276,#6277,#6278,#6279,#6280,#6281,#6282,#6283,#6284,#6285),(#6286,#6287,
#6288,#6289,#6290,#6291,#6292,#6293,#6294,#6295,#6296,#6297,#6298,#6299,
#6300),(#6301,#6302,#6303,#6304,#6305,#6306,#6307,#6308,#6309,#6310,#6311,
#6312,#6313,#6314,#6315),(#6316,#6317,#6318,#6319,#6320,#6321,#6322,#6323,
#6324,#6325,#6326,#6327,#6328,#6329,#6330)),.UNSPECIFIED.,.F.,.F.,.F.,(4,
4),(4,1,1,1,1,1,1,1,1,1,1,1,4),(0.,0.0498541957445242),(69.1163444387396,
69.6118175240874,70.1072906094353,70.6027636947831,71.098236780131,71.5937098654788,
72.0891829508267,72.5846560361746,73.0801291215224,73.5756022068703,74.0710752922181,
74.566548377566,75.0620214629138),.UNSPECIFIED.);
#27=B_SPLINE_SURFACE_WITH_KNOTS('',3,3,((#6382,#6383,#6384,#6385,#6386,
#6387,#6388,#6389,#6390,#6391,#6392,#6393,#6394,#6395,#6396),(#6397,#6398,
#6399,#6400,#6401,#6402,#6403,#6404,#6405,#6406,#6407,#6408,#6409,#6410,
#6411),(#6412,#6413,#6414,#6415,#6416,#6417,#6418,#6419,#6420,#6421,#6422,
#6423,#6424,#6425,#6426),(#6427,#6428,#6429,#6430,#6431,#6432,#6433,#6434,
#6435,#6436,#6437,#6438,#6439,#6440,#6441)),.UNSPECIFIED.,.F.,.F.,.F.,(4,
4),(4,1,1,1,1,1,1,1,1,1,1,1,4),(0.,0.0498541957445242),(75.3995297459192,
75.895002831267,76.3904759166149,76.8859490019627,77.3814220873106,77.8768951726585,
78.3723682580063,78.8678413433542,79.363314428702,79.8587875140499,80.3542605993977,
80.8497336847456,81.3452067700934),.UNSPECIFIED.);
#28=B_SPLINE_SURFACE_WITH_KNOTS('',3,3,((#6493,#6494,#6495,#6496,#6497,
#6498,#6499,#6500,#6501,#6502,#6503,#6504,#6505,#6506,#6507),(#6508,#6509,
#6510,#6511,#6512,#6513,#6514,#6515,#6516,#6517,#6518,#6519,#6520,#6521,
#6522),(#6523,#6524,#6525,#6526,#6527,#6528,#6529,#6530,#6531,#6532,#6533,
#6534,#6535,#6536,#6537),(#6538,#6539,#6540,#6541,#6542,#6543,#6544,#6545,
#6546,#6547,#6548,#6549,#6550,#6551,#6552)),.UNSPECIFIED.,.F.,.F.,.F.,(4,
4),(4,1,1,1,1,1,1,1,1,1,1,1,4),(0.,0.0498541957445242),(81.6827150530988,
82.1781881384466,82.6736612237945,83.1691343091423,83.6646073944902,84.160080479838,
84.6555535651859,85.1510266505337,85.6464997358816,86.1419728212294,86.6374459065773,
87.1329189919252,87.628392077273),.UNSPECIFIED.);
#29=B_SPLINE_SURFACE_WITH_KNOTS('',3,3,((#6604,#6605,#6606,#6607,#6608,
#6609,#6610,#6611,#6612,#6613,#6614,#6615,#6616,#6617,#6618),(#6619,#6620,
#6621,#6622,#6623,#6624,#6625,#6626,#6627,#6628,#6629,#6630,#6631,#6632,
#6633),(#6634,#6635,#6636,#6637,#6638,#6639,#6640,#6641,#6642,#6643,#6644,
#6645,#6646,#6647,#6648),(#6649,#6650,#6651,#6652,#6653,#6654,#6655,#6656,
#6657,#6658,#6659,#6660,#6661,#6662,#6663)),.UNSPECIFIED.,.F.,.F.,.F.,(4,
4),(4,1,1,1,1,1,1,1,1,1,1,1,4),(0.,0.0498541957445242),(87.9659003602783,
88.4613734456262,88.956846530974,89.4523196163219,89.9477927016698,90.4432657870176,
90.9387388723655,91.4342119577133,91.9296850430612,92.425158128409,92.9206312137569,
93.4161042991047,93.9115773844526),.UNSPECIFIED.);
#30=B_SPLINE_SURFACE_WITH_KNOTS('',3,3,((#6715,#6716,#6717,#6718,#6719,
#6720,#6721,#6722,#6723,#6724,#6725,#6726,#6727,#6728,#6729),(#6730,#6731,
#6732,#6733,#6734,#6735,#6736,#6737,#6738,#6739,#6740,#6741,#6742,#6743,
#6744),(#6745,#6746,#6747,#6748,#6749,#6750,#6751,#6752,#6753,#6754,#6755,
#6756,#6757,#6758,#6759),(#6760,#6761,#6762,#6763,#6764,#6765,#6766,#6767,
#6768,#6769,#6770,#6771,#6772,#6773,#6774)),.UNSPECIFIED.,.F.,.F.,.F.,(4,
4),(4,1,1,1,1,1,1,1,1,1,1,1,4),(0.,0.0498541957445242),(94.2490856674579,
94.7445587528057,95.2400318381536,95.7355049235015,96.2309780088493,96.7264510941972,
97.221924179545,97.7173972648929,98.2128703502407,98.7083434355886,99.2038165209365,
99.6992896062843,100.194762691632),.UNSPECIFIED.);
#31=B_SPLINE_SURFACE_WITH_KNOTS('',3,3,((#6826,#6827,#6828,#6829,#6830,
#6831,#6832,#6833,#6834,#6835,#6836,#6837,#6838,#6839,#6840),(#6841,#6842,
#6843,#6844,#6845,#6846,#6847,#6848,#6849,#6850,#6851,#6852,#6853,#6854,
#6855),(#6856,#6857,#6858,#6859,#6860,#6861,#6862,#6863,#6864,#6865,#6866,
#6867,#6868,#6869,#6870),(#6871,#6872,#6873,#6874,#6875,#6876,#6877,#6878,
#6879,#6880,#6881,#6882,#6883,#6884,#6885)),.UNSPECIFIED.,.F.,.F.,.F.,(4,
4),(4,1,1,1,1,1,1,1,1,1,1,1,4),(0.,0.0498541957445242),(100.532270974637,
101.027744059985,101.523217145333,102.018690230681,102.514163316029,103.009636401377,
103.505109486725,104.000582572072,104.49605565742,104.991528742768,105.487001828116,
105.982474913464,106.477947998812),.UNSPECIFIED.);
#32=B_SPLINE_SURFACE_WITH_KNOTS('',3,3,((#6937,#6938,#6939,#6940),(#6941,
#6942,#6943,#6944),(#6945,#6946,#6947,#6948),(#6949,#6950,#6951,#6952)),
 .UNSPECIFIED.,.F.,.F.,.F.,(4,4),(4,4),(0.,0.00640684220319127),(106.831274851314,
107.103719596216),.UNSPECIFIED.);
#33=B_SPLINE_SURFACE_WITH_KNOTS('',3,3,((#6971,#6972,#6973,#6974,#6975,
#6976,#6977,#6978,#6979,#6980,#6981,#6982,#6983,#6984,#6985),(#6986,#6987,
#6988,#6989,#6990,#6991,#6992,#6993,#6994,#6995,#6996,#6997,#6998,#6999,
#7000),(#7001,#7002,#7003,#7004,#7005,#7006,#7007,#7008,#7009,#7010,#7011,
#7012,#7013,#7014,#7015),(#7016,#7017,#7018,#7019,#7020,#7021,#7022,#7023,
#7024,#7025,#7026,#7027,#7028,#7029,#7030)),.UNSPECIFIED.,.F.,.F.,.F.,(4,
4),(4,1,1,1,1,1,1,1,1,1,1,1,4),(0.,0.0498541957445242),(12.5676766741233,
13.0631497594712,13.558622844819,14.0540959301669,14.5495690155147,15.0450421008626,
15.5405151862104,16.0359882715583,16.5314613569061,17.026934442254,17.5224075276018,
18.0178806129497,18.5133536982976),.UNSPECIFIED.);
#34=B_SPLINE_SURFACE_WITH_KNOTS('',3,3,((#7082,#7083,#7084,#7085,#7086,
#7087,#7088,#7089,#7090,#7091,#7092,#7093,#7094,#7095,#7096),(#7097,#7098,
#7099,#7100,#7101,#7102,#7103,#7104,#7105,#7106,#7107,#7108,#7109,#7110,
#7111),(#7112,#7113,#7114,#7115,#7116,#7117,#7118,#7119,#7120,#7121,#7122,
#7123,#7124,#7125,#7126),(#7127,#7128,#7129,#7130,#7131,#7132,#7133,#7134,
#7135,#7136,#7137,#7138,#7139,#7140,#7141)),.UNSPECIFIED.,.F.,.F.,.F.,(4,
4),(4,1,1,1,1,1,1,1,1,1,1,1,4),(0.,0.0498541957445242),(18.8508619813029,
19.3463350666507,19.8418081519986,20.3372812373465,20.8327543226943,21.3282274080422,
21.82370049339,22.3191735787379,22.8146466640857,23.3101197494336,23.8055928347814,
24.3010659201293,24.7965390054771),.UNSPECIFIED.);
#35=B_SPLINE_SURFACE_WITH_KNOTS('',3,3,((#7193,#7194,#7195,#7196,#7197,
#7198,#7199,#7200,#7201,#7202,#7203,#7204,#7205,#7206,#7207),(#7208,#7209,
#7210,#7211,#7212,#7213,#7214,#7215,#7216,#7217,#7218,#7219,#7220,#7221,
#7222),(#7223,#7224,#7225,#7226,#7227,#7228,#7229,#7230,#7231,#7232,#7233,
#7234,#7235,#7236,#7237),(#7238,#7239,#7240,#7241,#7242,#7243,#7244,#7245,
#7246,#7247,#7248,#7249,#7250,#7251,#7252)),.UNSPECIFIED.,.F.,.F.,.F.,(4,
4),(4,1,1,1,1,1,1,1,1,1,1,1,4),(0.,0.0498541957445242),(25.1340472884825,
25.6295203738303,26.1249934591782,26.620466544526,27.1159396298739,27.6114127152217,
28.1068858005696,28.6023588859175,29.0978319712653,29.5933050566132,30.088778141961,
30.5842512273089,31.0797243126567),.UNSPECIFIED.);
#36=B_SPLINE_SURFACE_WITH_KNOTS('',3,3,((#7304,#7305,#7306,#7307,#7308,
#7309,#7310,#7311,#7312,#7313,#7314,#7315,#7316,#7317,#7318),(#7319,#7320,
#7321,#7322,#7323,#7324,#7325,#7326,#7327,#7328,#7329,#7330,#7331,#7332,
#7333),(#7334,#7335,#7336,#7337,#7338,#7339,#7340,#7341,#7342,#7343,#7344,
#7345,#7346,#7347,#7348),(#7349,#7350,#7351,#7352,#7353,#7354,#7355,#7356,
#7357,#7358,#7359,#7360,#7361,#7362,#7363)),.UNSPECIFIED.,.F.,.F.,.F.,(4,
4),(4,1,1,1,1,1,1,1,1,1,1,1,4),(0.,0.0498541957445242),(31.4172325956621,
31.9127056810099,32.4081787663578,32.9036518517056,33.3991249370535,33.8945980224013,
34.3900711077492,34.885544193097,35.3810172784449,35.8764903637928,36.3719634491406,
36.8674365344885,37.3629096198363),.UNSPECIFIED.);
#37=B_SPLINE_SURFACE_WITH_KNOTS('',3,3,((#7415,#7416,#7417,#7418,#7419,
#7420,#7421,#7422,#7423,#7424,#7425,#7426,#7427,#7428,#7429),(#7430,#7431,
#7432,#7433,#7434,#7435,#7436,#7437,#7438,#7439,#7440,#7441,#7442,#7443,
#7444),(#7445,#7446,#7447,#7448,#7449,#7450,#7451,#7452,#7453,#7454,#7455,
#7456,#7457,#7458,#7459),(#7460,#7461,#7462,#7463,#7464,#7465,#7466,#7467,
#7468,#7469,#7470,#7471,#7472,#7473,#7474)),.UNSPECIFIED.,.F.,.F.,.F.,(4,
4),(4,1,1,1,1,1,1,1,1,1,1,1,4),(0.,0.0498541957445242),(37.7004179028417,
38.1958909881895,38.6913640735374,39.1868371588852,39.6823102442331,40.1777833295809,
40.6732564149288,41.1687295002766,41.6642025856245,42.1596756709723,42.6551487563202,
43.150621841668,43.6460949270159),.UNSPECIFIED.);
#38=B_SPLINE_SURFACE_WITH_KNOTS('',3,3,((#7526,#7527,#7528,#7529,#7530,
#7531,#7532,#7533,#7534,#7535,#7536,#7537,#7538,#7539,#7540),(#7541,#7542,
#7543,#7544,#7545,#7546,#7547,#7548,#7549,#7550,#7551,#7552,#7553,#7554,
#7555),(#7556,#7557,#7558,#7559,#7560,#7561,#7562,#7563,#7564,#7565,#7566,
#7567,#7568,#7569,#7570),(#7571,#7572,#7573,#7574,#7575,#7576,#7577,#7578,
#7579,#7580,#7581,#7582,#7583,#7584,#7585)),.UNSPECIFIED.,.F.,.F.,.F.,(4,
4),(4,1,1,1,1,1,1,1,1,1,1,1,4),(0.,0.0498541957445242),(43.9836032100212,
44.4790762953691,44.974549380717,45.4700224660648,45.9654955514127,46.4609686367605,
46.9564417221084,47.4519148074562,47.9473878928041,48.4428609781519,48.9383340634998,
49.4338071488476,49.9292802341955),.UNSPECIFIED.);
#39=B_SPLINE_SURFACE_WITH_KNOTS('',3,3,((#7637,#7638,#7639,#7640,#7641,
#7642,#7643,#7644,#7645,#7646,#7647,#7648,#7649,#7650,#7651),(#7652,#7653,
#7654,#7655,#7656,#7657,#7658,#7659,#7660,#7661,#7662,#7663,#7664,#7665,
#7666),(#7667,#7668,#7669,#7670,#7671,#7672,#7673,#7674,#7675,#7676,#7677,
#7678,#7679,#7680,#7681),(#7682,#7683,#7684,#7685,#7686,#7687,#7688,#7689,
#7690,#7691,#7692,#7693,#7694,#7695,#7696)),.UNSPECIFIED.,.F.,.F.,.F.,(4,
4),(4,1,1,1,1,1,1,1,1,1,1,1,4),(0.,0.0498541957445242),(50.2667885172008,
50.7622616025487,51.2577346878965,51.7532077732444,52.2486808585923,52.7441539439401,
53.239627029288,53.7351001146358,54.2305731999837,54.7260462853315,55.2215193706794,
55.7169924560272,56.2124655413751),.UNSPECIFIED.);
#40=B_SPLINE_SURFACE_WITH_KNOTS('',3,3,((#7748,#7749,#7750,#7751,#7752,
#7753,#7754,#7755,#7756,#7757,#7758,#7759,#7760,#7761,#7762),(#7763,#7764,
#7765,#7766,#7767,#7768,#7769,#7770,#7771,#7772,#7773,#7774,#7775,#7776,
#7777),(#7778,#7779,#7780,#7781,#7782,#7783,#7784,#7785,#7786,#7787,#7788,
#7789,#7790,#7791,#7792),(#7793,#7794,#7795,#7796,#7797,#7798,#7799,#7800,
#7801,#7802,#7803,#7804,#7805,#7806,#7807)),.UNSPECIFIED.,.F.,.F.,.F.,(4,
4),(4,1,1,1,1,1,1,1,1,1,1,1,4),(0.,0.0498541957445242),(56.5499738243804,
57.0454469097283,57.5409199950761,58.036393080424,58.5318661657718,59.0273392511197,
59.5228123364675,60.0182854218154,60.5137585071633,61.0092315925111,61.504704677859,
62.0001777632068,62.4956508485547),.UNSPECIFIED.);
#41=B_SPLINE_SURFACE_WITH_KNOTS('',3,3,((#7859,#7860,#7861,#7862,#7863,
#7864,#7865,#7866,#7867,#7868,#7869,#7870,#7871,#7872,#7873),(#7874,#7875,
#7876,#7877,#7878,#7879,#7880,#7881,#7882,#7883,#7884,#7885,#7886,#7887,
#7888),(#7889,#7890,#7891,#7892,#7893,#7894,#7895,#7896,#7897,#7898,#7899,
#7900,#7901,#7902,#7903),(#7904,#7905,#7906,#7907,#7908,#7909,#7910,#7911,
#7912,#7913,#7914,#7915,#7916,#7917,#7918)),.UNSPECIFIED.,.F.,.F.,.F.,(4,
4),(4,1,1,1,1,1,1,1,1,1,1,1,4),(0.,0.0498541957445242),(62.83315913156,
63.3286322169078,63.8241053022557,64.3195783876036,64.8150514729514,65.3105245582993,
65.8059976436471,66.301470728995,66.7969438143428,67.2924168996907,67.7878899850385,
68.2833630703864,68.7788361557342),.UNSPECIFIED.);
#42=B_SPLINE_SURFACE_WITH_KNOTS('',3,3,((#7970,#7971,#7972,#7973,#7974,
#7975,#7976,#7977,#7978,#7979,#7980,#7981,#7982,#7983,#7984),(#7985,#7986,
#7987,#7988,#7989,#7990,#7991,#7992,#7993,#7994,#7995,#7996,#7997,#7998,
#7999),(#8000,#8001,#8002,#8003,#8004,#8005,#8006,#8007,#8008,#8009,#8010,
#8011,#8012,#8013,#8014),(#8015,#8016,#8017,#8018,#8019,#8020,#8021,#8022,
#8023,#8024,#8025,#8026,#8027,#8028,#8029)),.UNSPECIFIED.,.F.,.F.,.F.,(4,
4),(4,1,1,1,1,1,1,1,1,1,1,1,4),(0.,0.0498541957445242),(69.1163444387396,
69.6118175240874,70.1072906094353,70.6027636947831,71.098236780131,71.5937098654789,
72.0891829508267,72.5846560361746,73.0801291215224,73.5756022068703,74.0710752922181,
74.566548377566,75.0620214629138),.UNSPECIFIED.);
#43=B_SPLINE_SURFACE_WITH_KNOTS('',3,3,((#8081,#8082,#8083,#8084,#8085,
#8086,#8087,#8088,#8089,#8090,#8091,#8092,#8093,#8094,#8095),(#8096,#8097,
#8098,#8099,#8100,#8101,#8102,#8103,#8104,#8105,#8106,#8107,#8108,#8109,
#8110),(#8111,#8112,#8113,#8114,#8115,#8116,#8117,#8118,#8119,#8120,#8121,
#8122,#8123,#8124,#8125),(#8126,#8127,#8128,#8129,#8130,#8131,#8132,#8133,
#8134,#8135,#8136,#8137,#8138,#8139,#8140)),.UNSPECIFIED.,.F.,.F.,.F.,(4,
4),(4,1,1,1,1,1,1,1,1,1,1,1,4),(0.,0.0498541957445242),(75.3995297459192,
75.895002831267,76.3904759166149,76.8859490019627,77.3814220873106,77.8768951726584,
78.3723682580063,78.8678413433541,79.363314428702,79.8587875140499,80.3542605993977,
80.8497336847456,81.3452067700934),.UNSPECIFIED.);
#44=B_SPLINE_SURFACE_WITH_KNOTS('',3,3,((#8192,#8193,#8194,#8195,#8196,
#8197,#8198,#8199,#8200,#8201,#8202,#8203,#8204,#8205,#8206),(#8207,#8208,
#8209,#8210,#8211,#8212,#8213,#8214,#8215,#8216,#8217,#8218,#8219,#8220,
#8221),(#8222,#8223,#8224,#8225,#8226,#8227,#8228,#8229,#8230,#8231,#8232,
#8233,#8234,#8235,#8236),(#8237,#8238,#8239,#8240,#8241,#8242,#8243,#8244,
#8245,#8246,#8247,#8248,#8249,#8250,#8251)),.UNSPECIFIED.,.F.,.F.,.F.,(4,
4),(4,1,1,1,1,1,1,1,1,1,1,1,4),(0.,0.0498541957445242),(81.6827150530988,
82.1781881384466,82.6736612237945,83.1691343091423,83.6646073944902,84.160080479838,
84.6555535651859,85.1510266505338,85.6464997358816,86.1419728212295,86.6374459065773,
87.1329189919252,87.628392077273),.UNSPECIFIED.);
#45=B_SPLINE_SURFACE_WITH_KNOTS('',3,3,((#8303,#8304,#8305,#8306,#8307,
#8308,#8309,#8310,#8311,#8312,#8313,#8314,#8315,#8316,#8317),(#8318,#8319,
#8320,#8321,#8322,#8323,#8324,#8325,#8326,#8327,#8328,#8329,#8330,#8331,
#8332),(#8333,#8334,#8335,#8336,#8337,#8338,#8339,#8340,#8341,#8342,#8343,
#8344,#8345,#8346,#8347),(#8348,#8349,#8350,#8351,#8352,#8353,#8354,#8355,
#8356,#8357,#8358,#8359,#8360,#8361,#8362)),.UNSPECIFIED.,.F.,.F.,.F.,(4,
4),(4,1,1,1,1,1,1,1,1,1,1,1,4),(0.,0.0498541957445242),(87.9659003602783,
88.4613734456262,88.956846530974,89.4523196163219,89.9477927016698,90.4432657870176,
90.9387388723655,91.4342119577133,91.9296850430612,92.425158128409,92.9206312137569,
93.4161042991047,93.9115773844526),.UNSPECIFIED.);
#46=B_SPLINE_SURFACE_WITH_KNOTS('',3,3,((#8414,#8415,#8416,#8417,#8418,
#8419,#8420,#8421,#8422,#8423,#8424,#8425,#8426,#8427,#8428),(#8429,#8430,
#8431,#8432,#8433,#8434,#8435,#8436,#8437,#8438,#8439,#8440,#8441,#8442,
#8443),(#8444,#8445,#8446,#8447,#8448,#8449,#8450,#8451,#8452,#8453,#8454,
#8455,#8456,#8457,#8458),(#8459,#8460,#8461,#8462,#8463,#8464,#8465,#8466,
#8467,#8468,#8469,#8470,#8471,#8472,#8473)),.UNSPECIFIED.,.F.,.F.,.F.,(4,
4),(4,1,1,1,1,1,1,1,1,1,1,1,4),(0.,0.0498541957445242),(94.2490856674579,
94.7445587528057,95.2400318381536,95.7355049235015,96.2309780088493,96.7264510941972,
97.221924179545,97.7173972648929,98.2128703502407,98.7083434355886,99.2038165209365,
99.6992896062843,100.194762691632),.UNSPECIFIED.);
#47=B_SPLINE_SURFACE_WITH_KNOTS('',3,3,((#8525,#8526,#8527,#8528,#8529,
#8530,#8531,#8532,#8533,#8534,#8535,#8536,#8537,#8538,#8539),(#8540,#8541,
#8542,#8543,#8544,#8545,#8546,#8547,#8548,#8549,#8550,#8551,#8552,#8553,
#8554),(#8555,#8556,#8557,#8558,#8559,#8560,#8561,#8562,#8563,#8564,#8565,
#8566,#8567,#8568,#8569),(#8570,#8571,#8572,#8573,#8574,#8575,#8576,#8577,
#8578,#8579,#8580,#8581,#8582,#8583,#8584)),.UNSPECIFIED.,.F.,.F.,.F.,(4,
4),(4,1,1,1,1,1,1,1,1,1,1,1,4),(0.,0.0498541957445242),(100.532270974637,
101.02677612319,101.521281271742,102.015786420294,102.510291568846,103.004796717398,
103.49930186595,103.993807014502,104.488312163054,104.982817311606,105.477322460158,
105.97182760871,106.466332757262),.UNSPECIFIED.);
#48=B_SPLINE_SURFACE_WITH_KNOTS('',3,3,((#8632,#8633,#8634,#8635,#8636,
#8637,#8638,#8639,#8640,#8641,#8642),(#8643,#8644,#8645,#8646,#8647,#8648,
#8649,#8650,#8651,#8652,#8653),(#8654,#8655,#8656,#8657,#8658,#8659,#8660,
#8661,#8662,#8663,#8664),(#8665,#8666,#8667,#8668,#8669,#8670,#8671,#8672,
#8673,#8674,#8675)),.UNSPECIFIED.,.F.,.F.,.F.,(4,4),(4,1,1,1,1,1,1,1,4),
(0.,0.0498541957445242),(8.28788851926728,8.61641184192151,9.27345848722996,
9.7662434712113,10.2590284551926,10.751813439174,11.2445984231553,11.9016450684638,
12.230168391118),.UNSPECIFIED.);
#49=B_SPLINE_SURFACE_WITH_KNOTS('',3,3,((#8932,#8933,#8934,#8935,#8936,
#8937,#8938),(#8939,#8940,#8941,#8942,#8943,#8944,#8945),(#8946,#8947,#8948,
#8949,#8950,#8951,#8952),(#8953,#8954,#8955,#8956,#8957,#8958,#8959)),
 .UNSPECIFIED.,.F.,.F.,.F.,(4,4),(4,1,1,1,4),(0.,0.0498541957445242),(106.815456281817,
107.71929307756,108.623129873303,109.526966669046,110.430803464789),
 .UNSPECIFIED.);
#50=ELLIPSE('',#3342,7.80964084481483,5.52225);
#51=B_SPLINE_CURVE_WITH_KNOTS('',3,(#4493,#4494,#4495,#4496,#4497,#4498,
#4499,#4500,#4501,#4502,#4503,#4504,#4505,#4506,#4507,#4508,#4509,#4510,
#4511,#4512,#4513,#4514,#4515,#4516,#4517,#4518,#4519,#4520,#4521,#4522,
#4523,#4524,#4525,#4526,#4527,#4528,#4529,#4530,#4531,#4532,#4533,#4534,
#4535,#4536,#4537,#4538,#4539,#4540,#4541,#4542,#4543,#4544,#4545,#4546,
#4547,#4548,#4549,#4550,#4551,#4552,#4553,#4554,#4555,#4556,#4557,#4558,
#4559,#4560,#4561,#4562,#4563,#4564,#4565,#4566,#4567,#4568,#4569,#4570,
#4571),.UNSPECIFIED.,.F.,.F.,(4,3,3,3,3,3,3,3,3,3,3,3,3,3,3,3,3,3,3,3,3,
3,3,3,3,3,4),(-1.20139487401788,-1.15113693144459,-1.1005939622617,-1.05753419812156,
-1.04700903626767,-1.03887155879343,-0.988723589200754,-0.939019061030659,
-0.928354905701134,-0.892376489991528,-0.882056790330219,-0.832695808619556,
-0.782881965259295,-0.733314197505899,-0.686920888765092,-0.660792094082445,
-0.654610802513671,-0.640527580024285,-0.591687851103996,-0.54240874710496,
-0.493378966848265,-0.46021779781696,-0.445056171959739,-0.437352315875182,
-0.43115812440319,-0.382430228683284,-0.360734290723047),.UNSPECIFIED.);
#52=B_SPLINE_CURVE_WITH_KNOTS('',3,(#4577,#4578,#4579,#4580,#4581,#4582,
#4583,#4584,#4585,#4586,#4587,#4588,#4589,#4590,#4591),.UNSPECIFIED.,.F.,
 .F.,(4,1,1,1,1,1,1,1,1,1,1,1,4),(12.5810127326092,13.0631497594712,13.558622844819,
14.0540959301669,14.5495690155147,15.0450421008626,15.5405151862104,16.0359882715583,
16.5314613569061,17.026934442254,17.5224075276018,18.0178806129497,18.5000176398116),
 .UNSPECIFIED.);
#53=B_SPLINE_CURVE_WITH_KNOTS('',3,(#4594,#4595,#4596,#4597,#4598,#4599,
#4600,#4601,#4602,#4603,#4604,#4605,#4606,#4607,#4608),.UNSPECIFIED.,.F.,
 .F.,(4,1,1,1,1,1,1,1,1,1,1,1,4),(12.5810127326093,13.0695239418521,13.5644175560744,
14.0593111702967,14.554204784519,15.0490983987414,15.5439920129637,16.038885627186,
16.5337792414083,17.0286728556306,17.5235664698529,18.0184600840753,18.5000176398116),
 .UNSPECIFIED.);
#54=B_SPLINE_CURVE_WITH_KNOTS('',3,(#4614,#4615,#4616,#4617,#4618,#4619,
#4620,#4621,#4622,#4623,#4624,#4625,#4626,#4627,#4628),.UNSPECIFIED.,.F.,
 .F.,(4,1,1,1,1,1,1,1,1,1,1,1,4),(18.8641980397888,19.3463350666507,19.8418081519986,
20.3372812373465,20.8327543226943,21.3282274080422,21.82370049339,22.3191735787379,
22.8146466640857,23.3101197494336,23.8055928347814,24.3010659201293,24.7832029469912),
 .UNSPECIFIED.);
#55=B_SPLINE_CURVE_WITH_KNOTS('',3,(#4631,#4632,#4633,#4634,#4635,#4636,
#4637,#4638,#4639,#4640,#4641,#4642,#4643,#4644,#4645),.UNSPECIFIED.,.F.,
 .F.,(4,1,1,1,1,1,1,1,1,1,1,1,4),(18.8641980397888,19.3463350666507,19.8418081519986,
20.3372812373464,20.8327543226943,21.3282274080422,21.82370049339,22.3191735787379,
22.8146466640857,23.3101197494336,23.8055928347814,24.3010659201293,24.7832029469912),
 .UNSPECIFIED.);
#56=B_SPLINE_CURVE_WITH_KNOTS('',3,(#4651,#4652,#4653,#4654,#4655,#4656,
#4657,#4658,#4659,#4660,#4661,#4662,#4663,#4664,#4665),.UNSPECIFIED.,.F.,
 .F.,(4,1,1,1,1,1,1,1,1,1,1,1,4),(25.1473833469684,25.6295203738303,26.1249934591782,
26.620466544526,27.1159396298739,27.6114127152217,28.1068858005696,28.6023588859175,
29.0978319712653,29.5933050566132,30.088778141961,30.5842512273089,31.0663882541708),
 .UNSPECIFIED.);
#57=B_SPLINE_CURVE_WITH_KNOTS('',3,(#4668,#4669,#4670,#4671,#4672,#4673,
#4674,#4675,#4676,#4677,#4678,#4679,#4680,#4681,#4682),.UNSPECIFIED.,.F.,
 .F.,(4,1,1,1,1,1,1,1,1,1,1,1,4),(25.1473833469684,25.6295203738303,26.1249934591782,
26.620466544526,27.1159396298739,27.6114127152218,28.1068858005696,28.6023588859175,
29.0978319712653,29.5933050566132,30.088778141961,30.5842512273089,31.0663882541708),
 .UNSPECIFIED.);
#58=B_SPLINE_CURVE_WITH_KNOTS('',3,(#4688,#4689,#4690,#4691,#4692,#4693,
#4694,#4695,#4696,#4697,#4698,#4699,#4700,#4701,#4702),.UNSPECIFIED.,.F.,
 .F.,(4,1,1,1,1,1,1,1,1,1,1,1,4),(31.430568654148,31.9127056810099,32.4081787663578,
32.9036518517056,33.3991249370535,33.8945980224013,34.3900711077492,34.885544193097,
35.3810172784449,35.8764903637928,36.3719634491406,36.8674365344885,37.3495735613503),
 .UNSPECIFIED.);
#59=B_SPLINE_CURVE_WITH_KNOTS('',3,(#4705,#4706,#4707,#4708,#4709,#4710,
#4711,#4712,#4713,#4714,#4715,#4716,#4717,#4718,#4719),.UNSPECIFIED.,.F.,
 .F.,(4,1,1,1,1,1,1,1,1,1,1,1,4),(31.430568654148,31.9127056810099,32.4081787663578,
32.9036518517056,33.3991249370535,33.8945980224013,34.3900711077492,34.885544193097,
35.3810172784449,35.8764903637928,36.3719634491406,36.8674365344885,37.3495735613503),
 .UNSPECIFIED.);
#60=B_SPLINE_CURVE_WITH_KNOTS('',3,(#4725,#4726,#4727,#4728,#4729,#4730,
#4731,#4732,#4733,#4734,#4735,#4736,#4737,#4738,#4739),.UNSPECIFIED.,.F.,
 .F.,(4,1,1,1,1,1,1,1,1,1,1,1,4),(37.7137539613276,38.1958909881895,38.6913640735374,
39.1868371588852,39.6823102442331,40.1777833295809,40.6732564149288,41.1687295002766,
41.6642025856245,42.1596756709723,42.6551487563202,43.150621841668,43.6327588685299),
 .UNSPECIFIED.);
#61=B_SPLINE_CURVE_WITH_KNOTS('',3,(#4742,#4743,#4744,#4745,#4746,#4747,
#4748,#4749,#4750,#4751,#4752,#4753,#4754,#4755,#4756),.UNSPECIFIED.,.F.,
 .F.,(4,1,1,1,1,1,1,1,1,1,1,1,4),(37.7137539613276,38.1958909881895,38.6913640735374,
39.1868371588852,39.6823102442331,40.1777833295809,40.6732564149288,41.1687295002766,
41.6642025856245,42.1596756709723,42.6551487563202,43.150621841668,43.6327588685299),
 .UNSPECIFIED.);
#62=B_SPLINE_CURVE_WITH_KNOTS('',3,(#4762,#4763,#4764,#4765,#4766,#4767,
#4768,#4769,#4770,#4771,#4772,#4773,#4774,#4775,#4776),.UNSPECIFIED.,.F.,
 .F.,(4,1,1,1,1,1,1,1,1,1,1,1,4),(43.9969392685072,44.4790762953691,44.974549380717,
45.4700224660648,45.9654955514127,46.4609686367605,46.9564417221084,47.4519148074562,
47.9473878928041,48.4428609781519,48.9383340634998,49.4338071488476,49.9159441757095),
 .UNSPECIFIED.);
#63=B_SPLINE_CURVE_WITH_KNOTS('',3,(#4779,#4780,#4781,#4782,#4783,#4784,
#4785,#4786,#4787,#4788,#4789,#4790,#4791,#4792,#4793),.UNSPECIFIED.,.F.,
 .F.,(4,1,1,1,1,1,1,1,1,1,1,1,4),(43.9969392685072,44.4790762953691,44.974549380717,
45.4700224660648,45.9654955514127,46.4609686367605,46.9564417221084,47.4519148074562,
47.9473878928041,48.4428609781519,48.9383340634998,49.4338071488476,49.9159441757095),
 .UNSPECIFIED.);
#64=B_SPLINE_CURVE_WITH_KNOTS('',3,(#4799,#4800,#4801,#4802,#4803,#4804,
#4805,#4806,#4807,#4808,#4809,#4810,#4811,#4812,#4813),.UNSPECIFIED.,.F.,
 .F.,(4,1,1,1,1,1,1,1,1,1,1,1,4),(50.2801245756867,50.7622616025487,51.2577346878965,
51.7532077732444,52.2486808585923,52.7441539439401,53.239627029288,53.7351001146358,
54.2305731999837,54.7260462853315,55.2215193706794,55.7169924560272,56.1991294828891),
 .UNSPECIFIED.);
#65=B_SPLINE_CURVE_WITH_KNOTS('',3,(#4816,#4817,#4818,#4819,#4820,#4821,
#4822,#4823,#4824,#4825,#4826,#4827,#4828,#4829,#4830),.UNSPECIFIED.,.F.,
 .F.,(4,1,1,1,1,1,1,1,1,1,1,1,4),(50.2801245756868,50.7622616025487,51.2577346878965,
51.7532077732444,52.2486808585922,52.7441539439401,53.2396270292879,53.7351001146358,
54.2305731999837,54.7260462853315,55.2215193706794,55.7169924560272,56.1991294828891),
 .UNSPECIFIED.);
#66=B_SPLINE_CURVE_WITH_KNOTS('',3,(#4836,#4837,#4838,#4839,#4840,#4841,
#4842,#4843,#4844,#4845,#4846,#4847,#4848,#4849,#4850),.UNSPECIFIED.,.F.,
 .F.,(4,1,1,1,1,1,1,1,1,1,1,1,4),(56.5633098828664,57.0454469097283,57.5409199950761,
58.036393080424,58.5318661657718,59.0273392511197,59.5228123364675,60.0182854218154,
60.5137585071633,61.0092315925111,61.504704677859,62.0001777632068,62.4823147900687),
 .UNSPECIFIED.);
#67=B_SPLINE_CURVE_WITH_KNOTS('',3,(#4853,#4854,#4855,#4856,#4857,#4858,
#4859,#4860,#4861,#4862,#4863,#4864,#4865,#4866,#4867),.UNSPECIFIED.,.F.,
 .F.,(4,1,1,1,1,1,1,1,1,1,1,1,4),(56.5633098828664,57.0454469097283,57.5409199950761,
58.036393080424,58.5318661657718,59.0273392511197,59.5228123364675,60.0182854218154,
60.5137585071633,61.0092315925111,61.504704677859,62.0001777632068,62.4823147900687),
 .UNSPECIFIED.);
#68=B_SPLINE_CURVE_WITH_KNOTS('',3,(#4873,#4874,#4875,#4876,#4877,#4878,
#4879,#4880,#4881,#4882,#4883,#4884,#4885,#4886,#4887),.UNSPECIFIED.,.F.,
 .F.,(4,1,1,1,1,1,1,1,1,1,1,1,4),(62.8464951900459,63.3286322169078,63.8241053022557,
64.3195783876036,64.8150514729514,65.3105245582993,65.8059976436471,66.301470728995,
66.7969438143428,67.2924168996907,67.7878899850385,68.2833630703864,68.7655000972483),
 .UNSPECIFIED.);
#69=B_SPLINE_CURVE_WITH_KNOTS('',3,(#4890,#4891,#4892,#4893,#4894,#4895,
#4896,#4897,#4898,#4899,#4900,#4901,#4902,#4903,#4904),.UNSPECIFIED.,.F.,
 .F.,(4,1,1,1,1,1,1,1,1,1,1,1,4),(62.8464951900459,63.3286322169079,63.8241053022557,
64.3195783876036,64.8150514729514,65.3105245582993,65.8059976436471,66.301470728995,
66.7969438143428,67.2924168996907,67.7878899850385,68.2833630703864,68.7655000972483),
 .UNSPECIFIED.);
#70=B_SPLINE_CURVE_WITH_KNOTS('',3,(#4910,#4911,#4912,#4913,#4914,#4915,
#4916,#4917,#4918,#4919,#4920,#4921,#4922,#4923,#4924),.UNSPECIFIED.,.F.,
 .F.,(4,1,1,1,1,1,1,1,1,1,1,1,4),(69.1296804972255,69.6118175240874,70.1072906094353,
70.6027636947831,71.098236780131,71.5937098654789,72.0891829508267,72.5846560361746,
73.0801291215224,73.5756022068703,74.0710752922181,74.566548377566,75.0486854044279),
 .UNSPECIFIED.);
#71=B_SPLINE_CURVE_WITH_KNOTS('',3,(#4927,#4928,#4929,#4930,#4931,#4932,
#4933,#4934,#4935,#4936,#4937,#4938,#4939,#4940,#4941),.UNSPECIFIED.,.F.,
 .F.,(4,1,1,1,1,1,1,1,1,1,1,1,4),(69.1296804972255,69.6118175240874,70.1072906094353,
70.6027636947831,71.098236780131,71.5937098654788,72.0891829508267,72.5846560361746,
73.0801291215224,73.5756022068703,74.0710752922181,74.566548377566,75.0486854044279),
 .UNSPECIFIED.);
#72=B_SPLINE_CURVE_WITH_KNOTS('',3,(#4947,#4948,#4949,#4950,#4951,#4952,
#4953,#4954,#4955,#4956,#4957,#4958,#4959,#4960,#4961),.UNSPECIFIED.,.F.,
 .F.,(4,1,1,1,1,1,1,1,1,1,1,1,4),(75.4128658044051,75.895002831267,76.3904759166149,
76.8859490019627,77.3814220873106,77.8768951726584,78.3723682580063,78.8678413433541,
79.363314428702,79.8587875140499,80.3542605993977,80.8497336847456,81.3318707116074),
 .UNSPECIFIED.);
#73=B_SPLINE_CURVE_WITH_KNOTS('',3,(#4964,#4965,#4966,#4967,#4968,#4969,
#4970,#4971,#4972,#4973,#4974,#4975,#4976,#4977,#4978),.UNSPECIFIED.,.F.,
 .F.,(4,1,1,1,1,1,1,1,1,1,1,1,4),(75.4128658044051,75.895002831267,76.3904759166149,
76.8859490019627,77.3814220873106,77.8768951726585,78.3723682580063,78.8678413433542,
79.363314428702,79.8587875140499,80.3542605993977,80.8497336847456,81.3318707116074),
 .UNSPECIFIED.);
#74=B_SPLINE_CURVE_WITH_KNOTS('',3,(#4984,#4985,#4986,#4987,#4988,#4989,
#4990,#4991,#4992,#4993,#4994,#4995,#4996,#4997,#4998),.UNSPECIFIED.,.F.,
 .F.,(4,1,1,1,1,1,1,1,1,1,1,1,4),(81.6960511115847,82.1781881384466,82.6736612237945,
83.1691343091423,83.6646073944902,84.160080479838,84.6555535651859,85.1510266505338,
85.6464997358816,86.1419728212295,86.6374459065773,87.1329189919252,87.615056018787),
 .UNSPECIFIED.);
#75=B_SPLINE_CURVE_WITH_KNOTS('',3,(#5001,#5002,#5003,#5004,#5005,#5006,
#5007,#5008,#5009,#5010,#5011,#5012,#5013,#5014,#5015),.UNSPECIFIED.,.F.,
 .F.,(4,1,1,1,1,1,1,1,1,1,1,1,4),(81.6960511115847,82.1781881384466,82.6736612237945,
83.1691343091423,83.6646073944902,84.160080479838,84.6555535651859,85.1510266505337,
85.6464997358816,86.1419728212294,86.6374459065773,87.1329189919252,87.615056018787),
 .UNSPECIFIED.);
#76=B_SPLINE_CURVE_WITH_KNOTS('',3,(#5021,#5022,#5023,#5024,#5025,#5026,
#5027,#5028,#5029,#5030,#5031,#5032,#5033,#5034,#5035),.UNSPECIFIED.,.F.,
 .F.,(4,1,1,1,1,1,1,1,1,1,1,1,4),(87.9792364187643,88.4613734456262,88.956846530974,
89.4523196163219,89.9477927016698,90.4432657870176,90.9387388723655,91.4342119577133,
91.9296850430612,92.425158128409,92.9206312137569,93.4161042991047,93.8982413259666),
 .UNSPECIFIED.);
#77=B_SPLINE_CURVE_WITH_KNOTS('',3,(#5038,#5039,#5040,#5041,#5042,#5043,
#5044,#5045,#5046,#5047,#5048,#5049,#5050,#5051,#5052),.UNSPECIFIED.,.F.,
 .F.,(4,1,1,1,1,1,1,1,1,1,1,1,4),(87.9792364187643,88.4613734456262,88.956846530974,
89.4523196163219,89.9477927016698,90.4432657870176,90.9387388723655,91.4342119577133,
91.9296850430612,92.425158128409,92.9206312137569,93.4161042991047,93.8982413259666),
 .UNSPECIFIED.);
#78=B_SPLINE_CURVE_WITH_KNOTS('',3,(#5058,#5059,#5060,#5061,#5062,#5063,
#5064,#5065,#5066,#5067,#5068,#5069,#5070,#5071,#5072),.UNSPECIFIED.,.F.,
 .F.,(4,1,1,1,1,1,1,1,1,1,1,1,4),(94.2624217259439,94.7445587528057,95.2400318381536,
95.7355049235015,96.2309780088493,96.7264510941972,97.221924179545,97.7173972648929,
98.2128703502407,98.7083434355886,99.2038165209365,99.6992896062843,100.181426633146),
 .UNSPECIFIED.);
#79=B_SPLINE_CURVE_WITH_KNOTS('',3,(#5075,#5076,#5077,#5078,#5079,#5080,
#5081,#5082,#5083,#5084,#5085,#5086,#5087,#5088,#5089),.UNSPECIFIED.,.F.,
 .F.,(4,1,1,1,1,1,1,1,1,1,1,1,4),(94.2624217259439,94.7445587528057,95.2400318381536,
95.7355049235015,96.2309780088493,96.7264510941972,97.221924179545,97.7173972648929,
98.2128703502407,98.7083434355886,99.2038165209365,99.6992896062843,100.181426633146),
 .UNSPECIFIED.);
#80=B_SPLINE_CURVE_WITH_KNOTS('',3,(#5095,#5096,#5097,#5098,#5099,#5100,
#5101),.UNSPECIFIED.,.F.,.F.,(4,1,1,1,4),(10.3761761872889,10.751813439174,
11.2445984231553,11.9016450684638,12.216832332632),.UNSPECIFIED.);
#81=B_SPLINE_CURVE_WITH_KNOTS('',3,(#5104,#5105,#5106,#5107),
 .UNSPECIFIED.,.F.,.F.,(4,4),(11.6149723878394,12.216832332632),
 .UNSPECIFIED.);
#82=B_SPLINE_CURVE_WITH_KNOTS('',3,(#5113,#5114,#5115,#5116,#5117,#5118,
#5119,#5120,#5121,#5122,#5123,#5124,#5125,#5126,#5127),.UNSPECIFIED.,.F.,
 .F.,(4,1,1,1,1,1,1,1,1,1,1,1,4),(100.545607033123,101.02677612319,101.521281271742,
102.015786420294,102.510291568846,103.004796717398,103.49930186595,103.993807014502,
104.488312163054,104.982817311606,105.477322460158,105.97182760871,106.464611940326),
 .UNSPECIFIED.);
#83=B_SPLINE_CURVE_WITH_KNOTS('',3,(#5130,#5131,#5132,#5133,#5134,#5135,
#5136,#5137,#5138,#5139,#5140,#5141,#5142,#5143,#5144),.UNSPECIFIED.,.F.,
 .F.,(4,1,1,1,1,1,1,1,1,1,1,1,4),(100.545607033124,101.027744059985,101.523217145333,
102.018690230681,102.514163316029,103.009636401377,103.505109486725,104.000582572072,
104.49605565742,104.991528742768,105.487001828116,105.982474913464,106.464611940326),
 .UNSPECIFIED.);
#84=B_SPLINE_CURVE_WITH_KNOTS('',3,(#5150,#5151,#5152,#5153,#5154),
 .UNSPECIFIED.,.F.,.F.,(4,1,4),(106.828792340303,107.71929307756,108.342515796767),
 .UNSPECIFIED.);
#85=B_SPLINE_CURVE_WITH_KNOTS('',3,(#5158,#5159,#5160,#5161),
 .UNSPECIFIED.,.F.,.F.,(4,4),(106.831274851314,107.103719596216),
 .UNSPECIFIED.);
#86=B_SPLINE_CURVE_WITH_KNOTS('',3,(#5180,#5181,#5182,#5183),
 .UNSPECIFIED.,.F.,.F.,(4,4),(0.,0.0146146337366946),.UNSPECIFIED.);
#87=B_SPLINE_CURVE_WITH_KNOTS('',3,(#5184,#5185,#5186,#5187,#5188,#5189,
#5190,#5191,#5192,#5193,#5194,#5195,#5196,#5197,#5198,#5199,#5200,#5201,
#5202,#5203,#5204,#5205,#5206,#5207,#5208,#5209,#5210,#5211,#5212,#5213,
#5214,#5215,#5216,#5217,#5218,#5219,#5220,#5221,#5222,#5223),
 .UNSPECIFIED.,.F.,.F.,(4,3,3,3,3,3,3,3,3,3,3,3,3,4),(0.863704915742328,
0.885658831320425,0.897693337685098,0.905164637249639,0.911970440756471,
0.9604396530643,1.0090847029311,1.03336026131757,1.04637405334793,1.05455974832893,
1.06194958306489,1.11017122099136,1.15770859834305,1.20328917002288),
 .UNSPECIFIED.);
#88=B_SPLINE_CURVE_WITH_KNOTS('',3,(#5285,#5286,#5287,#5288,#5289,#5290),
 .UNSPECIFIED.,.F.,.F.,(4,2,4),(0.,0.0251799495466045,0.0503415805716982),
 .UNSPECIFIED.);
#89=B_SPLINE_CURVE_WITH_KNOTS('',3,(#5292,#5293,#5294,#5295),
 .UNSPECIFIED.,.F.,.F.,(4,4),(0.0272797692768773,0.0504966642515501),
 .UNSPECIFIED.);
#90=B_SPLINE_CURVE_WITH_KNOTS('',3,(#5297,#5298,#5299,#5300,#5301,#5302,
#5303,#5304,#5305,#5306,#5307,#5308,#5309,#5310,#5311,#5312,#5313,#5314,
#5315,#5316,#5317,#5318,#5319,#5320,#5321,#5322,#5323,#5324,#5325,#5326,
#5327,#5328,#5329,#5330,#5331,#5332,#5333,#5334,#5335,#5336,#5337,#5338,
#5339,#5340,#5341,#5342,#5343,#5344,#5345,#5346,#5347,#5348,#5349,#5350,
#5351),.UNSPECIFIED.,.F.,.F.,(4,3,3,3,3,3,3,3,3,3,3,3,3,3,3,3,3,3,4),(0.,
0.0505115348274935,0.082737761803675,0.133259890860223,0.1837937539446,
0.207660552111078,0.220663613974514,0.229200936920434,0.235309297234502,
0.285318638078361,0.335152846168149,0.374728139276427,0.424760505022151,
0.454373005219202,0.463099264468831,0.512739575001262,0.562297809689198,
0.611979158143876,0.661660506598554),.UNSPECIFIED.);
#91=B_SPLINE_CURVE_WITH_KNOTS('',3,(#5352,#5353,#5354,#5355,#5356,#5357,
#5358,#5359,#5360,#5361,#5362,#5363,#5364,#5365,#5366,#5367,#5368,#5369,
#5370,#5371,#5372,#5373,#5374,#5375,#5376,#5377,#5378,#5379,#5380,#5381,
#5382),.UNSPECIFIED.,.F.,.F.,(4,3,3,3,3,3,3,3,3,3,4),(-6.89838131045814,
-6.40348769623582,-5.90859408201351,-5.41370046779119,-4.91880685356888,
-4.42391323934656,-3.92901962512425,-3.43412601090193,-2.93923239667962,
-2.4443387824573,-2.08828766802164),.UNSPECIFIED.);
#92=B_SPLINE_CURVE_WITH_KNOTS('',3,(#5444,#5445,#5446,#5447,#5448,#5449),
 .UNSPECIFIED.,.F.,.F.,(4,2,4),(0.,0.0251799495470751,0.0503415805752347),
 .UNSPECIFIED.);
#93=B_SPLINE_CURVE_WITH_KNOTS('',3,(#5451,#5452,#5453,#5454,#5455,#5456),
 .UNSPECIFIED.,.F.,.F.,(4,2,4),(0.,0.0252362133094562,0.0504966642586694),
 .UNSPECIFIED.);
#94=B_SPLINE_CURVE_WITH_KNOTS('',3,(#5457,#5458,#5459,#5460,#5461,#5462,
#5463,#5464,#5465,#5466,#5467,#5468,#5469,#5470,#5471,#5472,#5473,#5474,
#5475,#5476,#5477,#5478,#5479,#5480,#5481,#5482,#5483,#5484,#5485,#5486,
#5487,#5488,#5489,#5490,#5491,#5492,#5493),.UNSPECIFIED.,.F.,.F.,(4,3,3,
3,3,3,3,3,3,3,3,3,4),(-13.1815666176377,-12.6860935322899,-12.190620446942,
-11.6951473615941,-11.1996742762463,-10.7042011908984,-10.2087281055506,
-9.71325502020273,-9.21778193485487,-8.72230884950702,-8.22683576415916,
-7.73136267881131,-7.23588959346345),.UNSPECIFIED.);
#95=B_SPLINE_CURVE_WITH_KNOTS('',3,(#5555,#5556,#5557,#5558,#5559,#5560),
 .UNSPECIFIED.,.F.,.F.,(4,2,4),(0.,0.0251799495477941,0.0503415805753841),
 .UNSPECIFIED.);
#96=B_SPLINE_CURVE_WITH_KNOTS('',3,(#5562,#5563,#5564,#5565,#5566,#5567),
 .UNSPECIFIED.,.F.,.F.,(4,2,4),(0.,0.025236213310106,0.0504966642623393),
 .UNSPECIFIED.);
#97=B_SPLINE_CURVE_WITH_KNOTS('',3,(#5568,#5569,#5570,#5571,#5572,#5573,
#5574,#5575,#5576,#5577,#5578,#5579,#5580,#5581,#5582,#5583,#5584,#5585,
#5586,#5587,#5588,#5589,#5590,#5591,#5592,#5593,#5594,#5595,#5596,#5597,
#5598,#5599,#5600,#5601,#5602,#5603,#5604),.UNSPECIFIED.,.F.,.F.,(4,3,3,
3,3,3,3,3,3,3,3,3,4),(-19.4647519248173,-18.9692788394695,-18.4738057541216,
-17.9783326687737,-17.4828595834259,-16.987386498078,-16.4919134127302,
-15.9964403273823,-15.5009672420345,-15.0054941566866,-14.5100210713388,
-14.0145479859909,-13.5190749006431),.UNSPECIFIED.);
#98=B_SPLINE_CURVE_WITH_KNOTS('',3,(#5666,#5667,#5668,#5669,#5670,#5671),
 .UNSPECIFIED.,.F.,.F.,(4,2,4),(0.,0.0251799495466281,0.0503415805718152),
 .UNSPECIFIED.);
#99=B_SPLINE_CURVE_WITH_KNOTS('',3,(#5673,#5674,#5675,#5676,#5677,#5678),
 .UNSPECIFIED.,.F.,.F.,(4,2,4),(0.,0.0252362133028464,0.050496664248743),
 .UNSPECIFIED.);
#100=B_SPLINE_CURVE_WITH_KNOTS('',3,(#5679,#5680,#5681,#5682,#5683,#5684,
#5685,#5686,#5687,#5688,#5689,#5690,#5691,#5692,#5693,#5694,#5695,#5696,
#5697,#5698,#5699,#5700,#5701,#5702,#5703,#5704,#5705,#5706,#5707,#5708,
#5709,#5710,#5711,#5712,#5713,#5714,#5715),.UNSPECIFIED.,.F.,.F.,(4,3,3,
3,3,3,3,3,3,3,3,3,4),(-25.7479372319969,-25.252464146649,-24.7569910613012,
-24.2615179759533,-23.7660448906055,-23.2705718052576,-22.7750987199098,
-22.2796256345619,-21.7841525492141,-21.2886794638662,-20.7932063785184,
-20.2977332931705,-19.8022602078227),.UNSPECIFIED.);
#101=B_SPLINE_CURVE_WITH_KNOTS('',3,(#5777,#5778,#5779,#5780,#5781,#5782),
 .UNSPECIFIED.,.F.,.F.,(4,2,4),(0.,0.0251799495470837,0.0503415805766368),
 .UNSPECIFIED.);
#102=B_SPLINE_CURVE_WITH_KNOTS('',3,(#5784,#5785,#5786,#5787,#5788,#5789),
 .UNSPECIFIED.,.F.,.F.,(4,2,4),(0.,0.025236213305791,0.0504966642423891),
 .UNSPECIFIED.);
#103=B_SPLINE_CURVE_WITH_KNOTS('',3,(#5790,#5791,#5792,#5793,#5794,#5795,
#5796,#5797,#5798,#5799,#5800,#5801,#5802,#5803,#5804,#5805,#5806,#5807,
#5808,#5809,#5810,#5811,#5812,#5813,#5814,#5815,#5816,#5817,#5818,#5819,
#5820,#5821,#5822,#5823,#5824,#5825,#5826),.UNSPECIFIED.,.F.,.F.,(4,3,3,
3,3,3,3,3,3,3,3,3,4),(-32.0311225391764,-31.5356494538286,-31.0401763684808,
-30.5447032831329,-30.0492301977851,-29.5537571124372,-29.0582840270893,
-28.5628109417415,-28.0673378563936,-27.5718647710458,-27.0763916856979,
-26.5809186003501,-26.0854455150022),.UNSPECIFIED.);
#104=B_SPLINE_CURVE_WITH_KNOTS('',3,(#5888,#5889,#5890,#5891,#5892,#5893),
 .UNSPECIFIED.,.F.,.F.,(4,2,4),(0.,0.0251799495443227,0.0503415805636139),
 .UNSPECIFIED.);
#105=B_SPLINE_CURVE_WITH_KNOTS('',3,(#5895,#5896,#5897,#5898,#5899,#5900),
 .UNSPECIFIED.,.F.,.F.,(4,2,4),(0.,0.0252362133016932,0.0504966642371038),
 .UNSPECIFIED.);
#106=B_SPLINE_CURVE_WITH_KNOTS('',3,(#5901,#5902,#5903,#5904,#5905,#5906,
#5907,#5908,#5909,#5910,#5911,#5912,#5913,#5914,#5915,#5916,#5917,#5918,
#5919,#5920,#5921,#5922,#5923,#5924,#5925,#5926,#5927,#5928,#5929,#5930,
#5931,#5932,#5933,#5934,#5935,#5936,#5937),.UNSPECIFIED.,.F.,.F.,(4,3,3,
3,3,3,3,3,3,3,3,3,4),(-38.314307846356,-37.8188347610082,-37.3233616756604,
-36.8278885903125,-36.3324155049646,-35.8369424196168,-35.3414693342689,
-34.8459962489211,-34.3505231635732,-33.8550500782254,-33.3595769928775,
-32.8641039075297,-32.3686308221818),.UNSPECIFIED.);
#107=B_SPLINE_CURVE_WITH_KNOTS('',3,(#5999,#6000,#6001,#6002,#6003,#6004),
 .UNSPECIFIED.,.F.,.F.,(4,2,4),(0.,0.0251799495463882,0.0503415805731241),
 .UNSPECIFIED.);
#108=B_SPLINE_CURVE_WITH_KNOTS('',3,(#6006,#6007,#6008,#6009,#6010,#6011),
 .UNSPECIFIED.,.F.,.F.,(4,2,4),(0.,0.0252362133016724,0.0504966642433262),
 .UNSPECIFIED.);
#109=B_SPLINE_CURVE_WITH_KNOTS('',3,(#6012,#6013,#6014,#6015,#6016,#6017,
#6018,#6019,#6020,#6021,#6022,#6023,#6024,#6025,#6026,#6027,#6028,#6029,
#6030,#6031,#6032,#6033,#6034,#6035,#6036,#6037,#6038,#6039,#6040,#6041,
#6042,#6043,#6044,#6045,#6046,#6047,#6048),.UNSPECIFIED.,.F.,.F.,(4,3,3,
3,3,3,3,3,3,3,3,3,4),(-44.5974931535356,-44.1020200681878,-43.6065469828399,
-43.1110738974921,-42.6156008121442,-42.1201277267964,-41.6246546414485,
-41.1291815561007,-40.6337084707528,-40.138235385405,-39.6427623000571,
-39.1472892147092,-38.6518161293614),.UNSPECIFIED.);
#110=B_SPLINE_CURVE_WITH_KNOTS('',3,(#6110,#6111,#6112,#6113,#6114,#6115),
 .UNSPECIFIED.,.F.,.F.,(4,2,4),(0.,0.025179949548638,0.0503415805804644),
 .UNSPECIFIED.);
#111=B_SPLINE_CURVE_WITH_KNOTS('',3,(#6117,#6118,#6119,#6120,#6121,#6122),
 .UNSPECIFIED.,.F.,.F.,(4,2,4),(0.,0.0252362133101625,0.0504966642593667),
 .UNSPECIFIED.);
#112=B_SPLINE_CURVE_WITH_KNOTS('',3,(#6123,#6124,#6125,#6126,#6127,#6128,
#6129,#6130,#6131,#6132,#6133,#6134,#6135,#6136,#6137,#6138,#6139,#6140,
#6141,#6142,#6143,#6144,#6145,#6146,#6147,#6148,#6149,#6150,#6151,#6152,
#6153,#6154,#6155,#6156,#6157,#6158,#6159),.UNSPECIFIED.,.F.,.F.,(4,3,3,
3,3,3,3,3,3,3,3,3,4),(-50.8806784607152,-50.3852053753674,-49.8897322900195,
-49.3942592046717,-48.8987861193238,-48.403313033976,-47.9078399486281,
-47.4123668632803,-46.9168937779324,-46.4214206925845,-45.9259476072367,
-45.4304745218888,-44.935001436541),.UNSPECIFIED.);
#113=B_SPLINE_CURVE_WITH_KNOTS('',3,(#6221,#6222,#6223,#6224,#6225,#6226),
 .UNSPECIFIED.,.F.,.F.,(4,2,4),(0.,0.0251799495463824,0.0503415805709474),
 .UNSPECIFIED.);
#114=B_SPLINE_CURVE_WITH_KNOTS('',3,(#6228,#6229,#6230,#6231,#6232,#6233),
 .UNSPECIFIED.,.F.,.F.,(4,2,4),(0.,0.0252362133057294,0.05049666424214),
 .UNSPECIFIED.);
#115=B_SPLINE_CURVE_WITH_KNOTS('',3,(#6234,#6235,#6236,#6237,#6238,#6239,
#6240,#6241,#6242,#6243,#6244,#6245,#6246,#6247,#6248,#6249,#6250,#6251,
#6252,#6253,#6254,#6255,#6256,#6257,#6258,#6259,#6260,#6261,#6262,#6263,
#6264,#6265,#6266,#6267,#6268,#6269,#6270),.UNSPECIFIED.,.F.,.F.,(4,3,3,
3,3,3,3,3,3,3,3,3,4),(-57.1638637678948,-56.668390682547,-56.1729175971991,
-55.6774445118513,-55.1819714265034,-54.6864983411556,-54.1910252558077,
-53.6955521704598,-53.200079085112,-52.7046059997641,-52.2091329144163,
-51.7136598290684,-51.2181867437206),.UNSPECIFIED.);
#116=B_SPLINE_CURVE_WITH_KNOTS('',3,(#6332,#6333,#6334,#6335,#6336,#6337),
 .UNSPECIFIED.,.F.,.F.,(4,2,4),(0.,0.0251799495473515,0.0503415805744373),
 .UNSPECIFIED.);
#117=B_SPLINE_CURVE_WITH_KNOTS('',3,(#6339,#6340,#6341,#6342,#6343,#6344),
 .UNSPECIFIED.,.F.,.F.,(4,2,4),(0.,0.0252362133061087,0.0504966642559279),
 .UNSPECIFIED.);
#118=B_SPLINE_CURVE_WITH_KNOTS('',3,(#6345,#6346,#6347,#6348,#6349,#6350,
#6351,#6352,#6353,#6354,#6355,#6356,#6357,#6358,#6359,#6360,#6361,#6362,
#6363,#6364,#6365,#6366,#6367,#6368,#6369,#6370,#6371,#6372,#6373,#6374,
#6375,#6376,#6377,#6378,#6379,#6380,#6381),.UNSPECIFIED.,.F.,.F.,(4,3,3,
3,3,3,3,3,3,3,3,3,4),(-63.4470490750744,-62.9515759897265,-62.4561029043787,
-61.9606298190308,-61.465156733683,-60.9696836483351,-60.4742105629873,
-59.9787374776394,-59.4832643922916,-58.9877913069437,-58.4923182215958,
-57.996845136248,-57.5013720509001),.UNSPECIFIED.);
#119=B_SPLINE_CURVE_WITH_KNOTS('',3,(#6443,#6444,#6445,#6446,#6447,#6448),
 .UNSPECIFIED.,.F.,.F.,(4,2,4),(0.,0.0251799495470974,0.050341580573969),
 .UNSPECIFIED.);
#120=B_SPLINE_CURVE_WITH_KNOTS('',3,(#6450,#6451,#6452,#6453,#6454,#6455),
 .UNSPECIFIED.,.F.,.F.,(4,2,4),(0.,0.0252362133058646,0.05049666425511),
 .UNSPECIFIED.);
#121=B_SPLINE_CURVE_WITH_KNOTS('',3,(#6456,#6457,#6458,#6459,#6460,#6461,
#6462,#6463,#6464,#6465,#6466,#6467,#6468,#6469,#6470,#6471,#6472,#6473,
#6474,#6475,#6476,#6477,#6478,#6479,#6480,#6481,#6482,#6483,#6484,#6485,
#6486,#6487,#6488,#6489,#6490,#6491,#6492),.UNSPECIFIED.,.F.,.F.,(4,3,3,
3,3,3,3,3,3,3,3,3,4),(-69.730234382254,-69.2347612969062,-68.7392882115583,
-68.2438151262104,-67.7483420408626,-67.2528689555147,-66.7573958701669,
-66.261922784819,-65.7664496994712,-65.2709766141233,-64.7755035287754,
-64.2800304434276,-63.7845573580797),.UNSPECIFIED.);
#122=B_SPLINE_CURVE_WITH_KNOTS('',3,(#6554,#6555,#6556,#6557,#6558,#6559),
 .UNSPECIFIED.,.F.,.F.,(4,2,4),(0.,0.0251799495433301,0.0503415805609346),
 .UNSPECIFIED.);
#123=B_SPLINE_CURVE_WITH_KNOTS('',3,(#6561,#6562,#6563,#6564,#6565,#6566),
 .UNSPECIFIED.,.F.,.F.,(4,2,4),(0.,0.0252362132989859,0.0504966642384473),
 .UNSPECIFIED.);
#124=B_SPLINE_CURVE_WITH_KNOTS('',3,(#6567,#6568,#6569,#6570,#6571,#6572,
#6573,#6574,#6575,#6576,#6577,#6578,#6579,#6580,#6581,#6582,#6583,#6584,
#6585,#6586,#6587,#6588,#6589,#6590,#6591,#6592,#6593,#6594,#6595,#6596,
#6597,#6598,#6599,#6600,#6601,#6602,#6603),.UNSPECIFIED.,.F.,.F.,(4,3,3,
3,3,3,3,3,3,3,3,3,4),(-76.0134196894336,-75.5179466040857,-75.0224735187379,
-74.52700043339,-74.0315273480422,-73.5360542626943,-73.0405811773465,-72.5451080919986,
-72.0496350066507,-71.5541619213029,-71.0586888359551,-70.5632157506072,
-70.0677426652593),.UNSPECIFIED.);
#125=B_SPLINE_CURVE_WITH_KNOTS('',3,(#6665,#6666,#6667,#6668,#6669,#6670),
 .UNSPECIFIED.,.F.,.F.,(4,2,4),(0.,0.0251799495472953,0.0503415805732333),
 .UNSPECIFIED.);
#126=B_SPLINE_CURVE_WITH_KNOTS('',3,(#6672,#6673,#6674,#6675,#6676,#6677),
 .UNSPECIFIED.,.F.,.F.,(4,2,4),(0.,0.0252362132975866,0.0504966642422588),
 .UNSPECIFIED.);
#127=B_SPLINE_CURVE_WITH_KNOTS('',3,(#6678,#6679,#6680,#6681,#6682,#6683,
#6684,#6685,#6686,#6687,#6688,#6689,#6690,#6691,#6692,#6693,#6694,#6695,
#6696,#6697,#6698,#6699,#6700,#6701,#6702,#6703,#6704,#6705,#6706,#6707,
#6708,#6709,#6710,#6711,#6712,#6713,#6714),.UNSPECIFIED.,.F.,.F.,(4,3,3,
3,3,3,3,3,3,3,3,3,4),(-82.2966049966132,-81.8011319112653,-81.3056588259175,
-80.8101857405696,-80.3147126552217,-79.8192395698739,-79.323766484526,
-78.8282933991782,-78.3328203138303,-77.8373472284825,-77.3418741431346,
-76.8464010577867,-76.3509279724389),.UNSPECIFIED.);
#128=B_SPLINE_CURVE_WITH_KNOTS('',3,(#6776,#6777,#6778,#6779,#6780,#6781),
 .UNSPECIFIED.,.F.,.F.,(4,2,4),(0.,0.0251799495447328,0.0503415805679983),
 .UNSPECIFIED.);
#129=B_SPLINE_CURVE_WITH_KNOTS('',3,(#6783,#6784,#6785,#6786,#6787,#6788),
 .UNSPECIFIED.,.F.,.F.,(4,2,4),(0.,0.0252362133049297,0.05049666425409),
 .UNSPECIFIED.);
#130=B_SPLINE_CURVE_WITH_KNOTS('',3,(#6789,#6790,#6791,#6792,#6793,#6794,
#6795,#6796,#6797,#6798,#6799,#6800,#6801,#6802,#6803,#6804,#6805,#6806,
#6807,#6808,#6809,#6810,#6811,#6812,#6813,#6814,#6815,#6816,#6817,#6818,
#6819,#6820,#6821,#6822,#6823,#6824,#6825),.UNSPECIFIED.,.F.,.F.,(4,3,3,
3,3,3,3,3,3,3,3,3,4),(-88.5797903037927,-88.0843172184449,-87.588844133097,
-87.0933710477492,-86.5978979624013,-86.1024248770535,-85.6069517917056,
-85.1114787063577,-84.6160056210099,-84.120532535662,-83.6250594503142,
-83.1295863649663,-82.6341132796185),.UNSPECIFIED.);
#131=B_SPLINE_CURVE_WITH_KNOTS('',3,(#6887,#6888,#6889,#6890,#6891,#6892),
 .UNSPECIFIED.,.F.,.F.,(4,2,4),(0.,0.0251799495458907,0.0503415805700348),
 .UNSPECIFIED.);
#132=B_SPLINE_CURVE_WITH_KNOTS('',3,(#6894,#6895,#6896,#6897,#6898,#6899),
 .UNSPECIFIED.,.F.,.F.,(4,2,4),(0.,0.0252362133058978,0.050496664256349),
 .UNSPECIFIED.);
#133=B_SPLINE_CURVE_WITH_KNOTS('',3,(#6900,#6901,#6902,#6903,#6904,#6905,
#6906,#6907,#6908,#6909,#6910,#6911,#6912,#6913,#6914,#6915,#6916,#6917,
#6918,#6919,#6920,#6921,#6922,#6923,#6924,#6925,#6926,#6927,#6928,#6929,
#6930,#6931,#6932,#6933,#6934,#6935,#6936),.UNSPECIFIED.,.F.,.F.,(4,3,3,
3,3,3,3,3,3,3,3,3,4),(-94.8629756109723,-94.3675025256245,-93.8720294402766,
-93.3765563549288,-92.8810832695809,-92.3856101842331,-91.8901370988852,
-91.3946640135373,-90.8991909281895,-90.4037178428416,-89.9082447574938,
-89.4127716721459,-88.9172985867981),.UNSPECIFIED.);
#134=B_SPLINE_CURVE_WITH_KNOTS('',3,(#6954,#6955,#6956,#6957),
 .UNSPECIFIED.,.F.,.F.,(4,4),(0.,0.006816341015894),.UNSPECIFIED.);
#135=B_SPLINE_CURVE_WITH_KNOTS('',3,(#6958,#6959,#6960,#6961,#6962,#6963,
#6964,#6965,#6966,#6967,#6968,#6969,#6970),.UNSPECIFIED.,.F.,.F.,(4,3,3,
3,4),(-0.149565190868378,-0.101351792197302,-0.0532949140402122,-0.00594961212726536,
0.),.UNSPECIFIED.);
#136=B_SPLINE_CURVE_WITH_KNOTS('',3,(#7032,#7033,#7034,#7035,#7036,#7037),
 .UNSPECIFIED.,.F.,.F.,(4,2,4),(0.,0.0252362133006579,0.0504966642342638),
 .UNSPECIFIED.);
#137=B_SPLINE_CURVE_WITH_KNOTS('',3,(#7039,#7040,#7041,#7042,#7043,#7044,
#7045,#7046,#7047,#7048,#7049,#7050,#7051,#7052,#7053,#7054,#7055,#7056,
#7057,#7058,#7059,#7060,#7061,#7062,#7063,#7064,#7065,#7066,#7067,#7068,
#7069,#7070,#7071,#7072,#7073,#7074,#7075),.UNSPECIFIED.,.F.,.F.,(4,3,3,
3,3,3,3,3,3,3,3,3,4),(4.27978815485602,4.77526124020388,5.27073432555173,
5.76620741089958,6.26168049624744,6.75715358159529,7.25262666694315,7.748099752291,
8.24357283763886,8.73904592298671,9.23451900833456,9.72999209368242,10.2254651790303),
 .UNSPECIFIED.);
#138=B_SPLINE_CURVE_WITH_KNOTS('',3,(#7076,#7077,#7078,#7079,#7080,#7081),
 .UNSPECIFIED.,.F.,.F.,(4,2,4),(0.,0.0251799495449882,0.0503415805638684),
 .UNSPECIFIED.);
#139=B_SPLINE_CURVE_WITH_KNOTS('',3,(#7143,#7144,#7145,#7146,#7147,#7148),
 .UNSPECIFIED.,.F.,.F.,(4,2,4),(0.,0.0252362133031114,0.0504966642419203),
 .UNSPECIFIED.);
#140=B_SPLINE_CURVE_WITH_KNOTS('',3,(#7150,#7151,#7152,#7153,#7154,#7155,
#7156,#7157,#7158,#7159,#7160,#7161,#7162,#7163,#7164,#7165,#7166,#7167,
#7168,#7169,#7170,#7171,#7172,#7173,#7174,#7175,#7176,#7177,#7178,#7179,
#7180,#7181,#7182,#7183,#7184,#7185,#7186),.UNSPECIFIED.,.F.,.F.,(4,3,3,
3,3,3,3,3,3,3,3,3,4),(10.5629734620356,11.0584465473835,11.5539196327313,
12.0493927180792,12.544865803427,13.0403388887749,13.5358119741227,14.0312850594706,
14.5267581448184,15.0222312301663,15.5177043155141,16.013177400862,16.5086504862099),
 .UNSPECIFIED.);
#141=B_SPLINE_CURVE_WITH_KNOTS('',3,(#7187,#7188,#7189,#7190,#7191,#7192),
 .UNSPECIFIED.,.F.,.F.,(4,2,4),(0.,0.025179949544595,0.0503415805622108),
 .UNSPECIFIED.);
#142=B_SPLINE_CURVE_WITH_KNOTS('',3,(#7254,#7255,#7256,#7257,#7258,#7259),
 .UNSPECIFIED.,.F.,.F.,(4,2,4),(0.,0.0252362133006392,0.0504966642368483),
 .UNSPECIFIED.);
#143=B_SPLINE_CURVE_WITH_KNOTS('',3,(#7261,#7262,#7263,#7264,#7265,#7266,
#7267,#7268,#7269,#7270,#7271,#7272,#7273,#7274,#7275,#7276,#7277,#7278,
#7279,#7280,#7281,#7282,#7283,#7284,#7285,#7286,#7287,#7288,#7289,#7290,
#7291,#7292,#7293,#7294,#7295,#7296,#7297),.UNSPECIFIED.,.F.,.F.,(4,3,3,
3,3,3,3,3,3,3,3,3,4),(16.8461587692152,17.341631854563,17.8371049399109,
18.3325780252588,18.8280511106066,19.3235241959545,19.8189972813023,20.3144703666502,
20.809943451998,21.3054165373459,21.8008896226937,22.2963627080416,22.7918357933895),
 .UNSPECIFIED.);
#144=B_SPLINE_CURVE_WITH_KNOTS('',3,(#7298,#7299,#7300,#7301,#7302,#7303),
 .UNSPECIFIED.,.F.,.F.,(4,2,4),(0.,0.0251799495439211,0.050341580558719),
 .UNSPECIFIED.);
#145=B_SPLINE_CURVE_WITH_KNOTS('',3,(#7365,#7366,#7367,#7368,#7369,#7370),
 .UNSPECIFIED.,.F.,.F.,(4,2,4),(0.,0.0252362133011351,0.0504966642323063),
 .UNSPECIFIED.);
#146=B_SPLINE_CURVE_WITH_KNOTS('',3,(#7372,#7373,#7374,#7375,#7376,#7377,
#7378,#7379,#7380,#7381,#7382,#7383,#7384,#7385,#7386,#7387,#7388,#7389,
#7390,#7391,#7392,#7393,#7394,#7395,#7396,#7397,#7398,#7399,#7400,#7401,
#7402,#7403,#7404,#7405,#7406,#7407,#7408),.UNSPECIFIED.,.F.,.F.,(4,3,3,
3,3,3,3,3,3,3,3,3,4),(23.1293440763948,23.6248171617426,24.1202902470905,
24.6157633324383,25.1112364177862,25.6067095031341,26.1021825884819,26.5976556738298,
27.0931287591776,27.5886018445255,28.0840749298733,28.5795480152212,29.075021100569),
 .UNSPECIFIED.);
#147=B_SPLINE_CURVE_WITH_KNOTS('',3,(#7409,#7410,#7411,#7412,#7413,#7414),
 .UNSPECIFIED.,.F.,.F.,(4,2,4),(0.,0.0251799495454907,0.0503415805666551),
 .UNSPECIFIED.);
#148=B_SPLINE_CURVE_WITH_KNOTS('',3,(#7476,#7477,#7478,#7479,#7480,#7481),
 .UNSPECIFIED.,.F.,.F.,(4,2,4),(0.,0.0252362132958017,0.0504966642177208),
 .UNSPECIFIED.);
#149=B_SPLINE_CURVE_WITH_KNOTS('',3,(#7483,#7484,#7485,#7486,#7487,#7488,
#7489,#7490,#7491,#7492,#7493,#7494,#7495,#7496,#7497,#7498,#7499,#7500,
#7501,#7502,#7503,#7504,#7505,#7506,#7507,#7508,#7509,#7510,#7511,#7512,
#7513,#7514,#7515,#7516,#7517,#7518,#7519),.UNSPECIFIED.,.F.,.F.,(4,3,3,
3,3,3,3,3,3,3,3,3,4),(29.4125293835744,29.9080024689222,30.4034755542701,
30.8989486396179,31.3944217249658,31.8898948103136,32.3853678956615,32.8808409810093,
33.3763140663572,33.871787151705,34.3672602370529,34.8627333224008,35.3582064077486),
 .UNSPECIFIED.);
#150=B_SPLINE_CURVE_WITH_KNOTS('',3,(#7520,#7521,#7522,#7523,#7524,#7525),
 .UNSPECIFIED.,.F.,.F.,(4,2,4),(0.,0.0251799495451664,0.050341580565302),
 .UNSPECIFIED.);
#151=B_SPLINE_CURVE_WITH_KNOTS('',3,(#7587,#7588,#7589,#7590,#7591,#7592),
 .UNSPECIFIED.,.F.,.F.,(4,2,4),(0.,0.0252362133070928,0.0504966642403916),
 .UNSPECIFIED.);
#152=B_SPLINE_CURVE_WITH_KNOTS('',3,(#7594,#7595,#7596,#7597,#7598,#7599,
#7600,#7601,#7602,#7603,#7604,#7605,#7606,#7607,#7608,#7609,#7610,#7611,
#7612,#7613,#7614,#7615,#7616,#7617,#7618,#7619,#7620,#7621,#7622,#7623,
#7624,#7625,#7626,#7627,#7628,#7629,#7630),.UNSPECIFIED.,.F.,.F.,(4,3,3,
3,3,3,3,3,3,3,3,3,4),(35.695714690754,36.1911877761018,36.6866608614497,
37.1821339467975,37.6776070321454,38.1730801174932,38.6685532028411,39.1640262881889,
39.6594993735368,40.1549724588847,40.6504455442325,41.1459186295804,41.6413917149282),
 .UNSPECIFIED.);
#153=B_SPLINE_CURVE_WITH_KNOTS('',3,(#7631,#7632,#7633,#7634,#7635,#7636),
 .UNSPECIFIED.,.F.,.F.,(4,2,4),(0.,0.0251799495439429,0.050341580561447),
 .UNSPECIFIED.);
#154=B_SPLINE_CURVE_WITH_KNOTS('',3,(#7698,#7699,#7700,#7701,#7702,#7703),
 .UNSPECIFIED.,.F.,.F.,(4,2,4),(0.,0.0252362133114935,0.0504966642514004),
 .UNSPECIFIED.);
#155=B_SPLINE_CURVE_WITH_KNOTS('',3,(#7705,#7706,#7707,#7708,#7709,#7710,
#7711,#7712,#7713,#7714,#7715,#7716,#7717,#7718,#7719,#7720,#7721,#7722,
#7723,#7724,#7725,#7726,#7727,#7728,#7729,#7730,#7731,#7732,#7733,#7734,
#7735,#7736,#7737,#7738,#7739,#7740,#7741),.UNSPECIFIED.,.F.,.F.,(4,3,3,
3,3,3,3,3,3,3,3,3,4),(41.9788999979336,42.4743730832814,42.9698461686293,
43.4653192539771,43.960792339325,44.4562654246728,44.9517385100207,45.4472115953685,
45.9426846807164,46.4381577660642,46.9336308514121,47.4291039367599,47.9245770221078),
 .UNSPECIFIED.);
#156=B_SPLINE_CURVE_WITH_KNOTS('',3,(#7742,#7743,#7744,#7745,#7746,#7747),
 .UNSPECIFIED.,.F.,.F.,(4,2,4),(0.,0.0251799495470123,0.0503415805746807),
 .UNSPECIFIED.);
#157=B_SPLINE_CURVE_WITH_KNOTS('',3,(#7809,#7810,#7811,#7812,#7813,#7814),
 .UNSPECIFIED.,.F.,.F.,(4,2,4),(0.,0.025236213299809,0.050496664233565),
 .UNSPECIFIED.);
#158=B_SPLINE_CURVE_WITH_KNOTS('',3,(#7816,#7817,#7818,#7819,#7820,#7821,
#7822,#7823,#7824,#7825,#7826,#7827,#7828,#7829,#7830,#7831,#7832,#7833,
#7834,#7835,#7836,#7837,#7838,#7839,#7840,#7841,#7842,#7843,#7844,#7845,
#7846,#7847,#7848,#7849,#7850,#7851,#7852),.UNSPECIFIED.,.F.,.F.,(4,3,3,
3,3,3,3,3,3,3,3,3,4),(48.2620853051131,48.757558390461,49.2530314758088,
49.7485045611567,50.2439776465045,50.7394507318524,51.2349238172003,51.7303969025481,
52.225869987896,52.7213430732438,53.2168161585917,53.7122892439395,54.2077623292874),
 .UNSPECIFIED.);
#159=B_SPLINE_CURVE_WITH_KNOTS('',3,(#7853,#7854,#7855,#7856,#7857,#7858),
 .UNSPECIFIED.,.F.,.F.,(4,2,4),(0.,0.0251799495420982,0.0503415805546503),
 .UNSPECIFIED.);
#160=B_SPLINE_CURVE_WITH_KNOTS('',3,(#7920,#7921,#7922,#7923,#7924,#7925),
 .UNSPECIFIED.,.F.,.F.,(4,2,4),(0.,0.0252362132853889,0.0504966641999308),
 .UNSPECIFIED.);
#161=B_SPLINE_CURVE_WITH_KNOTS('',3,(#7927,#7928,#7929,#7930,#7931,#7932,
#7933,#7934,#7935,#7936,#7937,#7938,#7939,#7940,#7941,#7942,#7943,#7944,
#7945,#7946,#7947,#7948,#7949,#7950,#7951,#7952,#7953,#7954,#7955,#7956,
#7957,#7958,#7959,#7960,#7961,#7962,#7963),.UNSPECIFIED.,.F.,.F.,(4,3,3,
3,3,3,3,3,3,3,3,3,4),(54.5452706122927,55.0407436976406,55.5362167829884,
56.0316898683363,56.5271629536841,57.022636039032,57.5181091243798,58.0135822097277,
58.5090552950755,59.0045283804234,59.5000014657712,59.9954745511191,60.490947636467),
 .UNSPECIFIED.);
#162=B_SPLINE_CURVE_WITH_KNOTS('',3,(#7964,#7965,#7966,#7967,#7968,#7969),
 .UNSPECIFIED.,.F.,.F.,(4,2,4),(0.,0.0251799495442069,0.0503415805612239),
 .UNSPECIFIED.);
#163=B_SPLINE_CURVE_WITH_KNOTS('',3,(#8031,#8032,#8033,#8034,#8035,#8036),
 .UNSPECIFIED.,.F.,.F.,(4,2,4),(0.,0.0252362133025087,0.0504966642520116),
 .UNSPECIFIED.);
#164=B_SPLINE_CURVE_WITH_KNOTS('',3,(#8038,#8039,#8040,#8041,#8042,#8043,
#8044,#8045,#8046,#8047,#8048,#8049,#8050,#8051,#8052,#8053,#8054,#8055,
#8056,#8057,#8058,#8059,#8060,#8061,#8062,#8063,#8064,#8065,#8066,#8067,
#8068,#8069,#8070,#8071,#8072,#8073,#8074),.UNSPECIFIED.,.F.,.F.,(4,3,3,
3,3,3,3,3,3,3,3,3,4),(60.8284559194723,61.3239290048201,61.819402090168,
62.3148751755159,62.8103482608637,63.3058213462116,63.8012944315594,64.2967675169073,
64.7922406022551,65.287713687603,65.7831867729509,66.2786598582987,66.7741329436466),
 .UNSPECIFIED.);
#165=B_SPLINE_CURVE_WITH_KNOTS('',3,(#8075,#8076,#8077,#8078,#8079,#8080),
 .UNSPECIFIED.,.F.,.F.,(4,2,4),(0.,0.0251799495427891,0.0503415805573406),
 .UNSPECIFIED.);
#166=B_SPLINE_CURVE_WITH_KNOTS('',3,(#8142,#8143,#8144,#8145,#8146,#8147),
 .UNSPECIFIED.,.F.,.F.,(4,2,4),(0.,0.025236213306841,0.0504966642406042),
 .UNSPECIFIED.);
#167=B_SPLINE_CURVE_WITH_KNOTS('',3,(#8149,#8150,#8151,#8152,#8153,#8154,
#8155,#8156,#8157,#8158,#8159,#8160,#8161,#8162,#8163,#8164,#8165,#8166,
#8167,#8168,#8169,#8170,#8171,#8172,#8173,#8174,#8175,#8176,#8177,#8178,
#8179,#8180,#8181,#8182,#8183,#8184,#8185),.UNSPECIFIED.,.F.,.F.,(4,3,3,
3,3,3,3,3,3,3,3,3,4),(67.1116412266519,67.6071143119997,68.1025873973476,
68.5980604826954,69.0935335680433,69.5890066533912,70.084479738739,70.5799528240869,
71.0754259094347,71.5708989947826,72.0663720801304,72.5618451654783,73.0573182508261),
 .UNSPECIFIED.);
#168=B_SPLINE_CURVE_WITH_KNOTS('',3,(#8186,#8187,#8188,#8189,#8190,#8191),
 .UNSPECIFIED.,.F.,.F.,(4,2,4),(0.,0.0251799495451435,0.0503415805608876),
 .UNSPECIFIED.);
#169=B_SPLINE_CURVE_WITH_KNOTS('',3,(#8253,#8254,#8255,#8256,#8257,#8258),
 .UNSPECIFIED.,.F.,.F.,(4,2,4),(0.,0.0252362132941692,0.0504966642143941),
 .UNSPECIFIED.);
#170=B_SPLINE_CURVE_WITH_KNOTS('',3,(#8260,#8261,#8262,#8263,#8264,#8265,
#8266,#8267,#8268,#8269,#8270,#8271,#8272,#8273,#8274,#8275,#8276,#8277,
#8278,#8279,#8280,#8281,#8282,#8283,#8284,#8285,#8286,#8287,#8288,#8289,
#8290,#8291,#8292,#8293,#8294,#8295,#8296),.UNSPECIFIED.,.F.,.F.,(4,3,3,
3,3,3,3,3,3,3,3,3,4),(73.3948265338315,73.8902996191793,74.3857727045272,
74.881245789875,75.3767188752229,75.8721919605708,76.3676650459186,76.8631381312665,
77.3586112166143,77.8540843019622,78.34955738731,78.8450304726579,79.3405035580058),
 .UNSPECIFIED.);
#171=B_SPLINE_CURVE_WITH_KNOTS('',3,(#8297,#8298,#8299,#8300,#8301,#8302),
 .UNSPECIFIED.,.F.,.F.,(4,2,4),(0.,0.0251799495484142,0.0503415805777171),
 .UNSPECIFIED.);
#172=B_SPLINE_CURVE_WITH_KNOTS('',3,(#8364,#8365,#8366,#8367,#8368,#8369),
 .UNSPECIFIED.,.F.,.F.,(4,2,4),(0.,0.0252362133079919,0.0504966642559258),
 .UNSPECIFIED.);
#173=B_SPLINE_CURVE_WITH_KNOTS('',3,(#8371,#8372,#8373,#8374,#8375,#8376,
#8377,#8378,#8379,#8380,#8381,#8382,#8383,#8384,#8385,#8386,#8387,#8388,
#8389,#8390,#8391,#8392,#8393,#8394,#8395,#8396,#8397,#8398,#8399,#8400,
#8401,#8402,#8403,#8404,#8405,#8406,#8407),.UNSPECIFIED.,.F.,.F.,(4,3,3,
3,3,3,3,3,3,3,3,3,4),(79.6780118410111,80.1734849263589,80.6689580117068,
81.1644310970546,81.6599041824025,82.1553772677503,82.6508503530982,83.146323438446,
83.6417965237939,84.1372696091418,84.6327426944896,85.1282157798375,85.6236888651853),
 .UNSPECIFIED.);
#174=B_SPLINE_CURVE_WITH_KNOTS('',3,(#8408,#8409,#8410,#8411,#8412,#8413),
 .UNSPECIFIED.,.F.,.F.,(4,2,4),(0.,0.0251799495458421,0.0503415805651889),
 .UNSPECIFIED.);
#175=B_SPLINE_CURVE_WITH_KNOTS('',3,(#8475,#8476,#8477,#8478,#8479,#8480),
 .UNSPECIFIED.,.F.,.F.,(4,2,4),(0.,0.0252362132996383,0.0504966642221175),
 .UNSPECIFIED.);
#176=B_SPLINE_CURVE_WITH_KNOTS('',3,(#8482,#8483,#8484,#8485,#8486,#8487,
#8488,#8489,#8490,#8491,#8492,#8493,#8494,#8495,#8496,#8497,#8498,#8499,
#8500,#8501,#8502,#8503,#8504,#8505,#8506,#8507,#8508,#8509,#8510,#8511,
#8512,#8513,#8514,#8515,#8516,#8517,#8518),.UNSPECIFIED.,.F.,.F.,(4,3,3,
3,3,3,3,3,3,3,3,3,4),(85.9611971481906,86.4566702335385,86.9521433188863,
87.4476164042342,87.943089489582,88.4385625749299,88.9340356602777,89.4295087456256,
89.9249818309735,90.4204549163213,90.9159280016692,91.411401087017,91.9068741723649),
 .UNSPECIFIED.);
#177=B_SPLINE_CURVE_WITH_KNOTS('',3,(#8519,#8520,#8521,#8522,#8523,#8524),
 .UNSPECIFIED.,.F.,.F.,(4,2,4),(0.,0.0251799495461088,0.0503415805663691),
 .UNSPECIFIED.);
#178=B_SPLINE_CURVE_WITH_KNOTS('',3,(#8586,#8587,#8588,#8589),
 .UNSPECIFIED.,.F.,.F.,(4,4),(0.0443963631626882,0.0504966642473355),
 .UNSPECIFIED.);
#179=B_SPLINE_CURVE_WITH_KNOTS('',3,(#8590,#8591,#8592,#8593),
 .UNSPECIFIED.,.F.,.F.,(4,4),(0.0362228772401346,0.0460496272260192),
 .UNSPECIFIED.);
#180=B_SPLINE_CURVE_WITH_KNOTS('',3,(#8595,#8596,#8597,#8598,#8599,#8600,
#8601,#8602,#8603,#8604,#8605,#8606,#8607,#8608,#8609,#8610,#8611,#8612,
#8613,#8614,#8615,#8616,#8617,#8618,#8619,#8620,#8621,#8622,#8623,#8624,
#8625),.UNSPECIFIED.,.F.,.F.,(4,3,3,3,3,3,3,3,3,3,4),(92.2443824553702,
92.7388876039223,93.2333927524743,93.7278979010264,94.2224030495784,94.7169081981305,
95.2114133466825,95.7059184952346,96.2004236437866,96.6949287923387,96.7275434089274),
 .UNSPECIFIED.);
#181=B_SPLINE_CURVE_WITH_KNOTS('',3,(#8626,#8627,#8628,#8629,#8630,#8631),
 .UNSPECIFIED.,.F.,.F.,(4,2,4),(0.,0.0251799495458478,0.0503415805670141),
 .UNSPECIFIED.);
#182=B_SPLINE_CURVE_WITH_KNOTS('',3,(#8677,#8678,#8679,#8680,#8681,#8682),
 .UNSPECIFIED.,.F.,.F.,(4,2,4),(0.,0.0252362133023811,0.0504966642396125),
 .UNSPECIFIED.);
#183=B_SPLINE_CURVE_WITH_KNOTS('',3,(#8684,#8685,#8686,#8687,#8688,#8689,
#8690,#8691,#8692,#8693,#8694,#8695,#8696,#8697,#8698,#8699,#8700,#8701,
#8702,#8703,#8704,#8705,#8706,#8707,#8708),.UNSPECIFIED.,.F.,.F.,(4,3,3,
3,3,3,3,3,4),(0.,0.328523322654219,0.985569967962672,1.47835495194401,1.97113993592535,
2.46392491990669,2.95670990388803,3.61375654919648,3.94227987185071),
 .UNSPECIFIED.);
#184=B_SPLINE_CURVE_WITH_KNOTS('',3,(#8709,#8710,#8711,#8712,#8713,#8714,
#8715,#8716,#8717,#8718,#8719,#8720,#8721,#8722,#8723,#8724,#8725,#8726,
#8727,#8728,#8729,#8730,#8731,#8732,#8733,#8734,#8735,#8736,#8737,#8738,
#8739,#8740,#8741,#8742,#8743,#8744,#8745,#8746,#8747,#8748,#8749,#8750,
#8751,#8752,#8753,#8754,#8755,#8756,#8757,#8758,#8759,#8760,#8761,#8762,
#8763,#8764,#8765,#8766,#8767,#8768,#8769,#8770,#8771,#8772,#8773,#8774,
#8775,#8776,#8777,#8778,#8779,#8780,#8781,#8782,#8783,#8784,#8785,#8786,
#8787,#8788,#8789,#8790,#8791,#8792,#8793,#8794,#8795,#8796,#8797,#8798,
#8799,#8800,#8801,#8802,#8803,#8804,#8805,#8806,#8807,#8808,#8809,#8810,
#8811,#8812,#8813,#8814,#8815,#8816,#8817),.UNSPECIFIED.,.F.,.F.,(4,3,3,
3,3,3,3,3,3,3,3,3,3,3,3,3,3,3,3,3,3,3,3,3,3,3,3,3,3,3,3,3,3,3,3,3,4),(0.,
0.0482002145395921,0.0650236459794937,0.112838667560272,0.161066417280565,
0.206280929064483,0.216492813566556,0.223170900633273,0.271697794001631,
0.32049538101806,0.341924464416238,0.390623787592114,0.419759689316219,
0.434849908784861,0.441327692918554,0.49032584309618,0.539609427115564,
0.588597287607034,0.623711001384953,0.647652956526671,0.659739578453472,
0.666459183077087,0.715401453227098,0.76504127985416,0.814982948888883,
0.862932782579771,0.882277439777625,0.891568640179172,0.941869160679099,
0.99183469147113,1.00678228365243,1.03110885744812,1.04261299136646,1.05093543545313,
1.10082552287378,1.15136911944175,1.20139487401788),.UNSPECIFIED.);
#185=B_SPLINE_CURVE_WITH_KNOTS('',3,(#8822,#8823,#8824,#8825,#8826,#8827,
#8828,#8829,#8830,#8831,#8832,#8833,#8834,#8835,#8836,#8837,#8838,#8839,
#8840,#8841,#8842,#8843,#8844,#8845,#8846,#8847,#8848,#8849,#8850,#8851,
#8852,#8853,#8854,#8855,#8856,#8857,#8858,#8859,#8860,#8861,#8862,#8863,
#8864,#8865,#8866,#8867,#8868,#8869,#8870,#8871,#8872,#8873,#8874,#8875,
#8876,#8877,#8878,#8879,#8880,#8881,#8882,#8883,#8884,#8885,#8886,#8887,
#8888,#8889,#8890,#8891,#8892,#8893,#8894,#8895,#8896,#8897,#8898,#8899,
#8900,#8901,#8902,#8903,#8904,#8905,#8906,#8907,#8908,#8909,#8910,#8911,
#8912,#8913,#8914,#8915,#8916,#8917,#8918,#8919,#8920,#8921,#8922,#8923,
#8924,#8925,#8926,#8927,#8928,#8929,#8930),.UNSPECIFIED.,.F.,.F.,(4,3,3,
3,3,3,3,3,3,3,3,3,3,3,3,3,3,3,3,3,3,3,3,3,3,3,3,3,3,3,3,3,3,3,3,3,4),(-1.20328917002285,
-1.15478008424209,-1.10660759133265,-1.07679119232235,-1.05979319700326,
-1.04989920229652,-1.04697479331206,-0.999943803927417,-0.95192427065311,
-0.925669189066247,-0.91087971004885,-0.904764051159924,-0.856282256686663,
-0.807103452913158,-0.757694365009077,-0.70860571872593,-0.695935640639513,
-0.685263352308268,-0.67922599568545,-0.629358238823663,-0.579915959102366,
-0.531842965263303,-0.482511776486886,-0.467433283471671,-0.460412846770947,
-0.454361948493564,-0.405762877080634,-0.355042517445555,-0.304667726549109,
-0.26658426073047,-0.231873328566552,-0.225925361273573,-0.175263629202086,
-0.124438978437078,-0.0740448502635422,-0.0248383416236252,0.),
 .UNSPECIFIED.);
#186=B_SPLINE_CURVE_WITH_KNOTS('',3,(#8961,#8962,#8963,#8964,#8965,#8966),
 .UNSPECIFIED.,.F.,.F.,(4,2,4),(0.,0.0252362133049815,0.0504966642542419),
 .UNSPECIFIED.);
#187=B_SPLINE_CURVE_WITH_KNOTS('',3,(#8967,#8968,#8969,#8970,#8971,#8972,
#8973,#8974,#8975,#8976,#8977,#8978,#8979),.UNSPECIFIED.,.F.,.F.,(4,3,3,
3,4),(-98.8158310769491,-97.9119942812062,-97.0081574854634,-96.1043206897205,
-95.2004838939777),.UNSPECIFIED.);
#188=FACE_BOUND('',#545,.T.);
#189=FACE_BOUND('',#623,.T.);
#190=TOROIDAL_SURFACE('',#3305,4.8,0.2);
#191=TOROIDAL_SURFACE('',#3315,4.8,0.2);
#192=STYLED_ITEM('',(#9245),#200);
#193=STYLED_ITEM('',(#9246),#201);
#194=STYLED_ITEM('',(#9247),#202);
#195=STYLED_ITEM('',(#9247),#203);
#196=STYLED_ITEM('',(#9247),#204);
#197=STYLED_ITEM('',(#9247),#205);
#198=STYLED_ITEM('',(#9247),#206);
#199=STYLED_ITEM('',(#9247),#207);
#200=MANIFOLD_SOLID_BREP('\X2\30DC30C730A3\X0\1',#3148);
#201=MANIFOLD_SOLID_BREP('\X2\30DC30C730A3\X0\8',#3149);
#202=MANIFOLD_SOLID_BREP('\X2\30DC30C730A3\X0\2',#3150);
#203=MANIFOLD_SOLID_BREP('\X2\30DC30C730A3\X0\3',#3151);
#204=MANIFOLD_SOLID_BREP('\X2\30DC30C730A3\X0\4',#3152);
#205=MANIFOLD_SOLID_BREP('\X2\30DC30C730A3\X0\5',#3153);
#206=MANIFOLD_SOLID_BREP('\X2\30DC30C730A3\X0\6',#3154);
#207=MANIFOLD_SOLID_BREP('\X2\30DC30C730A3\X0\7',#3155);
#208=PLANE('',#3191);
#209=PLANE('',#3194);
#210=PLANE('',#3195);
#211=PLANE('',#3218);
#212=PLANE('',#3221);
#213=PLANE('',#3222);
#214=PLANE('',#3245);
#215=PLANE('',#3248);
#216=PLANE('',#3249);
#217=PLANE('',#3272);
#218=PLANE('',#3275);
#219=PLANE('',#3278);
#220=PLANE('',#3281);
#221=PLANE('',#3284);
#222=PLANE('',#3291);
#223=PLANE('',#3293);
#224=PLANE('',#3301);
#225=PLANE('',#3304);
#226=PLANE('',#3313);
#227=PLANE('',#3318);
#228=PLANE('',#3321);
#229=PLANE('',#3343);
#230=PLANE('',#3345);
#231=PLANE('',#3346);
#232=PLANE('',#3363);
#233=PLANE('',#3367);
#234=PLANE('',#3368);
#235=PLANE('',#3369);
#236=PLANE('',#3370);
#237=PLANE('',#3372);
#238=PLANE('',#3373);
#239=PLANE('',#3377);
#240=PLANE('',#3378);
#241=PLANE('',#3379);
#242=PLANE('',#3380);
#243=PLANE('',#3381);
#244=PLANE('',#3385);
#245=PLANE('',#3386);
#246=PLANE('',#3387);
#247=PLANE('',#3388);
#248=PLANE('',#3389);
#249=PLANE('',#3393);
#250=PLANE('',#3394);
#251=PLANE('',#3395);
#252=PLANE('',#3396);
#253=PLANE('',#3397);
#254=PLANE('',#3401);
#255=PLANE('',#3402);
#256=PLANE('',#3403);
#257=PLANE('',#3404);
#258=PLANE('',#3405);
#259=PLANE('',#3409);
#260=PLANE('',#3410);
#261=PLANE('',#3411);
#262=PLANE('',#3412);
#263=PLANE('',#3413);
#264=PLANE('',#3417);
#265=PLANE('',#3418);
#266=PLANE('',#3419);
#267=PLANE('',#3420);
#268=SPHERICAL_SURFACE('',#3175,0.2);
#269=SPHERICAL_SURFACE('',#3180,0.2);
#270=SPHERICAL_SURFACE('',#3185,0.2);
#271=SPHERICAL_SURFACE('',#3187,0.2);
#272=SPHERICAL_SURFACE('',#3202,0.2);
#273=SPHERICAL_SURFACE('',#3207,0.2);
#274=SPHERICAL_SURFACE('',#3212,0.2);
#275=SPHERICAL_SURFACE('',#3214,0.2);
#276=SPHERICAL_SURFACE('',#3229,0.2);
#277=SPHERICAL_SURFACE('',#3234,0.2);
#278=SPHERICAL_SURFACE('',#3239,0.2);
#279=SPHERICAL_SURFACE('',#3241,0.2);
#280=SPHERICAL_SURFACE('',#3256,0.2);
#281=SPHERICAL_SURFACE('',#3261,0.2);
#282=SPHERICAL_SURFACE('',#3266,0.2);
#283=SPHERICAL_SURFACE('',#3268,0.2);
#284=FACE_OUTER_BOUND('',#473,.T.);
#285=FACE_OUTER_BOUND('',#474,.T.);
#286=FACE_OUTER_BOUND('',#475,.T.);
#287=FACE_OUTER_BOUND('',#476,.T.);
#288=FACE_OUTER_BOUND('',#477,.T.);
#289=FACE_OUTER_BOUND('',#478,.T.);
#290=FACE_OUTER_BOUND('',#479,.T.);
#291=FACE_OUTER_BOUND('',#480,.T.);
#292=FACE_OUTER_BOUND('',#481,.T.);
#293=FACE_OUTER_BOUND('',#482,.T.);
#294=FACE_OUTER_BOUND('',#483,.T.);
#295=FACE_OUTER_BOUND('',#484,.T.);
#296=FACE_OUTER_BOUND('',#485,.T.);
#297=FACE_OUTER_BOUND('',#486,.T.);
#298=FACE_OUTER_BOUND('',#487,.T.);
#299=FACE_OUTER_BOUND('',#488,.T.);
#300=FACE_OUTER_BOUND('',#489,.T.);
#301=FACE_OUTER_BOUND('',#490,.T.);
#302=FACE_OUTER_BOUND('',#491,.T.);
#303=FACE_OUTER_BOUND('',#492,.T.);
#304=FACE_OUTER_BOUND('',#493,.T.);
#305=FACE_OUTER_BOUND('',#494,.T.);
#306=FACE_OUTER_BOUND('',#495,.T.);
#307=FACE_OUTER_BOUND('',#496,.T.);
#308=FACE_OUTER_BOUND('',#497,.T.);
#309=FACE_OUTER_BOUND('',#498,.T.);
#310=FACE_OUTER_BOUND('',#499,.T.);
#311=FACE_OUTER_BOUND('',#500,.T.);
#312=FACE_OUTER_BOUND('',#501,.T.);
#313=FACE_OUTER_BOUND('',#502,.T.);
#314=FACE_OUTER_BOUND('',#503,.T.);
#315=FACE_OUTER_BOUND('',#504,.T.);
#316=FACE_OUTER_BOUND('',#505,.T.);
#317=FACE_OUTER_BOUND('',#506,.T.);
#318=FACE_OUTER_BOUND('',#507,.T.);
#319=FACE_OUTER_BOUND('',#508,.T.);
#320=FACE_OUTER_BOUND('',#509,.T.);
#321=FACE_OUTER_BOUND('',#510,.T.);
#322=FACE_OUTER_BOUND('',#511,.T.);
#323=FACE_OUTER_BOUND('',#512,.T.);
#324=FACE_OUTER_BOUND('',#513,.T.);
#325=FACE_OUTER_BOUND('',#514,.T.);
#326=FACE_OUTER_BOUND('',#515,.T.);
#327=FACE_OUTER_BOUND('',#516,.T.);
#328=FACE_OUTER_BOUND('',#517,.T.);
#329=FACE_OUTER_BOUND('',#518,.T.);
#330=FACE_OUTER_BOUND('',#519,.T.);
#331=FACE_OUTER_BOUND('',#520,.T.);
#332=FACE_OUTER_BOUND('',#521,.T.);
#333=FACE_OUTER_BOUND('',#522,.T.);
#334=FACE_OUTER_BOUND('',#523,.T.);
#335=FACE_OUTER_BOUND('',#524,.T.);
#336=FACE_OUTER_BOUND('',#525,.T.);
#337=FACE_OUTER_BOUND('',#526,.T.);
#338=FACE_OUTER_BOUND('',#527,.T.);
#339=FACE_OUTER_BOUND('',#528,.T.);
#340=FACE_OUTER_BOUND('',#529,.T.);
#341=FACE_OUTER_BOUND('',#530,.T.);
#342=FACE_OUTER_BOUND('',#531,.T.);
#343=FACE_OUTER_BOUND('',#532,.T.);
#344=FACE_OUTER_BOUND('',#533,.T.);
#345=FACE_OUTER_BOUND('',#534,.T.);
#346=FACE_OUTER_BOUND('',#535,.T.);
#347=FACE_OUTER_BOUND('',#536,.T.);
#348=FACE_OUTER_BOUND('',#537,.T.);
#349=FACE_OUTER_BOUND('',#538,.T.);
#350=FACE_OUTER_BOUND('',#539,.T.);
#351=FACE_OUTER_BOUND('',#540,.T.);
#352=FACE_OUTER_BOUND('',#541,.T.);
#353=FACE_OUTER_BOUND('',#542,.T.);
#354=FACE_OUTER_BOUND('',#543,.T.);
#355=FACE_OUTER_BOUND('',#544,.T.);
#356=FACE_OUTER_BOUND('',#546,.T.);
#357=FACE_OUTER_BOUND('',#547,.T.);
#358=FACE_OUTER_BOUND('',#548,.T.);
#359=FACE_OUTER_BOUND('',#549,.T.);
#360=FACE_OUTER_BOUND('',#550,.T.);
#361=FACE_OUTER_BOUND('',#551,.T.);
#362=FACE_OUTER_BOUND('',#552,.T.);
#363=FACE_OUTER_BOUND('',#553,.T.);
#364=FACE_OUTER_BOUND('',#554,.T.);
#365=FACE_OUTER_BOUND('',#555,.T.);
#366=FACE_OUTER_BOUND('',#556,.T.);
#367=FACE_OUTER_BOUND('',#557,.T.);
#368=FACE_OUTER_BOUND('',#558,.T.);
#369=FACE_OUTER_BOUND('',#559,.T.);
#370=FACE_OUTER_BOUND('',#560,.T.);
#371=FACE_OUTER_BOUND('',#561,.T.);
#372=FACE_OUTER_BOUND('',#562,.T.);
#373=FACE_OUTER_BOUND('',#563,.T.);
#374=FACE_OUTER_BOUND('',#564,.T.);
#375=FACE_OUTER_BOUND('',#565,.T.);
#376=FACE_OUTER_BOUND('',#566,.T.);
#377=FACE_OUTER_BOUND('',#567,.T.);
#378=FACE_OUTER_BOUND('',#568,.T.);
#379=FACE_OUTER_BOUND('',#569,.T.);
#380=FACE_OUTER_BOUND('',#570,.T.);
#381=FACE_OUTER_BOUND('',#571,.T.);
#382=FACE_OUTER_BOUND('',#572,.T.);
#383=FACE_OUTER_BOUND('',#573,.T.);
#384=FACE_OUTER_BOUND('',#574,.T.);
#385=FACE_OUTER_BOUND('',#575,.T.);
#386=FACE_OUTER_BOUND('',#576,.T.);
#387=FACE_OUTER_BOUND('',#577,.T.);
#388=FACE_OUTER_BOUND('',#578,.T.);
#389=FACE_OUTER_BOUND('',#579,.T.);
#390=FACE_OUTER_BOUND('',#580,.T.);
#391=FACE_OUTER_BOUND('',#581,.T.);
#392=FACE_OUTER_BOUND('',#582,.T.);
#393=FACE_OUTER_BOUND('',#583,.T.);
#394=FACE_OUTER_BOUND('',#584,.T.);
#395=FACE_OUTER_BOUND('',#585,.T.);
#396=FACE_OUTER_BOUND('',#586,.T.);
#397=FACE_OUTER_BOUND('',#587,.T.);
#398=FACE_OUTER_BOUND('',#588,.T.);
#399=FACE_OUTER_BOUND('',#589,.T.);
#400=FACE_OUTER_BOUND('',#590,.T.);
#401=FACE_OUTER_BOUND('',#591,.T.);
#402=FACE_OUTER_BOUND('',#592,.T.);
#403=FACE_OUTER_BOUND('',#593,.T.);
#404=FACE_OUTER_BOUND('',#594,.T.);
#405=FACE_OUTER_BOUND('',#595,.T.);
#406=FACE_OUTER_BOUND('',#596,.T.);
#407=FACE_OUTER_BOUND('',#597,.T.);
#408=FACE_OUTER_BOUND('',#598,.T.);
#409=FACE_OUTER_BOUND('',#599,.T.);
#410=FACE_OUTER_BOUND('',#600,.T.);
#411=FACE_OUTER_BOUND('',#601,.T.);
#412=FACE_OUTER_BOUND('',#602,.T.);
#413=FACE_OUTER_BOUND('',#603,.T.);
#414=FACE_OUTER_BOUND('',#604,.T.);
#415=FACE_OUTER_BOUND('',#605,.T.);
#416=FACE_OUTER_BOUND('',#606,.T.);
#417=FACE_OUTER_BOUND('',#607,.T.);
#418=FACE_OUTER_BOUND('',#608,.T.);
#419=FACE_OUTER_BOUND('',#609,.T.);
#420=FACE_OUTER_BOUND('',#610,.T.);
#421=FACE_OUTER_BOUND('',#611,.T.);
#422=FACE_OUTER_BOUND('',#612,.T.);
#423=FACE_OUTER_BOUND('',#613,.T.);
#424=FACE_OUTER_BOUND('',#614,.T.);
#425=FACE_OUTER_BOUND('',#615,.T.);
#426=FACE_OUTER_BOUND('',#616,.T.);
#427=FACE_OUTER_BOUND('',#617,.T.);
#428=FACE_OUTER_BOUND('',#618,.T.);
#429=FACE_OUTER_BOUND('',#619,.T.);
#430=FACE_OUTER_BOUND('',#620,.T.);
#431=FACE_OUTER_BOUND('',#621,.T.);
#432=FACE_OUTER_BOUND('',#622,.T.);
#433=FACE_OUTER_BOUND('',#624,.T.);
#434=FACE_OUTER_BOUND('',#625,.T.);
#435=FACE_OUTER_BOUND('',#626,.T.);
#436=FACE_OUTER_BOUND('',#627,.T.);
#437=FACE_OUTER_BOUND('',#628,.T.);
#438=FACE_OUTER_BOUND('',#629,.T.);
#439=FACE_OUTER_BOUND('',#630,.T.);
#440=FACE_OUTER_BOUND('',#631,.T.);
#441=FACE_OUTER_BOUND('',#632,.T.);
#442=FACE_OUTER_BOUND('',#633,.T.);
#443=FACE_OUTER_BOUND('',#634,.T.);
#444=FACE_OUTER_BOUND('',#635,.T.);
#445=FACE_OUTER_BOUND('',#636,.T.);
#446=FACE_OUTER_BOUND('',#637,.T.);
#447=FACE_OUTER_BOUND('',#638,.T.);
#448=FACE_OUTER_BOUND('',#639,.T.);
#449=FACE_OUTER_BOUND('',#640,.T.);
#450=FACE_OUTER_BOUND('',#641,.T.);
#451=FACE_OUTER_BOUND('',#642,.T.);
#452=FACE_OUTER_BOUND('',#643,.T.);
#453=FACE_OUTER_BOUND('',#644,.T.);
#454=FACE_OUTER_BOUND('',#645,.T.);
#455=FACE_OUTER_BOUND('',#646,.T.);
#456=FACE_OUTER_BOUND('',#647,.T.);
#457=FACE_OUTER_BOUND('',#648,.T.);
#458=FACE_OUTER_BOUND('',#649,.T.);
#459=FACE_OUTER_BOUND('',#650,.T.);
#460=FACE_OUTER_BOUND('',#651,.T.);
#461=FACE_OUTER_BOUND('',#652,.T.);
#462=FACE_OUTER_BOUND('',#653,.T.);
#463=FACE_OUTER_BOUND('',#654,.T.);
#464=FACE_OUTER_BOUND('',#655,.T.);
#465=FACE_OUTER_BOUND('',#656,.T.);
#466=FACE_OUTER_BOUND('',#657,.T.);
#467=FACE_OUTER_BOUND('',#658,.T.);
#468=FACE_OUTER_BOUND('',#659,.T.);
#469=FACE_OUTER_BOUND('',#660,.T.);
#470=FACE_OUTER_BOUND('',#661,.T.);
#471=FACE_OUTER_BOUND('',#662,.T.);
#472=FACE_OUTER_BOUND('',#663,.T.);
#473=EDGE_LOOP('',(#1961,#1962,#1963,#1964));
#474=EDGE_LOOP('',(#1965,#1966,#1967,#1968));
#475=EDGE_LOOP('',(#1969,#1970,#1971));
#476=EDGE_LOOP('',(#1972,#1973,#1974,#1975));
#477=EDGE_LOOP('',(#1976,#1977,#1978));
#478=EDGE_LOOP('',(#1979,#1980,#1981,#1982));
#479=EDGE_LOOP('',(#1983,#1984,#1985));
#480=EDGE_LOOP('',(#1986,#1987,#1988));
#481=EDGE_LOOP('',(#1989,#1990,#1991,#1992));
#482=EDGE_LOOP('',(#1993,#1994,#1995,#1996));
#483=EDGE_LOOP('',(#1997,#1998,#1999,#2000));
#484=EDGE_LOOP('',(#2001,#2002,#2003,#2004));
#485=EDGE_LOOP('',(#2005,#2006,#2007,#2008));
#486=EDGE_LOOP('',(#2009,#2010,#2011,#2012));
#487=EDGE_LOOP('',(#2013,#2014,#2015,#2016));
#488=EDGE_LOOP('',(#2017,#2018,#2019));
#489=EDGE_LOOP('',(#2020,#2021,#2022,#2023));
#490=EDGE_LOOP('',(#2024,#2025,#2026));
#491=EDGE_LOOP('',(#2027,#2028,#2029,#2030));
#492=EDGE_LOOP('',(#2031,#2032,#2033));
#493=EDGE_LOOP('',(#2034,#2035,#2036));
#494=EDGE_LOOP('',(#2037,#2038,#2039,#2040));
#495=EDGE_LOOP('',(#2041,#2042,#2043,#2044));
#496=EDGE_LOOP('',(#2045,#2046,#2047,#2048));
#497=EDGE_LOOP('',(#2049,#2050,#2051,#2052));
#498=EDGE_LOOP('',(#2053,#2054,#2055,#2056));
#499=EDGE_LOOP('',(#2057,#2058,#2059,#2060));
#500=EDGE_LOOP('',(#2061,#2062,#2063,#2064));
#501=EDGE_LOOP('',(#2065,#2066,#2067));
#502=EDGE_LOOP('',(#2068,#2069,#2070,#2071));
#503=EDGE_LOOP('',(#2072,#2073,#2074));
#504=EDGE_LOOP('',(#2075,#2076,#2077,#2078));
#505=EDGE_LOOP('',(#2079,#2080,#2081));
#506=EDGE_LOOP('',(#2082,#2083,#2084));
#507=EDGE_LOOP('',(#2085,#2086,#2087,#2088));
#508=EDGE_LOOP('',(#2089,#2090,#2091,#2092,#2093,#2094,#2095,#2096,#2097,
#2098));
#509=EDGE_LOOP('',(#2099,#2100,#2101,#2102));
#510=EDGE_LOOP('',(#2103,#2104,#2105,#2106,#2107,#2108,#2109,#2110,#2111,
#2112));
#511=EDGE_LOOP('',(#2113,#2114,#2115,#2116));
#512=EDGE_LOOP('',(#2117,#2118,#2119,#2120));
#513=EDGE_LOOP('',(#2121,#2122,#2123,#2124));
#514=EDGE_LOOP('',(#2125,#2126,#2127));
#515=EDGE_LOOP('',(#2128,#2129,#2130,#2131));
#516=EDGE_LOOP('',(#2132,#2133,#2134));
#517=EDGE_LOOP('',(#2135,#2136,#2137,#2138));
#518=EDGE_LOOP('',(#2139,#2140,#2141));
#519=EDGE_LOOP('',(#2142,#2143,#2144));
#520=EDGE_LOOP('',(#2145,#2146,#2147,#2148));
#521=EDGE_LOOP('',(#2149,#2150,#2151,#2152,#2153,#2154,#2155,#2156,#2157));
#522=EDGE_LOOP('',(#2158,#2159,#2160,#2161));
#523=EDGE_LOOP('',(#2162,#2163,#2164,#2165));
#524=EDGE_LOOP('',(#2166,#2167,#2168,#2169));
#525=EDGE_LOOP('',(#2170,#2171,#2172,#2173));
#526=EDGE_LOOP('',(#2174,#2175,#2176,#2177));
#527=EDGE_LOOP('',(#2178,#2179,#2180,#2181));
#528=EDGE_LOOP('',(#2182,#2183,#2184,#2185));
#529=EDGE_LOOP('',(#2186,#2187,#2188,#2189,#2190,#2191,#2192,#2193,#2194,
#2195,#2196,#2197,#2198,#2199,#2200,#2201,#2202,#2203,#2204,#2205,#2206,
#2207,#2208,#2209));
#530=EDGE_LOOP('',(#2210,#2211,#2212,#2213));
#531=EDGE_LOOP('',(#2214,#2215,#2216,#2217));
#532=EDGE_LOOP('',(#2218,#2219,#2220,#2221));
#533=EDGE_LOOP('',(#2222,#2223,#2224,#2225));
#534=EDGE_LOOP('',(#2226,#2227,#2228,#2229));
#535=EDGE_LOOP('',(#2230,#2231,#2232,#2233));
#536=EDGE_LOOP('',(#2234,#2235,#2236,#2237));
#537=EDGE_LOOP('',(#2238,#2239,#2240,#2241));
#538=EDGE_LOOP('',(#2242,#2243,#2244,#2245));
#539=EDGE_LOOP('',(#2246,#2247,#2248,#2249,#2250,#2251,#2252,#2253,#2254));
#540=EDGE_LOOP('',(#2255,#2256,#2257,#2258));
#541=EDGE_LOOP('',(#2259,#2260,#2261,#2262,#2263,#2264,#2265,#2266));
#542=EDGE_LOOP('',(#2267,#2268,#2269,#2270,#2271));
#543=EDGE_LOOP('',(#2272,#2273,#2274,#2275,#2276,#2277));
#544=EDGE_LOOP('',(#2278));
#545=EDGE_LOOP('',(#2279));
#546=EDGE_LOOP('',(#2280,#2281,#2282,#2283,#2284));
#547=EDGE_LOOP('',(#2285));
#548=EDGE_LOOP('',(#2286,#2287,#2288,#2289));
#549=EDGE_LOOP('',(#2290,#2291,#2292));
#550=EDGE_LOOP('',(#2293,#2294,#2295,#2296));
#551=EDGE_LOOP('',(#2297,#2298,#2299,#2300));
#552=EDGE_LOOP('',(#2301,#2302,#2303,#2304));
#553=EDGE_LOOP('',(#2305,#2306,#2307,#2308));
#554=EDGE_LOOP('',(#2309,#2310,#2311,#2312));
#555=EDGE_LOOP('',(#2313,#2314,#2315,#2316));
#556=EDGE_LOOP('',(#2317,#2318,#2319,#2320));
#557=EDGE_LOOP('',(#2321,#2322,#2323,#2324));
#558=EDGE_LOOP('',(#2325,#2326,#2327,#2328));
#559=EDGE_LOOP('',(#2329,#2330,#2331,#2332));
#560=EDGE_LOOP('',(#2333,#2334,#2335,#2336));
#561=EDGE_LOOP('',(#2337,#2338,#2339,#2340));
#562=EDGE_LOOP('',(#2341,#2342,#2343,#2344));
#563=EDGE_LOOP('',(#2345,#2346,#2347,#2348));
#564=EDGE_LOOP('',(#2349,#2350,#2351,#2352));
#565=EDGE_LOOP('',(#2353,#2354,#2355,#2356));
#566=EDGE_LOOP('',(#2357,#2358,#2359,#2360,#2361));
#567=EDGE_LOOP('',(#2362,#2363,#2364));
#568=EDGE_LOOP('',(#2365,#2366,#2367,#2368,#2369));
#569=EDGE_LOOP('',(#2370,#2371,#2372,#2373));
#570=EDGE_LOOP('',(#2374,#2375,#2376,#2377));
#571=EDGE_LOOP('',(#2378,#2379,#2380,#2381));
#572=EDGE_LOOP('',(#2382,#2383,#2384,#2385));
#573=EDGE_LOOP('',(#2386,#2387,#2388,#2389));
#574=EDGE_LOOP('',(#2390,#2391,#2392,#2393));
#575=EDGE_LOOP('',(#2394,#2395,#2396,#2397));
#576=EDGE_LOOP('',(#2398,#2399,#2400,#2401));
#577=EDGE_LOOP('',(#2402,#2403,#2404,#2405));
#578=EDGE_LOOP('',(#2406,#2407,#2408,#2409));
#579=EDGE_LOOP('',(#2410,#2411,#2412,#2413));
#580=EDGE_LOOP('',(#2414,#2415,#2416,#2417));
#581=EDGE_LOOP('',(#2418,#2419,#2420,#2421));
#582=EDGE_LOOP('',(#2422,#2423,#2424,#2425));
#583=EDGE_LOOP('',(#2426,#2427,#2428));
#584=EDGE_LOOP('',(#2429,#2430,#2431,#2432));
#585=EDGE_LOOP('',(#2433,#2434,#2435,#2436));
#586=EDGE_LOOP('',(#2437,#2438,#2439,#2440));
#587=EDGE_LOOP('',(#2441,#2442,#2443,#2444));
#588=EDGE_LOOP('',(#2445,#2446,#2447,#2448));
#589=EDGE_LOOP('',(#2449,#2450,#2451,#2452));
#590=EDGE_LOOP('',(#2453,#2454,#2455,#2456));
#591=EDGE_LOOP('',(#2457,#2458,#2459,#2460));
#592=EDGE_LOOP('',(#2461,#2462,#2463,#2464));
#593=EDGE_LOOP('',(#2465,#2466,#2467,#2468));
#594=EDGE_LOOP('',(#2469,#2470,#2471,#2472));
#595=EDGE_LOOP('',(#2473,#2474,#2475,#2476));
#596=EDGE_LOOP('',(#2477,#2478,#2479,#2480));
#597=EDGE_LOOP('',(#2481,#2482,#2483,#2484));
#598=EDGE_LOOP('',(#2485,#2486,#2487,#2488,#2489,#2490));
#599=EDGE_LOOP('',(#2491,#2492,#2493,#2494));
#600=EDGE_LOOP('',(#2495,#2496,#2497,#2498,#2499));
#601=EDGE_LOOP('',(#2500,#2501,#2502,#2503));
#602=EDGE_LOOP('',(#2504,#2505,#2506,#2507,#2508,#2509,#2510));
#603=EDGE_LOOP('',(#2511,#2512,#2513,#2514,#2515,#2516,#2517,#2518,#2519,
#2520,#2521,#2522,#2523,#2524,#2525,#2526,#2527,#2528,#2529,#2530,#2531,
#2532,#2533,#2534,#2535,#2536,#2537,#2538,#2539,#2540,#2541,#2542,#2543,
#2544,#2545,#2546,#2547,#2548,#2549,#2550,#2551,#2552,#2553,#2554,#2555,
#2556,#2557,#2558,#2559,#2560,#2561,#2562,#2563,#2564,#2565,#2566,#2567,
#2568,#2569,#2570,#2571,#2572,#2573,#2574,#2575));
#604=EDGE_LOOP('',(#2576,#2577,#2578,#2579));
#605=EDGE_LOOP('',(#2580,#2581,#2582,#2583));
#606=EDGE_LOOP('',(#2584,#2585,#2586,#2587));
#607=EDGE_LOOP('',(#2588,#2589,#2590,#2591));
#608=EDGE_LOOP('',(#2592,#2593,#2594,#2595));
#609=EDGE_LOOP('',(#2596,#2597,#2598,#2599));
#610=EDGE_LOOP('',(#2600,#2601,#2602,#2603));
#611=EDGE_LOOP('',(#2604,#2605,#2606,#2607));
#612=EDGE_LOOP('',(#2608,#2609,#2610,#2611));
#613=EDGE_LOOP('',(#2612,#2613,#2614,#2615));
#614=EDGE_LOOP('',(#2616,#2617,#2618,#2619));
#615=EDGE_LOOP('',(#2620,#2621,#2622,#2623));
#616=EDGE_LOOP('',(#2624,#2625,#2626,#2627));
#617=EDGE_LOOP('',(#2628,#2629,#2630,#2631));
#618=EDGE_LOOP('',(#2632,#2633,#2634,#2635));
#619=EDGE_LOOP('',(#2636,#2637,#2638,#2639,#2640,#2641));
#620=EDGE_LOOP('',(#2642,#2643,#2644,#2645,#2646,#2647));
#621=EDGE_LOOP('',(#2648,#2649,#2650,#2651));
#622=EDGE_LOOP('',(#2652,#2653,#2654,#2655));
#623=EDGE_LOOP('',(#2656));
#624=EDGE_LOOP('',(#2657,#2658,#2659,#2660));
#625=EDGE_LOOP('',(#2661,#2662,#2663,#2664,#2665,#2666,#2667,#2668,#2669,
#2670,#2671,#2672,#2673,#2674,#2675,#2676,#2677,#2678,#2679,#2680,#2681,
#2682,#2683,#2684,#2685,#2686,#2687,#2688,#2689,#2690,#2691,#2692,#2693,
#2694,#2695,#2696,#2697,#2698,#2699,#2700,#2701,#2702,#2703,#2704,#2705,
#2706,#2707,#2708,#2709,#2710,#2711,#2712,#2713,#2714,#2715,#2716,#2717,
#2718,#2719,#2720,#2721,#2722,#2723,#2724,#2725,#2726));
#626=EDGE_LOOP('',(#2727,#2728,#2729,#2730));
#627=EDGE_LOOP('',(#2731,#2732,#2733,#2734,#2735,#2736,#2737,#2738));
#628=EDGE_LOOP('',(#2739,#2740,#2741,#2742));
#629=EDGE_LOOP('',(#2743,#2744,#2745,#2746));
#630=EDGE_LOOP('',(#2747,#2748,#2749,#2750));
#631=EDGE_LOOP('',(#2751,#2752,#2753,#2754));
#632=EDGE_LOOP('',(#2755,#2756,#2757,#2758));
#633=EDGE_LOOP('',(#2759,#2760,#2761,#2762));
#634=EDGE_LOOP('',(#2763,#2764,#2765,#2766));
#635=EDGE_LOOP('',(#2767,#2768,#2769,#2770));
#636=EDGE_LOOP('',(#2771,#2772,#2773,#2774));
#637=EDGE_LOOP('',(#2775,#2776,#2777,#2778));
#638=EDGE_LOOP('',(#2779,#2780,#2781,#2782));
#639=EDGE_LOOP('',(#2783,#2784,#2785,#2786));
#640=EDGE_LOOP('',(#2787,#2788,#2789,#2790));
#641=EDGE_LOOP('',(#2791,#2792,#2793,#2794));
#642=EDGE_LOOP('',(#2795,#2796,#2797,#2798));
#643=EDGE_LOOP('',(#2799,#2800,#2801,#2802));
#644=EDGE_LOOP('',(#2803,#2804,#2805,#2806));
#645=EDGE_LOOP('',(#2807,#2808,#2809,#2810));
#646=EDGE_LOOP('',(#2811,#2812,#2813,#2814));
#647=EDGE_LOOP('',(#2815,#2816,#2817,#2818));
#648=EDGE_LOOP('',(#2819,#2820,#2821,#2822));
#649=EDGE_LOOP('',(#2823,#2824,#2825,#2826));
#650=EDGE_LOOP('',(#2827,#2828,#2829,#2830));
#651=EDGE_LOOP('',(#2831,#2832,#2833,#2834));
#652=EDGE_LOOP('',(#2835,#2836,#2837,#2838));
#653=EDGE_LOOP('',(#2839,#2840,#2841,#2842));
#654=EDGE_LOOP('',(#2843,#2844,#2845,#2846));
#655=EDGE_LOOP('',(#2847,#2848,#2849,#2850));
#656=EDGE_LOOP('',(#2851,#2852,#2853,#2854));
#657=EDGE_LOOP('',(#2855,#2856,#2857,#2858));
#658=EDGE_LOOP('',(#2859,#2860,#2861,#2862));
#659=EDGE_LOOP('',(#2863,#2864,#2865,#2866));
#660=EDGE_LOOP('',(#2867,#2868,#2869,#2870));
#661=EDGE_LOOP('',(#2871,#2872,#2873,#2874));
#662=EDGE_LOOP('',(#2875,#2876,#2877,#2878));
#663=EDGE_LOOP('',(#2879,#2880,#2881,#2882));
#664=LINE('',#4158,#889);
#665=LINE('',#4161,#890);
#666=LINE('',#4166,#891);
#667=LINE('',#4169,#892);
#668=LINE('',#4176,#893);
#669=LINE('',#4179,#894);
#670=LINE('',#4186,#895);
#671=LINE('',#4188,#896);
#672=LINE('',#4195,#897);
#673=LINE('',#4198,#898);
#674=LINE('',#4201,#899);
#675=LINE('',#4202,#900);
#676=LINE('',#4205,#901);
#677=LINE('',#4209,#902);
#678=LINE('',#4210,#903);
#679=LINE('',#4217,#904);
#680=LINE('',#4220,#905);
#681=LINE('',#4225,#906);
#682=LINE('',#4228,#907);
#683=LINE('',#4235,#908);
#684=LINE('',#4238,#909);
#685=LINE('',#4245,#910);
#686=LINE('',#4247,#911);
#687=LINE('',#4254,#912);
#688=LINE('',#4257,#913);
#689=LINE('',#4260,#914);
#690=LINE('',#4261,#915);
#691=LINE('',#4264,#916);
#692=LINE('',#4268,#917);
#693=LINE('',#4269,#918);
#694=LINE('',#4276,#919);
#695=LINE('',#4279,#920);
#696=LINE('',#4284,#921);
#697=LINE('',#4287,#922);
#698=LINE('',#4294,#923);
#699=LINE('',#4297,#924);
#700=LINE('',#4304,#925);
#701=LINE('',#4306,#926);
#702=LINE('',#4313,#927);
#703=LINE('',#4316,#928);
#704=LINE('',#4319,#929);
#705=LINE('',#4321,#930);
#706=LINE('',#4323,#931);
#707=LINE('',#4325,#932);
#708=LINE('',#4327,#933);
#709=LINE('',#4329,#934);
#710=LINE('',#4331,#935);
#711=LINE('',#4332,#936);
#712=LINE('',#4335,#937);
#713=LINE('',#4339,#938);
#714=LINE('',#4341,#939);
#715=LINE('',#4343,#940);
#716=LINE('',#4344,#941);
#717=LINE('',#4346,#942);
#718=LINE('',#4348,#943);
#719=LINE('',#4349,#944);
#720=LINE('',#4356,#945);
#721=LINE('',#4359,#946);
#722=LINE('',#4364,#947);
#723=LINE('',#4367,#948);
#724=LINE('',#4374,#949);
#725=LINE('',#4377,#950);
#726=LINE('',#4383,#951);
#727=LINE('',#4390,#952);
#728=LINE('',#4393,#953);
#729=LINE('',#4395,#954);
#730=LINE('',#4397,#955);
#731=LINE('',#4399,#956);
#732=LINE('',#4401,#957);
#733=LINE('',#4402,#958);
#734=LINE('',#4408,#959);
#735=LINE('',#4412,#960);
#736=LINE('',#4413,#961);
#737=LINE('',#4416,#962);
#738=LINE('',#4420,#963);
#739=LINE('',#4421,#964);
#740=LINE('',#4425,#965);
#741=LINE('',#4430,#966);
#742=LINE('',#4433,#967);
#743=LINE('',#4437,#968);
#744=LINE('',#4440,#969);
#745=LINE('',#4441,#970);
#746=LINE('',#4443,#971);
#747=LINE('',#4449,#972);
#748=LINE('',#4455,#973);
#749=LINE('',#4457,#974);
#750=LINE('',#4473,#975);
#751=LINE('',#4485,#976);
#752=LINE('',#4490,#977);
#753=LINE('',#4575,#978);
#754=LINE('',#4593,#979);
#755=LINE('',#4612,#980);
#756=LINE('',#4630,#981);
#757=LINE('',#4649,#982);
#758=LINE('',#4667,#983);
#759=LINE('',#4686,#984);
#760=LINE('',#4704,#985);
#761=LINE('',#4723,#986);
#762=LINE('',#4741,#987);
#763=LINE('',#4760,#988);
#764=LINE('',#4778,#989);
#765=LINE('',#4797,#990);
#766=LINE('',#4815,#991);
#767=LINE('',#4834,#992);
#768=LINE('',#4852,#993);
#769=LINE('',#4871,#994);
#770=LINE('',#4889,#995);
#771=LINE('',#4908,#996);
#772=LINE('',#4926,#997);
#773=LINE('',#4945,#998);
#774=LINE('',#4963,#999);
#775=LINE('',#4982,#1000);
#776=LINE('',#5000,#1001);
#777=LINE('',#5019,#1002);
#778=LINE('',#5037,#1003);
#779=LINE('',#5056,#1004);
#780=LINE('',#5074,#1005);
#781=LINE('',#5093,#1006);
#782=LINE('',#5111,#1007);
#783=LINE('',#5129,#1008);
#784=LINE('',#5148,#1009);
#785=LINE('',#8820,#1010);
#786=LINE('',#8988,#1011);
#787=LINE('',#8990,#1012);
#788=LINE('',#8991,#1013);
#789=LINE('',#8994,#1014);
#790=LINE('',#8995,#1015);
#791=LINE('',#8996,#1016);
#792=LINE('',#8997,#1017);
#793=LINE('',#8998,#1018);
#794=LINE('',#8999,#1019);
#795=LINE('',#9000,#1020);
#796=LINE('',#9001,#1021);
#797=LINE('',#9002,#1022);
#798=LINE('',#9003,#1023);
#799=LINE('',#9004,#1024);
#800=LINE('',#9005,#1025);
#801=LINE('',#9006,#1026);
#802=LINE('',#9007,#1027);
#803=LINE('',#9008,#1028);
#804=LINE('',#9009,#1029);
#805=LINE('',#9010,#1030);
#806=LINE('',#9012,#1031);
#807=LINE('',#9014,#1032);
#808=LINE('',#9016,#1033);
#809=LINE('',#9018,#1034);
#810=LINE('',#9020,#1035);
#811=LINE('',#9022,#1036);
#812=LINE('',#9024,#1037);
#813=LINE('',#9026,#1038);
#814=LINE('',#9028,#1039);
#815=LINE('',#9030,#1040);
#816=LINE('',#9032,#1041);
#817=LINE('',#9034,#1042);
#818=LINE('',#9036,#1043);
#819=LINE('',#9038,#1044);
#820=LINE('',#9040,#1045);
#821=LINE('',#9044,#1046);
#822=LINE('',#9046,#1047);
#823=LINE('',#9048,#1048);
#824=LINE('',#9058,#1049);
#825=LINE('',#9059,#1050);
#826=LINE('',#9063,#1051);
#827=LINE('',#9064,#1052);
#828=LINE('',#9066,#1053);
#829=LINE('',#9074,#1054);
#830=LINE('',#9076,#1055);
#831=LINE('',#9077,#1056);
#832=LINE('',#9080,#1057);
#833=LINE('',#9083,#1058);
#834=LINE('',#9086,#1059);
#835=LINE('',#9087,#1060);
#836=LINE('',#9090,#1061);
#837=LINE('',#9091,#1062);
#838=LINE('',#9093,#1063);
#839=LINE('',#9100,#1064);
#840=LINE('',#9102,#1065);
#841=LINE('',#9103,#1066);
#842=LINE('',#9106,#1067);
#843=LINE('',#9109,#1068);
#844=LINE('',#9112,#1069);
#845=LINE('',#9113,#1070);
#846=LINE('',#9116,#1071);
#847=LINE('',#9117,#1072);
#848=LINE('',#9119,#1073);
#849=LINE('',#9126,#1074);
#850=LINE('',#9128,#1075);
#851=LINE('',#9129,#1076);
#852=LINE('',#9132,#1077);
#853=LINE('',#9135,#1078);
#854=LINE('',#9138,#1079);
#855=LINE('',#9139,#1080);
#856=LINE('',#9142,#1081);
#857=LINE('',#9143,#1082);
#858=LINE('',#9145,#1083);
#859=LINE('',#9152,#1084);
#860=LINE('',#9154,#1085);
#861=LINE('',#9155,#1086);
#862=LINE('',#9158,#1087);
#863=LINE('',#9161,#1088);
#864=LINE('',#9164,#1089);
#865=LINE('',#9165,#1090);
#866=LINE('',#9168,#1091);
#867=LINE('',#9169,#1092);
#868=LINE('',#9171,#1093);
#869=LINE('',#9178,#1094);
#870=LINE('',#9180,#1095);
#871=LINE('',#9181,#1096);
#872=LINE('',#9184,#1097);
#873=LINE('',#9187,#1098);
#874=LINE('',#9190,#1099);
#875=LINE('',#9192,#1100);
#876=LINE('',#9193,#1101);
#877=LINE('',#9195,#1102);
#878=LINE('',#9197,#1103);
#879=LINE('',#9204,#1104);
#880=LINE('',#9206,#1105);
#881=LINE('',#9207,#1106);
#882=LINE('',#9210,#1107);
#883=LINE('',#9213,#1108);
#884=LINE('',#9216,#1109);
#885=LINE('',#9217,#1110);
#886=LINE('',#9220,#1111);
#887=LINE('',#9221,#1112);
#888=LINE('',#9223,#1113);
#889=VECTOR('',#3427,10.);
#890=VECTOR('',#3430,10.);
#891=VECTOR('',#3435,10.);
#892=VECTOR('',#3438,10.);
#893=VECTOR('',#3447,10.);
#894=VECTOR('',#3450,10.);
#895=VECTOR('',#3459,10.);
#896=VECTOR('',#3462,10.);
#897=VECTOR('',#3473,10.);
#898=VECTOR('',#3476,10.);
#899=VECTOR('',#3479,10.);
#900=VECTOR('',#3480,10.);
#901=VECTOR('',#3483,10.);
#902=VECTOR('',#3488,10.);
#903=VECTOR('',#3489,10.);
#904=VECTOR('',#3496,10.);
#905=VECTOR('',#3499,10.);
#906=VECTOR('',#3504,10.);
#907=VECTOR('',#3507,10.);
#908=VECTOR('',#3516,10.);
#909=VECTOR('',#3519,10.);
#910=VECTOR('',#3528,10.);
#911=VECTOR('',#3531,10.);
#912=VECTOR('',#3542,10.);
#913=VECTOR('',#3545,10.);
#914=VECTOR('',#3548,10.);
#915=VECTOR('',#3549,10.);
#916=VECTOR('',#3552,10.);
#917=VECTOR('',#3557,10.);
#918=VECTOR('',#3558,10.);
#919=VECTOR('',#3565,10.);
#920=VECTOR('',#3568,10.);
#921=VECTOR('',#3573,10.);
#922=VECTOR('',#3576,10.);
#923=VECTOR('',#3585,10.);
#924=VECTOR('',#3588,10.);
#925=VECTOR('',#3597,10.);
#926=VECTOR('',#3600,10.);
#927=VECTOR('',#3611,10.);
#928=VECTOR('',#3614,10.);
#929=VECTOR('',#3617,10.);
#930=VECTOR('',#3618,10.);
#931=VECTOR('',#3619,10.);
#932=VECTOR('',#3620,10.);
#933=VECTOR('',#3621,10.);
#934=VECTOR('',#3622,10.);
#935=VECTOR('',#3623,10.);
#936=VECTOR('',#3624,10.);
#937=VECTOR('',#3627,10.);
#938=VECTOR('',#3632,10.);
#939=VECTOR('',#3633,10.);
#940=VECTOR('',#3634,10.);
#941=VECTOR('',#3635,10.);
#942=VECTOR('',#3636,10.);
#943=VECTOR('',#3637,10.);
#944=VECTOR('',#3638,10.);
#945=VECTOR('',#3645,10.);
#946=VECTOR('',#3648,10.);
#947=VECTOR('',#3653,10.);
#948=VECTOR('',#3656,10.);
#949=VECTOR('',#3665,10.);
#950=VECTOR('',#3668,10.);
#951=VECTOR('',#3679,10.);
#952=VECTOR('',#3690,10.);
#953=VECTOR('',#3693,10.);
#954=VECTOR('',#3696,10.);
#955=VECTOR('',#3697,10.);
#956=VECTOR('',#3698,10.);
#957=VECTOR('',#3699,10.);
#958=VECTOR('',#3700,10.);
#959=VECTOR('',#3709,10.);
#960=VECTOR('',#3714,10.);
#961=VECTOR('',#3715,10.);
#962=VECTOR('',#3718,10.);
#963=VECTOR('',#3723,10.);
#964=VECTOR('',#3724,10.);
#965=VECTOR('',#3731,10.);
#966=VECTOR('',#3736,10.);
#967=VECTOR('',#3739,10.);
#968=VECTOR('',#3744,10.);
#969=VECTOR('',#3749,10.);
#970=VECTOR('',#3750,10.);
#971=VECTOR('',#3753,10.);
#972=VECTOR('',#3762,10.);
#973=VECTOR('',#3771,10.);
#974=VECTOR('',#3774,10.);
#975=VECTOR('',#3795,5.);
#976=VECTOR('',#3812,3.2);
#977=VECTOR('',#3817,10.);
#978=VECTOR('',#3822,10.);
#979=VECTOR('',#3823,10.);
#980=VECTOR('',#3826,10.);
#981=VECTOR('',#3827,10.);
#982=VECTOR('',#3830,10.);
#983=VECTOR('',#3831,10.);
#984=VECTOR('',#3834,10.);
#985=VECTOR('',#3835,10.);
#986=VECTOR('',#3838,10.);
#987=VECTOR('',#3839,10.);
#988=VECTOR('',#3842,10.);
#989=VECTOR('',#3843,10.);
#990=VECTOR('',#3846,10.);
#991=VECTOR('',#3847,10.);
#992=VECTOR('',#3850,10.);
#993=VECTOR('',#3851,10.);
#994=VECTOR('',#3854,10.);
#995=VECTOR('',#3855,10.);
#996=VECTOR('',#3858,10.);
#997=VECTOR('',#3859,10.);
#998=VECTOR('',#3862,10.);
#999=VECTOR('',#3863,10.);
#1000=VECTOR('',#3866,10.);
#1001=VECTOR('',#3867,10.);
#1002=VECTOR('',#3870,10.);
#1003=VECTOR('',#3871,10.);
#1004=VECTOR('',#3874,10.);
#1005=VECTOR('',#3875,10.);
#1006=VECTOR('',#3878,10.);
#1007=VECTOR('',#3883,10.);
#1008=VECTOR('',#3884,10.);
#1009=VECTOR('',#3887,10.);
#1010=VECTOR('',#3894,10.);
#1011=VECTOR('',#3899,10.);
#1012=VECTOR('',#3900,10.);
#1013=VECTOR('',#3901,10.);
#1014=VECTOR('',#3904,10.);
#1015=VECTOR('',#3905,10.);
#1016=VECTOR('',#3906,10.);
#1017=VECTOR('',#3907,10.);
#1018=VECTOR('',#3908,10.);
#1019=VECTOR('',#3909,10.);
#1020=VECTOR('',#3910,10.);
#1021=VECTOR('',#3911,10.);
#1022=VECTOR('',#3912,10.);
#1023=VECTOR('',#3913,10.);
#1024=VECTOR('',#3914,10.);
#1025=VECTOR('',#3915,10.);
#1026=VECTOR('',#3916,10.);
#1027=VECTOR('',#3917,10.);
#1028=VECTOR('',#3918,10.);
#1029=VECTOR('',#3919,10.);
#1030=VECTOR('',#3920,10.);
#1031=VECTOR('',#3923,10.);
#1032=VECTOR('',#3926,10.);
#1033=VECTOR('',#3929,10.);
#1034=VECTOR('',#3932,10.);
#1035=VECTOR('',#3935,10.);
#1036=VECTOR('',#3938,10.);
#1037=VECTOR('',#3941,10.);
#1038=VECTOR('',#3944,10.);
#1039=VECTOR('',#3947,10.);
#1040=VECTOR('',#3950,10.);
#1041=VECTOR('',#3953,10.);
#1042=VECTOR('',#3956,10.);
#1043=VECTOR('',#3959,10.);
#1044=VECTOR('',#3962,10.);
#1045=VECTOR('',#3965,10.);
#1046=VECTOR('',#3970,10.);
#1047=VECTOR('',#3971,10.);
#1048=VECTOR('',#3972,10.);
#1049=VECTOR('',#3981,10.);
#1050=VECTOR('',#3982,10.);
#1051=VECTOR('',#3987,10.);
#1052=VECTOR('',#3988,10.);
#1053=VECTOR('',#3991,10.);
#1054=VECTOR('',#4000,10.);
#1055=VECTOR('',#4001,10.);
#1056=VECTOR('',#4002,10.);
#1057=VECTOR('',#4005,10.);
#1058=VECTOR('',#4008,10.);
#1059=VECTOR('',#4011,10.);
#1060=VECTOR('',#4012,10.);
#1061=VECTOR('',#4015,10.);
#1062=VECTOR('',#4016,10.);
#1063=VECTOR('',#4019,10.);
#1064=VECTOR('',#4026,10.);
#1065=VECTOR('',#4027,10.);
#1066=VECTOR('',#4028,10.);
#1067=VECTOR('',#4031,10.);
#1068=VECTOR('',#4034,10.);
#1069=VECTOR('',#4037,10.);
#1070=VECTOR('',#4038,10.);
#1071=VECTOR('',#4041,10.);
#1072=VECTOR('',#4042,10.);
#1073=VECTOR('',#4045,10.);
#1074=VECTOR('',#4052,10.);
#1075=VECTOR('',#4053,10.);
#1076=VECTOR('',#4054,10.);
#1077=VECTOR('',#4057,10.);
#1078=VECTOR('',#4060,10.);
#1079=VECTOR('',#4063,10.);
#1080=VECTOR('',#4064,10.);
#1081=VECTOR('',#4067,10.);
#1082=VECTOR('',#4068,10.);
#1083=VECTOR('',#4071,10.);
#1084=VECTOR('',#4078,10.);
#1085=VECTOR('',#4079,10.);
#1086=VECTOR('',#4080,10.);
#1087=VECTOR('',#4083,10.);
#1088=VECTOR('',#4086,10.);
#1089=VECTOR('',#4089,10.);
#1090=VECTOR('',#4090,10.);
#1091=VECTOR('',#4093,10.);
#1092=VECTOR('',#4094,10.);
#1093=VECTOR('',#4097,10.);
#1094=VECTOR('',#4104,10.);
#1095=VECTOR('',#4105,10.);
#1096=VECTOR('',#4106,10.);
#1097=VECTOR('',#4109,10.);
#1098=VECTOR('',#4112,10.);
#1099=VECTOR('',#4115,10.);
#1100=VECTOR('',#4116,10.);
#1101=VECTOR('',#4117,10.);
#1102=VECTOR('',#4120,10.);
#1103=VECTOR('',#4123,10.);
#1104=VECTOR('',#4130,10.);
#1105=VECTOR('',#4131,10.);
#1106=VECTOR('',#4132,10.);
#1107=VECTOR('',#4135,10.);
#1108=VECTOR('',#4138,10.);
#1109=VECTOR('',#4141,10.);
#1110=VECTOR('',#4142,10.);
#1111=VECTOR('',#4145,10.);
#1112=VECTOR('',#4146,10.);
#1113=VECTOR('',#4149,10.);
#1114=CIRCLE('',#3170,0.2);
#1115=CIRCLE('',#3171,0.2);
#1116=CIRCLE('',#3173,0.2);
#1117=CIRCLE('',#3174,0.2);
#1118=CIRCLE('',#3176,0.200000000000001);
#1119=CIRCLE('',#3178,0.2);
#1120=CIRCLE('',#3179,0.2);
#1121=CIRCLE('',#3181,0.199999999999999);
#1122=CIRCLE('',#3183,0.2);
#1123=CIRCLE('',#3184,0.2);
#1124=CIRCLE('',#3186,0.2);
#1125=CIRCLE('',#3188,0.2);
#1126=CIRCLE('',#3190,0.200000000000001);
#1127=CIRCLE('',#3193,0.2);
#1128=CIRCLE('',#3197,0.2);
#1129=CIRCLE('',#3198,0.2);
#1130=CIRCLE('',#3200,0.2);
#1131=CIRCLE('',#3201,0.199999863654376);
#1132=CIRCLE('',#3203,0.200000000000001);
#1133=CIRCLE('',#3205,0.2);
#1134=CIRCLE('',#3206,0.199999850243332);
#1135=CIRCLE('',#3208,0.2);
#1136=CIRCLE('',#3210,0.2);
#1137=CIRCLE('',#3211,0.2);
#1138=CIRCLE('',#3213,0.200000000000001);
#1139=CIRCLE('',#3215,0.2);
#1140=CIRCLE('',#3217,0.200000000000001);
#1141=CIRCLE('',#3220,0.2);
#1142=CIRCLE('',#3224,0.2);
#1143=CIRCLE('',#3225,0.199999863654376);
#1144=CIRCLE('',#3227,0.2);
#1145=CIRCLE('',#3228,0.2);
#1146=CIRCLE('',#3230,0.2);
#1147=CIRCLE('',#3232,0.2);
#1148=CIRCLE('',#3233,0.2);
#1149=CIRCLE('',#3235,0.2);
#1150=CIRCLE('',#3237,0.2);
#1151=CIRCLE('',#3238,0.199999850243332);
#1152=CIRCLE('',#3240,0.200000000000001);
#1153=CIRCLE('',#3242,0.200000000000001);
#1154=CIRCLE('',#3244,0.2);
#1155=CIRCLE('',#3247,0.2);
#1156=CIRCLE('',#3251,0.2);
#1157=CIRCLE('',#3252,0.199999850243332);
#1158=CIRCLE('',#3254,0.2);
#1159=CIRCLE('',#3255,0.2);
#1160=CIRCLE('',#3257,0.200000000000001);
#1161=CIRCLE('',#3259,0.2);
#1162=CIRCLE('',#3260,0.2);
#1163=CIRCLE('',#3262,0.2);
#1164=CIRCLE('',#3264,0.2);
#1165=CIRCLE('',#3265,0.199999863654376);
#1166=CIRCLE('',#3267,0.200000000000001);
#1167=CIRCLE('',#3269,0.2);
#1168=CIRCLE('',#3271,0.200000000000001);
#1169=CIRCLE('',#3274,0.2);
#1170=CIRCLE('',#3277,0.2);
#1171=CIRCLE('',#3280,0.200000000000001);
#1172=CIRCLE('',#3283,0.2);
#1173=CIRCLE('',#3285,0.200000000000001);
#1174=CIRCLE('',#3286,0.200000000000001);
#1175=CIRCLE('',#3287,0.2);
#1176=CIRCLE('',#3290,0.2);
#1177=CIRCLE('',#3296,0.2);
#1178=CIRCLE('',#3298,0.2);
#1179=CIRCLE('',#3300,0.2);
#1180=CIRCLE('',#3303,0.2);
#1181=CIRCLE('',#3306,5.);
#1182=CIRCLE('',#3307,0.2);
#1183=CIRCLE('',#3308,4.8);
#1184=CIRCLE('',#3309,5.);
#1185=CIRCLE('',#3311,5.);
#1186=CIRCLE('',#3312,5.);
#1187=CIRCLE('',#3314,3.2);
#1188=CIRCLE('',#3316,4.8);
#1189=CIRCLE('',#3317,0.2);
#1190=CIRCLE('',#3320,3.2);
#1191=CIRCLE('',#3322,5.954);
#1192=CIRCLE('',#3338,5.52225);
#1193=CIRCLE('',#3341,5.52225);
#1194=CIRCLE('',#3344,5.954);
#1195=CIRCLE('',#3362,5.954);
#1196=CIRCLE('',#3365,5.954);
#1197=CIRCLE('',#3366,5.2);
#1198=CIRCLE('',#3374,0.5);
#1199=CIRCLE('',#3376,0.5);
#1200=CIRCLE('',#3382,0.5);
#1201=CIRCLE('',#3384,0.5);
#1202=CIRCLE('',#3390,0.5);
#1203=CIRCLE('',#3392,0.5);
#1204=CIRCLE('',#3398,0.5);
#1205=CIRCLE('',#3400,0.5);
#1206=CIRCLE('',#3406,0.5);
#1207=CIRCLE('',#3408,0.5);
#1208=CIRCLE('',#3414,0.5);
#1209=CIRCLE('',#3416,0.5);
#1210=VERTEX_POINT('',#4154);
#1211=VERTEX_POINT('',#4155);
#1212=VERTEX_POINT('',#4157);
#1213=VERTEX_POINT('',#4159);
#1214=VERTEX_POINT('',#4163);
#1215=VERTEX_POINT('',#4165);
#1216=VERTEX_POINT('',#4167);
#1217=VERTEX_POINT('',#4173);
#1218=VERTEX_POINT('',#4175);
#1219=VERTEX_POINT('',#4177);
#1220=VERTEX_POINT('',#4183);
#1221=VERTEX_POINT('',#4185);
#1222=VERTEX_POINT('',#4194);
#1223=VERTEX_POINT('',#4196);
#1224=VERTEX_POINT('',#4200);
#1225=VERTEX_POINT('',#4204);
#1226=VERTEX_POINT('',#4208);
#1227=VERTEX_POINT('',#4213);
#1228=VERTEX_POINT('',#4214);
#1229=VERTEX_POINT('',#4216);
#1230=VERTEX_POINT('',#4218);
#1231=VERTEX_POINT('',#4222);
#1232=VERTEX_POINT('',#4224);
#1233=VERTEX_POINT('',#4226);
#1234=VERTEX_POINT('',#4232);
#1235=VERTEX_POINT('',#4234);
#1236=VERTEX_POINT('',#4236);
#1237=VERTEX_POINT('',#4242);
#1238=VERTEX_POINT('',#4244);
#1239=VERTEX_POINT('',#4253);
#1240=VERTEX_POINT('',#4255);
#1241=VERTEX_POINT('',#4259);
#1242=VERTEX_POINT('',#4263);
#1243=VERTEX_POINT('',#4267);
#1244=VERTEX_POINT('',#4272);
#1245=VERTEX_POINT('',#4273);
#1246=VERTEX_POINT('',#4275);
#1247=VERTEX_POINT('',#4277);
#1248=VERTEX_POINT('',#4281);
#1249=VERTEX_POINT('',#4283);
#1250=VERTEX_POINT('',#4285);
#1251=VERTEX_POINT('',#4291);
#1252=VERTEX_POINT('',#4293);
#1253=VERTEX_POINT('',#4295);
#1254=VERTEX_POINT('',#4301);
#1255=VERTEX_POINT('',#4303);
#1256=VERTEX_POINT('',#4312);
#1257=VERTEX_POINT('',#4314);
#1258=VERTEX_POINT('',#4318);
#1259=VERTEX_POINT('',#4320);
#1260=VERTEX_POINT('',#4322);
#1261=VERTEX_POINT('',#4324);
#1262=VERTEX_POINT('',#4326);
#1263=VERTEX_POINT('',#4328);
#1264=VERTEX_POINT('',#4330);
#1265=VERTEX_POINT('',#4334);
#1266=VERTEX_POINT('',#4338);
#1267=VERTEX_POINT('',#4340);
#1268=VERTEX_POINT('',#4342);
#1269=VERTEX_POINT('',#4345);
#1270=VERTEX_POINT('',#4347);
#1271=VERTEX_POINT('',#4352);
#1272=VERTEX_POINT('',#4353);
#1273=VERTEX_POINT('',#4355);
#1274=VERTEX_POINT('',#4357);
#1275=VERTEX_POINT('',#4361);
#1276=VERTEX_POINT('',#4363);
#1277=VERTEX_POINT('',#4365);
#1278=VERTEX_POINT('',#4371);
#1279=VERTEX_POINT('',#4373);
#1280=VERTEX_POINT('',#4375);
#1281=VERTEX_POINT('',#4389);
#1282=VERTEX_POINT('',#4391);
#1283=VERTEX_POINT('',#4396);
#1284=VERTEX_POINT('',#4398);
#1285=VERTEX_POINT('',#4400);
#1286=VERTEX_POINT('',#4407);
#1287=VERTEX_POINT('',#4411);
#1288=VERTEX_POINT('',#4415);
#1289=VERTEX_POINT('',#4419);
#1290=VERTEX_POINT('',#4427);
#1291=VERTEX_POINT('',#4429);
#1292=VERTEX_POINT('',#4431);
#1293=VERTEX_POINT('',#4436);
#1294=VERTEX_POINT('',#4447);
#1295=VERTEX_POINT('',#4453);
#1296=VERTEX_POINT('',#4462);
#1297=VERTEX_POINT('',#4463);
#1298=VERTEX_POINT('',#4465);
#1299=VERTEX_POINT('',#4470);
#1300=VERTEX_POINT('',#4471);
#1301=VERTEX_POINT('',#4476);
#1302=VERTEX_POINT('',#4479);
#1303=VERTEX_POINT('',#4484);
#1304=VERTEX_POINT('',#4488);
#1305=VERTEX_POINT('',#4489);
#1306=VERTEX_POINT('',#4491);
#1307=VERTEX_POINT('',#4573);
#1308=VERTEX_POINT('',#4574);
#1309=VERTEX_POINT('',#4576);
#1310=VERTEX_POINT('',#4592);
#1311=VERTEX_POINT('',#4610);
#1312=VERTEX_POINT('',#4611);
#1313=VERTEX_POINT('',#4613);
#1314=VERTEX_POINT('',#4629);
#1315=VERTEX_POINT('',#4647);
#1316=VERTEX_POINT('',#4648);
#1317=VERTEX_POINT('',#4650);
#1318=VERTEX_POINT('',#4666);
#1319=VERTEX_POINT('',#4684);
#1320=VERTEX_POINT('',#4685);
#1321=VERTEX_POINT('',#4687);
#1322=VERTEX_POINT('',#4703);
#1323=VERTEX_POINT('',#4721);
#1324=VERTEX_POINT('',#4722);
#1325=VERTEX_POINT('',#4724);
#1326=VERTEX_POINT('',#4740);
#1327=VERTEX_POINT('',#4758);
#1328=VERTEX_POINT('',#4759);
#1329=VERTEX_POINT('',#4761);
#1330=VERTEX_POINT('',#4777);
#1331=VERTEX_POINT('',#4795);
#1332=VERTEX_POINT('',#4796);
#1333=VERTEX_POINT('',#4798);
#1334=VERTEX_POINT('',#4814);
#1335=VERTEX_POINT('',#4832);
#1336=VERTEX_POINT('',#4833);
#1337=VERTEX_POINT('',#4835);
#1338=VERTEX_POINT('',#4851);
#1339=VERTEX_POINT('',#4869);
#1340=VERTEX_POINT('',#4870);
#1341=VERTEX_POINT('',#4872);
#1342=VERTEX_POINT('',#4888);
#1343=VERTEX_POINT('',#4906);
#1344=VERTEX_POINT('',#4907);
#1345=VERTEX_POINT('',#4909);
#1346=VERTEX_POINT('',#4925);
#1347=VERTEX_POINT('',#4943);
#1348=VERTEX_POINT('',#4944);
#1349=VERTEX_POINT('',#4946);
#1350=VERTEX_POINT('',#4962);
#1351=VERTEX_POINT('',#4980);
#1352=VERTEX_POINT('',#4981);
#1353=VERTEX_POINT('',#4983);
#1354=VERTEX_POINT('',#4999);
#1355=VERTEX_POINT('',#5017);
#1356=VERTEX_POINT('',#5018);
#1357=VERTEX_POINT('',#5020);
#1358=VERTEX_POINT('',#5036);
#1359=VERTEX_POINT('',#5054);
#1360=VERTEX_POINT('',#5055);
#1361=VERTEX_POINT('',#5057);
#1362=VERTEX_POINT('',#5073);
#1363=VERTEX_POINT('',#5091);
#1364=VERTEX_POINT('',#5092);
#1365=VERTEX_POINT('',#5094);
#1366=VERTEX_POINT('',#5102);
#1367=VERTEX_POINT('',#5109);
#1368=VERTEX_POINT('',#5110);
#1369=VERTEX_POINT('',#5112);
#1370=VERTEX_POINT('',#5128);
#1371=VERTEX_POINT('',#5146);
#1372=VERTEX_POINT('',#5147);
#1373=VERTEX_POINT('',#5149);
#1374=VERTEX_POINT('',#5155);
#1375=VERTEX_POINT('',#5157);
#1376=VERTEX_POINT('',#5179);
#1377=VERTEX_POINT('',#5284);
#1378=VERTEX_POINT('',#5291);
#1379=VERTEX_POINT('',#5296);
#1380=VERTEX_POINT('',#5443);
#1381=VERTEX_POINT('',#5450);
#1382=VERTEX_POINT('',#5554);
#1383=VERTEX_POINT('',#5561);
#1384=VERTEX_POINT('',#5665);
#1385=VERTEX_POINT('',#5672);
#1386=VERTEX_POINT('',#5776);
#1387=VERTEX_POINT('',#5783);
#1388=VERTEX_POINT('',#5887);
#1389=VERTEX_POINT('',#5894);
#1390=VERTEX_POINT('',#5998);
#1391=VERTEX_POINT('',#6005);
#1392=VERTEX_POINT('',#6109);
#1393=VERTEX_POINT('',#6116);
#1394=VERTEX_POINT('',#6220);
#1395=VERTEX_POINT('',#6227);
#1396=VERTEX_POINT('',#6331);
#1397=VERTEX_POINT('',#6338);
#1398=VERTEX_POINT('',#6442);
#1399=VERTEX_POINT('',#6449);
#1400=VERTEX_POINT('',#6553);
#1401=VERTEX_POINT('',#6560);
#1402=VERTEX_POINT('',#6664);
#1403=VERTEX_POINT('',#6671);
#1404=VERTEX_POINT('',#6775);
#1405=VERTEX_POINT('',#6782);
#1406=VERTEX_POINT('',#6886);
#1407=VERTEX_POINT('',#6893);
#1408=VERTEX_POINT('',#6953);
#1409=VERTEX_POINT('',#7031);
#1410=VERTEX_POINT('',#7038);
#1411=VERTEX_POINT('',#7142);
#1412=VERTEX_POINT('',#7149);
#1413=VERTEX_POINT('',#7253);
#1414=VERTEX_POINT('',#7260);
#1415=VERTEX_POINT('',#7364);
#1416=VERTEX_POINT('',#7371);
#1417=VERTEX_POINT('',#7475);
#1418=VERTEX_POINT('',#7482);
#1419=VERTEX_POINT('',#7586);
#1420=VERTEX_POINT('',#7593);
#1421=VERTEX_POINT('',#7697);
#1422=VERTEX_POINT('',#7704);
#1423=VERTEX_POINT('',#7808);
#1424=VERTEX_POINT('',#7815);
#1425=VERTEX_POINT('',#7919);
#1426=VERTEX_POINT('',#7926);
#1427=VERTEX_POINT('',#8030);
#1428=VERTEX_POINT('',#8037);
#1429=VERTEX_POINT('',#8141);
#1430=VERTEX_POINT('',#8148);
#1431=VERTEX_POINT('',#8252);
#1432=VERTEX_POINT('',#8259);
#1433=VERTEX_POINT('',#8363);
#1434=VERTEX_POINT('',#8370);
#1435=VERTEX_POINT('',#8474);
#1436=VERTEX_POINT('',#8481);
#1437=VERTEX_POINT('',#8585);
#1438=VERTEX_POINT('',#8594);
#1439=VERTEX_POINT('',#8676);
#1440=VERTEX_POINT('',#8683);
#1441=VERTEX_POINT('',#8819);
#1442=VERTEX_POINT('',#8821);
#1443=VERTEX_POINT('',#8960);
#1444=VERTEX_POINT('',#8981);
#1445=VERTEX_POINT('',#8987);
#1446=VERTEX_POINT('',#8989);
#1447=VERTEX_POINT('',#8993);
#1448=VERTEX_POINT('',#9043);
#1449=VERTEX_POINT('',#9045);
#1450=VERTEX_POINT('',#9047);
#1451=VERTEX_POINT('',#9062);
#1452=VERTEX_POINT('',#9070);
#1453=VERTEX_POINT('',#9071);
#1454=VERTEX_POINT('',#9073);
#1455=VERTEX_POINT('',#9075);
#1456=VERTEX_POINT('',#9079);
#1457=VERTEX_POINT('',#9081);
#1458=VERTEX_POINT('',#9085);
#1459=VERTEX_POINT('',#9089);
#1460=VERTEX_POINT('',#9096);
#1461=VERTEX_POINT('',#9097);
#1462=VERTEX_POINT('',#9099);
#1463=VERTEX_POINT('',#9101);
#1464=VERTEX_POINT('',#9105);
#1465=VERTEX_POINT('',#9107);
#1466=VERTEX_POINT('',#9111);
#1467=VERTEX_POINT('',#9115);
#1468=VERTEX_POINT('',#9122);
#1469=VERTEX_POINT('',#9123);
#1470=VERTEX_POINT('',#9125);
#1471=VERTEX_POINT('',#9127);
#1472=VERTEX_POINT('',#9131);
#1473=VERTEX_POINT('',#9133);
#1474=VERTEX_POINT('',#9137);
#1475=VERTEX_POINT('',#9141);
#1476=VERTEX_POINT('',#9148);
#1477=VERTEX_POINT('',#9149);
#1478=VERTEX_POINT('',#9151);
#1479=VERTEX_POINT('',#9153);
#1480=VERTEX_POINT('',#9157);
#1481=VERTEX_POINT('',#9159);
#1482=VERTEX_POINT('',#9163);
#1483=VERTEX_POINT('',#9167);
#1484=VERTEX_POINT('',#9174);
#1485=VERTEX_POINT('',#9175);
#1486=VERTEX_POINT('',#9177);
#1487=VERTEX_POINT('',#9179);
#1488=VERTEX_POINT('',#9183);
#1489=VERTEX_POINT('',#9185);
#1490=VERTEX_POINT('',#9189);
#1491=VERTEX_POINT('',#9191);
#1492=VERTEX_POINT('',#9200);
#1493=VERTEX_POINT('',#9201);
#1494=VERTEX_POINT('',#9203);
#1495=VERTEX_POINT('',#9205);
#1496=VERTEX_POINT('',#9209);
#1497=VERTEX_POINT('',#9211);
#1498=VERTEX_POINT('',#9215);
#1499=VERTEX_POINT('',#9219);
#1500=EDGE_CURVE('',#1210,#1211,#1114,.T.);
#1501=EDGE_CURVE('',#1211,#1212,#664,.T.);
#1502=EDGE_CURVE('',#1212,#1213,#1115,.T.);
#1503=EDGE_CURVE('',#1213,#1210,#665,.T.);
#1504=EDGE_CURVE('',#1213,#1214,#1116,.T.);
#1505=EDGE_CURVE('',#1214,#1215,#666,.T.);
#1506=EDGE_CURVE('',#1215,#1216,#1117,.T.);
#1507=EDGE_CURVE('',#1216,#1213,#667,.T.);
#1508=EDGE_CURVE('',#1212,#1214,#1118,.T.);
#1509=EDGE_CURVE('',#1216,#1217,#1119,.T.);
#1510=EDGE_CURVE('',#1217,#1218,#668,.T.);
#1511=EDGE_CURVE('',#1218,#1219,#1120,.T.);
#1512=EDGE_CURVE('',#1219,#1216,#669,.T.);
#1513=EDGE_CURVE('',#1215,#1217,#1121,.T.);
#1514=EDGE_CURVE('',#1219,#1220,#1122,.T.);
#1515=EDGE_CURVE('',#1220,#1221,#670,.T.);
#1516=EDGE_CURVE('',#1221,#1210,#1123,.T.);
#1517=EDGE_CURVE('',#1210,#1219,#671,.T.);
#1518=EDGE_CURVE('',#1218,#1220,#1124,.T.);
#1519=EDGE_CURVE('',#1221,#1211,#1125,.T.);
#1520=EDGE_CURVE('',#1222,#1212,#672,.T.);
#1521=EDGE_CURVE('',#1223,#1222,#1126,.T.);
#1522=EDGE_CURVE('',#1223,#1214,#673,.T.);
#1523=EDGE_CURVE('',#1224,#1211,#674,.T.);
#1524=EDGE_CURVE('',#1222,#1224,#675,.T.);
#1525=EDGE_CURVE('',#1225,#1221,#676,.T.);
#1526=EDGE_CURVE('',#1224,#1225,#1127,.T.);
#1527=EDGE_CURVE('',#1226,#1220,#677,.T.);
#1528=EDGE_CURVE('',#1225,#1226,#678,.T.);
#1529=EDGE_CURVE('',#1227,#1228,#1128,.T.);
#1530=EDGE_CURVE('',#1228,#1229,#679,.T.);
#1531=EDGE_CURVE('',#1229,#1230,#1129,.T.);
#1532=EDGE_CURVE('',#1230,#1227,#680,.T.);
#1533=EDGE_CURVE('',#1230,#1231,#1130,.T.);
#1534=EDGE_CURVE('',#1231,#1232,#681,.T.);
#1535=EDGE_CURVE('',#1232,#1233,#1131,.T.);
#1536=EDGE_CURVE('',#1233,#1230,#682,.T.);
#1537=EDGE_CURVE('',#1229,#1231,#1132,.T.);
#1538=EDGE_CURVE('',#1233,#1234,#1133,.T.);
#1539=EDGE_CURVE('',#1234,#1235,#683,.T.);
#1540=EDGE_CURVE('',#1235,#1236,#1134,.T.);
#1541=EDGE_CURVE('',#1236,#1233,#684,.T.);
#1542=EDGE_CURVE('',#1232,#1234,#1135,.T.);
#1543=EDGE_CURVE('',#1236,#1237,#1136,.T.);
#1544=EDGE_CURVE('',#1237,#1238,#685,.T.);
#1545=EDGE_CURVE('',#1238,#1227,#1137,.T.);
#1546=EDGE_CURVE('',#1227,#1236,#686,.T.);
#1547=EDGE_CURVE('',#1235,#1237,#1138,.T.);
#1548=EDGE_CURVE('',#1238,#1228,#1139,.T.);
#1549=EDGE_CURVE('',#1239,#1229,#687,.T.);
#1550=EDGE_CURVE('',#1240,#1239,#1140,.T.);
#1551=EDGE_CURVE('',#1240,#1231,#688,.T.);
#1552=EDGE_CURVE('',#1241,#1228,#689,.T.);
#1553=EDGE_CURVE('',#1239,#1241,#690,.T.);
#1554=EDGE_CURVE('',#1242,#1238,#691,.T.);
#1555=EDGE_CURVE('',#1241,#1242,#1141,.T.);
#1556=EDGE_CURVE('',#1243,#1237,#692,.T.);
#1557=EDGE_CURVE('',#1242,#1243,#693,.T.);
#1558=EDGE_CURVE('',#1244,#1245,#1142,.T.);
#1559=EDGE_CURVE('',#1245,#1246,#694,.T.);
#1560=EDGE_CURVE('',#1246,#1247,#1143,.T.);
#1561=EDGE_CURVE('',#1247,#1244,#695,.T.);
#1562=EDGE_CURVE('',#1247,#1248,#1144,.T.);
#1563=EDGE_CURVE('',#1248,#1249,#696,.T.);
#1564=EDGE_CURVE('',#1249,#1250,#1145,.T.);
#1565=EDGE_CURVE('',#1250,#1247,#697,.T.);
#1566=EDGE_CURVE('',#1246,#1248,#1146,.T.);
#1567=EDGE_CURVE('',#1250,#1251,#1147,.T.);
#1568=EDGE_CURVE('',#1251,#1252,#698,.T.);
#1569=EDGE_CURVE('',#1252,#1253,#1148,.T.);
#1570=EDGE_CURVE('',#1253,#1250,#699,.T.);
#1571=EDGE_CURVE('',#1249,#1251,#1149,.T.);
#1572=EDGE_CURVE('',#1253,#1254,#1150,.T.);
#1573=EDGE_CURVE('',#1254,#1255,#700,.T.);
#1574=EDGE_CURVE('',#1255,#1244,#1151,.T.);
#1575=EDGE_CURVE('',#1244,#1253,#701,.T.);
#1576=EDGE_CURVE('',#1252,#1254,#1152,.T.);
#1577=EDGE_CURVE('',#1255,#1245,#1153,.T.);
#1578=EDGE_CURVE('',#1256,#1246,#702,.T.);
#1579=EDGE_CURVE('',#1257,#1256,#1154,.T.);
#1580=EDGE_CURVE('',#1257,#1248,#703,.T.);
#1581=EDGE_CURVE('',#1258,#1245,#704,.T.);
#1582=EDGE_CURVE('',#1259,#1258,#705,.T.);
#1583=EDGE_CURVE('',#1260,#1259,#706,.T.);
#1584=EDGE_CURVE('',#1261,#1260,#707,.T.);
#1585=EDGE_CURVE('',#1261,#1262,#708,.T.);
#1586=EDGE_CURVE('',#1263,#1262,#709,.T.);
#1587=EDGE_CURVE('',#1264,#1263,#710,.T.);
#1588=EDGE_CURVE('',#1256,#1264,#711,.T.);
#1589=EDGE_CURVE('',#1265,#1255,#712,.T.);
#1590=EDGE_CURVE('',#1258,#1265,#1155,.T.);
#1591=EDGE_CURVE('',#1266,#1234,#713,.T.);
#1592=EDGE_CURVE('',#1267,#1266,#714,.T.);
#1593=EDGE_CURVE('',#1268,#1267,#715,.T.);
#1594=EDGE_CURVE('',#1265,#1268,#716,.T.);
#1595=EDGE_CURVE('',#1269,#1254,#717,.T.);
#1596=EDGE_CURVE('',#1270,#1269,#718,.T.);
#1597=EDGE_CURVE('',#1270,#1235,#719,.T.);
#1598=EDGE_CURVE('',#1271,#1272,#1156,.T.);
#1599=EDGE_CURVE('',#1272,#1273,#720,.T.);
#1600=EDGE_CURVE('',#1273,#1274,#1157,.T.);
#1601=EDGE_CURVE('',#1274,#1271,#721,.T.);
#1602=EDGE_CURVE('',#1274,#1275,#1158,.T.);
#1603=EDGE_CURVE('',#1275,#1276,#722,.T.);
#1604=EDGE_CURVE('',#1276,#1277,#1159,.T.);
#1605=EDGE_CURVE('',#1277,#1274,#723,.T.);
#1606=EDGE_CURVE('',#1273,#1275,#1160,.T.);
#1607=EDGE_CURVE('',#1277,#1278,#1161,.T.);
#1608=EDGE_CURVE('',#1278,#1279,#724,.T.);
#1609=EDGE_CURVE('',#1279,#1280,#1162,.T.);
#1610=EDGE_CURVE('',#1280,#1277,#725,.T.);
#1611=EDGE_CURVE('',#1276,#1278,#1163,.T.);
#1612=EDGE_CURVE('',#1280,#1263,#1164,.T.);
#1613=EDGE_CURVE('',#1262,#1271,#1165,.T.);
#1614=EDGE_CURVE('',#1271,#1280,#726,.T.);
#1615=EDGE_CURVE('',#1279,#1263,#1166,.T.);
#1616=EDGE_CURVE('',#1262,#1272,#1167,.T.);
#1617=EDGE_CURVE('',#1281,#1273,#727,.T.);
#1618=EDGE_CURVE('',#1282,#1281,#1168,.T.);
#1619=EDGE_CURVE('',#1282,#1275,#728,.T.);
#1620=EDGE_CURVE('',#1281,#1223,#729,.T.);
#1621=EDGE_CURVE('',#1283,#1272,#730,.T.);
#1622=EDGE_CURVE('',#1284,#1283,#731,.T.);
#1623=EDGE_CURVE('',#1285,#1284,#732,.T.);
#1624=EDGE_CURVE('',#1215,#1285,#733,.T.);
#1625=EDGE_CURVE('',#1283,#1261,#1169,.T.);
#1626=EDGE_CURVE('',#1286,#1218,#734,.T.);
#1627=EDGE_CURVE('',#1226,#1286,#1170,.T.);
#1628=EDGE_CURVE('',#1287,#1282,#735,.T.);
#1629=EDGE_CURVE('',#1287,#1276,#736,.T.);
#1630=EDGE_CURVE('',#1288,#1279,#737,.T.);
#1631=EDGE_CURVE('',#1264,#1288,#1171,.T.);
#1632=EDGE_CURVE('',#1289,#1278,#738,.T.);
#1633=EDGE_CURVE('',#1288,#1289,#739,.T.);
#1634=EDGE_CURVE('',#1289,#1287,#1172,.T.);
#1635=EDGE_CURVE('',#1286,#1240,#740,.T.);
#1636=EDGE_CURVE('',#1243,#1270,#1173,.T.);
#1637=EDGE_CURVE('',#1269,#1290,#1174,.T.);
#1638=EDGE_CURVE('',#1290,#1291,#741,.T.);
#1639=EDGE_CURVE('',#1291,#1292,#1175,.T.);
#1640=EDGE_CURVE('',#1292,#1257,#742,.T.);
#1641=EDGE_CURVE('',#1293,#1232,#743,.T.);
#1642=EDGE_CURVE('',#1266,#1293,#1176,.T.);
#1643=EDGE_CURVE('',#1291,#1251,#744,.T.);
#1644=EDGE_CURVE('',#1290,#1252,#745,.T.);
#1645=EDGE_CURVE('',#1292,#1249,#746,.T.);
#1646=EDGE_CURVE('',#1285,#1294,#1177,.T.);
#1647=EDGE_CURVE('',#1294,#1217,#747,.T.);
#1648=EDGE_CURVE('',#1260,#1284,#1178,.T.);
#1649=EDGE_CURVE('',#1295,#1267,#1179,.T.);
#1650=EDGE_CURVE('',#1293,#1295,#748,.T.);
#1651=EDGE_CURVE('',#1295,#1294,#749,.T.);
#1652=EDGE_CURVE('',#1268,#1259,#1180,.T.);
#1653=EDGE_CURVE('',#1296,#1297,#1181,.T.);
#1654=EDGE_CURVE('',#1297,#1298,#1182,.T.);
#1655=EDGE_CURVE('',#1298,#1298,#1183,.T.);
#1656=EDGE_CURVE('',#1297,#1296,#1184,.T.);
#1657=EDGE_CURVE('',#1299,#1300,#1185,.T.);
#1658=EDGE_CURVE('',#1299,#1296,#750,.T.);
#1659=EDGE_CURVE('',#1300,#1299,#1186,.T.);
#1660=EDGE_CURVE('',#1301,#1301,#1187,.T.);
#1661=EDGE_CURVE('',#1302,#1302,#1188,.T.);
#1662=EDGE_CURVE('',#1302,#1300,#1189,.T.);
#1663=EDGE_CURVE('',#1301,#1303,#751,.T.);
#1664=EDGE_CURVE('',#1303,#1303,#1190,.T.);
#1665=EDGE_CURVE('',#1304,#1305,#752,.T.);
#1666=EDGE_CURVE('',#1306,#1304,#1191,.F.);
#1667=EDGE_CURVE('',#1306,#1305,#51,.T.);
#1668=EDGE_CURVE('',#1307,#1308,#753,.T.);
#1669=EDGE_CURVE('',#1309,#1307,#52,.T.);
#1670=EDGE_CURVE('',#1310,#1309,#754,.T.);
#1671=EDGE_CURVE('',#1310,#1308,#53,.T.);
#1672=EDGE_CURVE('',#1311,#1312,#755,.T.);
#1673=EDGE_CURVE('',#1313,#1311,#54,.T.);
#1674=EDGE_CURVE('',#1314,#1313,#756,.T.);
#1675=EDGE_CURVE('',#1314,#1312,#55,.T.);
#1676=EDGE_CURVE('',#1315,#1316,#757,.T.);
#1677=EDGE_CURVE('',#1317,#1315,#56,.T.);
#1678=EDGE_CURVE('',#1318,#1317,#758,.T.);
#1679=EDGE_CURVE('',#1318,#1316,#57,.T.);
#1680=EDGE_CURVE('',#1319,#1320,#759,.T.);
#1681=EDGE_CURVE('',#1321,#1319,#58,.T.);
#1682=EDGE_CURVE('',#1322,#1321,#760,.T.);
#1683=EDGE_CURVE('',#1322,#1320,#59,.T.);
#1684=EDGE_CURVE('',#1323,#1324,#761,.T.);
#1685=EDGE_CURVE('',#1325,#1323,#60,.T.);
#1686=EDGE_CURVE('',#1326,#1325,#762,.T.);
#1687=EDGE_CURVE('',#1326,#1324,#61,.T.);
#1688=EDGE_CURVE('',#1327,#1328,#763,.T.);
#1689=EDGE_CURVE('',#1329,#1327,#62,.T.);
#1690=EDGE_CURVE('',#1330,#1329,#764,.T.);
#1691=EDGE_CURVE('',#1330,#1328,#63,.T.);
#1692=EDGE_CURVE('',#1331,#1332,#765,.T.);
#1693=EDGE_CURVE('',#1333,#1331,#64,.T.);
#1694=EDGE_CURVE('',#1334,#1333,#766,.T.);
#1695=EDGE_CURVE('',#1334,#1332,#65,.T.);
#1696=EDGE_CURVE('',#1335,#1336,#767,.T.);
#1697=EDGE_CURVE('',#1337,#1335,#66,.T.);
#1698=EDGE_CURVE('',#1338,#1337,#768,.T.);
#1699=EDGE_CURVE('',#1338,#1336,#67,.T.);
#1700=EDGE_CURVE('',#1339,#1340,#769,.T.);
#1701=EDGE_CURVE('',#1341,#1339,#68,.T.);
#1702=EDGE_CURVE('',#1342,#1341,#770,.T.);
#1703=EDGE_CURVE('',#1342,#1340,#69,.T.);
#1704=EDGE_CURVE('',#1343,#1344,#771,.T.);
#1705=EDGE_CURVE('',#1345,#1343,#70,.T.);
#1706=EDGE_CURVE('',#1346,#1345,#772,.T.);
#1707=EDGE_CURVE('',#1346,#1344,#71,.T.);
#1708=EDGE_CURVE('',#1347,#1348,#773,.T.);
#1709=EDGE_CURVE('',#1349,#1347,#72,.T.);
#1710=EDGE_CURVE('',#1350,#1349,#774,.T.);
#1711=EDGE_CURVE('',#1350,#1348,#73,.T.);
#1712=EDGE_CURVE('',#1351,#1352,#775,.T.);
#1713=EDGE_CURVE('',#1353,#1351,#74,.T.);
#1714=EDGE_CURVE('',#1354,#1353,#776,.T.);
#1715=EDGE_CURVE('',#1354,#1352,#75,.T.);
#1716=EDGE_CURVE('',#1355,#1356,#777,.T.);
#1717=EDGE_CURVE('',#1357,#1355,#76,.T.);
#1718=EDGE_CURVE('',#1358,#1357,#778,.T.);
#1719=EDGE_CURVE('',#1358,#1356,#77,.T.);
#1720=EDGE_CURVE('',#1359,#1360,#779,.T.);
#1721=EDGE_CURVE('',#1361,#1359,#78,.T.);
#1722=EDGE_CURVE('',#1362,#1361,#780,.T.);
#1723=EDGE_CURVE('',#1362,#1360,#79,.T.);
#1724=EDGE_CURVE('',#1363,#1364,#781,.T.);
#1725=EDGE_CURVE('',#1365,#1363,#80,.T.);
#1726=EDGE_CURVE('',#1366,#1365,#1192,.T.);
#1727=EDGE_CURVE('',#1366,#1364,#81,.T.);
#1728=EDGE_CURVE('',#1367,#1368,#782,.T.);
#1729=EDGE_CURVE('',#1369,#1367,#82,.T.);
#1730=EDGE_CURVE('',#1370,#1369,#783,.T.);
#1731=EDGE_CURVE('',#1370,#1368,#83,.T.);
#1732=EDGE_CURVE('',#1371,#1372,#784,.T.);
#1733=EDGE_CURVE('',#1371,#1373,#84,.T.);
#1734=EDGE_CURVE('',#1374,#1373,#1193,.T.);
#1735=EDGE_CURVE('',#1375,#1374,#85,.T.);
#1736=EDGE_CURVE('',#1372,#1375,#50,.T.);
#1737=EDGE_CURVE('',#1364,#1376,#86,.T.);
#1738=EDGE_CURVE('',#1376,#1366,#87,.T.);
#1739=EDGE_CURVE('',#1308,#1377,#88,.T.);
#1740=EDGE_CURVE('',#1378,#1310,#89,.T.);
#1741=EDGE_CURVE('',#1379,#1378,#90,.T.);
#1742=EDGE_CURVE('',#1377,#1379,#91,.T.);
#1743=EDGE_CURVE('',#1312,#1380,#92,.T.);
#1744=EDGE_CURVE('',#1381,#1314,#93,.T.);
#1745=EDGE_CURVE('',#1380,#1381,#94,.T.);
#1746=EDGE_CURVE('',#1316,#1382,#95,.T.);
#1747=EDGE_CURVE('',#1383,#1318,#96,.T.);
#1748=EDGE_CURVE('',#1382,#1383,#97,.T.);
#1749=EDGE_CURVE('',#1320,#1384,#98,.T.);
#1750=EDGE_CURVE('',#1385,#1322,#99,.T.);
#1751=EDGE_CURVE('',#1384,#1385,#100,.T.);
#1752=EDGE_CURVE('',#1324,#1386,#101,.T.);
#1753=EDGE_CURVE('',#1387,#1326,#102,.T.);
#1754=EDGE_CURVE('',#1386,#1387,#103,.T.);
#1755=EDGE_CURVE('',#1328,#1388,#104,.T.);
#1756=EDGE_CURVE('',#1389,#1330,#105,.T.);
#1757=EDGE_CURVE('',#1388,#1389,#106,.T.);
#1758=EDGE_CURVE('',#1332,#1390,#107,.T.);
#1759=EDGE_CURVE('',#1391,#1334,#108,.T.);
#1760=EDGE_CURVE('',#1390,#1391,#109,.T.);
#1761=EDGE_CURVE('',#1336,#1392,#110,.T.);
#1762=EDGE_CURVE('',#1393,#1338,#111,.T.);
#1763=EDGE_CURVE('',#1392,#1393,#112,.T.);
#1764=EDGE_CURVE('',#1340,#1394,#113,.T.);
#1765=EDGE_CURVE('',#1395,#1342,#114,.T.);
#1766=EDGE_CURVE('',#1394,#1395,#115,.T.);
#1767=EDGE_CURVE('',#1344,#1396,#116,.T.);
#1768=EDGE_CURVE('',#1397,#1346,#117,.T.);
#1769=EDGE_CURVE('',#1396,#1397,#118,.T.);
#1770=EDGE_CURVE('',#1348,#1398,#119,.T.);
#1771=EDGE_CURVE('',#1399,#1350,#120,.T.);
#1772=EDGE_CURVE('',#1398,#1399,#121,.T.);
#1773=EDGE_CURVE('',#1352,#1400,#122,.T.);
#1774=EDGE_CURVE('',#1401,#1354,#123,.T.);
#1775=EDGE_CURVE('',#1400,#1401,#124,.T.);
#1776=EDGE_CURVE('',#1356,#1402,#125,.T.);
#1777=EDGE_CURVE('',#1403,#1358,#126,.T.);
#1778=EDGE_CURVE('',#1402,#1403,#127,.T.);
#1779=EDGE_CURVE('',#1360,#1404,#128,.T.);
#1780=EDGE_CURVE('',#1405,#1362,#129,.T.);
#1781=EDGE_CURVE('',#1404,#1405,#130,.T.);
#1782=EDGE_CURVE('',#1368,#1406,#131,.T.);
#1783=EDGE_CURVE('',#1407,#1370,#132,.T.);
#1784=EDGE_CURVE('',#1406,#1407,#133,.T.);
#1785=EDGE_CURVE('',#1375,#1408,#134,.T.);
#1786=EDGE_CURVE('',#1408,#1374,#135,.T.);
#1787=EDGE_CURVE('',#1409,#1307,#136,.T.);
#1788=EDGE_CURVE('',#1410,#1409,#137,.T.);
#1789=EDGE_CURVE('',#1309,#1410,#138,.T.);
#1790=EDGE_CURVE('',#1411,#1311,#139,.T.);
#1791=EDGE_CURVE('',#1412,#1411,#140,.T.);
#1792=EDGE_CURVE('',#1313,#1412,#141,.T.);
#1793=EDGE_CURVE('',#1413,#1315,#142,.T.);
#1794=EDGE_CURVE('',#1414,#1413,#143,.T.);
#1795=EDGE_CURVE('',#1317,#1414,#144,.T.);
#1796=EDGE_CURVE('',#1415,#1319,#145,.T.);
#1797=EDGE_CURVE('',#1416,#1415,#146,.T.);
#1798=EDGE_CURVE('',#1321,#1416,#147,.T.);
#1799=EDGE_CURVE('',#1417,#1323,#148,.T.);
#1800=EDGE_CURVE('',#1418,#1417,#149,.T.);
#1801=EDGE_CURVE('',#1325,#1418,#150,.T.);
#1802=EDGE_CURVE('',#1419,#1327,#151,.T.);
#1803=EDGE_CURVE('',#1420,#1419,#152,.T.);
#1804=EDGE_CURVE('',#1329,#1420,#153,.T.);
#1805=EDGE_CURVE('',#1421,#1331,#154,.T.);
#1806=EDGE_CURVE('',#1422,#1421,#155,.T.);
#1807=EDGE_CURVE('',#1333,#1422,#156,.T.);
#1808=EDGE_CURVE('',#1423,#1335,#157,.T.);
#1809=EDGE_CURVE('',#1424,#1423,#158,.T.);
#1810=EDGE_CURVE('',#1337,#1424,#159,.T.);
#1811=EDGE_CURVE('',#1425,#1339,#160,.T.);
#1812=EDGE_CURVE('',#1426,#1425,#161,.T.);
#1813=EDGE_CURVE('',#1341,#1426,#162,.T.);
#1814=EDGE_CURVE('',#1427,#1343,#163,.T.);
#1815=EDGE_CURVE('',#1428,#1427,#164,.T.);
#1816=EDGE_CURVE('',#1345,#1428,#165,.T.);
#1817=EDGE_CURVE('',#1429,#1347,#166,.T.);
#1818=EDGE_CURVE('',#1430,#1429,#167,.T.);
#1819=EDGE_CURVE('',#1349,#1430,#168,.T.);
#1820=EDGE_CURVE('',#1431,#1351,#169,.T.);
#1821=EDGE_CURVE('',#1432,#1431,#170,.T.);
#1822=EDGE_CURVE('',#1353,#1432,#171,.T.);
#1823=EDGE_CURVE('',#1433,#1355,#172,.T.);
#1824=EDGE_CURVE('',#1434,#1433,#173,.T.);
#1825=EDGE_CURVE('',#1357,#1434,#174,.T.);
#1826=EDGE_CURVE('',#1435,#1359,#175,.T.);
#1827=EDGE_CURVE('',#1436,#1435,#176,.T.);
#1828=EDGE_CURVE('',#1361,#1436,#177,.T.);
#1829=EDGE_CURVE('',#1437,#1367,#178,.T.);
#1830=EDGE_CURVE('',#1305,#1437,#179,.T.);
#1831=EDGE_CURVE('',#1438,#1306,#180,.T.);
#1832=EDGE_CURVE('',#1369,#1438,#181,.T.);
#1833=EDGE_CURVE('',#1439,#1363,#182,.T.);
#1834=EDGE_CURVE('',#1440,#1439,#183,.T.);
#1835=EDGE_CURVE('',#1365,#1440,#184,.T.);
#1836=EDGE_CURVE('',#1408,#1441,#785,.T.);
#1837=EDGE_CURVE('',#1373,#1442,#185,.T.);
#1838=EDGE_CURVE('',#1441,#1442,#1194,.F.);
#1839=EDGE_CURVE('',#1443,#1371,#186,.T.);
#1840=EDGE_CURVE('',#1442,#1443,#187,.T.);
#1841=EDGE_CURVE('',#1441,#1444,#14,.T.);
#1842=EDGE_CURVE('',#1444,#1445,#786,.T.);
#1843=EDGE_CURVE('',#1446,#1445,#787,.T.);
#1844=EDGE_CURVE('',#1446,#1372,#788,.T.);
#1845=EDGE_CURVE('',#1447,#1446,#789,.T.);
#1846=EDGE_CURVE('',#1447,#1378,#790,.T.);
#1847=EDGE_CURVE('',#1410,#1381,#791,.F.);
#1848=EDGE_CURVE('',#1412,#1383,#792,.F.);
#1849=EDGE_CURVE('',#1414,#1385,#793,.F.);
#1850=EDGE_CURVE('',#1416,#1387,#794,.F.);
#1851=EDGE_CURVE('',#1418,#1389,#795,.F.);
#1852=EDGE_CURVE('',#1420,#1391,#796,.F.);
#1853=EDGE_CURVE('',#1422,#1393,#797,.F.);
#1854=EDGE_CURVE('',#1424,#1395,#798,.F.);
#1855=EDGE_CURVE('',#1426,#1397,#799,.F.);
#1856=EDGE_CURVE('',#1428,#1399,#800,.F.);
#1857=EDGE_CURVE('',#1430,#1401,#801,.F.);
#1858=EDGE_CURVE('',#1432,#1403,#802,.F.);
#1859=EDGE_CURVE('',#1434,#1405,#803,.F.);
#1860=EDGE_CURVE('',#1436,#1407,#804,.F.);
#1861=EDGE_CURVE('',#1438,#1443,#805,.F.);
#1862=EDGE_CURVE('',#1409,#1380,#806,.T.);
#1863=EDGE_CURVE('',#1411,#1382,#807,.T.);
#1864=EDGE_CURVE('',#1413,#1384,#808,.T.);
#1865=EDGE_CURVE('',#1415,#1386,#809,.T.);
#1866=EDGE_CURVE('',#1417,#1388,#810,.T.);
#1867=EDGE_CURVE('',#1419,#1390,#811,.T.);
#1868=EDGE_CURVE('',#1421,#1392,#812,.T.);
#1869=EDGE_CURVE('',#1423,#1394,#813,.T.);
#1870=EDGE_CURVE('',#1425,#1396,#814,.T.);
#1871=EDGE_CURVE('',#1427,#1398,#815,.T.);
#1872=EDGE_CURVE('',#1429,#1400,#816,.T.);
#1873=EDGE_CURVE('',#1431,#1402,#817,.T.);
#1874=EDGE_CURVE('',#1435,#1406,#818,.T.);
#1875=EDGE_CURVE('',#1433,#1404,#819,.T.);
#1876=EDGE_CURVE('',#1439,#1377,#820,.T.);
#1877=EDGE_CURVE('',#1379,#1440,#1195,.F.);
#1878=EDGE_CURVE('',#1437,#1448,#821,.T.);
#1879=EDGE_CURVE('',#1448,#1449,#822,.T.);
#1880=EDGE_CURVE('',#1449,#1450,#823,.T.);
#1881=EDGE_CURVE('',#1304,#1450,#15,.T.);
#1882=EDGE_CURVE('',#1442,#1306,#1196,.F.);
#1883=EDGE_CURVE('',#1450,#1444,#1197,.T.);
#1884=EDGE_CURVE('',#1448,#1446,#824,.T.);
#1885=EDGE_CURVE('',#1445,#1449,#825,.T.);
#1886=EDGE_CURVE('',#1447,#1451,#826,.T.);
#1887=EDGE_CURVE('',#1451,#1448,#827,.T.);
#1888=EDGE_CURVE('',#1451,#1376,#828,.T.);
#1889=EDGE_CURVE('',#1452,#1453,#1198,.T.);
#1890=EDGE_CURVE('',#1454,#1452,#829,.T.);
#1891=EDGE_CURVE('',#1455,#1454,#830,.T.);
#1892=EDGE_CURVE('',#1455,#1453,#831,.T.);
#1893=EDGE_CURVE('',#1453,#1456,#832,.T.);
#1894=EDGE_CURVE('',#1456,#1457,#1199,.T.);
#1895=EDGE_CURVE('',#1457,#1452,#833,.T.);
#1896=EDGE_CURVE('',#1458,#1455,#834,.T.);
#1897=EDGE_CURVE('',#1458,#1456,#835,.T.);
#1898=EDGE_CURVE('',#1459,#1457,#836,.T.);
#1899=EDGE_CURVE('',#1454,#1459,#837,.T.);
#1900=EDGE_CURVE('',#1459,#1458,#838,.T.);
#1901=EDGE_CURVE('',#1460,#1461,#1200,.T.);
#1902=EDGE_CURVE('',#1462,#1460,#839,.T.);
#1903=EDGE_CURVE('',#1463,#1462,#840,.T.);
#1904=EDGE_CURVE('',#1463,#1461,#841,.T.);
#1905=EDGE_CURVE('',#1461,#1464,#842,.T.);
#1906=EDGE_CURVE('',#1464,#1465,#1201,.T.);
#1907=EDGE_CURVE('',#1465,#1460,#843,.T.);
#1908=EDGE_CURVE('',#1466,#1465,#844,.T.);
#1909=EDGE_CURVE('',#1462,#1466,#845,.T.);
#1910=EDGE_CURVE('',#1467,#1464,#846,.T.);
#1911=EDGE_CURVE('',#1466,#1467,#847,.T.);
#1912=EDGE_CURVE('',#1467,#1463,#848,.T.);
#1913=EDGE_CURVE('',#1468,#1469,#1202,.T.);
#1914=EDGE_CURVE('',#1470,#1468,#849,.T.);
#1915=EDGE_CURVE('',#1471,#1470,#850,.T.);
#1916=EDGE_CURVE('',#1471,#1469,#851,.T.);
#1917=EDGE_CURVE('',#1469,#1472,#852,.T.);
#1918=EDGE_CURVE('',#1472,#1473,#1203,.T.);
#1919=EDGE_CURVE('',#1473,#1468,#853,.T.);
#1920=EDGE_CURVE('',#1474,#1473,#854,.T.);
#1921=EDGE_CURVE('',#1470,#1474,#855,.T.);
#1922=EDGE_CURVE('',#1475,#1472,#856,.T.);
#1923=EDGE_CURVE('',#1474,#1475,#857,.T.);
#1924=EDGE_CURVE('',#1475,#1471,#858,.T.);
#1925=EDGE_CURVE('',#1476,#1477,#1204,.T.);
#1926=EDGE_CURVE('',#1478,#1476,#859,.T.);
#1927=EDGE_CURVE('',#1479,#1478,#860,.T.);
#1928=EDGE_CURVE('',#1479,#1477,#861,.T.);
#1929=EDGE_CURVE('',#1477,#1480,#862,.T.);
#1930=EDGE_CURVE('',#1480,#1481,#1205,.T.);
#1931=EDGE_CURVE('',#1481,#1476,#863,.T.);
#1932=EDGE_CURVE('',#1482,#1481,#864,.T.);
#1933=EDGE_CURVE('',#1478,#1482,#865,.T.);
#1934=EDGE_CURVE('',#1483,#1480,#866,.T.);
#1935=EDGE_CURVE('',#1482,#1483,#867,.T.);
#1936=EDGE_CURVE('',#1483,#1479,#868,.T.);
#1937=EDGE_CURVE('',#1484,#1485,#1206,.T.);
#1938=EDGE_CURVE('',#1486,#1484,#869,.T.);
#1939=EDGE_CURVE('',#1487,#1486,#870,.T.);
#1940=EDGE_CURVE('',#1487,#1485,#871,.T.);
#1941=EDGE_CURVE('',#1485,#1488,#872,.T.);
#1942=EDGE_CURVE('',#1488,#1489,#1207,.T.);
#1943=EDGE_CURVE('',#1489,#1484,#873,.T.);
#1944=EDGE_CURVE('',#1490,#1488,#874,.T.);
#1945=EDGE_CURVE('',#1491,#1490,#875,.T.);
#1946=EDGE_CURVE('',#1491,#1489,#876,.T.);
#1947=EDGE_CURVE('',#1490,#1487,#877,.T.);
#1948=EDGE_CURVE('',#1486,#1491,#878,.T.);
#1949=EDGE_CURVE('',#1492,#1493,#1208,.T.);
#1950=EDGE_CURVE('',#1494,#1492,#879,.T.);
#1951=EDGE_CURVE('',#1495,#1494,#880,.T.);
#1952=EDGE_CURVE('',#1495,#1493,#881,.T.);
#1953=EDGE_CURVE('',#1493,#1496,#882,.T.);
#1954=EDGE_CURVE('',#1496,#1497,#1209,.T.);
#1955=EDGE_CURVE('',#1497,#1492,#883,.T.);
#1956=EDGE_CURVE('',#1498,#1497,#884,.T.);
#1957=EDGE_CURVE('',#1494,#1498,#885,.T.);
#1958=EDGE_CURVE('',#1499,#1496,#886,.T.);
#1959=EDGE_CURVE('',#1498,#1499,#887,.T.);
#1960=EDGE_CURVE('',#1499,#1495,#888,.T.);
#1961=ORIENTED_EDGE('',*,*,#1500,.T.);
#1962=ORIENTED_EDGE('',*,*,#1501,.T.);
#1963=ORIENTED_EDGE('',*,*,#1502,.T.);
#1964=ORIENTED_EDGE('',*,*,#1503,.T.);
#1965=ORIENTED_EDGE('',*,*,#1504,.T.);
#1966=ORIENTED_EDGE('',*,*,#1505,.T.);
#1967=ORIENTED_EDGE('',*,*,#1506,.T.);
#1968=ORIENTED_EDGE('',*,*,#1507,.T.);
#1969=ORIENTED_EDGE('',*,*,#1504,.F.);
#1970=ORIENTED_EDGE('',*,*,#1502,.F.);
#1971=ORIENTED_EDGE('',*,*,#1508,.T.);
#1972=ORIENTED_EDGE('',*,*,#1509,.T.);
#1973=ORIENTED_EDGE('',*,*,#1510,.T.);
#1974=ORIENTED_EDGE('',*,*,#1511,.T.);
#1975=ORIENTED_EDGE('',*,*,#1512,.T.);
#1976=ORIENTED_EDGE('',*,*,#1509,.F.);
#1977=ORIENTED_EDGE('',*,*,#1506,.F.);
#1978=ORIENTED_EDGE('',*,*,#1513,.T.);
#1979=ORIENTED_EDGE('',*,*,#1514,.T.);
#1980=ORIENTED_EDGE('',*,*,#1515,.T.);
#1981=ORIENTED_EDGE('',*,*,#1516,.T.);
#1982=ORIENTED_EDGE('',*,*,#1517,.T.);
#1983=ORIENTED_EDGE('',*,*,#1514,.F.);
#1984=ORIENTED_EDGE('',*,*,#1511,.F.);
#1985=ORIENTED_EDGE('',*,*,#1518,.T.);
#1986=ORIENTED_EDGE('',*,*,#1500,.F.);
#1987=ORIENTED_EDGE('',*,*,#1516,.F.);
#1988=ORIENTED_EDGE('',*,*,#1519,.T.);
#1989=ORIENTED_EDGE('',*,*,#1508,.F.);
#1990=ORIENTED_EDGE('',*,*,#1520,.F.);
#1991=ORIENTED_EDGE('',*,*,#1521,.F.);
#1992=ORIENTED_EDGE('',*,*,#1522,.T.);
#1993=ORIENTED_EDGE('',*,*,#1501,.F.);
#1994=ORIENTED_EDGE('',*,*,#1523,.F.);
#1995=ORIENTED_EDGE('',*,*,#1524,.F.);
#1996=ORIENTED_EDGE('',*,*,#1520,.T.);
#1997=ORIENTED_EDGE('',*,*,#1519,.F.);
#1998=ORIENTED_EDGE('',*,*,#1525,.F.);
#1999=ORIENTED_EDGE('',*,*,#1526,.F.);
#2000=ORIENTED_EDGE('',*,*,#1523,.T.);
#2001=ORIENTED_EDGE('',*,*,#1515,.F.);
#2002=ORIENTED_EDGE('',*,*,#1527,.F.);
#2003=ORIENTED_EDGE('',*,*,#1528,.F.);
#2004=ORIENTED_EDGE('',*,*,#1525,.T.);
#2005=ORIENTED_EDGE('',*,*,#1503,.F.);
#2006=ORIENTED_EDGE('',*,*,#1507,.F.);
#2007=ORIENTED_EDGE('',*,*,#1512,.F.);
#2008=ORIENTED_EDGE('',*,*,#1517,.F.);
#2009=ORIENTED_EDGE('',*,*,#1529,.T.);
#2010=ORIENTED_EDGE('',*,*,#1530,.T.);
#2011=ORIENTED_EDGE('',*,*,#1531,.T.);
#2012=ORIENTED_EDGE('',*,*,#1532,.T.);
#2013=ORIENTED_EDGE('',*,*,#1533,.T.);
#2014=ORIENTED_EDGE('',*,*,#1534,.T.);
#2015=ORIENTED_EDGE('',*,*,#1535,.T.);
#2016=ORIENTED_EDGE('',*,*,#1536,.T.);
#2017=ORIENTED_EDGE('',*,*,#1533,.F.);
#2018=ORIENTED_EDGE('',*,*,#1531,.F.);
#2019=ORIENTED_EDGE('',*,*,#1537,.T.);
#2020=ORIENTED_EDGE('',*,*,#1538,.T.);
#2021=ORIENTED_EDGE('',*,*,#1539,.T.);
#2022=ORIENTED_EDGE('',*,*,#1540,.T.);
#2023=ORIENTED_EDGE('',*,*,#1541,.T.);
#2024=ORIENTED_EDGE('',*,*,#1538,.F.);
#2025=ORIENTED_EDGE('',*,*,#1535,.F.);
#2026=ORIENTED_EDGE('',*,*,#1542,.T.);
#2027=ORIENTED_EDGE('',*,*,#1543,.T.);
#2028=ORIENTED_EDGE('',*,*,#1544,.T.);
#2029=ORIENTED_EDGE('',*,*,#1545,.T.);
#2030=ORIENTED_EDGE('',*,*,#1546,.T.);
#2031=ORIENTED_EDGE('',*,*,#1543,.F.);
#2032=ORIENTED_EDGE('',*,*,#1540,.F.);
#2033=ORIENTED_EDGE('',*,*,#1547,.T.);
#2034=ORIENTED_EDGE('',*,*,#1529,.F.);
#2035=ORIENTED_EDGE('',*,*,#1545,.F.);
#2036=ORIENTED_EDGE('',*,*,#1548,.T.);
#2037=ORIENTED_EDGE('',*,*,#1537,.F.);
#2038=ORIENTED_EDGE('',*,*,#1549,.F.);
#2039=ORIENTED_EDGE('',*,*,#1550,.F.);
#2040=ORIENTED_EDGE('',*,*,#1551,.T.);
#2041=ORIENTED_EDGE('',*,*,#1530,.F.);
#2042=ORIENTED_EDGE('',*,*,#1552,.F.);
#2043=ORIENTED_EDGE('',*,*,#1553,.F.);
#2044=ORIENTED_EDGE('',*,*,#1549,.T.);
#2045=ORIENTED_EDGE('',*,*,#1548,.F.);
#2046=ORIENTED_EDGE('',*,*,#1554,.F.);
#2047=ORIENTED_EDGE('',*,*,#1555,.F.);
#2048=ORIENTED_EDGE('',*,*,#1552,.T.);
#2049=ORIENTED_EDGE('',*,*,#1544,.F.);
#2050=ORIENTED_EDGE('',*,*,#1556,.F.);
#2051=ORIENTED_EDGE('',*,*,#1557,.F.);
#2052=ORIENTED_EDGE('',*,*,#1554,.T.);
#2053=ORIENTED_EDGE('',*,*,#1532,.F.);
#2054=ORIENTED_EDGE('',*,*,#1536,.F.);
#2055=ORIENTED_EDGE('',*,*,#1541,.F.);
#2056=ORIENTED_EDGE('',*,*,#1546,.F.);
#2057=ORIENTED_EDGE('',*,*,#1558,.T.);
#2058=ORIENTED_EDGE('',*,*,#1559,.T.);
#2059=ORIENTED_EDGE('',*,*,#1560,.T.);
#2060=ORIENTED_EDGE('',*,*,#1561,.T.);
#2061=ORIENTED_EDGE('',*,*,#1562,.T.);
#2062=ORIENTED_EDGE('',*,*,#1563,.T.);
#2063=ORIENTED_EDGE('',*,*,#1564,.T.);
#2064=ORIENTED_EDGE('',*,*,#1565,.T.);
#2065=ORIENTED_EDGE('',*,*,#1562,.F.);
#2066=ORIENTED_EDGE('',*,*,#1560,.F.);
#2067=ORIENTED_EDGE('',*,*,#1566,.T.);
#2068=ORIENTED_EDGE('',*,*,#1567,.T.);
#2069=ORIENTED_EDGE('',*,*,#1568,.T.);
#2070=ORIENTED_EDGE('',*,*,#1569,.T.);
#2071=ORIENTED_EDGE('',*,*,#1570,.T.);
#2072=ORIENTED_EDGE('',*,*,#1567,.F.);
#2073=ORIENTED_EDGE('',*,*,#1564,.F.);
#2074=ORIENTED_EDGE('',*,*,#1571,.T.);
#2075=ORIENTED_EDGE('',*,*,#1572,.T.);
#2076=ORIENTED_EDGE('',*,*,#1573,.T.);
#2077=ORIENTED_EDGE('',*,*,#1574,.T.);
#2078=ORIENTED_EDGE('',*,*,#1575,.T.);
#2079=ORIENTED_EDGE('',*,*,#1572,.F.);
#2080=ORIENTED_EDGE('',*,*,#1569,.F.);
#2081=ORIENTED_EDGE('',*,*,#1576,.T.);
#2082=ORIENTED_EDGE('',*,*,#1558,.F.);
#2083=ORIENTED_EDGE('',*,*,#1574,.F.);
#2084=ORIENTED_EDGE('',*,*,#1577,.T.);
#2085=ORIENTED_EDGE('',*,*,#1566,.F.);
#2086=ORIENTED_EDGE('',*,*,#1578,.F.);
#2087=ORIENTED_EDGE('',*,*,#1579,.F.);
#2088=ORIENTED_EDGE('',*,*,#1580,.T.);
#2089=ORIENTED_EDGE('',*,*,#1559,.F.);
#2090=ORIENTED_EDGE('',*,*,#1581,.F.);
#2091=ORIENTED_EDGE('',*,*,#1582,.F.);
#2092=ORIENTED_EDGE('',*,*,#1583,.F.);
#2093=ORIENTED_EDGE('',*,*,#1584,.F.);
#2094=ORIENTED_EDGE('',*,*,#1585,.T.);
#2095=ORIENTED_EDGE('',*,*,#1586,.F.);
#2096=ORIENTED_EDGE('',*,*,#1587,.F.);
#2097=ORIENTED_EDGE('',*,*,#1588,.F.);
#2098=ORIENTED_EDGE('',*,*,#1578,.T.);
#2099=ORIENTED_EDGE('',*,*,#1577,.F.);
#2100=ORIENTED_EDGE('',*,*,#1589,.F.);
#2101=ORIENTED_EDGE('',*,*,#1590,.F.);
#2102=ORIENTED_EDGE('',*,*,#1581,.T.);
#2103=ORIENTED_EDGE('',*,*,#1539,.F.);
#2104=ORIENTED_EDGE('',*,*,#1591,.F.);
#2105=ORIENTED_EDGE('',*,*,#1592,.F.);
#2106=ORIENTED_EDGE('',*,*,#1593,.F.);
#2107=ORIENTED_EDGE('',*,*,#1594,.F.);
#2108=ORIENTED_EDGE('',*,*,#1589,.T.);
#2109=ORIENTED_EDGE('',*,*,#1573,.F.);
#2110=ORIENTED_EDGE('',*,*,#1595,.F.);
#2111=ORIENTED_EDGE('',*,*,#1596,.F.);
#2112=ORIENTED_EDGE('',*,*,#1597,.T.);
#2113=ORIENTED_EDGE('',*,*,#1561,.F.);
#2114=ORIENTED_EDGE('',*,*,#1565,.F.);
#2115=ORIENTED_EDGE('',*,*,#1570,.F.);
#2116=ORIENTED_EDGE('',*,*,#1575,.F.);
#2117=ORIENTED_EDGE('',*,*,#1598,.T.);
#2118=ORIENTED_EDGE('',*,*,#1599,.T.);
#2119=ORIENTED_EDGE('',*,*,#1600,.T.);
#2120=ORIENTED_EDGE('',*,*,#1601,.T.);
#2121=ORIENTED_EDGE('',*,*,#1602,.T.);
#2122=ORIENTED_EDGE('',*,*,#1603,.T.);
#2123=ORIENTED_EDGE('',*,*,#1604,.T.);
#2124=ORIENTED_EDGE('',*,*,#1605,.T.);
#2125=ORIENTED_EDGE('',*,*,#1602,.F.);
#2126=ORIENTED_EDGE('',*,*,#1600,.F.);
#2127=ORIENTED_EDGE('',*,*,#1606,.T.);
#2128=ORIENTED_EDGE('',*,*,#1607,.T.);
#2129=ORIENTED_EDGE('',*,*,#1608,.T.);
#2130=ORIENTED_EDGE('',*,*,#1609,.T.);
#2131=ORIENTED_EDGE('',*,*,#1610,.T.);
#2132=ORIENTED_EDGE('',*,*,#1607,.F.);
#2133=ORIENTED_EDGE('',*,*,#1604,.F.);
#2134=ORIENTED_EDGE('',*,*,#1611,.T.);
#2135=ORIENTED_EDGE('',*,*,#1612,.T.);
#2136=ORIENTED_EDGE('',*,*,#1586,.T.);
#2137=ORIENTED_EDGE('',*,*,#1613,.T.);
#2138=ORIENTED_EDGE('',*,*,#1614,.T.);
#2139=ORIENTED_EDGE('',*,*,#1612,.F.);
#2140=ORIENTED_EDGE('',*,*,#1609,.F.);
#2141=ORIENTED_EDGE('',*,*,#1615,.T.);
#2142=ORIENTED_EDGE('',*,*,#1598,.F.);
#2143=ORIENTED_EDGE('',*,*,#1613,.F.);
#2144=ORIENTED_EDGE('',*,*,#1616,.T.);
#2145=ORIENTED_EDGE('',*,*,#1606,.F.);
#2146=ORIENTED_EDGE('',*,*,#1617,.F.);
#2147=ORIENTED_EDGE('',*,*,#1618,.F.);
#2148=ORIENTED_EDGE('',*,*,#1619,.T.);
#2149=ORIENTED_EDGE('',*,*,#1505,.F.);
#2150=ORIENTED_EDGE('',*,*,#1522,.F.);
#2151=ORIENTED_EDGE('',*,*,#1620,.F.);
#2152=ORIENTED_EDGE('',*,*,#1617,.T.);
#2153=ORIENTED_EDGE('',*,*,#1599,.F.);
#2154=ORIENTED_EDGE('',*,*,#1621,.F.);
#2155=ORIENTED_EDGE('',*,*,#1622,.F.);
#2156=ORIENTED_EDGE('',*,*,#1623,.F.);
#2157=ORIENTED_EDGE('',*,*,#1624,.F.);
#2158=ORIENTED_EDGE('',*,*,#1616,.F.);
#2159=ORIENTED_EDGE('',*,*,#1585,.F.);
#2160=ORIENTED_EDGE('',*,*,#1625,.F.);
#2161=ORIENTED_EDGE('',*,*,#1621,.T.);
#2162=ORIENTED_EDGE('',*,*,#1601,.F.);
#2163=ORIENTED_EDGE('',*,*,#1605,.F.);
#2164=ORIENTED_EDGE('',*,*,#1610,.F.);
#2165=ORIENTED_EDGE('',*,*,#1614,.F.);
#2166=ORIENTED_EDGE('',*,*,#1518,.F.);
#2167=ORIENTED_EDGE('',*,*,#1626,.F.);
#2168=ORIENTED_EDGE('',*,*,#1627,.F.);
#2169=ORIENTED_EDGE('',*,*,#1527,.T.);
#2170=ORIENTED_EDGE('',*,*,#1603,.F.);
#2171=ORIENTED_EDGE('',*,*,#1619,.F.);
#2172=ORIENTED_EDGE('',*,*,#1628,.F.);
#2173=ORIENTED_EDGE('',*,*,#1629,.T.);
#2174=ORIENTED_EDGE('',*,*,#1615,.F.);
#2175=ORIENTED_EDGE('',*,*,#1630,.F.);
#2176=ORIENTED_EDGE('',*,*,#1631,.F.);
#2177=ORIENTED_EDGE('',*,*,#1587,.T.);
#2178=ORIENTED_EDGE('',*,*,#1608,.F.);
#2179=ORIENTED_EDGE('',*,*,#1632,.F.);
#2180=ORIENTED_EDGE('',*,*,#1633,.F.);
#2181=ORIENTED_EDGE('',*,*,#1630,.T.);
#2182=ORIENTED_EDGE('',*,*,#1611,.F.);
#2183=ORIENTED_EDGE('',*,*,#1629,.F.);
#2184=ORIENTED_EDGE('',*,*,#1634,.F.);
#2185=ORIENTED_EDGE('',*,*,#1632,.T.);
#2186=ORIENTED_EDGE('',*,*,#1627,.T.);
#2187=ORIENTED_EDGE('',*,*,#1635,.T.);
#2188=ORIENTED_EDGE('',*,*,#1550,.T.);
#2189=ORIENTED_EDGE('',*,*,#1553,.T.);
#2190=ORIENTED_EDGE('',*,*,#1555,.T.);
#2191=ORIENTED_EDGE('',*,*,#1557,.T.);
#2192=ORIENTED_EDGE('',*,*,#1636,.T.);
#2193=ORIENTED_EDGE('',*,*,#1596,.T.);
#2194=ORIENTED_EDGE('',*,*,#1637,.T.);
#2195=ORIENTED_EDGE('',*,*,#1638,.T.);
#2196=ORIENTED_EDGE('',*,*,#1639,.T.);
#2197=ORIENTED_EDGE('',*,*,#1640,.T.);
#2198=ORIENTED_EDGE('',*,*,#1579,.T.);
#2199=ORIENTED_EDGE('',*,*,#1588,.T.);
#2200=ORIENTED_EDGE('',*,*,#1631,.T.);
#2201=ORIENTED_EDGE('',*,*,#1633,.T.);
#2202=ORIENTED_EDGE('',*,*,#1634,.T.);
#2203=ORIENTED_EDGE('',*,*,#1628,.T.);
#2204=ORIENTED_EDGE('',*,*,#1618,.T.);
#2205=ORIENTED_EDGE('',*,*,#1620,.T.);
#2206=ORIENTED_EDGE('',*,*,#1521,.T.);
#2207=ORIENTED_EDGE('',*,*,#1524,.T.);
#2208=ORIENTED_EDGE('',*,*,#1526,.T.);
#2209=ORIENTED_EDGE('',*,*,#1528,.T.);
#2210=ORIENTED_EDGE('',*,*,#1547,.F.);
#2211=ORIENTED_EDGE('',*,*,#1597,.F.);
#2212=ORIENTED_EDGE('',*,*,#1636,.F.);
#2213=ORIENTED_EDGE('',*,*,#1556,.T.);
#2214=ORIENTED_EDGE('',*,*,#1542,.F.);
#2215=ORIENTED_EDGE('',*,*,#1641,.F.);
#2216=ORIENTED_EDGE('',*,*,#1642,.F.);
#2217=ORIENTED_EDGE('',*,*,#1591,.T.);
#2218=ORIENTED_EDGE('',*,*,#1568,.F.);
#2219=ORIENTED_EDGE('',*,*,#1643,.F.);
#2220=ORIENTED_EDGE('',*,*,#1638,.F.);
#2221=ORIENTED_EDGE('',*,*,#1644,.T.);
#2222=ORIENTED_EDGE('',*,*,#1571,.F.);
#2223=ORIENTED_EDGE('',*,*,#1645,.F.);
#2224=ORIENTED_EDGE('',*,*,#1639,.F.);
#2225=ORIENTED_EDGE('',*,*,#1643,.T.);
#2226=ORIENTED_EDGE('',*,*,#1563,.F.);
#2227=ORIENTED_EDGE('',*,*,#1580,.F.);
#2228=ORIENTED_EDGE('',*,*,#1640,.F.);
#2229=ORIENTED_EDGE('',*,*,#1645,.T.);
#2230=ORIENTED_EDGE('',*,*,#1576,.F.);
#2231=ORIENTED_EDGE('',*,*,#1644,.F.);
#2232=ORIENTED_EDGE('',*,*,#1637,.F.);
#2233=ORIENTED_EDGE('',*,*,#1595,.T.);
#2234=ORIENTED_EDGE('',*,*,#1513,.F.);
#2235=ORIENTED_EDGE('',*,*,#1624,.T.);
#2236=ORIENTED_EDGE('',*,*,#1646,.T.);
#2237=ORIENTED_EDGE('',*,*,#1647,.T.);
#2238=ORIENTED_EDGE('',*,*,#1648,.T.);
#2239=ORIENTED_EDGE('',*,*,#1622,.T.);
#2240=ORIENTED_EDGE('',*,*,#1625,.T.);
#2241=ORIENTED_EDGE('',*,*,#1584,.T.);
#2242=ORIENTED_EDGE('',*,*,#1649,.T.);
#2243=ORIENTED_EDGE('',*,*,#1592,.T.);
#2244=ORIENTED_EDGE('',*,*,#1642,.T.);
#2245=ORIENTED_EDGE('',*,*,#1650,.T.);
#2246=ORIENTED_EDGE('',*,*,#1510,.F.);
#2247=ORIENTED_EDGE('',*,*,#1647,.F.);
#2248=ORIENTED_EDGE('',*,*,#1651,.F.);
#2249=ORIENTED_EDGE('',*,*,#1650,.F.);
#2250=ORIENTED_EDGE('',*,*,#1641,.T.);
#2251=ORIENTED_EDGE('',*,*,#1534,.F.);
#2252=ORIENTED_EDGE('',*,*,#1551,.F.);
#2253=ORIENTED_EDGE('',*,*,#1635,.F.);
#2254=ORIENTED_EDGE('',*,*,#1626,.T.);
#2255=ORIENTED_EDGE('',*,*,#1652,.T.);
#2256=ORIENTED_EDGE('',*,*,#1582,.T.);
#2257=ORIENTED_EDGE('',*,*,#1590,.T.);
#2258=ORIENTED_EDGE('',*,*,#1594,.T.);
#2259=ORIENTED_EDGE('',*,*,#1646,.F.);
#2260=ORIENTED_EDGE('',*,*,#1623,.T.);
#2261=ORIENTED_EDGE('',*,*,#1648,.F.);
#2262=ORIENTED_EDGE('',*,*,#1583,.T.);
#2263=ORIENTED_EDGE('',*,*,#1652,.F.);
#2264=ORIENTED_EDGE('',*,*,#1593,.T.);
#2265=ORIENTED_EDGE('',*,*,#1649,.F.);
#2266=ORIENTED_EDGE('',*,*,#1651,.T.);
#2267=ORIENTED_EDGE('',*,*,#1653,.T.);
#2268=ORIENTED_EDGE('',*,*,#1654,.T.);
#2269=ORIENTED_EDGE('',*,*,#1655,.T.);
#2270=ORIENTED_EDGE('',*,*,#1654,.F.);
#2271=ORIENTED_EDGE('',*,*,#1656,.T.);
#2272=ORIENTED_EDGE('',*,*,#1657,.F.);
#2273=ORIENTED_EDGE('',*,*,#1658,.T.);
#2274=ORIENTED_EDGE('',*,*,#1656,.F.);
#2275=ORIENTED_EDGE('',*,*,#1653,.F.);
#2276=ORIENTED_EDGE('',*,*,#1658,.F.);
#2277=ORIENTED_EDGE('',*,*,#1659,.F.);
#2278=ORIENTED_EDGE('',*,*,#1655,.F.);
#2279=ORIENTED_EDGE('',*,*,#1660,.T.);
#2280=ORIENTED_EDGE('',*,*,#1661,.T.);
#2281=ORIENTED_EDGE('',*,*,#1662,.T.);
#2282=ORIENTED_EDGE('',*,*,#1659,.T.);
#2283=ORIENTED_EDGE('',*,*,#1657,.T.);
#2284=ORIENTED_EDGE('',*,*,#1662,.F.);
#2285=ORIENTED_EDGE('',*,*,#1661,.F.);
#2286=ORIENTED_EDGE('',*,*,#1660,.F.);
#2287=ORIENTED_EDGE('',*,*,#1663,.T.);
#2288=ORIENTED_EDGE('',*,*,#1664,.F.);
#2289=ORIENTED_EDGE('',*,*,#1663,.F.);
#2290=ORIENTED_EDGE('',*,*,#1665,.F.);
#2291=ORIENTED_EDGE('',*,*,#1666,.F.);
#2292=ORIENTED_EDGE('',*,*,#1667,.T.);
#2293=ORIENTED_EDGE('',*,*,#1668,.F.);
#2294=ORIENTED_EDGE('',*,*,#1669,.F.);
#2295=ORIENTED_EDGE('',*,*,#1670,.F.);
#2296=ORIENTED_EDGE('',*,*,#1671,.T.);
#2297=ORIENTED_EDGE('',*,*,#1672,.F.);
#2298=ORIENTED_EDGE('',*,*,#1673,.F.);
#2299=ORIENTED_EDGE('',*,*,#1674,.F.);
#2300=ORIENTED_EDGE('',*,*,#1675,.T.);
#2301=ORIENTED_EDGE('',*,*,#1676,.F.);
#2302=ORIENTED_EDGE('',*,*,#1677,.F.);
#2303=ORIENTED_EDGE('',*,*,#1678,.F.);
#2304=ORIENTED_EDGE('',*,*,#1679,.T.);
#2305=ORIENTED_EDGE('',*,*,#1680,.F.);
#2306=ORIENTED_EDGE('',*,*,#1681,.F.);
#2307=ORIENTED_EDGE('',*,*,#1682,.F.);
#2308=ORIENTED_EDGE('',*,*,#1683,.T.);
#2309=ORIENTED_EDGE('',*,*,#1684,.F.);
#2310=ORIENTED_EDGE('',*,*,#1685,.F.);
#2311=ORIENTED_EDGE('',*,*,#1686,.F.);
#2312=ORIENTED_EDGE('',*,*,#1687,.T.);
#2313=ORIENTED_EDGE('',*,*,#1688,.F.);
#2314=ORIENTED_EDGE('',*,*,#1689,.F.);
#2315=ORIENTED_EDGE('',*,*,#1690,.F.);
#2316=ORIENTED_EDGE('',*,*,#1691,.T.);
#2317=ORIENTED_EDGE('',*,*,#1692,.F.);
#2318=ORIENTED_EDGE('',*,*,#1693,.F.);
#2319=ORIENTED_EDGE('',*,*,#1694,.F.);
#2320=ORIENTED_EDGE('',*,*,#1695,.T.);
#2321=ORIENTED_EDGE('',*,*,#1696,.F.);
#2322=ORIENTED_EDGE('',*,*,#1697,.F.);
#2323=ORIENTED_EDGE('',*,*,#1698,.F.);
#2324=ORIENTED_EDGE('',*,*,#1699,.T.);
#2325=ORIENTED_EDGE('',*,*,#1700,.F.);
#2326=ORIENTED_EDGE('',*,*,#1701,.F.);
#2327=ORIENTED_EDGE('',*,*,#1702,.F.);
#2328=ORIENTED_EDGE('',*,*,#1703,.T.);
#2329=ORIENTED_EDGE('',*,*,#1704,.F.);
#2330=ORIENTED_EDGE('',*,*,#1705,.F.);
#2331=ORIENTED_EDGE('',*,*,#1706,.F.);
#2332=ORIENTED_EDGE('',*,*,#1707,.T.);
#2333=ORIENTED_EDGE('',*,*,#1708,.F.);
#2334=ORIENTED_EDGE('',*,*,#1709,.F.);
#2335=ORIENTED_EDGE('',*,*,#1710,.F.);
#2336=ORIENTED_EDGE('',*,*,#1711,.T.);
#2337=ORIENTED_EDGE('',*,*,#1712,.F.);
#2338=ORIENTED_EDGE('',*,*,#1713,.F.);
#2339=ORIENTED_EDGE('',*,*,#1714,.F.);
#2340=ORIENTED_EDGE('',*,*,#1715,.T.);
#2341=ORIENTED_EDGE('',*,*,#1716,.F.);
#2342=ORIENTED_EDGE('',*,*,#1717,.F.);
#2343=ORIENTED_EDGE('',*,*,#1718,.F.);
#2344=ORIENTED_EDGE('',*,*,#1719,.T.);
#2345=ORIENTED_EDGE('',*,*,#1720,.F.);
#2346=ORIENTED_EDGE('',*,*,#1721,.F.);
#2347=ORIENTED_EDGE('',*,*,#1722,.F.);
#2348=ORIENTED_EDGE('',*,*,#1723,.T.);
#2349=ORIENTED_EDGE('',*,*,#1724,.F.);
#2350=ORIENTED_EDGE('',*,*,#1725,.F.);
#2351=ORIENTED_EDGE('',*,*,#1726,.F.);
#2352=ORIENTED_EDGE('',*,*,#1727,.T.);
#2353=ORIENTED_EDGE('',*,*,#1728,.F.);
#2354=ORIENTED_EDGE('',*,*,#1729,.F.);
#2355=ORIENTED_EDGE('',*,*,#1730,.F.);
#2356=ORIENTED_EDGE('',*,*,#1731,.T.);
#2357=ORIENTED_EDGE('',*,*,#1732,.F.);
#2358=ORIENTED_EDGE('',*,*,#1733,.T.);
#2359=ORIENTED_EDGE('',*,*,#1734,.F.);
#2360=ORIENTED_EDGE('',*,*,#1735,.F.);
#2361=ORIENTED_EDGE('',*,*,#1736,.F.);
#2362=ORIENTED_EDGE('',*,*,#1737,.F.);
#2363=ORIENTED_EDGE('',*,*,#1727,.F.);
#2364=ORIENTED_EDGE('',*,*,#1738,.F.);
#2365=ORIENTED_EDGE('',*,*,#1739,.F.);
#2366=ORIENTED_EDGE('',*,*,#1671,.F.);
#2367=ORIENTED_EDGE('',*,*,#1740,.F.);
#2368=ORIENTED_EDGE('',*,*,#1741,.F.);
#2369=ORIENTED_EDGE('',*,*,#1742,.F.);
#2370=ORIENTED_EDGE('',*,*,#1743,.F.);
#2371=ORIENTED_EDGE('',*,*,#1675,.F.);
#2372=ORIENTED_EDGE('',*,*,#1744,.F.);
#2373=ORIENTED_EDGE('',*,*,#1745,.F.);
#2374=ORIENTED_EDGE('',*,*,#1746,.F.);
#2375=ORIENTED_EDGE('',*,*,#1679,.F.);
#2376=ORIENTED_EDGE('',*,*,#1747,.F.);
#2377=ORIENTED_EDGE('',*,*,#1748,.F.);
#2378=ORIENTED_EDGE('',*,*,#1749,.F.);
#2379=ORIENTED_EDGE('',*,*,#1683,.F.);
#2380=ORIENTED_EDGE('',*,*,#1750,.F.);
#2381=ORIENTED_EDGE('',*,*,#1751,.F.);
#2382=ORIENTED_EDGE('',*,*,#1752,.F.);
#2383=ORIENTED_EDGE('',*,*,#1687,.F.);
#2384=ORIENTED_EDGE('',*,*,#1753,.F.);
#2385=ORIENTED_EDGE('',*,*,#1754,.F.);
#2386=ORIENTED_EDGE('',*,*,#1755,.F.);
#2387=ORIENTED_EDGE('',*,*,#1691,.F.);
#2388=ORIENTED_EDGE('',*,*,#1756,.F.);
#2389=ORIENTED_EDGE('',*,*,#1757,.F.);
#2390=ORIENTED_EDGE('',*,*,#1758,.F.);
#2391=ORIENTED_EDGE('',*,*,#1695,.F.);
#2392=ORIENTED_EDGE('',*,*,#1759,.F.);
#2393=ORIENTED_EDGE('',*,*,#1760,.F.);
#2394=ORIENTED_EDGE('',*,*,#1761,.F.);
#2395=ORIENTED_EDGE('',*,*,#1699,.F.);
#2396=ORIENTED_EDGE('',*,*,#1762,.F.);
#2397=ORIENTED_EDGE('',*,*,#1763,.F.);
#2398=ORIENTED_EDGE('',*,*,#1764,.F.);
#2399=ORIENTED_EDGE('',*,*,#1703,.F.);
#2400=ORIENTED_EDGE('',*,*,#1765,.F.);
#2401=ORIENTED_EDGE('',*,*,#1766,.F.);
#2402=ORIENTED_EDGE('',*,*,#1767,.F.);
#2403=ORIENTED_EDGE('',*,*,#1707,.F.);
#2404=ORIENTED_EDGE('',*,*,#1768,.F.);
#2405=ORIENTED_EDGE('',*,*,#1769,.F.);
#2406=ORIENTED_EDGE('',*,*,#1770,.F.);
#2407=ORIENTED_EDGE('',*,*,#1711,.F.);
#2408=ORIENTED_EDGE('',*,*,#1771,.F.);
#2409=ORIENTED_EDGE('',*,*,#1772,.F.);
#2410=ORIENTED_EDGE('',*,*,#1773,.F.);
#2411=ORIENTED_EDGE('',*,*,#1715,.F.);
#2412=ORIENTED_EDGE('',*,*,#1774,.F.);
#2413=ORIENTED_EDGE('',*,*,#1775,.F.);
#2414=ORIENTED_EDGE('',*,*,#1776,.F.);
#2415=ORIENTED_EDGE('',*,*,#1719,.F.);
#2416=ORIENTED_EDGE('',*,*,#1777,.F.);
#2417=ORIENTED_EDGE('',*,*,#1778,.F.);
#2418=ORIENTED_EDGE('',*,*,#1779,.F.);
#2419=ORIENTED_EDGE('',*,*,#1723,.F.);
#2420=ORIENTED_EDGE('',*,*,#1780,.F.);
#2421=ORIENTED_EDGE('',*,*,#1781,.F.);
#2422=ORIENTED_EDGE('',*,*,#1782,.F.);
#2423=ORIENTED_EDGE('',*,*,#1731,.F.);
#2424=ORIENTED_EDGE('',*,*,#1783,.F.);
#2425=ORIENTED_EDGE('',*,*,#1784,.F.);
#2426=ORIENTED_EDGE('',*,*,#1785,.F.);
#2427=ORIENTED_EDGE('',*,*,#1735,.T.);
#2428=ORIENTED_EDGE('',*,*,#1786,.F.);
#2429=ORIENTED_EDGE('',*,*,#1787,.F.);
#2430=ORIENTED_EDGE('',*,*,#1788,.F.);
#2431=ORIENTED_EDGE('',*,*,#1789,.F.);
#2432=ORIENTED_EDGE('',*,*,#1669,.T.);
#2433=ORIENTED_EDGE('',*,*,#1790,.F.);
#2434=ORIENTED_EDGE('',*,*,#1791,.F.);
#2435=ORIENTED_EDGE('',*,*,#1792,.F.);
#2436=ORIENTED_EDGE('',*,*,#1673,.T.);
#2437=ORIENTED_EDGE('',*,*,#1793,.F.);
#2438=ORIENTED_EDGE('',*,*,#1794,.F.);
#2439=ORIENTED_EDGE('',*,*,#1795,.F.);
#2440=ORIENTED_EDGE('',*,*,#1677,.T.);
#2441=ORIENTED_EDGE('',*,*,#1796,.F.);
#2442=ORIENTED_EDGE('',*,*,#1797,.F.);
#2443=ORIENTED_EDGE('',*,*,#1798,.F.);
#2444=ORIENTED_EDGE('',*,*,#1681,.T.);
#2445=ORIENTED_EDGE('',*,*,#1799,.F.);
#2446=ORIENTED_EDGE('',*,*,#1800,.F.);
#2447=ORIENTED_EDGE('',*,*,#1801,.F.);
#2448=ORIENTED_EDGE('',*,*,#1685,.T.);
#2449=ORIENTED_EDGE('',*,*,#1802,.F.);
#2450=ORIENTED_EDGE('',*,*,#1803,.F.);
#2451=ORIENTED_EDGE('',*,*,#1804,.F.);
#2452=ORIENTED_EDGE('',*,*,#1689,.T.);
#2453=ORIENTED_EDGE('',*,*,#1805,.F.);
#2454=ORIENTED_EDGE('',*,*,#1806,.F.);
#2455=ORIENTED_EDGE('',*,*,#1807,.F.);
#2456=ORIENTED_EDGE('',*,*,#1693,.T.);
#2457=ORIENTED_EDGE('',*,*,#1808,.F.);
#2458=ORIENTED_EDGE('',*,*,#1809,.F.);
#2459=ORIENTED_EDGE('',*,*,#1810,.F.);
#2460=ORIENTED_EDGE('',*,*,#1697,.T.);
#2461=ORIENTED_EDGE('',*,*,#1811,.F.);
#2462=ORIENTED_EDGE('',*,*,#1812,.F.);
#2463=ORIENTED_EDGE('',*,*,#1813,.F.);
#2464=ORIENTED_EDGE('',*,*,#1701,.T.);
#2465=ORIENTED_EDGE('',*,*,#1814,.F.);
#2466=ORIENTED_EDGE('',*,*,#1815,.F.);
#2467=ORIENTED_EDGE('',*,*,#1816,.F.);
#2468=ORIENTED_EDGE('',*,*,#1705,.T.);
#2469=ORIENTED_EDGE('',*,*,#1817,.F.);
#2470=ORIENTED_EDGE('',*,*,#1818,.F.);
#2471=ORIENTED_EDGE('',*,*,#1819,.F.);
#2472=ORIENTED_EDGE('',*,*,#1709,.T.);
#2473=ORIENTED_EDGE('',*,*,#1820,.F.);
#2474=ORIENTED_EDGE('',*,*,#1821,.F.);
#2475=ORIENTED_EDGE('',*,*,#1822,.F.);
#2476=ORIENTED_EDGE('',*,*,#1713,.T.);
#2477=ORIENTED_EDGE('',*,*,#1823,.F.);
#2478=ORIENTED_EDGE('',*,*,#1824,.F.);
#2479=ORIENTED_EDGE('',*,*,#1825,.F.);
#2480=ORIENTED_EDGE('',*,*,#1717,.T.);
#2481=ORIENTED_EDGE('',*,*,#1826,.F.);
#2482=ORIENTED_EDGE('',*,*,#1827,.F.);
#2483=ORIENTED_EDGE('',*,*,#1828,.F.);
#2484=ORIENTED_EDGE('',*,*,#1721,.T.);
#2485=ORIENTED_EDGE('',*,*,#1829,.F.);
#2486=ORIENTED_EDGE('',*,*,#1830,.F.);
#2487=ORIENTED_EDGE('',*,*,#1667,.F.);
#2488=ORIENTED_EDGE('',*,*,#1831,.F.);
#2489=ORIENTED_EDGE('',*,*,#1832,.F.);
#2490=ORIENTED_EDGE('',*,*,#1729,.T.);
#2491=ORIENTED_EDGE('',*,*,#1833,.F.);
#2492=ORIENTED_EDGE('',*,*,#1834,.F.);
#2493=ORIENTED_EDGE('',*,*,#1835,.F.);
#2494=ORIENTED_EDGE('',*,*,#1725,.T.);
#2495=ORIENTED_EDGE('',*,*,#1836,.F.);
#2496=ORIENTED_EDGE('',*,*,#1786,.T.);
#2497=ORIENTED_EDGE('',*,*,#1734,.T.);
#2498=ORIENTED_EDGE('',*,*,#1837,.T.);
#2499=ORIENTED_EDGE('',*,*,#1838,.F.);
#2500=ORIENTED_EDGE('',*,*,#1839,.F.);
#2501=ORIENTED_EDGE('',*,*,#1840,.F.);
#2502=ORIENTED_EDGE('',*,*,#1837,.F.);
#2503=ORIENTED_EDGE('',*,*,#1733,.F.);
#2504=ORIENTED_EDGE('',*,*,#1736,.T.);
#2505=ORIENTED_EDGE('',*,*,#1785,.T.);
#2506=ORIENTED_EDGE('',*,*,#1836,.T.);
#2507=ORIENTED_EDGE('',*,*,#1841,.T.);
#2508=ORIENTED_EDGE('',*,*,#1842,.T.);
#2509=ORIENTED_EDGE('',*,*,#1843,.F.);
#2510=ORIENTED_EDGE('',*,*,#1844,.T.);
#2511=ORIENTED_EDGE('',*,*,#1839,.T.);
#2512=ORIENTED_EDGE('',*,*,#1732,.T.);
#2513=ORIENTED_EDGE('',*,*,#1844,.F.);
#2514=ORIENTED_EDGE('',*,*,#1845,.F.);
#2515=ORIENTED_EDGE('',*,*,#1846,.T.);
#2516=ORIENTED_EDGE('',*,*,#1740,.T.);
#2517=ORIENTED_EDGE('',*,*,#1670,.T.);
#2518=ORIENTED_EDGE('',*,*,#1789,.T.);
#2519=ORIENTED_EDGE('',*,*,#1847,.T.);
#2520=ORIENTED_EDGE('',*,*,#1744,.T.);
#2521=ORIENTED_EDGE('',*,*,#1674,.T.);
#2522=ORIENTED_EDGE('',*,*,#1792,.T.);
#2523=ORIENTED_EDGE('',*,*,#1848,.T.);
#2524=ORIENTED_EDGE('',*,*,#1747,.T.);
#2525=ORIENTED_EDGE('',*,*,#1678,.T.);
#2526=ORIENTED_EDGE('',*,*,#1795,.T.);
#2527=ORIENTED_EDGE('',*,*,#1849,.T.);
#2528=ORIENTED_EDGE('',*,*,#1750,.T.);
#2529=ORIENTED_EDGE('',*,*,#1682,.T.);
#2530=ORIENTED_EDGE('',*,*,#1798,.T.);
#2531=ORIENTED_EDGE('',*,*,#1850,.T.);
#2532=ORIENTED_EDGE('',*,*,#1753,.T.);
#2533=ORIENTED_EDGE('',*,*,#1686,.T.);
#2534=ORIENTED_EDGE('',*,*,#1801,.T.);
#2535=ORIENTED_EDGE('',*,*,#1851,.T.);
#2536=ORIENTED_EDGE('',*,*,#1756,.T.);
#2537=ORIENTED_EDGE('',*,*,#1690,.T.);
#2538=ORIENTED_EDGE('',*,*,#1804,.T.);
#2539=ORIENTED_EDGE('',*,*,#1852,.T.);
#2540=ORIENTED_EDGE('',*,*,#1759,.T.);
#2541=ORIENTED_EDGE('',*,*,#1694,.T.);
#2542=ORIENTED_EDGE('',*,*,#1807,.T.);
#2543=ORIENTED_EDGE('',*,*,#1853,.T.);
#2544=ORIENTED_EDGE('',*,*,#1762,.T.);
#2545=ORIENTED_EDGE('',*,*,#1698,.T.);
#2546=ORIENTED_EDGE('',*,*,#1810,.T.);
#2547=ORIENTED_EDGE('',*,*,#1854,.T.);
#2548=ORIENTED_EDGE('',*,*,#1765,.T.);
#2549=ORIENTED_EDGE('',*,*,#1702,.T.);
#2550=ORIENTED_EDGE('',*,*,#1813,.T.);
#2551=ORIENTED_EDGE('',*,*,#1855,.T.);
#2552=ORIENTED_EDGE('',*,*,#1768,.T.);
#2553=ORIENTED_EDGE('',*,*,#1706,.T.);
#2554=ORIENTED_EDGE('',*,*,#1816,.T.);
#2555=ORIENTED_EDGE('',*,*,#1856,.T.);
#2556=ORIENTED_EDGE('',*,*,#1771,.T.);
#2557=ORIENTED_EDGE('',*,*,#1710,.T.);
#2558=ORIENTED_EDGE('',*,*,#1819,.T.);
#2559=ORIENTED_EDGE('',*,*,#1857,.T.);
#2560=ORIENTED_EDGE('',*,*,#1774,.T.);
#2561=ORIENTED_EDGE('',*,*,#1714,.T.);
#2562=ORIENTED_EDGE('',*,*,#1822,.T.);
#2563=ORIENTED_EDGE('',*,*,#1858,.T.);
#2564=ORIENTED_EDGE('',*,*,#1777,.T.);
#2565=ORIENTED_EDGE('',*,*,#1718,.T.);
#2566=ORIENTED_EDGE('',*,*,#1825,.T.);
#2567=ORIENTED_EDGE('',*,*,#1859,.T.);
#2568=ORIENTED_EDGE('',*,*,#1780,.T.);
#2569=ORIENTED_EDGE('',*,*,#1722,.T.);
#2570=ORIENTED_EDGE('',*,*,#1828,.T.);
#2571=ORIENTED_EDGE('',*,*,#1860,.T.);
#2572=ORIENTED_EDGE('',*,*,#1783,.T.);
#2573=ORIENTED_EDGE('',*,*,#1730,.T.);
#2574=ORIENTED_EDGE('',*,*,#1832,.T.);
#2575=ORIENTED_EDGE('',*,*,#1861,.T.);
#2576=ORIENTED_EDGE('',*,*,#1745,.T.);
#2577=ORIENTED_EDGE('',*,*,#1847,.F.);
#2578=ORIENTED_EDGE('',*,*,#1788,.T.);
#2579=ORIENTED_EDGE('',*,*,#1862,.T.);
#2580=ORIENTED_EDGE('',*,*,#1748,.T.);
#2581=ORIENTED_EDGE('',*,*,#1848,.F.);
#2582=ORIENTED_EDGE('',*,*,#1791,.T.);
#2583=ORIENTED_EDGE('',*,*,#1863,.T.);
#2584=ORIENTED_EDGE('',*,*,#1751,.T.);
#2585=ORIENTED_EDGE('',*,*,#1849,.F.);
#2586=ORIENTED_EDGE('',*,*,#1794,.T.);
#2587=ORIENTED_EDGE('',*,*,#1864,.T.);
#2588=ORIENTED_EDGE('',*,*,#1754,.T.);
#2589=ORIENTED_EDGE('',*,*,#1850,.F.);
#2590=ORIENTED_EDGE('',*,*,#1797,.T.);
#2591=ORIENTED_EDGE('',*,*,#1865,.T.);
#2592=ORIENTED_EDGE('',*,*,#1757,.T.);
#2593=ORIENTED_EDGE('',*,*,#1851,.F.);
#2594=ORIENTED_EDGE('',*,*,#1800,.T.);
#2595=ORIENTED_EDGE('',*,*,#1866,.T.);
#2596=ORIENTED_EDGE('',*,*,#1760,.T.);
#2597=ORIENTED_EDGE('',*,*,#1852,.F.);
#2598=ORIENTED_EDGE('',*,*,#1803,.T.);
#2599=ORIENTED_EDGE('',*,*,#1867,.T.);
#2600=ORIENTED_EDGE('',*,*,#1763,.T.);
#2601=ORIENTED_EDGE('',*,*,#1853,.F.);
#2602=ORIENTED_EDGE('',*,*,#1806,.T.);
#2603=ORIENTED_EDGE('',*,*,#1868,.T.);
#2604=ORIENTED_EDGE('',*,*,#1766,.T.);
#2605=ORIENTED_EDGE('',*,*,#1854,.F.);
#2606=ORIENTED_EDGE('',*,*,#1809,.T.);
#2607=ORIENTED_EDGE('',*,*,#1869,.T.);
#2608=ORIENTED_EDGE('',*,*,#1769,.T.);
#2609=ORIENTED_EDGE('',*,*,#1855,.F.);
#2610=ORIENTED_EDGE('',*,*,#1812,.T.);
#2611=ORIENTED_EDGE('',*,*,#1870,.T.);
#2612=ORIENTED_EDGE('',*,*,#1772,.T.);
#2613=ORIENTED_EDGE('',*,*,#1856,.F.);
#2614=ORIENTED_EDGE('',*,*,#1815,.T.);
#2615=ORIENTED_EDGE('',*,*,#1871,.T.);
#2616=ORIENTED_EDGE('',*,*,#1775,.T.);
#2617=ORIENTED_EDGE('',*,*,#1857,.F.);
#2618=ORIENTED_EDGE('',*,*,#1818,.T.);
#2619=ORIENTED_EDGE('',*,*,#1872,.T.);
#2620=ORIENTED_EDGE('',*,*,#1778,.T.);
#2621=ORIENTED_EDGE('',*,*,#1858,.F.);
#2622=ORIENTED_EDGE('',*,*,#1821,.T.);
#2623=ORIENTED_EDGE('',*,*,#1873,.T.);
#2624=ORIENTED_EDGE('',*,*,#1784,.T.);
#2625=ORIENTED_EDGE('',*,*,#1860,.F.);
#2626=ORIENTED_EDGE('',*,*,#1827,.T.);
#2627=ORIENTED_EDGE('',*,*,#1874,.T.);
#2628=ORIENTED_EDGE('',*,*,#1781,.T.);
#2629=ORIENTED_EDGE('',*,*,#1859,.F.);
#2630=ORIENTED_EDGE('',*,*,#1824,.T.);
#2631=ORIENTED_EDGE('',*,*,#1875,.T.);
#2632=ORIENTED_EDGE('',*,*,#1834,.T.);
#2633=ORIENTED_EDGE('',*,*,#1876,.T.);
#2634=ORIENTED_EDGE('',*,*,#1742,.T.);
#2635=ORIENTED_EDGE('',*,*,#1877,.T.);
#2636=ORIENTED_EDGE('',*,*,#1830,.T.);
#2637=ORIENTED_EDGE('',*,*,#1878,.T.);
#2638=ORIENTED_EDGE('',*,*,#1879,.T.);
#2639=ORIENTED_EDGE('',*,*,#1880,.T.);
#2640=ORIENTED_EDGE('',*,*,#1881,.F.);
#2641=ORIENTED_EDGE('',*,*,#1665,.T.);
#2642=ORIENTED_EDGE('',*,*,#1838,.T.);
#2643=ORIENTED_EDGE('',*,*,#1882,.T.);
#2644=ORIENTED_EDGE('',*,*,#1666,.T.);
#2645=ORIENTED_EDGE('',*,*,#1881,.T.);
#2646=ORIENTED_EDGE('',*,*,#1883,.T.);
#2647=ORIENTED_EDGE('',*,*,#1841,.F.);
#2648=ORIENTED_EDGE('',*,*,#1879,.F.);
#2649=ORIENTED_EDGE('',*,*,#1884,.T.);
#2650=ORIENTED_EDGE('',*,*,#1843,.T.);
#2651=ORIENTED_EDGE('',*,*,#1885,.T.);
#2652=ORIENTED_EDGE('',*,*,#1883,.F.);
#2653=ORIENTED_EDGE('',*,*,#1880,.F.);
#2654=ORIENTED_EDGE('',*,*,#1885,.F.);
#2655=ORIENTED_EDGE('',*,*,#1842,.F.);
#2656=ORIENTED_EDGE('',*,*,#1664,.T.);
#2657=ORIENTED_EDGE('',*,*,#1886,.F.);
#2658=ORIENTED_EDGE('',*,*,#1845,.T.);
#2659=ORIENTED_EDGE('',*,*,#1884,.F.);
#2660=ORIENTED_EDGE('',*,*,#1887,.F.);
#2661=ORIENTED_EDGE('',*,*,#1737,.T.);
#2662=ORIENTED_EDGE('',*,*,#1888,.F.);
#2663=ORIENTED_EDGE('',*,*,#1887,.T.);
#2664=ORIENTED_EDGE('',*,*,#1878,.F.);
#2665=ORIENTED_EDGE('',*,*,#1829,.T.);
#2666=ORIENTED_EDGE('',*,*,#1728,.T.);
#2667=ORIENTED_EDGE('',*,*,#1782,.T.);
#2668=ORIENTED_EDGE('',*,*,#1874,.F.);
#2669=ORIENTED_EDGE('',*,*,#1826,.T.);
#2670=ORIENTED_EDGE('',*,*,#1720,.T.);
#2671=ORIENTED_EDGE('',*,*,#1779,.T.);
#2672=ORIENTED_EDGE('',*,*,#1875,.F.);
#2673=ORIENTED_EDGE('',*,*,#1823,.T.);
#2674=ORIENTED_EDGE('',*,*,#1716,.T.);
#2675=ORIENTED_EDGE('',*,*,#1776,.T.);
#2676=ORIENTED_EDGE('',*,*,#1873,.F.);
#2677=ORIENTED_EDGE('',*,*,#1820,.T.);
#2678=ORIENTED_EDGE('',*,*,#1712,.T.);
#2679=ORIENTED_EDGE('',*,*,#1773,.T.);
#2680=ORIENTED_EDGE('',*,*,#1872,.F.);
#2681=ORIENTED_EDGE('',*,*,#1817,.T.);
#2682=ORIENTED_EDGE('',*,*,#1708,.T.);
#2683=ORIENTED_EDGE('',*,*,#1770,.T.);
#2684=ORIENTED_EDGE('',*,*,#1871,.F.);
#2685=ORIENTED_EDGE('',*,*,#1814,.T.);
#2686=ORIENTED_EDGE('',*,*,#1704,.T.);
#2687=ORIENTED_EDGE('',*,*,#1767,.T.);
#2688=ORIENTED_EDGE('',*,*,#1870,.F.);
#2689=ORIENTED_EDGE('',*,*,#1811,.T.);
#2690=ORIENTED_EDGE('',*,*,#1700,.T.);
#2691=ORIENTED_EDGE('',*,*,#1764,.T.);
#2692=ORIENTED_EDGE('',*,*,#1869,.F.);
#2693=ORIENTED_EDGE('',*,*,#1808,.T.);
#2694=ORIENTED_EDGE('',*,*,#1696,.T.);
#2695=ORIENTED_EDGE('',*,*,#1761,.T.);
#2696=ORIENTED_EDGE('',*,*,#1868,.F.);
#2697=ORIENTED_EDGE('',*,*,#1805,.T.);
#2698=ORIENTED_EDGE('',*,*,#1692,.T.);
#2699=ORIENTED_EDGE('',*,*,#1758,.T.);
#2700=ORIENTED_EDGE('',*,*,#1867,.F.);
#2701=ORIENTED_EDGE('',*,*,#1802,.T.);
#2702=ORIENTED_EDGE('',*,*,#1688,.T.);
#2703=ORIENTED_EDGE('',*,*,#1755,.T.);
#2704=ORIENTED_EDGE('',*,*,#1866,.F.);
#2705=ORIENTED_EDGE('',*,*,#1799,.T.);
#2706=ORIENTED_EDGE('',*,*,#1684,.T.);
#2707=ORIENTED_EDGE('',*,*,#1752,.T.);
#2708=ORIENTED_EDGE('',*,*,#1865,.F.);
#2709=ORIENTED_EDGE('',*,*,#1796,.T.);
#2710=ORIENTED_EDGE('',*,*,#1680,.T.);
#2711=ORIENTED_EDGE('',*,*,#1749,.T.);
#2712=ORIENTED_EDGE('',*,*,#1864,.F.);
#2713=ORIENTED_EDGE('',*,*,#1793,.T.);
#2714=ORIENTED_EDGE('',*,*,#1676,.T.);
#2715=ORIENTED_EDGE('',*,*,#1746,.T.);
#2716=ORIENTED_EDGE('',*,*,#1863,.F.);
#2717=ORIENTED_EDGE('',*,*,#1790,.T.);
#2718=ORIENTED_EDGE('',*,*,#1672,.T.);
#2719=ORIENTED_EDGE('',*,*,#1743,.T.);
#2720=ORIENTED_EDGE('',*,*,#1862,.F.);
#2721=ORIENTED_EDGE('',*,*,#1787,.T.);
#2722=ORIENTED_EDGE('',*,*,#1668,.T.);
#2723=ORIENTED_EDGE('',*,*,#1739,.T.);
#2724=ORIENTED_EDGE('',*,*,#1876,.F.);
#2725=ORIENTED_EDGE('',*,*,#1833,.T.);
#2726=ORIENTED_EDGE('',*,*,#1724,.T.);
#2727=ORIENTED_EDGE('',*,*,#1840,.T.);
#2728=ORIENTED_EDGE('',*,*,#1861,.F.);
#2729=ORIENTED_EDGE('',*,*,#1831,.T.);
#2730=ORIENTED_EDGE('',*,*,#1882,.F.);
#2731=ORIENTED_EDGE('',*,*,#1835,.T.);
#2732=ORIENTED_EDGE('',*,*,#1877,.F.);
#2733=ORIENTED_EDGE('',*,*,#1741,.T.);
#2734=ORIENTED_EDGE('',*,*,#1846,.F.);
#2735=ORIENTED_EDGE('',*,*,#1886,.T.);
#2736=ORIENTED_EDGE('',*,*,#1888,.T.);
#2737=ORIENTED_EDGE('',*,*,#1738,.T.);
#2738=ORIENTED_EDGE('',*,*,#1726,.T.);
#2739=ORIENTED_EDGE('',*,*,#1889,.F.);
#2740=ORIENTED_EDGE('',*,*,#1890,.F.);
#2741=ORIENTED_EDGE('',*,*,#1891,.F.);
#2742=ORIENTED_EDGE('',*,*,#1892,.T.);
#2743=ORIENTED_EDGE('',*,*,#1889,.T.);
#2744=ORIENTED_EDGE('',*,*,#1893,.T.);
#2745=ORIENTED_EDGE('',*,*,#1894,.T.);
#2746=ORIENTED_EDGE('',*,*,#1895,.T.);
#2747=ORIENTED_EDGE('',*,*,#1893,.F.);
#2748=ORIENTED_EDGE('',*,*,#1892,.F.);
#2749=ORIENTED_EDGE('',*,*,#1896,.F.);
#2750=ORIENTED_EDGE('',*,*,#1897,.T.);
#2751=ORIENTED_EDGE('',*,*,#1895,.F.);
#2752=ORIENTED_EDGE('',*,*,#1898,.F.);
#2753=ORIENTED_EDGE('',*,*,#1899,.F.);
#2754=ORIENTED_EDGE('',*,*,#1890,.T.);
#2755=ORIENTED_EDGE('',*,*,#1894,.F.);
#2756=ORIENTED_EDGE('',*,*,#1897,.F.);
#2757=ORIENTED_EDGE('',*,*,#1900,.F.);
#2758=ORIENTED_EDGE('',*,*,#1898,.T.);
#2759=ORIENTED_EDGE('',*,*,#1900,.T.);
#2760=ORIENTED_EDGE('',*,*,#1896,.T.);
#2761=ORIENTED_EDGE('',*,*,#1891,.T.);
#2762=ORIENTED_EDGE('',*,*,#1899,.T.);
#2763=ORIENTED_EDGE('',*,*,#1901,.F.);
#2764=ORIENTED_EDGE('',*,*,#1902,.F.);
#2765=ORIENTED_EDGE('',*,*,#1903,.F.);
#2766=ORIENTED_EDGE('',*,*,#1904,.T.);
#2767=ORIENTED_EDGE('',*,*,#1901,.T.);
#2768=ORIENTED_EDGE('',*,*,#1905,.T.);
#2769=ORIENTED_EDGE('',*,*,#1906,.T.);
#2770=ORIENTED_EDGE('',*,*,#1907,.T.);
#2771=ORIENTED_EDGE('',*,*,#1907,.F.);
#2772=ORIENTED_EDGE('',*,*,#1908,.F.);
#2773=ORIENTED_EDGE('',*,*,#1909,.F.);
#2774=ORIENTED_EDGE('',*,*,#1902,.T.);
#2775=ORIENTED_EDGE('',*,*,#1906,.F.);
#2776=ORIENTED_EDGE('',*,*,#1910,.F.);
#2777=ORIENTED_EDGE('',*,*,#1911,.F.);
#2778=ORIENTED_EDGE('',*,*,#1908,.T.);
#2779=ORIENTED_EDGE('',*,*,#1905,.F.);
#2780=ORIENTED_EDGE('',*,*,#1904,.F.);
#2781=ORIENTED_EDGE('',*,*,#1912,.F.);
#2782=ORIENTED_EDGE('',*,*,#1910,.T.);
#2783=ORIENTED_EDGE('',*,*,#1903,.T.);
#2784=ORIENTED_EDGE('',*,*,#1909,.T.);
#2785=ORIENTED_EDGE('',*,*,#1911,.T.);
#2786=ORIENTED_EDGE('',*,*,#1912,.T.);
#2787=ORIENTED_EDGE('',*,*,#1913,.F.);
#2788=ORIENTED_EDGE('',*,*,#1914,.F.);
#2789=ORIENTED_EDGE('',*,*,#1915,.F.);
#2790=ORIENTED_EDGE('',*,*,#1916,.T.);
#2791=ORIENTED_EDGE('',*,*,#1913,.T.);
#2792=ORIENTED_EDGE('',*,*,#1917,.T.);
#2793=ORIENTED_EDGE('',*,*,#1918,.T.);
#2794=ORIENTED_EDGE('',*,*,#1919,.T.);
#2795=ORIENTED_EDGE('',*,*,#1919,.F.);
#2796=ORIENTED_EDGE('',*,*,#1920,.F.);
#2797=ORIENTED_EDGE('',*,*,#1921,.F.);
#2798=ORIENTED_EDGE('',*,*,#1914,.T.);
#2799=ORIENTED_EDGE('',*,*,#1918,.F.);
#2800=ORIENTED_EDGE('',*,*,#1922,.F.);
#2801=ORIENTED_EDGE('',*,*,#1923,.F.);
#2802=ORIENTED_EDGE('',*,*,#1920,.T.);
#2803=ORIENTED_EDGE('',*,*,#1917,.F.);
#2804=ORIENTED_EDGE('',*,*,#1916,.F.);
#2805=ORIENTED_EDGE('',*,*,#1924,.F.);
#2806=ORIENTED_EDGE('',*,*,#1922,.T.);
#2807=ORIENTED_EDGE('',*,*,#1915,.T.);
#2808=ORIENTED_EDGE('',*,*,#1921,.T.);
#2809=ORIENTED_EDGE('',*,*,#1923,.T.);
#2810=ORIENTED_EDGE('',*,*,#1924,.T.);
#2811=ORIENTED_EDGE('',*,*,#1925,.F.);
#2812=ORIENTED_EDGE('',*,*,#1926,.F.);
#2813=ORIENTED_EDGE('',*,*,#1927,.F.);
#2814=ORIENTED_EDGE('',*,*,#1928,.T.);
#2815=ORIENTED_EDGE('',*,*,#1925,.T.);
#2816=ORIENTED_EDGE('',*,*,#1929,.T.);
#2817=ORIENTED_EDGE('',*,*,#1930,.T.);
#2818=ORIENTED_EDGE('',*,*,#1931,.T.);
#2819=ORIENTED_EDGE('',*,*,#1931,.F.);
#2820=ORIENTED_EDGE('',*,*,#1932,.F.);
#2821=ORIENTED_EDGE('',*,*,#1933,.F.);
#2822=ORIENTED_EDGE('',*,*,#1926,.T.);
#2823=ORIENTED_EDGE('',*,*,#1930,.F.);
#2824=ORIENTED_EDGE('',*,*,#1934,.F.);
#2825=ORIENTED_EDGE('',*,*,#1935,.F.);
#2826=ORIENTED_EDGE('',*,*,#1932,.T.);
#2827=ORIENTED_EDGE('',*,*,#1929,.F.);
#2828=ORIENTED_EDGE('',*,*,#1928,.F.);
#2829=ORIENTED_EDGE('',*,*,#1936,.F.);
#2830=ORIENTED_EDGE('',*,*,#1934,.T.);
#2831=ORIENTED_EDGE('',*,*,#1927,.T.);
#2832=ORIENTED_EDGE('',*,*,#1933,.T.);
#2833=ORIENTED_EDGE('',*,*,#1935,.T.);
#2834=ORIENTED_EDGE('',*,*,#1936,.T.);
#2835=ORIENTED_EDGE('',*,*,#1937,.F.);
#2836=ORIENTED_EDGE('',*,*,#1938,.F.);
#2837=ORIENTED_EDGE('',*,*,#1939,.F.);
#2838=ORIENTED_EDGE('',*,*,#1940,.T.);
#2839=ORIENTED_EDGE('',*,*,#1937,.T.);
#2840=ORIENTED_EDGE('',*,*,#1941,.T.);
#2841=ORIENTED_EDGE('',*,*,#1942,.T.);
#2842=ORIENTED_EDGE('',*,*,#1943,.T.);
#2843=ORIENTED_EDGE('',*,*,#1942,.F.);
#2844=ORIENTED_EDGE('',*,*,#1944,.F.);
#2845=ORIENTED_EDGE('',*,*,#1945,.F.);
#2846=ORIENTED_EDGE('',*,*,#1946,.T.);
#2847=ORIENTED_EDGE('',*,*,#1941,.F.);
#2848=ORIENTED_EDGE('',*,*,#1940,.F.);
#2849=ORIENTED_EDGE('',*,*,#1947,.F.);
#2850=ORIENTED_EDGE('',*,*,#1944,.T.);
#2851=ORIENTED_EDGE('',*,*,#1943,.F.);
#2852=ORIENTED_EDGE('',*,*,#1946,.F.);
#2853=ORIENTED_EDGE('',*,*,#1948,.F.);
#2854=ORIENTED_EDGE('',*,*,#1938,.T.);
#2855=ORIENTED_EDGE('',*,*,#1948,.T.);
#2856=ORIENTED_EDGE('',*,*,#1945,.T.);
#2857=ORIENTED_EDGE('',*,*,#1947,.T.);
#2858=ORIENTED_EDGE('',*,*,#1939,.T.);
#2859=ORIENTED_EDGE('',*,*,#1949,.F.);
#2860=ORIENTED_EDGE('',*,*,#1950,.F.);
#2861=ORIENTED_EDGE('',*,*,#1951,.F.);
#2862=ORIENTED_EDGE('',*,*,#1952,.T.);
#2863=ORIENTED_EDGE('',*,*,#1949,.T.);
#2864=ORIENTED_EDGE('',*,*,#1953,.T.);
#2865=ORIENTED_EDGE('',*,*,#1954,.T.);
#2866=ORIENTED_EDGE('',*,*,#1955,.T.);
#2867=ORIENTED_EDGE('',*,*,#1955,.F.);
#2868=ORIENTED_EDGE('',*,*,#1956,.F.);
#2869=ORIENTED_EDGE('',*,*,#1957,.F.);
#2870=ORIENTED_EDGE('',*,*,#1950,.T.);
#2871=ORIENTED_EDGE('',*,*,#1954,.F.);
#2872=ORIENTED_EDGE('',*,*,#1958,.F.);
#2873=ORIENTED_EDGE('',*,*,#1959,.F.);
#2874=ORIENTED_EDGE('',*,*,#1956,.T.);
#2875=ORIENTED_EDGE('',*,*,#1953,.F.);
#2876=ORIENTED_EDGE('',*,*,#1952,.F.);
#2877=ORIENTED_EDGE('',*,*,#1960,.F.);
#2878=ORIENTED_EDGE('',*,*,#1958,.T.);
#2879=ORIENTED_EDGE('',*,*,#1951,.T.);
#2880=ORIENTED_EDGE('',*,*,#1957,.T.);
#2881=ORIENTED_EDGE('',*,*,#1959,.T.);
#2882=ORIENTED_EDGE('',*,*,#1960,.T.);
#2883=CYLINDRICAL_SURFACE('',#3169,0.2);
#2884=CYLINDRICAL_SURFACE('',#3172,0.2);
#2885=CYLINDRICAL_SURFACE('',#3177,0.2);
#2886=CYLINDRICAL_SURFACE('',#3182,0.2);
#2887=CYLINDRICAL_SURFACE('',#3189,0.200000000000001);
#2888=CYLINDRICAL_SURFACE('',#3192,0.2);
#2889=CYLINDRICAL_SURFACE('',#3196,0.2);
#2890=CYLINDRICAL_SURFACE('',#3199,0.2);
#2891=CYLINDRICAL_SURFACE('',#3204,0.2);
#2892=CYLINDRICAL_SURFACE('',#3209,0.2);
#2893=CYLINDRICAL_SURFACE('',#3216,0.200000000000001);
#2894=CYLINDRICAL_SURFACE('',#3219,0.2);
#2895=CYLINDRICAL_SURFACE('',#3223,0.2);
#2896=CYLINDRICAL_SURFACE('',#3226,0.2);
#2897=CYLINDRICAL_SURFACE('',#3231,0.2);
#2898=CYLINDRICAL_SURFACE('',#3236,0.2);
#2899=CYLINDRICAL_SURFACE('',#3243,0.2);
#2900=CYLINDRICAL_SURFACE('',#3246,0.200000000000001);
#2901=CYLINDRICAL_SURFACE('',#3250,0.2);
#2902=CYLINDRICAL_SURFACE('',#3253,0.2);
#2903=CYLINDRICAL_SURFACE('',#3258,0.2);
#2904=CYLINDRICAL_SURFACE('',#3263,0.2);
#2905=CYLINDRICAL_SURFACE('',#3270,0.200000000000001);
#2906=CYLINDRICAL_SURFACE('',#3273,0.2);
#2907=CYLINDRICAL_SURFACE('',#3276,0.2);
#2908=CYLINDRICAL_SURFACE('',#3279,0.200000000000001);
#2909=CYLINDRICAL_SURFACE('',#3282,0.2);
#2910=CYLINDRICAL_SURFACE('',#3288,0.200000000000001);
#2911=CYLINDRICAL_SURFACE('',#3289,0.2);
#2912=CYLINDRICAL_SURFACE('',#3292,0.2);
#2913=CYLINDRICAL_SURFACE('',#3294,0.200000000000001);
#2914=CYLINDRICAL_SURFACE('',#3295,0.2);
#2915=CYLINDRICAL_SURFACE('',#3297,0.2);
#2916=CYLINDRICAL_SURFACE('',#3299,0.2);
#2917=CYLINDRICAL_SURFACE('',#3302,0.2);
#2918=CYLINDRICAL_SURFACE('',#3310,5.);
#2919=CYLINDRICAL_SURFACE('',#3319,3.2);
#2920=CYLINDRICAL_SURFACE('',#3323,5.52225);
#2921=CYLINDRICAL_SURFACE('',#3324,5.52225);
#2922=CYLINDRICAL_SURFACE('',#3325,5.52225);
#2923=CYLINDRICAL_SURFACE('',#3326,5.52225);
#2924=CYLINDRICAL_SURFACE('',#3327,5.52225);
#2925=CYLINDRICAL_SURFACE('',#3328,5.52225);
#2926=CYLINDRICAL_SURFACE('',#3329,5.52225);
#2927=CYLINDRICAL_SURFACE('',#3330,5.52225);
#2928=CYLINDRICAL_SURFACE('',#3331,5.52225);
#2929=CYLINDRICAL_SURFACE('',#3332,5.52225);
#2930=CYLINDRICAL_SURFACE('',#3333,5.52225);
#2931=CYLINDRICAL_SURFACE('',#3334,5.52225);
#2932=CYLINDRICAL_SURFACE('',#3335,5.52225);
#2933=CYLINDRICAL_SURFACE('',#3336,5.52225);
#2934=CYLINDRICAL_SURFACE('',#3337,5.52225);
#2935=CYLINDRICAL_SURFACE('',#3339,5.52225);
#2936=CYLINDRICAL_SURFACE('',#3340,5.52225);
#2937=CYLINDRICAL_SURFACE('',#3347,5.954);
#2938=CYLINDRICAL_SURFACE('',#3348,5.954);
#2939=CYLINDRICAL_SURFACE('',#3349,5.954);
#2940=CYLINDRICAL_SURFACE('',#3350,5.954);
#2941=CYLINDRICAL_SURFACE('',#3351,5.954);
#2942=CYLINDRICAL_SURFACE('',#3352,5.954);
#2943=CYLINDRICAL_SURFACE('',#3353,5.954);
#2944=CYLINDRICAL_SURFACE('',#3354,5.954);
#2945=CYLINDRICAL_SURFACE('',#3355,5.954);
#2946=CYLINDRICAL_SURFACE('',#3356,5.954);
#2947=CYLINDRICAL_SURFACE('',#3357,5.954);
#2948=CYLINDRICAL_SURFACE('',#3358,5.954);
#2949=CYLINDRICAL_SURFACE('',#3359,5.954);
#2950=CYLINDRICAL_SURFACE('',#3360,5.954);
#2951=CYLINDRICAL_SURFACE('',#3361,5.954);
#2952=CYLINDRICAL_SURFACE('',#3371,5.954);
#2953=CYLINDRICAL_SURFACE('',#3375,0.5);
#2954=CYLINDRICAL_SURFACE('',#3383,0.5);
#2955=CYLINDRICAL_SURFACE('',#3391,0.5);
#2956=CYLINDRICAL_SURFACE('',#3399,0.5);
#2957=CYLINDRICAL_SURFACE('',#3407,0.5);
#2958=CYLINDRICAL_SURFACE('',#3415,0.5);
#2959=ADVANCED_FACE('',(#284),#2883,.T.);
#2960=ADVANCED_FACE('',(#285),#2884,.T.);
#2961=ADVANCED_FACE('',(#286),#268,.T.);
#2962=ADVANCED_FACE('',(#287),#2885,.T.);
#2963=ADVANCED_FACE('',(#288),#269,.T.);
#2964=ADVANCED_FACE('',(#289),#2886,.T.);
#2965=ADVANCED_FACE('',(#290),#270,.T.);
#2966=ADVANCED_FACE('',(#291),#271,.T.);
#2967=ADVANCED_FACE('',(#292),#2887,.T.);
#2968=ADVANCED_FACE('',(#293),#208,.T.);
#2969=ADVANCED_FACE('',(#294),#2888,.T.);
#2970=ADVANCED_FACE('',(#295),#209,.T.);
#2971=ADVANCED_FACE('',(#296),#210,.T.);
#2972=ADVANCED_FACE('',(#297),#2889,.T.);
#2973=ADVANCED_FACE('',(#298),#2890,.T.);
#2974=ADVANCED_FACE('',(#299),#272,.T.);
#2975=ADVANCED_FACE('',(#300),#2891,.T.);
#2976=ADVANCED_FACE('',(#301),#273,.T.);
#2977=ADVANCED_FACE('',(#302),#2892,.T.);
#2978=ADVANCED_FACE('',(#303),#274,.T.);
#2979=ADVANCED_FACE('',(#304),#275,.T.);
#2980=ADVANCED_FACE('',(#305),#2893,.T.);
#2981=ADVANCED_FACE('',(#306),#211,.T.);
#2982=ADVANCED_FACE('',(#307),#2894,.T.);
#2983=ADVANCED_FACE('',(#308),#212,.T.);
#2984=ADVANCED_FACE('',(#309),#213,.T.);
#2985=ADVANCED_FACE('',(#310),#2895,.T.);
#2986=ADVANCED_FACE('',(#311),#2896,.T.);
#2987=ADVANCED_FACE('',(#312),#276,.T.);
#2988=ADVANCED_FACE('',(#313),#2897,.T.);
#2989=ADVANCED_FACE('',(#314),#277,.T.);
#2990=ADVANCED_FACE('',(#315),#2898,.T.);
#2991=ADVANCED_FACE('',(#316),#278,.T.);
#2992=ADVANCED_FACE('',(#317),#279,.T.);
#2993=ADVANCED_FACE('',(#318),#2899,.T.);
#2994=ADVANCED_FACE('',(#319),#214,.T.);
#2995=ADVANCED_FACE('',(#320),#2900,.T.);
#2996=ADVANCED_FACE('',(#321),#215,.T.);
#2997=ADVANCED_FACE('',(#322),#216,.T.);
#2998=ADVANCED_FACE('',(#323),#2901,.T.);
#2999=ADVANCED_FACE('',(#324),#2902,.T.);
#3000=ADVANCED_FACE('',(#325),#280,.T.);
#3001=ADVANCED_FACE('',(#326),#2903,.T.);
#3002=ADVANCED_FACE('',(#327),#281,.T.);
#3003=ADVANCED_FACE('',(#328),#2904,.T.);
#3004=ADVANCED_FACE('',(#329),#282,.T.);
#3005=ADVANCED_FACE('',(#330),#283,.T.);
#3006=ADVANCED_FACE('',(#331),#2905,.T.);
#3007=ADVANCED_FACE('',(#332),#217,.T.);
#3008=ADVANCED_FACE('',(#333),#2906,.T.);
#3009=ADVANCED_FACE('',(#334),#218,.T.);
#3010=ADVANCED_FACE('',(#335),#2907,.T.);
#3011=ADVANCED_FACE('',(#336),#219,.T.);
#3012=ADVANCED_FACE('',(#337),#2908,.T.);
#3013=ADVANCED_FACE('',(#338),#220,.T.);
#3014=ADVANCED_FACE('',(#339),#2909,.T.);
#3015=ADVANCED_FACE('',(#340),#221,.F.);
#3016=ADVANCED_FACE('',(#341),#2910,.T.);
#3017=ADVANCED_FACE('',(#342),#2911,.T.);
#3018=ADVANCED_FACE('',(#343),#222,.T.);
#3019=ADVANCED_FACE('',(#344),#2912,.T.);
#3020=ADVANCED_FACE('',(#345),#223,.T.);
#3021=ADVANCED_FACE('',(#346),#2913,.T.);
#3022=ADVANCED_FACE('',(#347),#2914,.T.);
#3023=ADVANCED_FACE('',(#348),#2915,.T.);
#3024=ADVANCED_FACE('',(#349),#2916,.T.);
#3025=ADVANCED_FACE('',(#350),#224,.T.);
#3026=ADVANCED_FACE('',(#351),#2917,.T.);
#3027=ADVANCED_FACE('',(#352),#225,.T.);
#3028=ADVANCED_FACE('',(#353),#190,.T.);
#3029=ADVANCED_FACE('',(#354),#2918,.T.);
#3030=ADVANCED_FACE('',(#355,#188),#226,.F.);
#3031=ADVANCED_FACE('',(#356),#191,.T.);
#3032=ADVANCED_FACE('',(#357),#227,.T.);
#3033=ADVANCED_FACE('',(#358),#2919,.T.);
#3034=ADVANCED_FACE('',(#359),#228,.F.);
#3035=ADVANCED_FACE('',(#360),#2920,.T.);
#3036=ADVANCED_FACE('',(#361),#2921,.T.);
#3037=ADVANCED_FACE('',(#362),#2922,.T.);
#3038=ADVANCED_FACE('',(#363),#2923,.T.);
#3039=ADVANCED_FACE('',(#364),#2924,.T.);
#3040=ADVANCED_FACE('',(#365),#2925,.T.);
#3041=ADVANCED_FACE('',(#366),#2926,.T.);
#3042=ADVANCED_FACE('',(#367),#2927,.T.);
#3043=ADVANCED_FACE('',(#368),#2928,.T.);
#3044=ADVANCED_FACE('',(#369),#2929,.T.);
#3045=ADVANCED_FACE('',(#370),#2930,.T.);
#3046=ADVANCED_FACE('',(#371),#2931,.T.);
#3047=ADVANCED_FACE('',(#372),#2932,.T.);
#3048=ADVANCED_FACE('',(#373),#2933,.T.);
#3049=ADVANCED_FACE('',(#374),#2934,.T.);
#3050=ADVANCED_FACE('',(#375),#2935,.T.);
#3051=ADVANCED_FACE('',(#376),#2936,.T.);
#3052=ADVANCED_FACE('',(#377),#16,.F.);
#3053=ADVANCED_FACE('',(#378),#17,.F.);
#3054=ADVANCED_FACE('',(#379),#18,.F.);
#3055=ADVANCED_FACE('',(#380),#19,.F.);
#3056=ADVANCED_FACE('',(#381),#20,.F.);
#3057=ADVANCED_FACE('',(#382),#21,.F.);
#3058=ADVANCED_FACE('',(#383),#22,.F.);
#3059=ADVANCED_FACE('',(#384),#23,.F.);
#3060=ADVANCED_FACE('',(#385),#24,.F.);
#3061=ADVANCED_FACE('',(#386),#25,.F.);
#3062=ADVANCED_FACE('',(#387),#26,.F.);
#3063=ADVANCED_FACE('',(#388),#27,.F.);
#3064=ADVANCED_FACE('',(#389),#28,.F.);
#3065=ADVANCED_FACE('',(#390),#29,.F.);
#3066=ADVANCED_FACE('',(#391),#30,.F.);
#3067=ADVANCED_FACE('',(#392),#31,.F.);
#3068=ADVANCED_FACE('',(#393),#32,.F.);
#3069=ADVANCED_FACE('',(#394),#33,.F.);
#3070=ADVANCED_FACE('',(#395),#34,.F.);
#3071=ADVANCED_FACE('',(#396),#35,.F.);
#3072=ADVANCED_FACE('',(#397),#36,.F.);
#3073=ADVANCED_FACE('',(#398),#37,.F.);
#3074=ADVANCED_FACE('',(#399),#38,.F.);
#3075=ADVANCED_FACE('',(#400),#39,.F.);
#3076=ADVANCED_FACE('',(#401),#40,.F.);
#3077=ADVANCED_FACE('',(#402),#41,.F.);
#3078=ADVANCED_FACE('',(#403),#42,.F.);
#3079=ADVANCED_FACE('',(#404),#43,.F.);
#3080=ADVANCED_FACE('',(#405),#44,.F.);
#3081=ADVANCED_FACE('',(#406),#45,.F.);
#3082=ADVANCED_FACE('',(#407),#46,.F.);
#3083=ADVANCED_FACE('',(#408),#47,.F.);
#3084=ADVANCED_FACE('',(#409),#48,.F.);
#3085=ADVANCED_FACE('',(#410),#229,.F.);
#3086=ADVANCED_FACE('',(#411),#49,.F.);
#3087=ADVANCED_FACE('',(#412),#230,.T.);
#3088=ADVANCED_FACE('',(#413),#231,.T.);
#3089=ADVANCED_FACE('',(#414),#2937,.T.);
#3090=ADVANCED_FACE('',(#415),#2938,.T.);
#3091=ADVANCED_FACE('',(#416),#2939,.T.);
#3092=ADVANCED_FACE('',(#417),#2940,.T.);
#3093=ADVANCED_FACE('',(#418),#2941,.T.);
#3094=ADVANCED_FACE('',(#419),#2942,.T.);
#3095=ADVANCED_FACE('',(#420),#2943,.T.);
#3096=ADVANCED_FACE('',(#421),#2944,.T.);
#3097=ADVANCED_FACE('',(#422),#2945,.T.);
#3098=ADVANCED_FACE('',(#423),#2946,.T.);
#3099=ADVANCED_FACE('',(#424),#2947,.T.);
#3100=ADVANCED_FACE('',(#425),#2948,.T.);
#3101=ADVANCED_FACE('',(#426),#2949,.T.);
#3102=ADVANCED_FACE('',(#427),#2950,.T.);
#3103=ADVANCED_FACE('',(#428),#2951,.T.);
#3104=ADVANCED_FACE('',(#429),#232,.T.);
#3105=ADVANCED_FACE('',(#430),#13,.T.);
#3106=ADVANCED_FACE('',(#431),#233,.T.);
#3107=ADVANCED_FACE('',(#432,#189),#234,.T.);
#3108=ADVANCED_FACE('',(#433),#235,.T.);
#3109=ADVANCED_FACE('',(#434),#236,.T.);
#3110=ADVANCED_FACE('',(#435),#2952,.T.);
#3111=ADVANCED_FACE('',(#436),#237,.F.);
#3112=ADVANCED_FACE('',(#437),#238,.T.);
#3113=ADVANCED_FACE('',(#438),#2953,.T.);
#3114=ADVANCED_FACE('',(#439),#239,.T.);
#3115=ADVANCED_FACE('',(#440),#240,.T.);
#3116=ADVANCED_FACE('',(#441),#241,.T.);
#3117=ADVANCED_FACE('',(#442),#242,.F.);
#3118=ADVANCED_FACE('',(#443),#243,.T.);
#3119=ADVANCED_FACE('',(#444),#2954,.T.);
#3120=ADVANCED_FACE('',(#445),#244,.T.);
#3121=ADVANCED_FACE('',(#446),#245,.T.);
#3122=ADVANCED_FACE('',(#447),#246,.T.);
#3123=ADVANCED_FACE('',(#448),#247,.F.);
#3124=ADVANCED_FACE('',(#449),#248,.T.);
#3125=ADVANCED_FACE('',(#450),#2955,.T.);
#3126=ADVANCED_FACE('',(#451),#249,.T.);
#3127=ADVANCED_FACE('',(#452),#250,.T.);
#3128=ADVANCED_FACE('',(#453),#251,.T.);
#3129=ADVANCED_FACE('',(#454),#252,.F.);
#3130=ADVANCED_FACE('',(#455),#253,.T.);
#3131=ADVANCED_FACE('',(#456),#2956,.T.);
#3132=ADVANCED_FACE('',(#457),#254,.T.);
#3133=ADVANCED_FACE('',(#458),#255,.T.);
#3134=ADVANCED_FACE('',(#459),#256,.T.);
#3135=ADVANCED_FACE('',(#460),#257,.F.);
#3136=ADVANCED_FACE('',(#461),#258,.T.);
#3137=ADVANCED_FACE('',(#462),#2957,.T.);
#3138=ADVANCED_FACE('',(#463),#259,.T.);
#3139=ADVANCED_FACE('',(#464),#260,.T.);
#3140=ADVANCED_FACE('',(#465),#261,.T.);
#3141=ADVANCED_FACE('',(#466),#262,.F.);
#3142=ADVANCED_FACE('',(#467),#263,.T.);
#3143=ADVANCED_FACE('',(#468),#2958,.T.);
#3144=ADVANCED_FACE('',(#469),#264,.T.);
#3145=ADVANCED_FACE('',(#470),#265,.T.);
#3146=ADVANCED_FACE('',(#471),#266,.T.);
#3147=ADVANCED_FACE('',(#472),#267,.F.);
#3148=CLOSED_SHELL('',(#2959,#2960,#2961,#2962,#2963,#2964,#2965,#2966,
#2967,#2968,#2969,#2970,#2971,#2972,#2973,#2974,#2975,#2976,#2977,#2978,
#2979,#2980,#2981,#2982,#2983,#2984,#2985,#2986,#2987,#2988,#2989,#2990,
#2991,#2992,#2993,#2994,#2995,#2996,#2997,#2998,#2999,#3000,#3001,#3002,
#3003,#3004,#3005,#3006,#3007,#3008,#3009,#3010,#3011,#3012,#3013,#3014,
#3015,#3016,#3017,#3018,#3019,#3020,#3021,#3022,#3023,#3024,#3025,#3026,
#3027));
#3149=CLOSED_SHELL('',(#3028,#3029,#3030,#3031,#3032,#3033,#3034,#3035,
#3036,#3037,#3038,#3039,#3040,#3041,#3042,#3043,#3044,#3045,#3046,#3047,
#3048,#3049,#3050,#3051,#3052,#3053,#3054,#3055,#3056,#3057,#3058,#3059,
#3060,#3061,#3062,#3063,#3064,#3065,#3066,#3067,#3068,#3069,#3070,#3071,
#3072,#3073,#3074,#3075,#3076,#3077,#3078,#3079,#3080,#3081,#3082,#3083,
#3084,#3085,#3086,#3087,#3088,#3089,#3090,#3091,#3092,#3093,#3094,#3095,
#3096,#3097,#3098,#3099,#3100,#3101,#3102,#3103,#3104,#3105,#3106,#3107,
#3108,#3109,#3110,#3111));
#3150=CLOSED_SHELL('',(#3112,#3113,#3114,#3115,#3116,#3117));
#3151=CLOSED_SHELL('',(#3118,#3119,#3120,#3121,#3122,#3123));
#3152=CLOSED_SHELL('',(#3124,#3125,#3126,#3127,#3128,#3129));
#3153=CLOSED_SHELL('',(#3130,#3131,#3132,#3133,#3134,#3135));
#3154=CLOSED_SHELL('',(#3136,#3137,#3138,#3139,#3140,#3141));
#3155=CLOSED_SHELL('',(#3142,#3143,#3144,#3145,#3146,#3147));
#3156=DERIVED_UNIT_ELEMENT(#3158,1.);
#3157=DERIVED_UNIT_ELEMENT(#9230,-3.);
#3158=(
MASS_UNIT()
NAMED_UNIT(*)
SI_UNIT(.KILO.,.GRAM.)
);
#3159=DERIVED_UNIT((#3156,#3157));
#3160=MEASURE_REPRESENTATION_ITEM('density measure',
POSITIVE_RATIO_MEASURE(7850.),#3159);
#3161=PROPERTY_DEFINITION_REPRESENTATION(#3166,#3163);
#3162=PROPERTY_DEFINITION_REPRESENTATION(#3167,#3164);
#3163=REPRESENTATION('material name',(#3165),#9227);
#3164=REPRESENTATION('density',(#3160),#9227);
#3165=DESCRIPTIVE_REPRESENTATION_ITEM('\X2\92FC\X0\','\X2\92FC\X0\');
#3166=PROPERTY_DEFINITION('material property','material name',#9237);
#3167=PROPERTY_DEFINITION('material property','density of part',#9237);
#3168=AXIS2_PLACEMENT_3D('',#4152,#3421,#3422);
#3169=AXIS2_PLACEMENT_3D('',#4153,#3423,#3424);
#3170=AXIS2_PLACEMENT_3D('',#4156,#3425,#3426);
#3171=AXIS2_PLACEMENT_3D('',#4160,#3428,#3429);
#3172=AXIS2_PLACEMENT_3D('',#4162,#3431,#3432);
#3173=AXIS2_PLACEMENT_3D('',#4164,#3433,#3434);
#3174=AXIS2_PLACEMENT_3D('',#4168,#3436,#3437);
#3175=AXIS2_PLACEMENT_3D('',#4170,#3439,#3440);
#3176=AXIS2_PLACEMENT_3D('',#4171,#3441,#3442);
#3177=AXIS2_PLACEMENT_3D('',#4172,#3443,#3444);
#3178=AXIS2_PLACEMENT_3D('',#4174,#3445,#3446);
#3179=AXIS2_PLACEMENT_3D('',#4178,#3448,#3449);
#3180=AXIS2_PLACEMENT_3D('',#4180,#3451,#3452);
#3181=AXIS2_PLACEMENT_3D('',#4181,#3453,#3454);
#3182=AXIS2_PLACEMENT_3D('',#4182,#3455,#3456);
#3183=AXIS2_PLACEMENT_3D('',#4184,#3457,#3458);
#3184=AXIS2_PLACEMENT_3D('',#4187,#3460,#3461);
#3185=AXIS2_PLACEMENT_3D('',#4189,#3463,#3464);
#3186=AXIS2_PLACEMENT_3D('',#4190,#3465,#3466);
#3187=AXIS2_PLACEMENT_3D('',#4191,#3467,#3468);
#3188=AXIS2_PLACEMENT_3D('',#4192,#3469,#3470);
#3189=AXIS2_PLACEMENT_3D('',#4193,#3471,#3472);
#3190=AXIS2_PLACEMENT_3D('',#4197,#3474,#3475);
#3191=AXIS2_PLACEMENT_3D('',#4199,#3477,#3478);
#3192=AXIS2_PLACEMENT_3D('',#4203,#3481,#3482);
#3193=AXIS2_PLACEMENT_3D('',#4206,#3484,#3485);
#3194=AXIS2_PLACEMENT_3D('',#4207,#3486,#3487);
#3195=AXIS2_PLACEMENT_3D('',#4211,#3490,#3491);
#3196=AXIS2_PLACEMENT_3D('',#4212,#3492,#3493);
#3197=AXIS2_PLACEMENT_3D('',#4215,#3494,#3495);
#3198=AXIS2_PLACEMENT_3D('',#4219,#3497,#3498);
#3199=AXIS2_PLACEMENT_3D('',#4221,#3500,#3501);
#3200=AXIS2_PLACEMENT_3D('',#4223,#3502,#3503);
#3201=AXIS2_PLACEMENT_3D('',#4227,#3505,#3506);
#3202=AXIS2_PLACEMENT_3D('',#4229,#3508,#3509);
#3203=AXIS2_PLACEMENT_3D('',#4230,#3510,#3511);
#3204=AXIS2_PLACEMENT_3D('',#4231,#3512,#3513);
#3205=AXIS2_PLACEMENT_3D('',#4233,#3514,#3515);
#3206=AXIS2_PLACEMENT_3D('',#4237,#3517,#3518);
#3207=AXIS2_PLACEMENT_3D('',#4239,#3520,#3521);
#3208=AXIS2_PLACEMENT_3D('',#4240,#3522,#3523);
#3209=AXIS2_PLACEMENT_3D('',#4241,#3524,#3525);
#3210=AXIS2_PLACEMENT_3D('',#4243,#3526,#3527);
#3211=AXIS2_PLACEMENT_3D('',#4246,#3529,#3530);
#3212=AXIS2_PLACEMENT_3D('',#4248,#3532,#3533);
#3213=AXIS2_PLACEMENT_3D('',#4249,#3534,#3535);
#3214=AXIS2_PLACEMENT_3D('',#4250,#3536,#3537);
#3215=AXIS2_PLACEMENT_3D('',#4251,#3538,#3539);
#3216=AXIS2_PLACEMENT_3D('',#4252,#3540,#3541);
#3217=AXIS2_PLACEMENT_3D('',#4256,#3543,#3544);
#3218=AXIS2_PLACEMENT_3D('',#4258,#3546,#3547);
#3219=AXIS2_PLACEMENT_3D('',#4262,#3550,#3551);
#3220=AXIS2_PLACEMENT_3D('',#4265,#3553,#3554);
#3221=AXIS2_PLACEMENT_3D('',#4266,#3555,#3556);
#3222=AXIS2_PLACEMENT_3D('',#4270,#3559,#3560);
#3223=AXIS2_PLACEMENT_3D('',#4271,#3561,#3562);
#3224=AXIS2_PLACEMENT_3D('',#4274,#3563,#3564);
#3225=AXIS2_PLACEMENT_3D('',#4278,#3566,#3567);
#3226=AXIS2_PLACEMENT_3D('',#4280,#3569,#3570);
#3227=AXIS2_PLACEMENT_3D('',#4282,#3571,#3572);
#3228=AXIS2_PLACEMENT_3D('',#4286,#3574,#3575);
#3229=AXIS2_PLACEMENT_3D('',#4288,#3577,#3578);
#3230=AXIS2_PLACEMENT_3D('',#4289,#3579,#3580);
#3231=AXIS2_PLACEMENT_3D('',#4290,#3581,#3582);
#3232=AXIS2_PLACEMENT_3D('',#4292,#3583,#3584);
#3233=AXIS2_PLACEMENT_3D('',#4296,#3586,#3587);
#3234=AXIS2_PLACEMENT_3D('',#4298,#3589,#3590);
#3235=AXIS2_PLACEMENT_3D('',#4299,#3591,#3592);
#3236=AXIS2_PLACEMENT_3D('',#4300,#3593,#3594);
#3237=AXIS2_PLACEMENT_3D('',#4302,#3595,#3596);
#3238=AXIS2_PLACEMENT_3D('',#4305,#3598,#3599);
#3239=AXIS2_PLACEMENT_3D('',#4307,#3601,#3602);
#3240=AXIS2_PLACEMENT_3D('',#4308,#3603,#3604);
#3241=AXIS2_PLACEMENT_3D('',#4309,#3605,#3606);
#3242=AXIS2_PLACEMENT_3D('',#4310,#3607,#3608);
#3243=AXIS2_PLACEMENT_3D('',#4311,#3609,#3610);
#3244=AXIS2_PLACEMENT_3D('',#4315,#3612,#3613);
#3245=AXIS2_PLACEMENT_3D('',#4317,#3615,#3616);
#3246=AXIS2_PLACEMENT_3D('',#4333,#3625,#3626);
#3247=AXIS2_PLACEMENT_3D('',#4336,#3628,#3629);
#3248=AXIS2_PLACEMENT_3D('',#4337,#3630,#3631);
#3249=AXIS2_PLACEMENT_3D('',#4350,#3639,#3640);
#3250=AXIS2_PLACEMENT_3D('',#4351,#3641,#3642);
#3251=AXIS2_PLACEMENT_3D('',#4354,#3643,#3644);
#3252=AXIS2_PLACEMENT_3D('',#4358,#3646,#3647);
#3253=AXIS2_PLACEMENT_3D('',#4360,#3649,#3650);
#3254=AXIS2_PLACEMENT_3D('',#4362,#3651,#3652);
#3255=AXIS2_PLACEMENT_3D('',#4366,#3654,#3655);
#3256=AXIS2_PLACEMENT_3D('',#4368,#3657,#3658);
#3257=AXIS2_PLACEMENT_3D('',#4369,#3659,#3660);
#3258=AXIS2_PLACEMENT_3D('',#4370,#3661,#3662);
#3259=AXIS2_PLACEMENT_3D('',#4372,#3663,#3664);
#3260=AXIS2_PLACEMENT_3D('',#4376,#3666,#3667);
#3261=AXIS2_PLACEMENT_3D('',#4378,#3669,#3670);
#3262=AXIS2_PLACEMENT_3D('',#4379,#3671,#3672);
#3263=AXIS2_PLACEMENT_3D('',#4380,#3673,#3674);
#3264=AXIS2_PLACEMENT_3D('',#4381,#3675,#3676);
#3265=AXIS2_PLACEMENT_3D('',#4382,#3677,#3678);
#3266=AXIS2_PLACEMENT_3D('',#4384,#3680,#3681);
#3267=AXIS2_PLACEMENT_3D('',#4385,#3682,#3683);
#3268=AXIS2_PLACEMENT_3D('',#4386,#3684,#3685);
#3269=AXIS2_PLACEMENT_3D('',#4387,#3686,#3687);
#3270=AXIS2_PLACEMENT_3D('',#4388,#3688,#3689);
#3271=AXIS2_PLACEMENT_3D('',#4392,#3691,#3692);
#3272=AXIS2_PLACEMENT_3D('',#4394,#3694,#3695);
#3273=AXIS2_PLACEMENT_3D('',#4403,#3701,#3702);
#3274=AXIS2_PLACEMENT_3D('',#4404,#3703,#3704);
#3275=AXIS2_PLACEMENT_3D('',#4405,#3705,#3706);
#3276=AXIS2_PLACEMENT_3D('',#4406,#3707,#3708);
#3277=AXIS2_PLACEMENT_3D('',#4409,#3710,#3711);
#3278=AXIS2_PLACEMENT_3D('',#4410,#3712,#3713);
#3279=AXIS2_PLACEMENT_3D('',#4414,#3716,#3717);
#3280=AXIS2_PLACEMENT_3D('',#4417,#3719,#3720);
#3281=AXIS2_PLACEMENT_3D('',#4418,#3721,#3722);
#3282=AXIS2_PLACEMENT_3D('',#4422,#3725,#3726);
#3283=AXIS2_PLACEMENT_3D('',#4423,#3727,#3728);
#3284=AXIS2_PLACEMENT_3D('',#4424,#3729,#3730);
#3285=AXIS2_PLACEMENT_3D('',#4426,#3732,#3733);
#3286=AXIS2_PLACEMENT_3D('',#4428,#3734,#3735);
#3287=AXIS2_PLACEMENT_3D('',#4432,#3737,#3738);
#3288=AXIS2_PLACEMENT_3D('',#4434,#3740,#3741);
#3289=AXIS2_PLACEMENT_3D('',#4435,#3742,#3743);
#3290=AXIS2_PLACEMENT_3D('',#4438,#3745,#3746);
#3291=AXIS2_PLACEMENT_3D('',#4439,#3747,#3748);
#3292=AXIS2_PLACEMENT_3D('',#4442,#3751,#3752);
#3293=AXIS2_PLACEMENT_3D('',#4444,#3754,#3755);
#3294=AXIS2_PLACEMENT_3D('',#4445,#3756,#3757);
#3295=AXIS2_PLACEMENT_3D('',#4446,#3758,#3759);
#3296=AXIS2_PLACEMENT_3D('',#4448,#3760,#3761);
#3297=AXIS2_PLACEMENT_3D('',#4450,#3763,#3764);
#3298=AXIS2_PLACEMENT_3D('',#4451,#3765,#3766);
#3299=AXIS2_PLACEMENT_3D('',#4452,#3767,#3768);
#3300=AXIS2_PLACEMENT_3D('',#4454,#3769,#3770);
#3301=AXIS2_PLACEMENT_3D('',#4456,#3772,#3773);
#3302=AXIS2_PLACEMENT_3D('',#4458,#3775,#3776);
#3303=AXIS2_PLACEMENT_3D('',#4459,#3777,#3778);
#3304=AXIS2_PLACEMENT_3D('',#4460,#3779,#3780);
#3305=AXIS2_PLACEMENT_3D('',#4461,#3781,#3782);
#3306=AXIS2_PLACEMENT_3D('',#4464,#3783,#3784);
#3307=AXIS2_PLACEMENT_3D('',#4466,#3785,#3786);
#3308=AXIS2_PLACEMENT_3D('',#4467,#3787,#3788);
#3309=AXIS2_PLACEMENT_3D('',#4468,#3789,#3790);
#3310=AXIS2_PLACEMENT_3D('',#4469,#3791,#3792);
#3311=AXIS2_PLACEMENT_3D('',#4472,#3793,#3794);
#3312=AXIS2_PLACEMENT_3D('',#4474,#3796,#3797);
#3313=AXIS2_PLACEMENT_3D('',#4475,#3798,#3799);
#3314=AXIS2_PLACEMENT_3D('',#4477,#3800,#3801);
#3315=AXIS2_PLACEMENT_3D('',#4478,#3802,#3803);
#3316=AXIS2_PLACEMENT_3D('',#4480,#3804,#3805);
#3317=AXIS2_PLACEMENT_3D('',#4481,#3806,#3807);
#3318=AXIS2_PLACEMENT_3D('',#4482,#3808,#3809);
#3319=AXIS2_PLACEMENT_3D('',#4483,#3810,#3811);
#3320=AXIS2_PLACEMENT_3D('',#4486,#3813,#3814);
#3321=AXIS2_PLACEMENT_3D('',#4487,#3815,#3816);
#3322=AXIS2_PLACEMENT_3D('',#4492,#3818,#3819);
#3323=AXIS2_PLACEMENT_3D('',#4572,#3820,#3821);
#3324=AXIS2_PLACEMENT_3D('',#4609,#3824,#3825);
#3325=AXIS2_PLACEMENT_3D('',#4646,#3828,#3829);
#3326=AXIS2_PLACEMENT_3D('',#4683,#3832,#3833);
#3327=AXIS2_PLACEMENT_3D('',#4720,#3836,#3837);
#3328=AXIS2_PLACEMENT_3D('',#4757,#3840,#3841);
#3329=AXIS2_PLACEMENT_3D('',#4794,#3844,#3845);
#3330=AXIS2_PLACEMENT_3D('',#4831,#3848,#3849);
#3331=AXIS2_PLACEMENT_3D('',#4868,#3852,#3853);
#3332=AXIS2_PLACEMENT_3D('',#4905,#3856,#3857);
#3333=AXIS2_PLACEMENT_3D('',#4942,#3860,#3861);
#3334=AXIS2_PLACEMENT_3D('',#4979,#3864,#3865);
#3335=AXIS2_PLACEMENT_3D('',#5016,#3868,#3869);
#3336=AXIS2_PLACEMENT_3D('',#5053,#3872,#3873);
#3337=AXIS2_PLACEMENT_3D('',#5090,#3876,#3877);
#3338=AXIS2_PLACEMENT_3D('',#5103,#3879,#3880);
#3339=AXIS2_PLACEMENT_3D('',#5108,#3881,#3882);
#3340=AXIS2_PLACEMENT_3D('',#5145,#3885,#3886);
#3341=AXIS2_PLACEMENT_3D('',#5156,#3888,#3889);
#3342=AXIS2_PLACEMENT_3D('',#5162,#3890,#3891);
#3343=AXIS2_PLACEMENT_3D('',#8818,#3892,#3893);
#3344=AXIS2_PLACEMENT_3D('',#8931,#3895,#3896);
#3345=AXIS2_PLACEMENT_3D('',#8980,#3897,#3898);
#3346=AXIS2_PLACEMENT_3D('',#8992,#3902,#3903);
#3347=AXIS2_PLACEMENT_3D('',#9011,#3921,#3922);
#3348=AXIS2_PLACEMENT_3D('',#9013,#3924,#3925);
#3349=AXIS2_PLACEMENT_3D('',#9015,#3927,#3928);
#3350=AXIS2_PLACEMENT_3D('',#9017,#3930,#3931);
#3351=AXIS2_PLACEMENT_3D('',#9019,#3933,#3934);
#3352=AXIS2_PLACEMENT_3D('',#9021,#3936,#3937);
#3353=AXIS2_PLACEMENT_3D('',#9023,#3939,#3940);
#3354=AXIS2_PLACEMENT_3D('',#9025,#3942,#3943);
#3355=AXIS2_PLACEMENT_3D('',#9027,#3945,#3946);
#3356=AXIS2_PLACEMENT_3D('',#9029,#3948,#3949);
#3357=AXIS2_PLACEMENT_3D('',#9031,#3951,#3952);
#3358=AXIS2_PLACEMENT_3D('',#9033,#3954,#3955);
#3359=AXIS2_PLACEMENT_3D('',#9035,#3957,#3958);
#3360=AXIS2_PLACEMENT_3D('',#9037,#3960,#3961);
#3361=AXIS2_PLACEMENT_3D('',#9039,#3963,#3964);
#3362=AXIS2_PLACEMENT_3D('',#9041,#3966,#3967);
#3363=AXIS2_PLACEMENT_3D('',#9042,#3968,#3969);
#3364=AXIS2_PLACEMENT_3D('',#9054,#3973,#3974);
#3365=AXIS2_PLACEMENT_3D('',#9055,#3975,#3976);
#3366=AXIS2_PLACEMENT_3D('',#9056,#3977,#3978);
#3367=AXIS2_PLACEMENT_3D('',#9057,#3979,#3980);
#3368=AXIS2_PLACEMENT_3D('',#9060,#3983,#3984);
#3369=AXIS2_PLACEMENT_3D('',#9061,#3985,#3986);
#3370=AXIS2_PLACEMENT_3D('',#9065,#3989,#3990);
#3371=AXIS2_PLACEMENT_3D('',#9067,#3992,#3993);
#3372=AXIS2_PLACEMENT_3D('',#9068,#3994,#3995);
#3373=AXIS2_PLACEMENT_3D('',#9069,#3996,#3997);
#3374=AXIS2_PLACEMENT_3D('',#9072,#3998,#3999);
#3375=AXIS2_PLACEMENT_3D('',#9078,#4003,#4004);
#3376=AXIS2_PLACEMENT_3D('',#9082,#4006,#4007);
#3377=AXIS2_PLACEMENT_3D('',#9084,#4009,#4010);
#3378=AXIS2_PLACEMENT_3D('',#9088,#4013,#4014);
#3379=AXIS2_PLACEMENT_3D('',#9092,#4017,#4018);
#3380=AXIS2_PLACEMENT_3D('',#9094,#4020,#4021);
#3381=AXIS2_PLACEMENT_3D('',#9095,#4022,#4023);
#3382=AXIS2_PLACEMENT_3D('',#9098,#4024,#4025);
#3383=AXIS2_PLACEMENT_3D('',#9104,#4029,#4030);
#3384=AXIS2_PLACEMENT_3D('',#9108,#4032,#4033);
#3385=AXIS2_PLACEMENT_3D('',#9110,#4035,#4036);
#3386=AXIS2_PLACEMENT_3D('',#9114,#4039,#4040);
#3387=AXIS2_PLACEMENT_3D('',#9118,#4043,#4044);
#3388=AXIS2_PLACEMENT_3D('',#9120,#4046,#4047);
#3389=AXIS2_PLACEMENT_3D('',#9121,#4048,#4049);
#3390=AXIS2_PLACEMENT_3D('',#9124,#4050,#4051);
#3391=AXIS2_PLACEMENT_3D('',#9130,#4055,#4056);
#3392=AXIS2_PLACEMENT_3D('',#9134,#4058,#4059);
#3393=AXIS2_PLACEMENT_3D('',#9136,#4061,#4062);
#3394=AXIS2_PLACEMENT_3D('',#9140,#4065,#4066);
#3395=AXIS2_PLACEMENT_3D('',#9144,#4069,#4070);
#3396=AXIS2_PLACEMENT_3D('',#9146,#4072,#4073);
#3397=AXIS2_PLACEMENT_3D('',#9147,#4074,#4075);
#3398=AXIS2_PLACEMENT_3D('',#9150,#4076,#4077);
#3399=AXIS2_PLACEMENT_3D('',#9156,#4081,#4082);
#3400=AXIS2_PLACEMENT_3D('',#9160,#4084,#4085);
#3401=AXIS2_PLACEMENT_3D('',#9162,#4087,#4088);
#3402=AXIS2_PLACEMENT_3D('',#9166,#4091,#4092);
#3403=AXIS2_PLACEMENT_3D('',#9170,#4095,#4096);
#3404=AXIS2_PLACEMENT_3D('',#9172,#4098,#4099);
#3405=AXIS2_PLACEMENT_3D('',#9173,#4100,#4101);
#3406=AXIS2_PLACEMENT_3D('',#9176,#4102,#4103);
#3407=AXIS2_PLACEMENT_3D('',#9182,#4107,#4108);
#3408=AXIS2_PLACEMENT_3D('',#9186,#4110,#4111);
#3409=AXIS2_PLACEMENT_3D('',#9188,#4113,#4114);
#3410=AXIS2_PLACEMENT_3D('',#9194,#4118,#4119);
#3411=AXIS2_PLACEMENT_3D('',#9196,#4121,#4122);
#3412=AXIS2_PLACEMENT_3D('',#9198,#4124,#4125);
#3413=AXIS2_PLACEMENT_3D('',#9199,#4126,#4127);
#3414=AXIS2_PLACEMENT_3D('',#9202,#4128,#4129);
#3415=AXIS2_PLACEMENT_3D('',#9208,#4133,#4134);
#3416=AXIS2_PLACEMENT_3D('',#9212,#4136,#4137);
#3417=AXIS2_PLACEMENT_3D('',#9214,#4139,#4140);
#3418=AXIS2_PLACEMENT_3D('',#9218,#4143,#4144);
#3419=AXIS2_PLACEMENT_3D('',#9222,#4147,#4148);
#3420=AXIS2_PLACEMENT_3D('',#9224,#4150,#4151);
#3421=DIRECTION('axis',(0.,0.,1.));
#3422=DIRECTION('refdir',(1.,0.,0.));
#3423=DIRECTION('center_axis',(-1.,0.,0.));
#3424=DIRECTION('ref_axis',(0.,-0.707106781186548,-0.707106781186547));
#3425=DIRECTION('center_axis',(-1.,0.,0.));
#3426=DIRECTION('ref_axis',(0.,0.,-1.));
#3427=DIRECTION('',(-1.,0.,0.));
#3428=DIRECTION('center_axis',(1.,0.,0.));
#3429=DIRECTION('ref_axis',(0.,-1.,0.));
#3430=DIRECTION('',(1.,0.,0.));
#3431=DIRECTION('center_axis',(0.,1.,0.));
#3432=DIRECTION('ref_axis',(-0.707106781186548,0.,-0.707106781186547));
#3433=DIRECTION('center_axis',(0.,1.,0.));
#3434=DIRECTION('ref_axis',(0.,0.,-1.));
#3435=DIRECTION('',(0.,1.,0.));
#3436=DIRECTION('center_axis',(0.,-1.,0.));
#3437=DIRECTION('ref_axis',(-1.,0.,0.));
#3438=DIRECTION('',(0.,-1.,0.));
#3439=DIRECTION('center_axis',(-0.816496580927724,0.408248290463869,0.408248290463862));
#3440=DIRECTION('ref_axis',(-0.577350269189628,-0.577350269189628,-0.577350269189621));
#3441=DIRECTION('center_axis',(0.,0.,-1.));
#3442=DIRECTION('ref_axis',(-5.55111512312575E-15,-1.,0.));
#3443=DIRECTION('center_axis',(1.,0.,0.));
#3444=DIRECTION('ref_axis',(0.,0.707106781186548,-0.707106781186547));
#3445=DIRECTION('center_axis',(1.,0.,0.));
#3446=DIRECTION('ref_axis',(0.,0.,-1.));
#3447=DIRECTION('',(1.,0.,0.));
#3448=DIRECTION('center_axis',(-1.,0.,0.));
#3449=DIRECTION('ref_axis',(0.,1.,0.));
#3450=DIRECTION('',(-1.,0.,0.));
#3451=DIRECTION('center_axis',(-0.816496580927726,-0.408248290463863,0.408248290463862));
#3452=DIRECTION('ref_axis',(-0.577350269189626,0.577350269189626,-0.577350269189625));
#3453=DIRECTION('center_axis',(0.,0.,-1.));
#3454=DIRECTION('ref_axis',(-0.707106781186548,0.707106781186548,0.));
#3455=DIRECTION('center_axis',(0.,-1.,0.));
#3456=DIRECTION('ref_axis',(0.707106781186548,0.,-0.707106781186547));
#3457=DIRECTION('center_axis',(0.,-1.,0.));
#3458=DIRECTION('ref_axis',(0.,0.,-1.));
#3459=DIRECTION('',(0.,-1.,0.));
#3460=DIRECTION('center_axis',(0.,1.,0.));
#3461=DIRECTION('ref_axis',(1.,0.,0.));
#3462=DIRECTION('',(0.,1.,0.));
#3463=DIRECTION('center_axis',(-0.816496580927726,0.408248290463863,-0.408248290463862));
#3464=DIRECTION('ref_axis',(0.577350269189626,0.577350269189626,-0.577350269189625));
#3465=DIRECTION('center_axis',(0.,0.,-1.));
#3466=DIRECTION('ref_axis',(0.,1.,0.));
#3467=DIRECTION('center_axis',(-0.408248290463864,0.40824829046386,-0.816496580927727));
#3468=DIRECTION('ref_axis',(0.577350269189628,-0.577350269189624,-0.577350269189625));
#3469=DIRECTION('center_axis',(0.,0.,-1.));
#3470=DIRECTION('ref_axis',(1.,0.,0.));
#3471=DIRECTION('center_axis',(0.,0.,-1.));
#3472=DIRECTION('ref_axis',(-5.55111512312575E-15,-1.,0.));
#3473=DIRECTION('',(0.,0.,-1.));
#3474=DIRECTION('center_axis',(0.,0.,1.));
#3475=DIRECTION('ref_axis',(-5.55111512312575E-15,-1.,0.));
#3476=DIRECTION('',(0.,0.,-1.));
#3477=DIRECTION('center_axis',(0.,-1.,0.));
#3478=DIRECTION('ref_axis',(-1.,0.,0.));
#3479=DIRECTION('',(0.,0.,-1.));
#3480=DIRECTION('',(1.,0.,0.));
#3481=DIRECTION('center_axis',(0.,0.,-1.));
#3482=DIRECTION('ref_axis',(1.,0.,0.));
#3483=DIRECTION('',(0.,0.,-1.));
#3484=DIRECTION('center_axis',(0.,0.,1.));
#3485=DIRECTION('ref_axis',(1.,0.,0.));
#3486=DIRECTION('center_axis',(1.,0.,0.));
#3487=DIRECTION('ref_axis',(0.,-1.,0.));
#3488=DIRECTION('',(0.,0.,-1.));
#3489=DIRECTION('',(0.,1.,0.));
#3490=DIRECTION('center_axis',(0.,0.,-1.));
#3491=DIRECTION('ref_axis',(1.,0.,0.));
#3492=DIRECTION('center_axis',(1.00929365875014E-15,1.,0.));
#3493=DIRECTION('ref_axis',(-0.707106781186548,0.,-0.707106781186547));
#3494=DIRECTION('center_axis',(0.,1.,0.));
#3495=DIRECTION('ref_axis',(0.,0.,-1.));
#3496=DIRECTION('',(1.00929365875014E-15,1.,0.));
#3497=DIRECTION('center_axis',(0.,-1.,0.));
#3498=DIRECTION('ref_axis',(-1.,0.,0.));
#3499=DIRECTION('',(-1.00929365875014E-15,-1.,0.));
#3500=DIRECTION('center_axis',(1.,0.,0.));
#3501=DIRECTION('ref_axis',(0.,0.707106781186548,-0.707106781186547));
#3502=DIRECTION('center_axis',(1.,0.,0.));
#3503=DIRECTION('ref_axis',(0.,0.,-1.));
#3504=DIRECTION('',(1.,0.,0.));
#3505=DIRECTION('center_axis',(-1.,0.,0.));
#3506=DIRECTION('ref_axis',(0.,1.,0.));
#3507=DIRECTION('',(-1.,0.,0.));
#3508=DIRECTION('center_axis',(0.40824829046386,-0.408248290463855,-0.816496580927732));
#3509=DIRECTION('ref_axis',(-0.577350269189632,0.577350269189627,-0.577350269189618));
#3510=DIRECTION('center_axis',(0.,0.,-1.));
#3511=DIRECTION('ref_axis',(-1.,5.55111512312575E-15,0.));
#3512=DIRECTION('center_axis',(0.,-1.,0.));
#3513=DIRECTION('ref_axis',(0.707106781186548,0.,-0.707106781186547));
#3514=DIRECTION('center_axis',(0.,-1.,0.));
#3515=DIRECTION('ref_axis',(0.,0.,-1.));
#3516=DIRECTION('',(0.,-1.,0.));
#3517=DIRECTION('center_axis',(0.,1.,0.));
#3518=DIRECTION('ref_axis',(1.,0.,0.));
#3519=DIRECTION('',(0.,1.,0.));
#3520=DIRECTION('center_axis',(-0.816496673699157,0.408248336849483,-0.408248058535302));
#3521=DIRECTION('ref_axis',(0.577350137990989,0.577350531586811,-0.577350137990988));
#3522=DIRECTION('center_axis',(0.,0.,-1.));
#3523=DIRECTION('ref_axis',(0.,1.,0.));
#3524=DIRECTION('center_axis',(-1.,0.,0.));
#3525=DIRECTION('ref_axis',(0.,-0.707106781186548,-0.707106781186547));
#3526=DIRECTION('center_axis',(-1.,0.,0.));
#3527=DIRECTION('ref_axis',(0.,0.,-1.));
#3528=DIRECTION('',(-1.,0.,0.));
#3529=DIRECTION('center_axis',(1.,0.,0.));
#3530=DIRECTION('ref_axis',(0.,-1.,0.));
#3531=DIRECTION('',(1.,0.,0.));
#3532=DIRECTION('center_axis',(-0.408248341411995,0.408248035722658,-0.816496682824215));
#3533=DIRECTION('ref_axis',(0.577350557396366,-0.5773501250862,-0.577350125086204));
#3534=DIRECTION('center_axis',(0.,0.,-1.));
#3535=DIRECTION('ref_axis',(1.,5.55111512312575E-15,0.));
#3536=DIRECTION('center_axis',(-0.816496580927726,0.408248290463863,0.408248290463862));
#3537=DIRECTION('ref_axis',(-0.577350269189626,-0.577350269189626,-0.577350269189625));
#3538=DIRECTION('center_axis',(0.,0.,-1.));
#3539=DIRECTION('ref_axis',(0.,-1.,0.));
#3540=DIRECTION('center_axis',(0.,0.,-1.));
#3541=DIRECTION('ref_axis',(-1.,5.55111512312575E-15,0.));
#3542=DIRECTION('',(0.,0.,-1.));
#3543=DIRECTION('center_axis',(0.,0.,1.));
#3544=DIRECTION('ref_axis',(-1.,5.55111512312575E-15,0.));
#3545=DIRECTION('',(0.,0.,-1.));
#3546=DIRECTION('center_axis',(-1.,1.00929365875014E-15,0.));
#3547=DIRECTION('ref_axis',(1.00929365875014E-15,1.,0.));
#3548=DIRECTION('',(0.,0.,-1.));
#3549=DIRECTION('',(-1.00929365875014E-15,-1.,0.));
#3550=DIRECTION('center_axis',(0.,0.,-1.));
#3551=DIRECTION('ref_axis',(0.,-1.,0.));
#3552=DIRECTION('',(0.,0.,-1.));
#3553=DIRECTION('center_axis',(0.,0.,1.));
#3554=DIRECTION('ref_axis',(0.,-1.,0.));
#3555=DIRECTION('center_axis',(0.,-1.,0.));
#3556=DIRECTION('ref_axis',(-1.,0.,0.));
#3557=DIRECTION('',(0.,0.,-1.));
#3558=DIRECTION('',(1.,0.,0.));
#3559=DIRECTION('center_axis',(0.,0.,-1.));
#3560=DIRECTION('ref_axis',(1.,0.,0.));
#3561=DIRECTION('center_axis',(-1.,0.,0.));
#3562=DIRECTION('ref_axis',(0.,-0.707106781186548,-0.707106781186547));
#3563=DIRECTION('center_axis',(-1.,0.,0.));
#3564=DIRECTION('ref_axis',(0.,0.,-1.));
#3565=DIRECTION('',(-1.,0.,0.));
#3566=DIRECTION('center_axis',(1.,0.,0.));
#3567=DIRECTION('ref_axis',(0.,-1.,0.));
#3568=DIRECTION('',(1.,0.,0.));
#3569=DIRECTION('center_axis',(-2.01858731750028E-15,1.,0.));
#3570=DIRECTION('ref_axis',(-0.707106781186548,0.,-0.707106781186547));
#3571=DIRECTION('center_axis',(0.,1.,0.));
#3572=DIRECTION('ref_axis',(0.,0.,-1.));
#3573=DIRECTION('',(-2.01858731750028E-15,1.,0.));
#3574=DIRECTION('center_axis',(0.,-1.,0.));
#3575=DIRECTION('ref_axis',(-1.,0.,0.));
#3576=DIRECTION('',(2.01858731750028E-15,-1.,0.));
#3577=DIRECTION('center_axis',(-0.816496673699158,0.408248336849483,0.4082480585353));
#3578=DIRECTION('ref_axis',(-0.577350137990988,-0.577350531586815,-0.577350137990986));
#3579=DIRECTION('center_axis',(0.,0.,-1.));
#3580=DIRECTION('ref_axis',(0.,-1.,0.));
#3581=DIRECTION('center_axis',(1.,0.,0.));
#3582=DIRECTION('ref_axis',(0.,0.707106781186548,-0.707106781186547));
#3583=DIRECTION('center_axis',(1.,0.,0.));
#3584=DIRECTION('ref_axis',(0.,0.,-1.));
#3585=DIRECTION('',(1.,0.,0.));
#3586=DIRECTION('center_axis',(-1.,0.,0.));
#3587=DIRECTION('ref_axis',(0.,1.,0.));
#3588=DIRECTION('',(-1.,0.,0.));
#3589=DIRECTION('center_axis',(-0.816496580927726,-0.408248290463863,0.408248290463862));
#3590=DIRECTION('ref_axis',(-0.577350269189626,0.577350269189626,-0.577350269189625));
#3591=DIRECTION('center_axis',(0.,0.,-1.));
#3592=DIRECTION('ref_axis',(-1.,0.,0.));
#3593=DIRECTION('center_axis',(0.,-1.,0.));
#3594=DIRECTION('ref_axis',(0.707106781186548,0.,-0.707106781186547));
#3595=DIRECTION('center_axis',(0.,-1.,0.));
#3596=DIRECTION('ref_axis',(0.,0.,-1.));
#3597=DIRECTION('',(0.,-1.,0.));
#3598=DIRECTION('center_axis',(0.,1.,0.));
#3599=DIRECTION('ref_axis',(1.,0.,0.));
#3600=DIRECTION('',(0.,1.,0.));
#3601=DIRECTION('center_axis',(-0.816496580927724,0.408248290463869,-0.408248290463862));
#3602=DIRECTION('ref_axis',(0.577350269189628,0.577350269189628,-0.577350269189621));
#3603=DIRECTION('center_axis',(0.,0.,-1.));
#3604=DIRECTION('ref_axis',(5.55111512312575E-15,1.,0.));
#3605=DIRECTION('center_axis',(-0.40824834141199,0.408248035722662,-0.816496682824216));
#3606=DIRECTION('ref_axis',(0.577350557396365,-0.577350125086204,-0.577350125086201));
#3607=DIRECTION('center_axis',(0.,0.,-1.));
#3608=DIRECTION('ref_axis',(1.,0.,0.));
#3609=DIRECTION('center_axis',(0.,0.,-1.));
#3610=DIRECTION('ref_axis',(0.,-1.,0.));
#3611=DIRECTION('',(0.,0.,-1.));
#3612=DIRECTION('center_axis',(0.,0.,1.));
#3613=DIRECTION('ref_axis',(0.,-1.,0.));
#3614=DIRECTION('',(0.,0.,-1.));
#3615=DIRECTION('center_axis',(0.,-1.,0.));
#3616=DIRECTION('ref_axis',(1.,0.,0.));
#3617=DIRECTION('',(0.,0.,-1.));
#3618=DIRECTION('',(0.,0.,-1.));
#3619=DIRECTION('',(1.,0.,0.));
#3620=DIRECTION('',(0.,0.,1.));
#3621=DIRECTION('',(0.,0.,-1.));
#3622=DIRECTION('',(-1.,0.,0.));
#3623=DIRECTION('',(0.,0.,-1.));
#3624=DIRECTION('',(-1.,0.,0.));
#3625=DIRECTION('center_axis',(0.,0.,-1.));
#3626=DIRECTION('ref_axis',(1.,0.,0.));
#3627=DIRECTION('',(0.,0.,-1.));
#3628=DIRECTION('center_axis',(0.,0.,1.));
#3629=DIRECTION('ref_axis',(0.707106781186548,-0.707106781186548,0.));
#3630=DIRECTION('center_axis',(1.,0.,0.));
#3631=DIRECTION('ref_axis',(0.,1.,0.));
#3632=DIRECTION('',(0.,0.,-1.));
#3633=DIRECTION('',(0.,0.,-1.));
#3634=DIRECTION('',(0.,1.,0.));
#3635=DIRECTION('',(0.,0.,1.));
#3636=DIRECTION('',(0.,0.,-1.));
#3637=DIRECTION('',(0.,-1.,0.));
#3638=DIRECTION('',(0.,0.,-1.));
#3639=DIRECTION('center_axis',(0.,0.,-1.));
#3640=DIRECTION('ref_axis',(1.,0.,0.));
#3641=DIRECTION('center_axis',(0.,1.,0.));
#3642=DIRECTION('ref_axis',(-0.707106781186548,0.,-0.707106781186547));
#3643=DIRECTION('center_axis',(0.,1.,0.));
#3644=DIRECTION('ref_axis',(0.,0.,-1.));
#3645=DIRECTION('',(0.,1.,0.));
#3646=DIRECTION('center_axis',(0.,-1.,0.));
#3647=DIRECTION('ref_axis',(-1.,0.,0.));
#3648=DIRECTION('',(0.,-1.,0.));
#3649=DIRECTION('center_axis',(1.,0.,0.));
#3650=DIRECTION('ref_axis',(0.,0.707106781186548,-0.707106781186547));
#3651=DIRECTION('center_axis',(1.,0.,0.));
#3652=DIRECTION('ref_axis',(0.,0.,-1.));
#3653=DIRECTION('',(1.,0.,0.));
#3654=DIRECTION('center_axis',(-1.,0.,0.));
#3655=DIRECTION('ref_axis',(0.,1.,0.));
#3656=DIRECTION('',(-1.,0.,0.));
#3657=DIRECTION('center_axis',(0.408248341411995,-0.408248035722658,-0.816496682824215));
#3658=DIRECTION('ref_axis',(-0.577350557396366,0.5773501250862,-0.577350125086204));
#3659=DIRECTION('center_axis',(0.,0.,-1.));
#3660=DIRECTION('ref_axis',(-1.,-5.55111512312575E-15,0.));
#3661=DIRECTION('center_axis',(-1.00929365875014E-15,-1.,0.));
#3662=DIRECTION('ref_axis',(0.707106781186548,0.,-0.707106781186547));
#3663=DIRECTION('center_axis',(0.,-1.,0.));
#3664=DIRECTION('ref_axis',(0.,0.,-1.));
#3665=DIRECTION('',(-1.00929365875014E-15,-1.,0.));
#3666=DIRECTION('center_axis',(0.,1.,0.));
#3667=DIRECTION('ref_axis',(1.,0.,0.));
#3668=DIRECTION('',(1.00929365875014E-15,1.,0.));
#3669=DIRECTION('center_axis',(-0.816496580927726,0.408248290463863,-0.408248290463862));
#3670=DIRECTION('ref_axis',(0.577350269189626,0.577350269189626,-0.577350269189625));
#3671=DIRECTION('center_axis',(0.,0.,-1.));
#3672=DIRECTION('ref_axis',(0.,1.,0.));
#3673=DIRECTION('center_axis',(-1.,0.,0.));
#3674=DIRECTION('ref_axis',(0.,-0.707106781186548,-0.707106781186547));
#3675=DIRECTION('center_axis',(-1.,0.,0.));
#3676=DIRECTION('ref_axis',(0.,0.,-1.));
#3677=DIRECTION('center_axis',(1.,0.,0.));
#3678=DIRECTION('ref_axis',(0.,-1.,0.));
#3679=DIRECTION('',(1.,0.,0.));
#3680=DIRECTION('center_axis',(-0.40824829046386,0.408248290463855,-0.816496580927732));
#3681=DIRECTION('ref_axis',(0.577350269189632,-0.577350269189627,-0.577350269189618));
#3682=DIRECTION('center_axis',(0.,0.,-1.));
#3683=DIRECTION('ref_axis',(1.,-5.55111512312575E-15,0.));
#3684=DIRECTION('center_axis',(-0.816496673699157,0.408248336849483,0.408248058535302));
#3685=DIRECTION('ref_axis',(-0.577350137990989,-0.577350531586811,-0.577350137990988));
#3686=DIRECTION('center_axis',(0.,0.,-1.));
#3687=DIRECTION('ref_axis',(0.,-1.,0.));
#3688=DIRECTION('center_axis',(0.,0.,-1.));
#3689=DIRECTION('ref_axis',(-1.,-5.55111512312575E-15,0.));
#3690=DIRECTION('',(0.,0.,-1.));
#3691=DIRECTION('center_axis',(0.,0.,1.));
#3692=DIRECTION('ref_axis',(-1.,-5.55111512312575E-15,0.));
#3693=DIRECTION('',(0.,0.,-1.));
#3694=DIRECTION('center_axis',(-1.,0.,0.));
#3695=DIRECTION('ref_axis',(0.,-1.,0.));
#3696=DIRECTION('',(0.,1.,0.));
#3697=DIRECTION('',(0.,0.,-1.));
#3698=DIRECTION('',(0.,0.,-1.));
#3699=DIRECTION('',(0.,-1.,0.));
#3700=DIRECTION('',(0.,0.,1.));
#3701=DIRECTION('center_axis',(0.,0.,-1.));
#3702=DIRECTION('ref_axis',(0.,-1.,0.));
#3703=DIRECTION('center_axis',(0.,0.,1.));
#3704=DIRECTION('ref_axis',(-0.707106781186548,-0.707106781186548,0.));
#3705=DIRECTION('center_axis',(0.,0.,-1.));
#3706=DIRECTION('ref_axis',(1.,0.,0.));
#3707=DIRECTION('center_axis',(0.,0.,-1.));
#3708=DIRECTION('ref_axis',(0.,1.,0.));
#3709=DIRECTION('',(0.,0.,-1.));
#3710=DIRECTION('center_axis',(0.,0.,1.));
#3711=DIRECTION('ref_axis',(0.,1.,0.));
#3712=DIRECTION('center_axis',(0.,1.,0.));
#3713=DIRECTION('ref_axis',(1.,0.,0.));
#3714=DIRECTION('',(-1.,0.,0.));
#3715=DIRECTION('',(0.,0.,-1.));
#3716=DIRECTION('center_axis',(0.,0.,-1.));
#3717=DIRECTION('ref_axis',(1.,-5.55111512312575E-15,0.));
#3718=DIRECTION('',(0.,0.,-1.));
#3719=DIRECTION('center_axis',(0.,0.,1.));
#3720=DIRECTION('ref_axis',(1.,-5.55111512312575E-15,0.));
#3721=DIRECTION('center_axis',(1.,-1.00929365875014E-15,0.));
#3722=DIRECTION('ref_axis',(-1.00929365875014E-15,-1.,0.));
#3723=DIRECTION('',(0.,0.,-1.));
#3724=DIRECTION('',(1.00929365875014E-15,1.,0.));
#3725=DIRECTION('center_axis',(0.,0.,-1.));
#3726=DIRECTION('ref_axis',(0.,1.,0.));
#3727=DIRECTION('center_axis',(0.,0.,1.));
#3728=DIRECTION('ref_axis',(0.,1.,0.));
#3729=DIRECTION('center_axis',(0.,0.,1.));
#3730=DIRECTION('ref_axis',(1.,0.,0.));
#3731=DIRECTION('',(1.,0.,0.));
#3732=DIRECTION('center_axis',(0.,0.,1.));
#3733=DIRECTION('ref_axis',(1.,5.55111512312575E-15,0.));
#3734=DIRECTION('center_axis',(0.,0.,1.));
#3735=DIRECTION('ref_axis',(5.55111512312575E-15,1.,0.));
#3736=DIRECTION('',(-1.,0.,0.));
#3737=DIRECTION('center_axis',(0.,0.,1.));
#3738=DIRECTION('ref_axis',(-1.,0.,0.));
#3739=DIRECTION('',(2.01858731750028E-15,-1.,0.));
#3740=DIRECTION('center_axis',(0.,0.,-1.));
#3741=DIRECTION('ref_axis',(1.,5.55111512312575E-15,0.));
#3742=DIRECTION('center_axis',(0.,0.,-1.));
#3743=DIRECTION('ref_axis',(0.,1.,0.));
#3744=DIRECTION('',(0.,0.,-1.));
#3745=DIRECTION('center_axis',(0.,0.,1.));
#3746=DIRECTION('ref_axis',(0.707106781186548,0.707106781186548,0.));
#3747=DIRECTION('center_axis',(0.,1.,0.));
#3748=DIRECTION('ref_axis',(1.,0.,0.));
#3749=DIRECTION('',(0.,0.,-1.));
#3750=DIRECTION('',(0.,0.,-1.));
#3751=DIRECTION('center_axis',(0.,0.,-1.));
#3752=DIRECTION('ref_axis',(-1.,0.,0.));
#3753=DIRECTION('',(0.,0.,-1.));
#3754=DIRECTION('center_axis',(-1.,-2.01858731750028E-15,0.));
#3755=DIRECTION('ref_axis',(-2.01858731750028E-15,1.,0.));
#3756=DIRECTION('center_axis',(0.,0.,-1.));
#3757=DIRECTION('ref_axis',(5.55111512312575E-15,1.,0.));
#3758=DIRECTION('center_axis',(0.,0.,1.));
#3759=DIRECTION('ref_axis',(-0.707106781186548,0.707106781186548,0.));
#3760=DIRECTION('center_axis',(0.,0.,-1.));
#3761=DIRECTION('ref_axis',(-0.707106781186548,0.707106781186548,0.));
#3762=DIRECTION('',(0.,0.,-1.));
#3763=DIRECTION('center_axis',(0.,0.,1.));
#3764=DIRECTION('ref_axis',(-0.707106781186548,-0.707106781186548,0.));
#3765=DIRECTION('center_axis',(0.,0.,-1.));
#3766=DIRECTION('ref_axis',(-0.707106781186548,-0.707106781186548,0.));
#3767=DIRECTION('center_axis',(0.,0.,1.));
#3768=DIRECTION('ref_axis',(0.707106781186548,0.707106781186548,0.));
#3769=DIRECTION('center_axis',(0.,0.,-1.));
#3770=DIRECTION('ref_axis',(0.707106781186548,0.707106781186548,0.));
#3771=DIRECTION('',(0.,0.,1.));
#3772=DIRECTION('center_axis',(0.,1.,0.));
#3773=DIRECTION('ref_axis',(-1.,0.,0.));
#3774=DIRECTION('',(-1.,0.,0.));
#3775=DIRECTION('center_axis',(0.,0.,1.));
#3776=DIRECTION('ref_axis',(0.707106781186548,-0.707106781186548,0.));
#3777=DIRECTION('center_axis',(0.,0.,-1.));
#3778=DIRECTION('ref_axis',(0.707106781186548,-0.707106781186548,0.));
#3779=DIRECTION('center_axis',(0.,0.,1.));
#3780=DIRECTION('ref_axis',(1.,0.,0.));
#3781=DIRECTION('center_axis',(0.,0.,1.));
#3782=DIRECTION('ref_axis',(1.,0.,0.));
#3783=DIRECTION('center_axis',(0.,0.,-1.));
#3784=DIRECTION('ref_axis',(-1.,0.,0.));
#3785=DIRECTION('center_axis',(1.22464679914735E-16,-1.,0.));
#3786=DIRECTION('ref_axis',(-1.,-1.22464679914735E-16,0.));
#3787=DIRECTION('center_axis',(0.,0.,1.));
#3788=DIRECTION('ref_axis',(-1.,0.,0.));
#3789=DIRECTION('center_axis',(0.,0.,-1.));
#3790=DIRECTION('ref_axis',(-1.,0.,0.));
#3791=DIRECTION('center_axis',(0.,0.,1.));
#3792=DIRECTION('ref_axis',(-1.,0.,0.));
#3793=DIRECTION('center_axis',(0.,0.,1.));
#3794=DIRECTION('ref_axis',(-1.,0.,0.));
#3795=DIRECTION('',(0.,0.,-1.));
#3796=DIRECTION('center_axis',(0.,0.,1.));
#3797=DIRECTION('ref_axis',(-1.,0.,0.));
#3798=DIRECTION('center_axis',(0.,0.,1.));
#3799=DIRECTION('ref_axis',(-1.,0.,0.));
#3800=DIRECTION('center_axis',(0.,0.,1.));
#3801=DIRECTION('ref_axis',(-1.,0.,0.));
#3802=DIRECTION('center_axis',(0.,0.,1.));
#3803=DIRECTION('ref_axis',(1.,0.,0.));
#3804=DIRECTION('center_axis',(0.,0.,-1.));
#3805=DIRECTION('ref_axis',(-1.,0.,0.));
#3806=DIRECTION('center_axis',(1.22464679914735E-16,-1.,0.));
#3807=DIRECTION('ref_axis',(-1.,-1.22464679914735E-16,0.));
#3808=DIRECTION('center_axis',(0.,0.,1.));
#3809=DIRECTION('ref_axis',(-1.,0.,0.));
#3810=DIRECTION('center_axis',(0.,0.,1.));
#3811=DIRECTION('ref_axis',(-1.,0.,0.));
#3812=DIRECTION('',(0.,0.,-1.));
#3813=DIRECTION('center_axis',(0.,0.,-1.));
#3814=DIRECTION('ref_axis',(-1.,0.,0.));
#3815=DIRECTION('center_axis',(0.,0.,1.));
#3816=DIRECTION('ref_axis',(1.,0.,0.));
#3817=DIRECTION('',(-1.,1.51491051660492E-16,0.));
#3818=DIRECTION('center_axis',(0.,0.,-1.));
#3819=DIRECTION('ref_axis',(0.986013296763477,0.166666669150194,0.));
#3820=DIRECTION('center_axis',(0.,0.,1.));
#3821=DIRECTION('ref_axis',(-1.,1.47265764052321E-14,0.));
#3822=DIRECTION('',(0.,0.,-1.));
#3823=DIRECTION('',(0.,0.,1.));
#3824=DIRECTION('center_axis',(0.,0.,1.));
#3825=DIRECTION('ref_axis',(-1.,1.65108544338523E-14,0.));
#3826=DIRECTION('',(0.,0.,-1.));
#3827=DIRECTION('',(0.,0.,1.));
#3828=DIRECTION('center_axis',(0.,0.,1.));
#3829=DIRECTION('ref_axis',(-1.,2.0029149138174E-14,0.));
#3830=DIRECTION('',(0.,0.,-1.));
#3831=DIRECTION('',(0.,0.,1.));
#3832=DIRECTION('center_axis',(0.,0.,1.));
#3833=DIRECTION('ref_axis',(-1.,2.35977051954145E-14,0.));
#3834=DIRECTION('',(0.,0.,-1.));
#3835=DIRECTION('',(0.,0.,1.));
#3836=DIRECTION('center_axis',(0.,0.,1.));
#3837=DIRECTION('ref_axis',(-1.,1.5581019404853E-14,0.));
#3838=DIRECTION('',(0.,0.,-1.));
#3839=DIRECTION('',(0.,0.,1.));
#3840=DIRECTION('center_axis',(0.,0.,1.));
#3841=DIRECTION('ref_axis',(-1.,1.91998368150124E-14,0.));
#3842=DIRECTION('',(0.,0.,-1.));
#3843=DIRECTION('',(0.,0.,1.));
#3844=DIRECTION('center_axis',(0.,0.,1.));
#3845=DIRECTION('ref_axis',(-1.,2.27181315193341E-14,0.));
#3846=DIRECTION('',(0.,0.,-1.));
#3847=DIRECTION('',(0.,0.,1.));
#3848=DIRECTION('center_axis',(0.,0.,1.));
#3849=DIRECTION('ref_axis',(-1.,1.20375940240719E-14,0.));
#3850=DIRECTION('',(0.,0.,-1.));
#3851=DIRECTION('',(0.,0.,1.));
#3852=DIRECTION('center_axis',(0.,0.,1.));
#3853=DIRECTION('ref_axis',(-1.,3.07096866334361E-14,0.));
#3854=DIRECTION('',(0.,0.,-1.));
#3855=DIRECTION('',(0.,0.,1.));
#3856=DIRECTION('center_axis',(0.,0.,1.));
#3857=DIRECTION('ref_axis',(-1.,2.0029149138174E-14,0.));
#3858=DIRECTION('',(0.,0.,-1.));
#3859=DIRECTION('',(0.,0.,1.));
#3860=DIRECTION('center_axis',(0.,0.,1.));
#3861=DIRECTION('ref_axis',(-1.,1.65108544338523E-14,0.));
#3862=DIRECTION('',(0.,0.,-1.));
#3863=DIRECTION('',(0.,0.,1.));
#3864=DIRECTION('center_axis',(0.,0.,1.));
#3865=DIRECTION('ref_axis',(-1.,5.8554476150496E-15,0.));
#3866=DIRECTION('',(0.,0.,-1.));
#3867=DIRECTION('',(0.,0.,1.));
#3868=DIRECTION('center_axis',(0.,0.,1.));
#3869=DIRECTION('ref_axis',(-1.,5.8554476150496E-15,0.));
#3870=DIRECTION('',(0.,0.,-1.));
#3871=DIRECTION('',(0.,0.,1.));
#3872=DIRECTION('center_axis',(0.,0.,1.));
#3873=DIRECTION('ref_axis',(-1.,-4.79995920375311E-15,0.));
#3874=DIRECTION('',(0.,0.,-1.));
#3875=DIRECTION('',(0.,0.,1.));
#3876=DIRECTION('center_axis',(0.,0.,1.));
#3877=DIRECTION('ref_axis',(0.986013296763462,0.166666669150283,0.));
#3878=DIRECTION('',(0.,0.,-1.));
#3879=DIRECTION('center_axis',(0.,0.,-1.));
#3880=DIRECTION('ref_axis',(0.986013296763462,0.166666669150283,0.));
#3881=DIRECTION('center_axis',(0.,0.,1.));
#3882=DIRECTION('ref_axis',(-1.,9.3988729958307E-15,0.));
#3883=DIRECTION('',(0.,0.,-1.));
#3884=DIRECTION('',(0.,0.,1.));
#3885=DIRECTION('center_axis',(0.,0.,1.));
#3886=DIRECTION('ref_axis',(0.986013296763462,0.166666669150283,0.));
#3887=DIRECTION('',(0.,0.,1.));
#3888=DIRECTION('center_axis',(0.,0.,1.));
#3889=DIRECTION('ref_axis',(0.986013296763462,0.166666669150283,0.));
#3890=DIRECTION('center_axis',(0.,-0.707106781186548,0.707106781186548));
#3891=DIRECTION('ref_axis',(1.77700717402754E-17,0.707106781186547,0.707106781186547));
#3892=DIRECTION('center_axis',(0.,0.,1.));
#3893=DIRECTION('ref_axis',(1.,0.,0.));
#3894=DIRECTION('',(1.,0.,0.));
#3895=DIRECTION('center_axis',(0.,0.,-1.));
#3896=DIRECTION('ref_axis',(0.986013296763477,0.166666669150194,0.));
#3897=DIRECTION('center_axis',(0.,-0.707106781186548,0.707106781186548));
#3898=DIRECTION('ref_axis',(1.,0.,0.));
#3899=DIRECTION('',(-1.,0.,0.));
#3900=DIRECTION('',(-0.577350269189626,0.577350269189626,0.577350269189626));
#3901=DIRECTION('',(1.,0.,0.));
#3902=DIRECTION('center_axis',(0.,-1.,0.));
#3903=DIRECTION('ref_axis',(1.,0.,0.));
#3904=DIRECTION('',(0.,0.,1.));
#3905=DIRECTION('',(1.,0.,0.));
#3906=DIRECTION('',(0.,0.,-1.));
#3907=DIRECTION('',(0.,0.,-1.));
#3908=DIRECTION('',(0.,0.,-1.));
#3909=DIRECTION('',(0.,0.,-1.));
#3910=DIRECTION('',(0.,0.,-1.));
#3911=DIRECTION('',(0.,0.,-1.));
#3912=DIRECTION('',(0.,0.,-1.));
#3913=DIRECTION('',(0.,0.,-1.));
#3914=DIRECTION('',(0.,0.,-1.));
#3915=DIRECTION('',(0.,0.,-1.));
#3916=DIRECTION('',(0.,0.,-1.));
#3917=DIRECTION('',(0.,0.,-1.));
#3918=DIRECTION('',(0.,0.,-1.));
#3919=DIRECTION('',(0.,0.,-1.));
#3920=DIRECTION('',(0.,0.,-1.));
#3921=DIRECTION('center_axis',(0.,0.,1.));
#3922=DIRECTION('ref_axis',(-1.,1.08383797961601E-14,0.));
#3923=DIRECTION('',(0.,0.,1.));
#3924=DIRECTION('center_axis',(0.,0.,1.));
#3925=DIRECTION('ref_axis',(-1.,4.61505204223591E-15,0.));
#3926=DIRECTION('',(0.,0.,1.));
#3927=DIRECTION('center_axis',(0.,0.,1.));
#3928=DIRECTION('ref_axis',(-1.,5.5240774444945E-15,0.));
#3929=DIRECTION('',(0.,0.,1.));
#3930=DIRECTION('center_axis',(0.,0.,1.));
#3931=DIRECTION('ref_axis',(-1.,9.06694567893823E-15,0.));
#3932=DIRECTION('',(0.,0.,1.));
#3933=DIRECTION('center_axis',(0.,0.,1.));
#3934=DIRECTION('ref_axis',(-1.,3.75264332727264E-15,0.));
#3935=DIRECTION('',(0.,0.,1.));
#3936=DIRECTION('center_axis',(0.,0.,1.));
#3937=DIRECTION('ref_axis',(-1.,2.09775092828905E-16,0.));
#3938=DIRECTION('',(0.,0.,1.));
#3939=DIRECTION('center_axis',(0.,0.,1.));
#3940=DIRECTION('ref_axis',(-1.,7.29551156171637E-15,0.));
#3941=DIRECTION('',(0.,0.,1.));
#3942=DIRECTION('center_axis',(0.,0.,1.));
#3943=DIRECTION('ref_axis',(-1.,-2.47068442665155E-15,0.));
#3944=DIRECTION('',(0.,0.,1.));
#3945=DIRECTION('center_axis',(0.,0.,1.));
#3946=DIRECTION('ref_axis',(-1.,1.79474246086952E-14,0.));
#3947=DIRECTION('',(0.,0.,1.));
#3948=DIRECTION('center_axis',(0.,0.,1.));
#3949=DIRECTION('ref_axis',(-1.,2.09775092828905E-16,0.));
#3950=DIRECTION('',(0.,0.,1.));
#3951=DIRECTION('center_axis',(0.,0.,1.));
#3952=DIRECTION('ref_axis',(-1.,2.09775092828905E-16,0.));
#3953=DIRECTION('',(0.,0.,1.));
#3954=DIRECTION('center_axis',(0.,0.,1.));
#3955=DIRECTION('ref_axis',(-1.,2.09775092828905E-16,0.));
#3956=DIRECTION('',(0.,0.,1.));
#3957=DIRECTION('center_axis',(0.,0.,1.));
#3958=DIRECTION('ref_axis',(-1.,2.32850353040085E-14,0.));
#3959=DIRECTION('',(0.,0.,1.));
#3960=DIRECTION('center_axis',(0.,0.,1.));
#3961=DIRECTION('ref_axis',(-1.,2.32850353040085E-14,0.));
#3962=DIRECTION('',(0.,0.,1.));
#3963=DIRECTION('center_axis',(0.,0.,1.));
#3964=DIRECTION('ref_axis',(-0.843090595755758,-0.537771556841937,0.));
#3965=DIRECTION('',(0.,0.,1.));
#3966=DIRECTION('center_axis',(0.,0.,-1.));
#3967=DIRECTION('ref_axis',(0.986013296763477,0.166666669150194,0.));
#3968=DIRECTION('center_axis',(1.07120349918216E-16,0.707106781186548,0.707106781186547));
#3969=DIRECTION('ref_axis',(-1.,1.51491051660492E-16,0.));
#3970=DIRECTION('',(-1.,0.,0.));
#3971=DIRECTION('',(-0.577350269189626,-0.577350269189626,0.577350269189626));
#3972=DIRECTION('',(1.,-1.51491051660492E-16,0.));
#3973=DIRECTION('center_axis',(0.,0.,-1.));
#3974=DIRECTION('ref_axis',(-1.,2.31296463463574E-17,0.));
#3975=DIRECTION('center_axis',(0.,0.,-1.));
#3976=DIRECTION('ref_axis',(0.986013296763477,0.166666669150194,0.));
#3977=DIRECTION('center_axis',(0.,0.,-1.));
#3978=DIRECTION('ref_axis',(0.986013296763477,0.166666669150194,0.));
#3979=DIRECTION('center_axis',(0.707106781186548,0.,0.707106781186548));
#3980=DIRECTION('ref_axis',(0.,1.,0.));
#3981=DIRECTION('',(0.,1.,0.));
#3982=DIRECTION('',(0.,-1.,0.));
#3983=DIRECTION('center_axis',(0.,0.,1.));
#3984=DIRECTION('ref_axis',(1.,0.,0.));
#3985=DIRECTION('center_axis',(1.,0.,0.));
#3986=DIRECTION('ref_axis',(0.,1.,0.));
#3987=DIRECTION('',(0.,-1.,0.));
#3988=DIRECTION('',(0.,0.,1.));
#3989=DIRECTION('center_axis',(0.,1.,0.));
#3990=DIRECTION('ref_axis',(-1.,0.,0.));
#3991=DIRECTION('',(1.,0.,0.));
#3992=DIRECTION('center_axis',(0.,0.,1.));
#3993=DIRECTION('ref_axis',(-0.744334867343024,0.667806562754098,0.));
#3994=DIRECTION('center_axis',(0.,0.,1.));
#3995=DIRECTION('ref_axis',(-1.,0.,0.));
#3996=DIRECTION('center_axis',(-1.,5.55111512312578E-16,0.));
#3997=DIRECTION('ref_axis',(5.55111512312578E-16,1.,0.));
#3998=DIRECTION('center_axis',(1.,-5.55111512312578E-16,0.));
#3999=DIRECTION('ref_axis',(0.,0.707106781186548,-0.707106781186547));
#4000=DIRECTION('',(0.,0.,-1.));
#4001=DIRECTION('',(-5.55111512312578E-16,-1.,0.));
#4002=DIRECTION('',(0.,0.,-1.));
#4003=DIRECTION('center_axis',(-1.,0.,0.));
#4004=DIRECTION('ref_axis',(0.,-0.707106781186548,-0.707106781186547));
#4005=DIRECTION('',(1.,0.,0.));
#4006=DIRECTION('center_axis',(-1.,0.,0.));
#4007=DIRECTION('ref_axis',(0.,-0.707106781186548,-0.707106781186547));
#4008=DIRECTION('',(-1.,0.,0.));
#4009=DIRECTION('center_axis',(0.,1.,0.));
#4010=DIRECTION('ref_axis',(1.,0.,0.));
#4011=DIRECTION('',(-1.,0.,0.));
#4012=DIRECTION('',(0.,0.,-1.));
#4013=DIRECTION('center_axis',(0.,-1.,0.));
#4014=DIRECTION('ref_axis',(-1.,0.,0.));
#4015=DIRECTION('',(0.,0.,-1.));
#4016=DIRECTION('',(1.,0.,0.));
#4017=DIRECTION('center_axis',(1.,0.,0.));
#4018=DIRECTION('ref_axis',(0.,-1.,0.));
#4019=DIRECTION('',(0.,1.,0.));
#4020=DIRECTION('center_axis',(0.,0.,-1.));
#4021=DIRECTION('ref_axis',(1.,0.,0.));
#4022=DIRECTION('center_axis',(1.,0.,0.));
#4023=DIRECTION('ref_axis',(0.,-1.,0.));
#4024=DIRECTION('center_axis',(-1.,0.,0.));
#4025=DIRECTION('ref_axis',(0.,-0.707106781186548,-0.707106781186547));
#4026=DIRECTION('',(0.,0.,-1.));
#4027=DIRECTION('',(0.,1.,0.));
#4028=DIRECTION('',(0.,0.,-1.));
#4029=DIRECTION('center_axis',(1.,0.,0.));
#4030=DIRECTION('ref_axis',(0.,0.707106781186548,-0.707106781186547));
#4031=DIRECTION('',(-1.,0.,0.));
#4032=DIRECTION('center_axis',(1.,0.,0.));
#4033=DIRECTION('ref_axis',(0.,0.707106781186548,-0.707106781186547));
#4034=DIRECTION('',(1.,0.,0.));
#4035=DIRECTION('center_axis',(0.,1.,0.));
#4036=DIRECTION('ref_axis',(1.,0.,0.));
#4037=DIRECTION('',(0.,0.,-1.));
#4038=DIRECTION('',(-1.,0.,0.));
#4039=DIRECTION('center_axis',(-1.,0.,0.));
#4040=DIRECTION('ref_axis',(0.,1.,0.));
#4041=DIRECTION('',(0.,0.,-1.));
#4042=DIRECTION('',(0.,-1.,0.));
#4043=DIRECTION('center_axis',(0.,-1.,0.));
#4044=DIRECTION('ref_axis',(-1.,0.,0.));
#4045=DIRECTION('',(1.,0.,0.));
#4046=DIRECTION('center_axis',(0.,0.,-1.));
#4047=DIRECTION('ref_axis',(1.,0.,0.));
#4048=DIRECTION('center_axis',(1.,0.,0.));
#4049=DIRECTION('ref_axis',(0.,-1.,0.));
#4050=DIRECTION('center_axis',(-1.,0.,0.));
#4051=DIRECTION('ref_axis',(0.,-0.707106781186548,-0.707106781186547));
#4052=DIRECTION('',(0.,0.,-1.));
#4053=DIRECTION('',(0.,1.,0.));
#4054=DIRECTION('',(0.,0.,-1.));
#4055=DIRECTION('center_axis',(1.,0.,0.));
#4056=DIRECTION('ref_axis',(0.,0.707106781186548,-0.707106781186547));
#4057=DIRECTION('',(-1.,0.,0.));
#4058=DIRECTION('center_axis',(1.,-6.93889390390723E-17,0.));
#4059=DIRECTION('ref_axis',(0.,0.707106781186548,-0.707106781186547));
#4060=DIRECTION('',(1.,0.,0.));
#4061=DIRECTION('center_axis',(0.,1.,0.));
#4062=DIRECTION('ref_axis',(1.,0.,0.));
#4063=DIRECTION('',(0.,0.,-1.));
#4064=DIRECTION('',(-1.,0.,0.));
#4065=DIRECTION('center_axis',(-1.,6.93889390390723E-17,0.));
#4066=DIRECTION('ref_axis',(6.93889390390723E-17,1.,0.));
#4067=DIRECTION('',(0.,0.,-1.));
#4068=DIRECTION('',(-6.93889390390723E-17,-1.,0.));
#4069=DIRECTION('center_axis',(0.,-1.,0.));
#4070=DIRECTION('ref_axis',(-1.,0.,0.));
#4071=DIRECTION('',(1.,0.,0.));
#4072=DIRECTION('center_axis',(0.,0.,-1.));
#4073=DIRECTION('ref_axis',(1.,0.,0.));
#4074=DIRECTION('center_axis',(1.,0.,0.));
#4075=DIRECTION('ref_axis',(0.,-1.,0.));
#4076=DIRECTION('center_axis',(-1.,0.,0.));
#4077=DIRECTION('ref_axis',(0.,-0.707106781186548,-0.707106781186547));
#4078=DIRECTION('',(0.,0.,-1.));
#4079=DIRECTION('',(0.,1.,0.));
#4080=DIRECTION('',(0.,0.,-1.));
#4081=DIRECTION('center_axis',(1.,0.,0.));
#4082=DIRECTION('ref_axis',(0.,0.707106781186548,-0.707106781186547));
#4083=DIRECTION('',(-1.,0.,0.));
#4084=DIRECTION('center_axis',(1.,0.,0.));
#4085=DIRECTION('ref_axis',(0.,0.707106781186548,-0.707106781186547));
#4086=DIRECTION('',(1.,0.,0.));
#4087=DIRECTION('center_axis',(0.,1.,0.));
#4088=DIRECTION('ref_axis',(1.,0.,0.));
#4089=DIRECTION('',(0.,0.,-1.));
#4090=DIRECTION('',(-1.,0.,0.));
#4091=DIRECTION('center_axis',(-1.,0.,0.));
#4092=DIRECTION('ref_axis',(0.,1.,0.));
#4093=DIRECTION('',(0.,0.,-1.));
#4094=DIRECTION('',(0.,-1.,0.));
#4095=DIRECTION('center_axis',(0.,-1.,0.));
#4096=DIRECTION('ref_axis',(-1.,0.,0.));
#4097=DIRECTION('',(1.,0.,0.));
#4098=DIRECTION('center_axis',(0.,0.,-1.));
#4099=DIRECTION('ref_axis',(1.,0.,0.));
#4100=DIRECTION('center_axis',(-1.,0.,0.));
#4101=DIRECTION('ref_axis',(0.,1.,0.));
#4102=DIRECTION('center_axis',(1.,0.,0.));
#4103=DIRECTION('ref_axis',(0.,0.707106781186548,-0.707106781186547));
#4104=DIRECTION('',(0.,0.,-1.));
#4105=DIRECTION('',(0.,-1.,0.));
#4106=DIRECTION('',(0.,0.,-1.));
#4107=DIRECTION('center_axis',(-1.,0.,0.));
#4108=DIRECTION('ref_axis',(0.,-0.707106781186548,-0.707106781186547));
#4109=DIRECTION('',(1.,0.,0.));
#4110=DIRECTION('center_axis',(-1.,0.,0.));
#4111=DIRECTION('ref_axis',(0.,-0.707106781186548,-0.707106781186547));
#4112=DIRECTION('',(-1.,0.,0.));
#4113=DIRECTION('center_axis',(1.,0.,0.));
#4114=DIRECTION('ref_axis',(0.,-1.,0.));
#4115=DIRECTION('',(0.,0.,-1.));
#4116=DIRECTION('',(0.,1.,0.));
#4117=DIRECTION('',(0.,0.,-1.));
#4118=DIRECTION('center_axis',(0.,1.,0.));
#4119=DIRECTION('ref_axis',(1.,0.,0.));
#4120=DIRECTION('',(-1.,0.,0.));
#4121=DIRECTION('center_axis',(0.,-1.,0.));
#4122=DIRECTION('ref_axis',(-1.,0.,0.));
#4123=DIRECTION('',(1.,0.,0.));
#4124=DIRECTION('center_axis',(0.,0.,-1.));
#4125=DIRECTION('ref_axis',(1.,0.,0.));
#4126=DIRECTION('center_axis',(1.,0.,0.));
#4127=DIRECTION('ref_axis',(0.,-1.,0.));
#4128=DIRECTION('center_axis',(-1.,0.,0.));
#4129=DIRECTION('ref_axis',(0.,-0.707106781186548,-0.707106781186547));
#4130=DIRECTION('',(0.,0.,-1.));
#4131=DIRECTION('',(0.,1.,0.));
#4132=DIRECTION('',(0.,0.,-1.));
#4133=DIRECTION('center_axis',(1.,0.,0.));
#4134=DIRECTION('ref_axis',(0.,0.707106781186548,-0.707106781186547));
#4135=DIRECTION('',(-1.,0.,0.));
#4136=DIRECTION('center_axis',(1.,-5.55111512312578E-16,0.));
#4137=DIRECTION('ref_axis',(0.,0.707106781186548,-0.707106781186547));
#4138=DIRECTION('',(1.,0.,0.));
#4139=DIRECTION('center_axis',(0.,1.,0.));
#4140=DIRECTION('ref_axis',(1.,0.,0.));
#4141=DIRECTION('',(0.,0.,-1.));
#4142=DIRECTION('',(-1.,0.,0.));
#4143=DIRECTION('center_axis',(-1.,5.55111512312578E-16,0.));
#4144=DIRECTION('ref_axis',(5.55111512312578E-16,1.,0.));
#4145=DIRECTION('',(0.,0.,-1.));
#4146=DIRECTION('',(-5.55111512312578E-16,-1.,0.));
#4147=DIRECTION('center_axis',(0.,-1.,0.));
#4148=DIRECTION('ref_axis',(-1.,0.,0.));
#4149=DIRECTION('',(1.,0.,0.));
#4150=DIRECTION('center_axis',(0.,0.,-1.));
#4151=DIRECTION('ref_axis',(1.,0.,0.));
#4152=CARTESIAN_POINT('',(0.,0.,0.));
#4153=CARTESIAN_POINT('Origin',(-5.675,4.8,-0.8));
#4154=CARTESIAN_POINT('',(-5.4,4.8,-1.));
#4155=CARTESIAN_POINT('',(-5.4,4.6,-0.8));
#4156=CARTESIAN_POINT('Origin',(-5.4,4.8,-0.8));
#4157=CARTESIAN_POINT('',(-6.5,4.6,-0.8));
#4158=CARTESIAN_POINT('',(-5.675,4.6,-0.8));
#4159=CARTESIAN_POINT('',(-6.5,4.8,-1.));
#4160=CARTESIAN_POINT('Origin',(-6.5,4.8,-0.8));
#4161=CARTESIAN_POINT('',(-5.675,4.8,-1.));
#4162=CARTESIAN_POINT('Origin',(-6.5,5.725,-0.8));
#4163=CARTESIAN_POINT('',(-6.7,4.8,-0.8));
#4164=CARTESIAN_POINT('Origin',(-6.5,4.8,-0.8));
#4165=CARTESIAN_POINT('',(-6.7,5.9,-0.8));
#4166=CARTESIAN_POINT('',(-6.7,5.725,-0.8));
#4167=CARTESIAN_POINT('',(-6.5,5.9,-1.));
#4168=CARTESIAN_POINT('Origin',(-6.5,5.9,-0.8));
#4169=CARTESIAN_POINT('',(-6.5,5.725,-1.));
#4170=CARTESIAN_POINT('Origin',(-6.5,4.8,-0.8));
#4171=CARTESIAN_POINT('Origin',(-6.5,4.8,-0.8));
#4172=CARTESIAN_POINT('Origin',(0.375,5.9,-0.8));
#4173=CARTESIAN_POINT('',(-6.5,6.1,-0.8));
#4174=CARTESIAN_POINT('Origin',(-6.5,5.9,-0.8));
#4175=CARTESIAN_POINT('',(-5.4,6.1,-0.8));
#4176=CARTESIAN_POINT('',(0.375,6.1,-0.8));
#4177=CARTESIAN_POINT('',(-5.4,5.9,-1.));
#4178=CARTESIAN_POINT('Origin',(-5.4,5.9,-0.8));
#4179=CARTESIAN_POINT('',(0.375,5.9,-1.));
#4180=CARTESIAN_POINT('Origin',(-6.5,5.9,-0.8));
#4181=CARTESIAN_POINT('Origin',(-6.5,5.9,-0.8));
#4182=CARTESIAN_POINT('Origin',(-5.4,5.625,-0.8));
#4183=CARTESIAN_POINT('',(-5.2,5.9,-0.8));
#4184=CARTESIAN_POINT('Origin',(-5.4,5.9,-0.8));
#4185=CARTESIAN_POINT('',(-5.2,4.8,-0.8));
#4186=CARTESIAN_POINT('',(-5.2,5.625,-0.8));
#4187=CARTESIAN_POINT('Origin',(-5.4,4.8,-0.8));
#4188=CARTESIAN_POINT('',(-5.4,5.625,-1.));
#4189=CARTESIAN_POINT('Origin',(-5.4,5.9,-0.8));
#4190=CARTESIAN_POINT('Origin',(-5.4,5.9,-0.8));
#4191=CARTESIAN_POINT('Origin',(-5.4,4.8,-0.8));
#4192=CARTESIAN_POINT('Origin',(-5.4,4.8,-0.8));
#4193=CARTESIAN_POINT('Origin',(-6.5,4.8,0.));
#4194=CARTESIAN_POINT('',(-6.5,4.6,0.));
#4195=CARTESIAN_POINT('',(-6.5,4.6,0.));
#4196=CARTESIAN_POINT('',(-6.7,4.8,0.));
#4197=CARTESIAN_POINT('Origin',(-6.5,4.8,0.));
#4198=CARTESIAN_POINT('',(-6.7,4.8,0.));
#4199=CARTESIAN_POINT('Origin',(-5.4,4.6,0.));
#4200=CARTESIAN_POINT('',(-5.4,4.6,0.));
#4201=CARTESIAN_POINT('',(-5.4,4.6,0.));
#4202=CARTESIAN_POINT('',(-2.7,4.6,0.));
#4203=CARTESIAN_POINT('Origin',(-5.4,4.8,0.));
#4204=CARTESIAN_POINT('',(-5.2,4.8,0.));
#4205=CARTESIAN_POINT('',(-5.2,4.8,0.));
#4206=CARTESIAN_POINT('Origin',(-5.4,4.8,0.));
#4207=CARTESIAN_POINT('Origin',(-5.2,5.9,0.));
#4208=CARTESIAN_POINT('',(-5.2,5.9,0.));
#4209=CARTESIAN_POINT('',(-5.2,5.9,0.));
#4210=CARTESIAN_POINT('',(-5.2,2.95,0.));
#4211=CARTESIAN_POINT('Origin',(-5.95,5.35,-1.));
#4212=CARTESIAN_POINT('Origin',(5.39999985024333,5.07499986365437,-0.8));
#4213=CARTESIAN_POINT('',(5.39999985024333,4.79999986365437,-1.));
#4214=CARTESIAN_POINT('',(5.19999985024333,4.79999986365437,-0.8));
#4215=CARTESIAN_POINT('Origin',(5.39999985024333,4.79999986365437,-0.8));
#4216=CARTESIAN_POINT('',(5.19999985024333,5.89999986365437,-0.8));
#4217=CARTESIAN_POINT('',(5.19999985024333,5.07499986365437,-0.8));
#4218=CARTESIAN_POINT('',(5.39999985024333,5.89999986365437,-1.));
#4219=CARTESIAN_POINT('Origin',(5.39999985024333,5.89999986365437,-0.8));
#4220=CARTESIAN_POINT('',(5.39999985024333,5.07499986365437,-1.));
#4221=CARTESIAN_POINT('Origin',(6.32499992512166,5.9,-0.8));
#4222=CARTESIAN_POINT('',(5.39999985024333,6.09999986365438,-0.8));
#4223=CARTESIAN_POINT('Origin',(5.39999985024333,5.9,-0.8));
#4224=CARTESIAN_POINT('',(6.49999985024333,6.09999986365438,-0.8));
#4225=CARTESIAN_POINT('',(6.32499992512166,6.1,-0.8));
#4226=CARTESIAN_POINT('',(6.49999985024333,5.9,-1.));
#4227=CARTESIAN_POINT('Origin',(6.49999985024333,5.9,-0.8));
#4228=CARTESIAN_POINT('',(6.32499992512166,5.9,-1.));
#4229=CARTESIAN_POINT('Origin',(5.39999985024333,5.89999986365437,-0.8));
#4230=CARTESIAN_POINT('Origin',(5.39999985024333,5.89999986365437,-0.8));
#4231=CARTESIAN_POINT('Origin',(6.5,-0.375000068172812,-0.8));
#4232=CARTESIAN_POINT('',(6.69999985024333,5.89999986365437,-0.8));
#4233=CARTESIAN_POINT('Origin',(6.5,5.89999986365437,-0.8));
#4234=CARTESIAN_POINT('',(6.69999985024333,4.79999986365438,-0.8));
#4235=CARTESIAN_POINT('',(6.7,-0.375000068172812,-0.8));
#4236=CARTESIAN_POINT('',(6.5,4.79999986365438,-1.));
#4237=CARTESIAN_POINT('Origin',(6.5,4.79999986365438,-0.8));
#4238=CARTESIAN_POINT('',(6.5,-0.375000068172812,-1.));
#4239=CARTESIAN_POINT('Origin',(6.49999985024333,5.89999986365437,-0.8));
#4240=CARTESIAN_POINT('Origin',(6.49999985024333,5.89999986365437,-0.8));
#4241=CARTESIAN_POINT('Origin',(6.22499985024333,4.79999986365437,-0.8));
#4242=CARTESIAN_POINT('',(6.49999985024333,4.59999986365437,-0.8));
#4243=CARTESIAN_POINT('Origin',(6.49999985024333,4.79999986365437,-0.8));
#4244=CARTESIAN_POINT('',(5.39999985024333,4.59999986365437,-0.8));
#4245=CARTESIAN_POINT('',(6.22499985024333,4.59999986365437,-0.8));
#4246=CARTESIAN_POINT('Origin',(5.39999985024333,4.79999986365437,-0.8));
#4247=CARTESIAN_POINT('',(6.22499985024333,4.79999986365437,-1.));
#4248=CARTESIAN_POINT('Origin',(6.49999985024333,4.79999986365437,-0.8));
#4249=CARTESIAN_POINT('Origin',(6.49999985024333,4.79999986365437,-0.8));
#4250=CARTESIAN_POINT('Origin',(5.39999985024333,4.79999986365437,-0.8));
#4251=CARTESIAN_POINT('Origin',(5.39999985024333,4.79999986365437,-0.8));
#4252=CARTESIAN_POINT('Origin',(5.39999985024333,5.89999986365437,0.));
#4253=CARTESIAN_POINT('',(5.19999985024333,5.89999986365437,0.));
#4254=CARTESIAN_POINT('',(5.19999985024333,5.89999986365437,0.));
#4255=CARTESIAN_POINT('',(5.39999985024333,6.09999986365438,0.));
#4256=CARTESIAN_POINT('Origin',(5.39999985024333,5.89999986365437,0.));
#4257=CARTESIAN_POINT('',(5.39999985024333,6.09999986365438,0.));
#4258=CARTESIAN_POINT('Origin',(5.19999985024333,4.79999986365437,0.));
#4259=CARTESIAN_POINT('',(5.19999985024333,4.79999986365437,0.));
#4260=CARTESIAN_POINT('',(5.19999985024333,4.79999986365437,0.));
#4261=CARTESIAN_POINT('',(5.19999985024333,2.39999993182718,0.));
#4262=CARTESIAN_POINT('Origin',(5.39999985024333,4.79999986365437,0.));
#4263=CARTESIAN_POINT('',(5.39999985024333,4.59999986365437,0.));
#4264=CARTESIAN_POINT('',(5.39999985024333,4.59999986365437,0.));
#4265=CARTESIAN_POINT('Origin',(5.39999985024333,4.79999986365437,0.));
#4266=CARTESIAN_POINT('Origin',(6.49999985024333,4.59999986365437,0.));
#4267=CARTESIAN_POINT('',(6.49999985024333,4.59999986365437,0.));
#4268=CARTESIAN_POINT('',(6.49999985024333,4.59999986365437,0.));
#4269=CARTESIAN_POINT('',(3.24999992512166,4.59999986365437,0.));
#4270=CARTESIAN_POINT('Origin',(5.94999985024333,5.34999986365437,-1.));
#4271=CARTESIAN_POINT('Origin',(-0.375000074878334,-5.9,-0.8));
#4272=CARTESIAN_POINT('',(6.5,-5.89999986365437,-1.));
#4273=CARTESIAN_POINT('',(6.49999985024333,-6.09999986365438,-0.8));
#4274=CARTESIAN_POINT('Origin',(6.49999985024333,-5.9,-0.8));
#4275=CARTESIAN_POINT('',(5.39999985024333,-6.09999986365438,-0.8));
#4276=CARTESIAN_POINT('',(-0.375000074878334,-6.1,-0.8));
#4277=CARTESIAN_POINT('',(5.39999985024333,-5.9,-1.));
#4278=CARTESIAN_POINT('Origin',(5.39999985024333,-5.9,-0.8));
#4279=CARTESIAN_POINT('',(-0.375000074878334,-5.9,-1.));
#4280=CARTESIAN_POINT('Origin',(5.39999985024333,-5.62499986365438,-0.8));
#4281=CARTESIAN_POINT('',(5.19999985024333,-5.89999986365438,-0.8));
#4282=CARTESIAN_POINT('Origin',(5.39999985024333,-5.89999986365438,-0.8));
#4283=CARTESIAN_POINT('',(5.19999985024333,-4.79999986365438,-0.8));
#4284=CARTESIAN_POINT('',(5.19999985024333,-5.62499986365438,-0.8));
#4285=CARTESIAN_POINT('',(5.39999985024333,-4.79999986365438,-1.));
#4286=CARTESIAN_POINT('Origin',(5.39999985024333,-4.79999986365438,-0.8));
#4287=CARTESIAN_POINT('',(5.39999985024333,-5.62499986365438,-1.));
#4288=CARTESIAN_POINT('Origin',(5.39999985024333,-5.89999986365437,-0.8));
#4289=CARTESIAN_POINT('Origin',(5.39999985024333,-5.89999986365437,-0.8));
#4290=CARTESIAN_POINT('Origin',(5.67499985024333,-4.79999986365438,-0.8));
#4291=CARTESIAN_POINT('',(5.39999985024333,-4.59999986365438,-0.8));
#4292=CARTESIAN_POINT('Origin',(5.39999985024333,-4.79999986365438,-0.8));
#4293=CARTESIAN_POINT('',(6.49999985024333,-4.59999986365438,-0.8));
#4294=CARTESIAN_POINT('',(5.67499985024333,-4.59999986365438,-0.8));
#4295=CARTESIAN_POINT('',(6.49999985024333,-4.79999986365438,-1.));
#4296=CARTESIAN_POINT('Origin',(6.49999985024333,-4.79999986365438,-0.8));
#4297=CARTESIAN_POINT('',(5.67499985024333,-4.79999986365438,-1.));
#4298=CARTESIAN_POINT('Origin',(5.39999985024333,-4.79999986365438,-0.8));
#4299=CARTESIAN_POINT('Origin',(5.39999985024333,-4.79999986365438,-0.8));
#4300=CARTESIAN_POINT('Origin',(6.5,-5.72499993182719,-0.8));
#4301=CARTESIAN_POINT('',(6.69999985024333,-4.79999986365438,-0.8));
#4302=CARTESIAN_POINT('Origin',(6.5,-4.79999986365438,-0.8));
#4303=CARTESIAN_POINT('',(6.69999985024333,-5.89999986365437,-0.8));
#4304=CARTESIAN_POINT('',(6.7,-5.72499993182719,-0.8));
#4305=CARTESIAN_POINT('Origin',(6.5,-5.89999986365437,-0.8));
#4306=CARTESIAN_POINT('',(6.5,-5.72499993182719,-1.));
#4307=CARTESIAN_POINT('Origin',(6.49999985024333,-4.79999986365438,-0.8));
#4308=CARTESIAN_POINT('Origin',(6.49999985024333,-4.79999986365438,-0.8));
#4309=CARTESIAN_POINT('Origin',(6.49999985024333,-5.89999986365437,-0.8));
#4310=CARTESIAN_POINT('Origin',(6.49999985024333,-5.89999986365437,-0.8));
#4311=CARTESIAN_POINT('Origin',(5.39999985024333,-5.89999986365437,0.));
#4312=CARTESIAN_POINT('',(5.39999985024333,-6.09999986365438,0.));
#4313=CARTESIAN_POINT('',(5.39999985024333,-6.09999986365438,0.));
#4314=CARTESIAN_POINT('',(5.19999985024333,-5.89999986365438,0.));
#4315=CARTESIAN_POINT('Origin',(5.39999985024333,-5.89999986365437,0.));
#4316=CARTESIAN_POINT('',(5.19999985024333,-5.89999986365438,0.));
#4317=CARTESIAN_POINT('Origin',(-6.7,-6.1,0.));
#4318=CARTESIAN_POINT('',(6.5,-6.1,0.));
#4319=CARTESIAN_POINT('',(6.49999985024333,-6.09999986365438,0.));
#4320=CARTESIAN_POINT('',(6.5,-6.1,12.));
#4321=CARTESIAN_POINT('',(6.5,-6.1,0.));
#4322=CARTESIAN_POINT('',(-6.5,-6.1,12.));
#4323=CARTESIAN_POINT('',(6.7,-6.1,12.));
#4324=CARTESIAN_POINT('',(-6.5,-6.1,0.));
#4325=CARTESIAN_POINT('',(-6.5,-6.1,0.));
#4326=CARTESIAN_POINT('',(-6.49999985024333,-6.09999986365438,-0.8));
#4327=CARTESIAN_POINT('',(-6.49999985024333,-6.09999986365438,0.));
#4328=CARTESIAN_POINT('',(-5.39999985024333,-6.09999986365438,-0.8));
#4329=CARTESIAN_POINT('',(-6.32499992512166,-6.1,-0.8));
#4330=CARTESIAN_POINT('',(-5.39999985024333,-6.09999986365438,0.));
#4331=CARTESIAN_POINT('',(-5.39999985024333,-6.09999986365438,0.));
#4332=CARTESIAN_POINT('',(6.7,-6.1,0.));
#4333=CARTESIAN_POINT('Origin',(6.49999985024333,-5.89999986365437,0.));
#4334=CARTESIAN_POINT('',(6.7,-5.9,0.));
#4335=CARTESIAN_POINT('',(6.69999985024333,-5.89999986365437,0.));
#4336=CARTESIAN_POINT('Origin',(6.5,-5.9,0.));
#4337=CARTESIAN_POINT('Origin',(6.7,-6.1,0.));
#4338=CARTESIAN_POINT('',(6.7,5.9,0.));
#4339=CARTESIAN_POINT('',(6.69999985024333,5.89999986365437,0.));
#4340=CARTESIAN_POINT('',(6.7,5.9,12.));
#4341=CARTESIAN_POINT('',(6.7,5.9,0.));
#4342=CARTESIAN_POINT('',(6.7,-5.9,12.));
#4343=CARTESIAN_POINT('',(6.7,6.1,12.));
#4344=CARTESIAN_POINT('',(6.7,-5.9,0.));
#4345=CARTESIAN_POINT('',(6.69999985024333,-4.79999986365438,0.));
#4346=CARTESIAN_POINT('',(6.69999985024333,-4.79999986365438,0.));
#4347=CARTESIAN_POINT('',(6.69999985024333,4.79999986365438,0.));
#4348=CARTESIAN_POINT('',(6.7,6.1,0.));
#4349=CARTESIAN_POINT('',(6.69999985024333,4.79999986365438,0.));
#4350=CARTESIAN_POINT('Origin',(5.94999985024333,-5.34999986365438,-1.));
#4351=CARTESIAN_POINT('Origin',(-6.5,0.375000068172812,-0.8));
#4352=CARTESIAN_POINT('',(-6.49999985024333,-5.9,-1.));
#4353=CARTESIAN_POINT('',(-6.69999985024333,-5.89999986365437,-0.8));
#4354=CARTESIAN_POINT('Origin',(-6.5,-5.89999986365437,-0.8));
#4355=CARTESIAN_POINT('',(-6.69999985024333,-4.79999986365438,-0.8));
#4356=CARTESIAN_POINT('',(-6.7,0.375000068172812,-0.8));
#4357=CARTESIAN_POINT('',(-6.5,-4.79999986365438,-1.));
#4358=CARTESIAN_POINT('Origin',(-6.5,-4.79999986365438,-0.8));
#4359=CARTESIAN_POINT('',(-6.5,0.375000068172812,-1.));
#4360=CARTESIAN_POINT('Origin',(-6.22499985024333,-4.79999986365437,-0.8));
#4361=CARTESIAN_POINT('',(-6.49999985024333,-4.59999986365437,-0.8));
#4362=CARTESIAN_POINT('Origin',(-6.49999985024333,-4.79999986365437,-0.8));
#4363=CARTESIAN_POINT('',(-5.39999985024333,-4.59999986365437,-0.8));
#4364=CARTESIAN_POINT('',(-6.22499985024333,-4.59999986365437,-0.8));
#4365=CARTESIAN_POINT('',(-5.39999985024333,-4.79999986365437,-1.));
#4366=CARTESIAN_POINT('Origin',(-5.39999985024333,-4.79999986365437,-0.8));
#4367=CARTESIAN_POINT('',(-6.22499985024333,-4.79999986365437,-1.));
#4368=CARTESIAN_POINT('Origin',(-6.49999985024333,-4.79999986365437,-0.8));
#4369=CARTESIAN_POINT('Origin',(-6.49999985024333,-4.79999986365437,-0.8));
#4370=CARTESIAN_POINT('Origin',(-5.39999985024333,-5.07499986365437,-0.8));
#4371=CARTESIAN_POINT('',(-5.19999985024333,-4.79999986365437,-0.8));
#4372=CARTESIAN_POINT('Origin',(-5.39999985024333,-4.79999986365437,-0.8));
#4373=CARTESIAN_POINT('',(-5.19999985024333,-5.89999986365437,-0.8));
#4374=CARTESIAN_POINT('',(-5.19999985024333,-5.07499986365437,-0.8));
#4375=CARTESIAN_POINT('',(-5.39999985024333,-5.89999986365437,-1.));
#4376=CARTESIAN_POINT('Origin',(-5.39999985024333,-5.89999986365437,-0.8));
#4377=CARTESIAN_POINT('',(-5.39999985024333,-5.07499986365437,-1.));
#4378=CARTESIAN_POINT('Origin',(-5.39999985024333,-4.79999986365437,-0.8));
#4379=CARTESIAN_POINT('Origin',(-5.39999985024333,-4.79999986365437,-0.8));
#4380=CARTESIAN_POINT('Origin',(-6.32499992512166,-5.9,-0.8));
#4381=CARTESIAN_POINT('Origin',(-5.39999985024333,-5.9,-0.8));
#4382=CARTESIAN_POINT('Origin',(-6.49999985024333,-5.9,-0.8));
#4383=CARTESIAN_POINT('',(-6.32499992512166,-5.9,-1.));
#4384=CARTESIAN_POINT('Origin',(-5.39999985024333,-5.89999986365437,-0.8));
#4385=CARTESIAN_POINT('Origin',(-5.39999985024333,-5.89999986365437,-0.8));
#4386=CARTESIAN_POINT('Origin',(-6.49999985024333,-5.89999986365437,-0.8));
#4387=CARTESIAN_POINT('Origin',(-6.49999985024333,-5.89999986365437,-0.8));
#4388=CARTESIAN_POINT('Origin',(-6.49999985024333,-4.79999986365437,0.));
#4389=CARTESIAN_POINT('',(-6.69999985024333,-4.79999986365438,0.));
#4390=CARTESIAN_POINT('',(-6.69999985024333,-4.79999986365438,0.));
#4391=CARTESIAN_POINT('',(-6.49999985024333,-4.59999986365437,0.));
#4392=CARTESIAN_POINT('Origin',(-6.49999985024333,-4.79999986365437,0.));
#4393=CARTESIAN_POINT('',(-6.49999985024333,-4.59999986365437,0.));
#4394=CARTESIAN_POINT('Origin',(-6.7,6.1,0.));
#4395=CARTESIAN_POINT('',(-6.7,-6.1,0.));
#4396=CARTESIAN_POINT('',(-6.7,-5.9,0.));
#4397=CARTESIAN_POINT('',(-6.69999985024333,-5.89999986365437,0.));
#4398=CARTESIAN_POINT('',(-6.7,-5.9,12.));
#4399=CARTESIAN_POINT('',(-6.7,-5.9,0.));
#4400=CARTESIAN_POINT('',(-6.7,5.9,12.));
#4401=CARTESIAN_POINT('',(-6.7,-6.1,12.));
#4402=CARTESIAN_POINT('',(-6.7,5.9,0.));
#4403=CARTESIAN_POINT('Origin',(-6.49999985024333,-5.89999986365437,0.));
#4404=CARTESIAN_POINT('Origin',(-6.5,-5.9,0.));
#4405=CARTESIAN_POINT('Origin',(-5.94999985024333,-5.34999986365437,-1.));
#4406=CARTESIAN_POINT('Origin',(-5.4,5.9,0.));
#4407=CARTESIAN_POINT('',(-5.4,6.1,0.));
#4408=CARTESIAN_POINT('',(-5.4,6.1,0.));
#4409=CARTESIAN_POINT('Origin',(-5.4,5.9,0.));
#4410=CARTESIAN_POINT('Origin',(-6.49999985024333,-4.59999986365437,0.));
#4411=CARTESIAN_POINT('',(-5.39999985024333,-4.59999986365437,0.));
#4412=CARTESIAN_POINT('',(-3.24999992512166,-4.59999986365437,0.));
#4413=CARTESIAN_POINT('',(-5.39999985024333,-4.59999986365437,0.));
#4414=CARTESIAN_POINT('Origin',(-5.39999985024333,-5.89999986365437,0.));
#4415=CARTESIAN_POINT('',(-5.19999985024333,-5.89999986365437,0.));
#4416=CARTESIAN_POINT('',(-5.19999985024333,-5.89999986365437,0.));
#4417=CARTESIAN_POINT('Origin',(-5.39999985024333,-5.89999986365437,0.));
#4418=CARTESIAN_POINT('Origin',(-5.19999985024333,-4.79999986365437,0.));
#4419=CARTESIAN_POINT('',(-5.19999985024333,-4.79999986365437,0.));
#4420=CARTESIAN_POINT('',(-5.19999985024333,-4.79999986365437,0.));
#4421=CARTESIAN_POINT('',(-5.19999985024333,-2.39999993182718,0.));
#4422=CARTESIAN_POINT('Origin',(-5.39999985024333,-4.79999986365437,0.));
#4423=CARTESIAN_POINT('Origin',(-5.39999985024333,-4.79999986365437,0.));
#4424=CARTESIAN_POINT('Origin',(0.,0.,0.));
#4425=CARTESIAN_POINT('',(-6.7,6.1,0.));
#4426=CARTESIAN_POINT('Origin',(6.49999985024333,4.79999986365437,0.));
#4427=CARTESIAN_POINT('',(6.49999985024333,-4.59999986365438,0.));
#4428=CARTESIAN_POINT('Origin',(6.49999985024333,-4.79999986365438,0.));
#4429=CARTESIAN_POINT('',(5.39999985024333,-4.59999986365438,0.));
#4430=CARTESIAN_POINT('',(2.69999992512167,-4.59999986365438,0.));
#4431=CARTESIAN_POINT('',(5.19999985024333,-4.79999986365438,0.));
#4432=CARTESIAN_POINT('Origin',(5.39999985024333,-4.79999986365438,0.));
#4433=CARTESIAN_POINT('',(5.19999985024333,-2.94999993182718,0.));
#4434=CARTESIAN_POINT('Origin',(6.49999985024333,4.79999986365437,0.));
#4435=CARTESIAN_POINT('Origin',(6.49999985024333,5.89999986365437,0.));
#4436=CARTESIAN_POINT('',(6.5,6.1,0.));
#4437=CARTESIAN_POINT('',(6.49999985024333,6.09999986365438,0.));
#4438=CARTESIAN_POINT('Origin',(6.5,5.9,0.));
#4439=CARTESIAN_POINT('Origin',(5.39999985024333,-4.59999986365438,0.));
#4440=CARTESIAN_POINT('',(5.39999985024333,-4.59999986365438,0.));
#4441=CARTESIAN_POINT('',(6.49999985024333,-4.59999986365438,0.));
#4442=CARTESIAN_POINT('Origin',(5.39999985024333,-4.79999986365438,0.));
#4443=CARTESIAN_POINT('',(5.19999985024333,-4.79999986365438,0.));
#4444=CARTESIAN_POINT('Origin',(5.19999985024333,-5.89999986365438,0.));
#4445=CARTESIAN_POINT('Origin',(6.49999985024333,-4.79999986365438,0.));
#4446=CARTESIAN_POINT('Origin',(-6.5,5.9,0.));
#4447=CARTESIAN_POINT('',(-6.5,6.1,12.));
#4448=CARTESIAN_POINT('Origin',(-6.5,5.9,12.));
#4449=CARTESIAN_POINT('',(-6.5,6.1,0.));
#4450=CARTESIAN_POINT('Origin',(-6.5,-5.9,0.));
#4451=CARTESIAN_POINT('Origin',(-6.5,-5.9,12.));
#4452=CARTESIAN_POINT('Origin',(6.5,5.9,0.));
#4453=CARTESIAN_POINT('',(6.5,6.1,12.));
#4454=CARTESIAN_POINT('Origin',(6.5,5.9,12.));
#4455=CARTESIAN_POINT('',(6.5,6.1,0.));
#4456=CARTESIAN_POINT('Origin',(6.7,6.1,0.));
#4457=CARTESIAN_POINT('',(-6.7,6.1,12.));
#4458=CARTESIAN_POINT('Origin',(6.5,-5.9,0.));
#4459=CARTESIAN_POINT('Origin',(6.5,-5.9,12.));
#4460=CARTESIAN_POINT('Origin',(0.,0.,12.));
#4461=CARTESIAN_POINT('Origin',(0.,0.,26.9));
#4462=CARTESIAN_POINT('',(5.,-6.12323399573677E-16,26.9));
#4463=CARTESIAN_POINT('',(-5.,-6.12323399573677E-16,26.9));
#4464=CARTESIAN_POINT('Origin',(0.,0.,26.9));
#4465=CARTESIAN_POINT('',(-4.8,-5.87830463590729E-16,26.7));
#4466=CARTESIAN_POINT('Origin',(-4.8,-5.87830463590729E-16,26.9));
#4467=CARTESIAN_POINT('Origin',(0.,0.,26.7));
#4468=CARTESIAN_POINT('Origin',(0.,0.,26.9));
#4469=CARTESIAN_POINT('Origin',(0.,0.,26.7));
#4470=CARTESIAN_POINT('',(5.,6.12323399573677E-16,32.3));
#4471=CARTESIAN_POINT('',(-5.,-6.12323399573677E-16,32.3));
#4472=CARTESIAN_POINT('Origin',(0.,0.,32.3));
#4473=CARTESIAN_POINT('',(5.,6.12323399573677E-16,26.7));
#4474=CARTESIAN_POINT('Origin',(0.,0.,32.3));
#4475=CARTESIAN_POINT('Origin',(0.,0.,26.7));
#4476=CARTESIAN_POINT('',(3.2,3.91886975727153E-16,26.7));
#4477=CARTESIAN_POINT('Origin',(0.,0.,26.7));
#4478=CARTESIAN_POINT('Origin',(0.,0.,32.3));
#4479=CARTESIAN_POINT('',(-4.8,-5.87830463590729E-16,32.5));
#4480=CARTESIAN_POINT('Origin',(0.,0.,32.5));
#4481=CARTESIAN_POINT('Origin',(-4.8,-5.87830463590729E-16,32.3));
#4482=CARTESIAN_POINT('Origin',(0.,0.,32.5));
#4483=CARTESIAN_POINT('Origin',(0.,0.,24.3));
#4484=CARTESIAN_POINT('',(3.2,3.91886975727153E-16,24.3));
#4485=CARTESIAN_POINT('',(3.2,3.91886975727153E-16,24.3));
#4486=CARTESIAN_POINT('Origin',(0.,0.,24.3));
#4487=CARTESIAN_POINT('Origin',(1.26377987262832E-15,2.82525377547347E-16,
23.546));
#4488=CARTESIAN_POINT('',(5.86139914771437,-1.04600001490116,23.546));
#4489=CARTESIAN_POINT('',(5.55762254166967,-1.04600001490117,23.546));
#4490=CARTESIAN_POINT('',(2.5000000372529,-1.04600001490117,23.546));
#4491=CARTESIAN_POINT('',(-0.359842090408762,-5.94311615820945,23.546));
#4492=CARTESIAN_POINT('Origin',(0.,0.,23.546));
#4493=CARTESIAN_POINT('Ctrl Pts',(-0.359939025236081,-5.94355208268297,
23.546));
#4494=CARTESIAN_POINT('Ctrl Pts',(-0.192269149776641,-5.94778030683207,
23.546));
#4495=CARTESIAN_POINT('Ctrl Pts',(-0.0246459849199291,-5.94482350162754,
23.546));
#4496=CARTESIAN_POINT('Ctrl Pts',(0.142485602251986,-5.93481343859298,23.546));
#4497=CARTESIAN_POINT('Ctrl Pts',(0.310565038603755,-5.92474660573891,23.546));
#4498=CARTESIAN_POINT('Ctrl Pts',(0.478148049817398,-5.90754615924685,23.546));
#4499=CARTESIAN_POINT('Ctrl Pts',(0.644777582415561,-5.88329382440709,23.546));
#4500=CARTESIAN_POINT('Ctrl Pts',(0.786736562832725,-5.86263220054663,23.546));
#4501=CARTESIAN_POINT('Ctrl Pts',(0.928003676199866,-5.83685133605541,23.546));
#4502=CARTESIAN_POINT('Ctrl Pts',(1.06828758328164,-5.805973128695,23.546));
#4503=CARTESIAN_POINT('Ctrl Pts',(1.10257738623381,-5.79842552278687,23.546));
#4504=CARTESIAN_POINT('Ctrl Pts',(1.13680839371221,-5.79057324700493,23.546));
#4505=CARTESIAN_POINT('Ctrl Pts',(1.17097624053874,-5.78241638972483,23.546));
#4506=CARTESIAN_POINT('Ctrl Pts',(1.19739294441025,-5.77610995536317,23.546));
#4507=CARTESIAN_POINT('Ctrl Pts',(1.22377406107035,-5.76962084994033,23.546));
#4508=CARTESIAN_POINT('Ctrl Pts',(1.25009962731568,-5.76295378383408,23.546));
#4509=CARTESIAN_POINT('Ctrl Pts',(1.41233340304781,-5.72186736246735,23.546));
#4510=CARTESIAN_POINT('Ctrl Pts',(1.57259756735887,-5.67399463785078,23.546));
#4511=CARTESIAN_POINT('Ctrl Pts',(1.73044594313653,-5.61942208577037,23.546));
#4512=CARTESIAN_POINT('Ctrl Pts',(1.88689851946558,-5.56533210018917,23.546));
#4513=CARTESIAN_POINT('Ctrl Pts',(2.04097851949124,-5.5046600126855,23.546));
#4514=CARTESIAN_POINT('Ctrl Pts',(2.19223266174427,-5.4374426467197,23.546));
#4515=CARTESIAN_POINT('Ctrl Pts',(2.22468438649861,-5.42302109484323,23.546));
#4516=CARTESIAN_POINT('Ctrl Pts',(2.25700594028343,-5.40829808248912,23.546));
#4517=CARTESIAN_POINT('Ctrl Pts',(2.28919268591885,-5.39327370159615,23.546));
#4518=CARTESIAN_POINT('Ctrl Pts',(2.39778338804452,-5.34258488425961,23.546));
#4519=CARTESIAN_POINT('Ctrl Pts',(2.5048403378062,-5.28846658137902,23.546));
#4520=CARTESIAN_POINT('Ctrl Pts',(2.61022290643444,-5.23101828071697,23.546));
#4521=CARTESIAN_POINT('Ctrl Pts',(2.64044981988606,-5.21454036757954,23.546));
#4522=CARTESIAN_POINT('Ctrl Pts',(2.67054496064418,-5.19778487822384,23.546));
#4523=CARTESIAN_POINT('Ctrl Pts',(2.70047218952468,-5.18077292510065,23.546));
#4524=CARTESIAN_POINT('Ctrl Pts',(2.84361951414692,-5.09940169003219,23.546));
#4525=CARTESIAN_POINT('Ctrl Pts',(2.98303895089156,-5.01210894377851,23.546));
#4526=CARTESIAN_POINT('Ctrl Pts',(3.11841931917113,-4.91922955336745,23.546));
#4527=CARTESIAN_POINT('Ctrl Pts',(3.25504173278241,-4.82549804226314,23.546));
#4528=CARTESIAN_POINT('Ctrl Pts',(3.38755122858983,-4.72607645940882,23.546));
#4529=CARTESIAN_POINT('Ctrl Pts',(3.51560042737211,-4.62126397287892,23.546));
#4530=CARTESIAN_POINT('Ctrl Pts',(3.64301707539794,-4.51696924997636,23.546));
#4531=CARTESIAN_POINT('Ctrl Pts',(3.76601791590251,-4.40733622631065,23.546));
#4532=CARTESIAN_POINT('Ctrl Pts',(3.88422512552508,-4.29262276995963,23.546));
#4533=CARTESIAN_POINT('Ctrl Pts',(3.99486201356678,-4.18525588542097,23.546));
#4534=CARTESIAN_POINT('Ctrl Pts',(4.10129965765743,-4.07343781103179,23.546));
#4535=CARTESIAN_POINT('Ctrl Pts',(4.20319356610618,-3.95735645840515,23.546));
#4536=CARTESIAN_POINT('Ctrl Pts',(4.2605803980768,-3.89197923243038,23.546));
#4537=CARTESIAN_POINT('Ctrl Pts',(4.31652533248589,-3.82524933107459,23.546));
#4538=CARTESIAN_POINT('Ctrl Pts',(4.37096137906886,-3.7571977884666,23.546));
#4539=CARTESIAN_POINT('Ctrl Pts',(4.38383932004805,-3.74109882823235,23.546));
#4540=CARTESIAN_POINT('Ctrl Pts',(4.39662698762684,-3.72493314395451,23.546));
#4541=CARTESIAN_POINT('Ctrl Pts',(4.40932234523498,-3.70870309186921,23.546));
#4542=CARTESIAN_POINT('Ctrl Pts',(4.43824697106577,-3.67172515093428,23.546));
#4543=CARTESIAN_POINT('Ctrl Pts',(4.46669482990001,-3.6344101091717,23.546));
#4544=CARTESIAN_POINT('Ctrl Pts',(4.49465832290423,-3.59676483182117,23.546));
#4545=CARTESIAN_POINT('Ctrl Pts',(4.59163395607483,-3.46621338009808,23.546));
#4546=CARTESIAN_POINT('Ctrl Pts',(4.6827875105708,-3.33169287965502,23.546));
#4547=CARTESIAN_POINT('Ctrl Pts',(4.7680051893213,-3.19364385278706,23.546));
#4548=CARTESIAN_POINT('Ctrl Pts',(4.85398950877884,-3.05435290047455,23.546));
#4549=CARTESIAN_POINT('Ctrl Pts',(4.93393098837392,-2.91146897330581,23.546));
#4550=CARTESIAN_POINT('Ctrl Pts',(5.00766794579408,-2.76541633525522,23.546));
#4551=CARTESIAN_POINT('Ctrl Pts',(5.08103183689037,-2.6201026390145,23.546));
#4552=CARTESIAN_POINT('Ctrl Pts',(5.1482540492243,-2.47165149940185,23.546));
#4553=CARTESIAN_POINT('Ctrl Pts',(5.20912733772346,-2.32046345057191,23.546));
#4554=CARTESIAN_POINT('Ctrl Pts',(5.25029883388037,-2.21820779255112,23.546));
#4555=CARTESIAN_POINT('Ctrl Pts',(5.28856504900467,-2.11469979754616,23.546));
#4556=CARTESIAN_POINT('Ctrl Pts',(5.32384851791791,-2.0100613418779,23.546));
#4557=CARTESIAN_POINT('Ctrl Pts',(5.33998048100107,-1.96221956906157,23.546));
#4558=CARTESIAN_POINT('Ctrl Pts',(5.35548877420096,-1.9141414725361,23.546));
#4559=CARTESIAN_POINT('Ctrl Pts',(5.37036520406926,-1.86583868577717,23.546));
#4560=CARTESIAN_POINT('Ctrl Pts',(5.37792414767046,-1.8412952943772,23.546));
#4561=CARTESIAN_POINT('Ctrl Pts',(5.38531994792943,-1.81669389236138,23.546));
#4562=CARTESIAN_POINT('Ctrl Pts',(5.39255147953136,-1.7920360084542,23.546));
#4563=CARTESIAN_POINT('Ctrl Pts',(5.39836590426703,-1.77221013780723,23.546));
#4564=CARTESIAN_POINT('Ctrl Pts',(5.40407164158726,-1.75235620419628,23.546));
#4565=CARTESIAN_POINT('Ctrl Pts',(5.40966752002693,-1.73247822116646,23.546));
#4566=CARTESIAN_POINT('Ctrl Pts',(5.45368866181796,-1.57610393267727,23.546));
#4567=CARTESIAN_POINT('Ctrl Pts',(5.49093408445464,-1.41817840177097,23.546));
#4568=CARTESIAN_POINT('Ctrl Pts',(5.52125550717728,-1.25911292580903,23.546));
#4569=CARTESIAN_POINT('Ctrl Pts',(5.53475602257073,-1.18828953712993,23.546));
#4570=CARTESIAN_POINT('Ctrl Pts',(5.54688324218038,-1.11723992745458,23.546));
#4571=CARTESIAN_POINT('Ctrl Pts',(5.55762086382901,-1.04599953480903,23.546));
#4572=CARTESIAN_POINT('Origin',(0.,0.,10.6135647979496));
#4573=CARTESIAN_POINT('',(5.430952497739,-1.00000001490126,12.9697121430479));
#4574=CARTESIAN_POINT('',(5.43095249773899,-1.0000000149013,12.8218417389471));
#4575=CARTESIAN_POINT('',(5.43095249773902,-1.00000001490116,10.6135647979496));
#4576=CARTESIAN_POINT('',(5.43095249773906,1.00000001490096,12.263182976173));
#4577=CARTESIAN_POINT('Ctrl Pts',(5.43094370104134,0.999997598566538,12.263182976173));
#4578=CARTESIAN_POINT('Ctrl Pts',(5.27002538168965,1.8727621741416,12.2823665989412));
#4579=CARTESIAN_POINT('Ctrl Pts',(4.51020687700571,3.56199127258873,12.3212644693849));
#4580=CARTESIAN_POINT('Ctrl Pts',(2.29903567517275,5.27406554429469,12.3798765875042));
#4581=CARTESIAN_POINT('Ctrl Pts',(-0.4848443132123,5.73284296923864,12.4390193305307));
#4582=CARTESIAN_POINT('Ctrl Pts',(-3.15226572794264,4.81294516469528,12.4981620735573));
#4583=CARTESIAN_POINT('Ctrl Pts',(-5.06146123896324,2.73540990546634,12.5573048165839));
#4584=CARTESIAN_POINT('Ctrl Pts',(-5.75335129159203,-1.68367431232287E-14,
12.6164475596105));
#4585=CARTESIAN_POINT('Ctrl Pts',(-5.06146123896322,-2.73540990546637,12.675590302637));
#4586=CARTESIAN_POINT('Ctrl Pts',(-3.15226572794262,-4.8129451646953,12.7347330456636));
#4587=CARTESIAN_POINT('Ctrl Pts',(-0.484844313212269,-5.73284296923864,
12.7938757886902));
#4588=CARTESIAN_POINT('Ctrl Pts',(2.29903567517277,-5.27406554429468,12.8530185317168));
#4589=CARTESIAN_POINT('Ctrl Pts',(4.51020687700563,-3.56199127258878,12.911630649836));
#4590=CARTESIAN_POINT('Ctrl Pts',(5.27002538168956,-1.87276217414181,12.9505285202797));
#4591=CARTESIAN_POINT('Ctrl Pts',(5.43094370104128,-0.99999759856688,12.9697121430479));
#4592=CARTESIAN_POINT('',(5.43095249773903,1.00000001490108,12.1153125720722));
#4593=CARTESIAN_POINT('',(5.43095249773902,1.00000001490116,10.6135647979496));
#4594=CARTESIAN_POINT('Ctrl Pts',(5.43095043248033,0.999999431706392,12.1153125720722));
#4595=CARTESIAN_POINT('Ctrl Pts',(5.26800939517267,1.88433047515178,12.1347498154989));
#4596=CARTESIAN_POINT('Ctrl Pts',(4.49747323147085,3.5823128670276,12.1738782501777));
#4597=CARTESIAN_POINT('Ctrl Pts',(2.2682178697314,5.28679075987177,12.2326978761084));
#4598=CARTESIAN_POINT('Ctrl Pts',(-0.514685764144629,5.72968623244362,12.2917714498645));
#4599=CARTESIAN_POINT('Ctrl Pts',(-3.17423865061359,4.79781927281203,12.3508450236205));
#4600=CARTESIAN_POINT('Ctrl Pts',(-5.07202778594491,2.71459590077837,12.4099185973766));
#4601=CARTESIAN_POINT('Ctrl Pts',(-5.7527639132936,-0.0200014440735449,
12.4689921711327));
#4602=CARTESIAN_POINT('Ctrl Pts',(-5.05302895462369,-2.74979911078147,12.5280657448888));
#4603=CARTESIAN_POINT('Ctrl Pts',(-3.1407998045235,-4.81977565593264,12.5871393186448));
#4604=CARTESIAN_POINT('Ctrl Pts',(-0.474831389139908,-5.73312662601783,
12.6462128924009));
#4605=CARTESIAN_POINT('Ctrl Pts',(2.3049252468875,-5.27089066946896,12.705286466157));
#4606=CARTESIAN_POINT('Ctrl Pts',(4.5118444425626,-3.55904292384418,12.7638294150057));
#4607=CARTESIAN_POINT('Ctrl Pts',(5.27021941255796,-1.87171339716127,12.8026811726024));
#4608=CARTESIAN_POINT('Ctrl Pts',(5.43094372633617,-0.999997605934716,12.8218417389471));
#4609=CARTESIAN_POINT('Origin',(0.,0.,10.6135647979496));
#4610=CARTESIAN_POINT('',(5.430952497739,-1.00000001490126,13.7197121430479));
#4611=CARTESIAN_POINT('',(5.430952497739,-1.0000000149013,13.5718417389471));
#4612=CARTESIAN_POINT('',(5.43095249773902,-1.00000001490116,10.6135647979496));
#4613=CARTESIAN_POINT('',(5.43095249773906,1.00000001490096,13.013182976173));
#4614=CARTESIAN_POINT('Ctrl Pts',(5.43094369598631,0.999997598031319,13.013182976173));
#4615=CARTESIAN_POINT('Ctrl Pts',(5.27002525582508,1.8727621608244,13.0323665989412));
#4616=CARTESIAN_POINT('Ctrl Pts',(4.51020219102763,3.56199077775645,13.0712644693849));
#4617=CARTESIAN_POINT('Ctrl Pts',(2.29903586785789,5.27406578155472,13.1298765875042));
#4618=CARTESIAN_POINT('Ctrl Pts',(-0.484845100744493,5.73284324883602,13.1890193305307));
#4619=CARTESIAN_POINT('Ctrl Pts',(-3.15226568906762,4.81294539791465,13.2481620735573));
#4620=CARTESIAN_POINT('Ctrl Pts',(-5.06146168054985,2.73541006033954,13.3073048165839));
#4621=CARTESIAN_POINT('Ctrl Pts',(-5.7533514793769,-2.14735660386464E-14,
13.3664475596105));
#4622=CARTESIAN_POINT('Ctrl Pts',(-5.06146168054982,-2.73541006033958,13.425590302637));
#4623=CARTESIAN_POINT('Ctrl Pts',(-3.15226568906759,-4.81294539791466,13.4847330456636));
#4624=CARTESIAN_POINT('Ctrl Pts',(-0.484845100744469,-5.73284324883602,
13.5438757886902));
#4625=CARTESIAN_POINT('Ctrl Pts',(2.29903586785791,-5.2740657815547,13.6030185317168));
#4626=CARTESIAN_POINT('Ctrl Pts',(4.51020219102755,-3.56199077775652,13.661630649836));
#4627=CARTESIAN_POINT('Ctrl Pts',(5.27002525582498,-1.87276216082461,13.7005285202797));
#4628=CARTESIAN_POINT('Ctrl Pts',(5.43094369598625,-0.999997598031664,13.7197121430479));
#4629=CARTESIAN_POINT('',(5.43095249773904,1.00000001490107,12.8653125720722));
#4630=CARTESIAN_POINT('',(5.43095249773902,1.00000001490116,10.6135647979496));
#4631=CARTESIAN_POINT('Ctrl Pts',(5.43094370033332,0.999997598491476,12.8653125720722));
#4632=CARTESIAN_POINT('Ctrl Pts',(5.2700253640614,1.87276217227058,12.8844961948404));
#4633=CARTESIAN_POINT('Ctrl Pts',(4.51020622071681,3.5619912030639,12.9233940652841));
#4634=CARTESIAN_POINT('Ctrl Pts',(2.29903570557698,5.27406557756164,12.9820061834033));
#4635=CARTESIAN_POINT('Ctrl Pts',(-0.484844422950792,5.73284300802831,13.0411489264299));
#4636=CARTESIAN_POINT('Ctrl Pts',(-3.15226572148971,4.81294519698574,13.1002916694565));
#4637=CARTESIAN_POINT('Ctrl Pts',(-5.06146130048865,2.73540992694279,13.1594344124831));
#4638=CARTESIAN_POINT('Ctrl Pts',(-5.75335131714466,1.86613411015149E-14,
13.2185771555096));
#4639=CARTESIAN_POINT('Ctrl Pts',(-5.06146130048866,-2.73540992694275,13.2777198985362));
#4640=CARTESIAN_POINT('Ctrl Pts',(-3.15226572148975,-4.81294519698571,13.3368626415628));
#4641=CARTESIAN_POINT('Ctrl Pts',(-0.484844422950857,-5.7328430080283,13.3960053845894));
#4642=CARTESIAN_POINT('Ctrl Pts',(2.29903570557693,-5.27406557756167,13.455148127616));
#4643=CARTESIAN_POINT('Ctrl Pts',(4.51020622071673,-3.56199120306398,13.5137602457352));
#4644=CARTESIAN_POINT('Ctrl Pts',(5.27002536406133,-1.87276217227074,13.5526581161789));
#4645=CARTESIAN_POINT('Ctrl Pts',(5.43094370033328,-0.999997598491704,13.5718417389471));
#4646=CARTESIAN_POINT('Origin',(0.,0.,10.6135647979496));
#4647=CARTESIAN_POINT('',(5.430952497739,-1.00000001490126,14.4697121430479));
#4648=CARTESIAN_POINT('',(5.43095249773899,-1.0000000149013,14.3218417389471));
#4649=CARTESIAN_POINT('',(5.43095249773902,-1.00000001490116,10.6135647979496));
#4650=CARTESIAN_POINT('',(5.43095249773906,1.00000001490095,13.763182976173));
#4651=CARTESIAN_POINT('Ctrl Pts',(5.43094369109054,0.99999759751682,13.763182976173));
#4652=CARTESIAN_POINT('Ctrl Pts',(5.27002513392376,1.87276214802231,13.7823665989412));
#4653=CARTESIAN_POINT('Ctrl Pts',(4.5101976523598,3.56199030206991,13.8212644693849));
#4654=CARTESIAN_POINT('Ctrl Pts',(2.29903600011018,5.27406601082953,13.8798765875041));
#4655=CARTESIAN_POINT('Ctrl Pts',(-0.48484587310036,5.7328435255339,13.9390193305307));
#4656=CARTESIAN_POINT('Ctrl Pts',(-3.15226566768031,4.81294562979101,13.9981620735573));
#4657=CARTESIAN_POINT('Ctrl Pts',(-5.06146211366438,2.73541021378946,14.0573048165839));
#4658=CARTESIAN_POINT('Ctrl Pts',(-5.75335167326504,-1.45374384118452E-14,
14.1164475596105));
#4659=CARTESIAN_POINT('Ctrl Pts',(-5.06146211366436,-2.73541021378948,14.175590302637));
#4660=CARTESIAN_POINT('Ctrl Pts',(-3.15226566768029,-4.81294562979103,14.2347330456636));
#4661=CARTESIAN_POINT('Ctrl Pts',(-0.484845873100333,-5.7328435255339,14.2938757886902));
#4662=CARTESIAN_POINT('Ctrl Pts',(2.2990360001102,-5.27406601082952,14.3530185317168));
#4663=CARTESIAN_POINT('Ctrl Pts',(4.51019765235972,-3.56199030206996,14.411630649836));
#4664=CARTESIAN_POINT('Ctrl Pts',(5.27002513392368,-1.8727621480225,14.4505285202797));
#4665=CARTESIAN_POINT('Ctrl Pts',(5.43094369109049,-0.999997597517109,14.4697121430479));
#4666=CARTESIAN_POINT('',(5.43095249773904,1.00000001490107,13.6153125720722));
#4667=CARTESIAN_POINT('',(5.43095249773902,1.00000001490116,10.6135647979496));
#4668=CARTESIAN_POINT('Ctrl Pts',(5.4309436953008,0.999997597959283,13.6153125720722));
#4669=CARTESIAN_POINT('Ctrl Pts',(5.27002523875746,1.87276215902637,13.6344961948404));
#4670=CARTESIAN_POINT('Ctrl Pts',(4.51020155557786,3.56199071094095,13.6733940652841));
#4671=CARTESIAN_POINT('Ctrl Pts',(2.29903588960538,5.27406581368355,13.7320061834033));
#4672=CARTESIAN_POINT('Ctrl Pts',(-0.484845208285453,5.73284328722519,13.7911489264299));
#4673=CARTESIAN_POINT('Ctrl Pts',(-3.15226568509825,4.81294543002121,13.8502916694565));
#4674=CARTESIAN_POINT('Ctrl Pts',(-5.06146174085631,2.73541008161761,13.9094344124831));
#4675=CARTESIAN_POINT('Ctrl Pts',(-5.7533515058049,-1.93802322102397E-14,
13.9685771555097));
#4676=CARTESIAN_POINT('Ctrl Pts',(-5.06146174085629,-2.73541008161765,14.0277198985362));
#4677=CARTESIAN_POINT('Ctrl Pts',(-3.1522656850982,-4.81294543002125,14.0868626415628));
#4678=CARTESIAN_POINT('Ctrl Pts',(-0.484845208285378,-5.73284328722521,
14.1460053845894));
#4679=CARTESIAN_POINT('Ctrl Pts',(2.29903588960545,-5.2740658136835,14.205148127616));
#4680=CARTESIAN_POINT('Ctrl Pts',(4.51020155557787,-3.56199071094093,14.2637602457352));
#4681=CARTESIAN_POINT('Ctrl Pts',(5.27002523875745,-1.87276215902639,14.3026581161789));
#4682=CARTESIAN_POINT('Ctrl Pts',(5.43094369530079,-0.99999759795936,14.3218417389471));
#4683=CARTESIAN_POINT('Origin',(0.,0.,10.6135647979496));
#4684=CARTESIAN_POINT('',(5.430952497739,-1.00000001490126,15.2197121430479));
#4685=CARTESIAN_POINT('',(5.43095249773899,-1.0000000149013,15.0718417389471));
#4686=CARTESIAN_POINT('',(5.43095249773902,-1.00000001490116,10.6135647979496));
#4687=CARTESIAN_POINT('',(5.43095249773906,1.00000001490095,14.513182976173));
#4688=CARTESIAN_POINT('Ctrl Pts',(5.43094368634549,0.999997597021896,14.513182976173));
#4689=CARTESIAN_POINT('Ctrl Pts',(5.27002501577319,1.8727621357074,14.5323665989412));
#4690=CARTESIAN_POINT('Ctrl Pts',(4.51019325311113,3.56198984448953,14.5712644693849));
#4691=CARTESIAN_POINT('Ctrl Pts',(2.29903607683064,5.27406623267787,14.6298765875041));
#4692=CARTESIAN_POINT('Ctrl Pts',(-0.484846631854108,5.73284379933828,14.6890193305307));
#4693=CARTESIAN_POINT('Ctrl Pts',(-3.15226566270524,4.81294586029881,14.7481620735573));
#4694=CARTESIAN_POINT('Ctrl Pts',(-5.06146253907463,2.73541036584445,14.8073048165839));
#4695=CARTESIAN_POINT('Ctrl Pts',(-5.75335187275322,-1.97298709842837E-14,
14.8664475596105));
#4696=CARTESIAN_POINT('Ctrl Pts',(-5.06146253907461,-2.73541036584448,14.925590302637));
#4697=CARTESIAN_POINT('Ctrl Pts',(-3.15226566270521,-4.81294586029883,14.9847330456636));
#4698=CARTESIAN_POINT('Ctrl Pts',(-0.48484663185407,-5.73284379933828,15.0438757886902));
#4699=CARTESIAN_POINT('Ctrl Pts',(2.29903607683068,-5.27406623267786,15.1030185317168));
#4700=CARTESIAN_POINT('Ctrl Pts',(4.51019325311106,-3.56198984448956,15.161630649836));
#4701=CARTESIAN_POINT('Ctrl Pts',(5.27002501577312,-1.87276213570756,15.2005285202797));
#4702=CARTESIAN_POINT('Ctrl Pts',(5.43094368634544,-0.999997597022169,15.2197121430479));
#4703=CARTESIAN_POINT('',(5.43095249773904,1.00000001490107,14.3653125720722));
#4704=CARTESIAN_POINT('',(5.43095249773902,1.00000001490116,10.6135647979496));
#4705=CARTESIAN_POINT('Ctrl Pts',(5.43094369042636,0.999997597447495,14.3653125720722));
#4706=CARTESIAN_POINT('Ctrl Pts',(5.27002511738647,1.87276214629317,14.3844961948404));
#4707=CARTESIAN_POINT('Ctrl Pts',(4.51019703662184,3.56199023781528,14.4233940652841));
#4708=CARTESIAN_POINT('Ctrl Pts',(2.29903601390678,5.27406604190061,14.4820061834033));
#4709=CARTESIAN_POINT('Ctrl Pts',(-0.484845978673612,5.73284356352287,14.5411489264299));
#4710=CARTESIAN_POINT('Ctrl Pts',(-3.15226566603935,4.81294566170998,14.6002916694565));
#4711=CARTESIAN_POINT('Ctrl Pts',(-5.06146217286291,2.73541023487319,14.6594344124831));
#4712=CARTESIAN_POINT('Ctrl Pts',(-5.753351700495,-1.87593130504978E-14,
14.7185771555097));
#4713=CARTESIAN_POINT('Ctrl Pts',(-5.06146217286288,-2.73541023487324,14.7777198985362));
#4714=CARTESIAN_POINT('Ctrl Pts',(-3.1522656660393,-4.81294566171002,14.8368626415628));
#4715=CARTESIAN_POINT('Ctrl Pts',(-0.484845978673532,-5.73284356352288,
14.8960053845894));
#4716=CARTESIAN_POINT('Ctrl Pts',(2.29903601390685,-5.27406604190057,14.955148127616));
#4717=CARTESIAN_POINT('Ctrl Pts',(4.51019703662182,-3.56199023781528,15.0137602457352));
#4718=CARTESIAN_POINT('Ctrl Pts',(5.27002511738642,-1.87276214629326,15.0526581161789));
#4719=CARTESIAN_POINT('Ctrl Pts',(5.43094369042632,-0.99999759744767,15.0718417389471));
#4720=CARTESIAN_POINT('Origin',(0.,0.,10.6135647979496));
#4721=CARTESIAN_POINT('',(5.430952497739,-1.00000001490127,15.9697121430479));
#4722=CARTESIAN_POINT('',(5.43095249773899,-1.0000000149013,15.8218417389471));
#4723=CARTESIAN_POINT('',(5.43095249773902,-1.00000001490116,10.6135647979496));
#4724=CARTESIAN_POINT('',(5.43095249773906,1.00000001490095,15.263182976173));
#4725=CARTESIAN_POINT('Ctrl Pts',(5.43094368174325,0.999997596545582,15.263182976173));
#4726=CARTESIAN_POINT('Ctrl Pts',(5.27002490117681,1.87276212385371,15.2823665989412));
#4727=CARTESIAN_POINT('Ctrl Pts',(4.51018898598187,3.56198940405183,15.3212644693849));
#4728=CARTESIAN_POINT('Ctrl Pts',(2.29903610246815,5.27406644760807,15.3798765875042));
#4729=CARTESIAN_POINT('Ctrl Pts',(-0.484847378388511,5.7328440702633,15.4390193305307));
#4730=CARTESIAN_POINT('Ctrl Pts',(-3.15226567316874,4.81294608941564,15.4981620735573));
#4731=CARTESIAN_POINT('Ctrl Pts',(-5.06146295747148,2.73541051653133,15.5573048165839));
#4732=CARTESIAN_POINT('Ctrl Pts',(-5.75335207739813,2.28214778695033E-14,
15.6164475596105));
#4733=CARTESIAN_POINT('Ctrl Pts',(-5.06146295747151,-2.7354105165313,15.675590302637));
#4734=CARTESIAN_POINT('Ctrl Pts',(-3.15226567316875,-4.81294608941563,15.7347330456636));
#4735=CARTESIAN_POINT('Ctrl Pts',(-0.484847378388517,-5.7328440702633,15.7938757886902));
#4736=CARTESIAN_POINT('Ctrl Pts',(2.29903610246814,-5.27406644760807,15.8530185317168));
#4737=CARTESIAN_POINT('Ctrl Pts',(4.51018898598178,-3.5619894040519,15.911630649836));
#4738=CARTESIAN_POINT('Ctrl Pts',(5.27002490117671,-1.87276212385391,15.9505285202797));
#4739=CARTESIAN_POINT('Ctrl Pts',(5.43094368174319,-0.999997596545895,15.9697121430479));
#4740=CARTESIAN_POINT('',(5.43095249773904,1.00000001490107,15.1153125720722));
#4741=CARTESIAN_POINT('',(5.43095249773902,1.00000001490116,10.6135647979496));
#4742=CARTESIAN_POINT('Ctrl Pts',(5.43094368570148,0.99999759695521,15.1153125720722));
#4743=CARTESIAN_POINT('Ctrl Pts',(5.27002499973817,1.87276213404341,15.1344961948404));
#4744=CARTESIAN_POINT('Ctrl Pts',(4.510192656043,3.5619897826582,15.1733940652841));
#4745=CARTESIAN_POINT('Ctrl Pts',(2.29903608331679,5.27406626276418,15.2320061834033));
#4746=CARTESIAN_POINT('Ctrl Pts',(-0.484846735661183,5.73284383692857,15.2911489264299));
#4747=CARTESIAN_POINT('Ctrl Pts',(-3.15226566325232,4.81294589202701,15.3502916694565));
#4748=CARTESIAN_POINT('Ctrl Pts',(-5.06146259726495,2.73541038673774,15.4094344124831));
#4749=CARTESIAN_POINT('Ctrl Pts',(-5.75335190072056,2.2114886631899E-14,
15.4685771555096));
#4750=CARTESIAN_POINT('Ctrl Pts',(-5.06146259726498,-2.73541038673768,15.5277198985362));
#4751=CARTESIAN_POINT('Ctrl Pts',(-3.15226566325238,-4.81294589202697,15.5868626415628));
#4752=CARTESIAN_POINT('Ctrl Pts',(-0.484846735661271,-5.73284383692856,
15.6460053845894));
#4753=CARTESIAN_POINT('Ctrl Pts',(2.29903608331671,-5.27406626276421,15.705148127616));
#4754=CARTESIAN_POINT('Ctrl Pts',(4.51019265604292,-3.56198978265829,15.7637602457352));
#4755=CARTESIAN_POINT('Ctrl Pts',(5.27002499973811,-1.87276213404356,15.8026581161789));
#4756=CARTESIAN_POINT('Ctrl Pts',(5.43094368570145,-0.999997596955408,15.8218417389471));
#4757=CARTESIAN_POINT('Origin',(0.,0.,10.6135647979496));
#4758=CARTESIAN_POINT('',(5.430952497739,-1.00000001490127,16.7197121430479));
#4759=CARTESIAN_POINT('',(5.43095249773899,-1.0000000149013,16.5718417389471));
#4760=CARTESIAN_POINT('',(5.43095249773902,-1.00000001490116,10.6135647979496));
#4761=CARTESIAN_POINT('',(5.43095249773906,1.00000001490095,16.013182976173));
#4762=CARTESIAN_POINT('Ctrl Pts',(5.43094367727651,0.999997596086756,16.013182976173));
#4763=CARTESIAN_POINT('Ctrl Pts',(5.27002478995247,1.87276211243709,16.0323665989412));
#4764=CARTESIAN_POINT('Ctrl Pts',(4.51018484420692,3.5619889798626,16.0712644693849));
#4765=CARTESIAN_POINT('Ctrl Pts',(2.29903608106814,5.27406665608362,16.1298765875041));
#4766=CARTESIAN_POINT('Ctrl Pts',(-0.484848113920587,5.73284433832974,16.1890193305307));
#4767=CARTESIAN_POINT('Ctrl Pts',(-3.15226569818633,4.81294631712189,16.2481620735573));
#4768=CARTESIAN_POINT('Ctrl Pts',(-5.06146336947842,2.73541066587525,16.3073048165839));
#4769=CARTESIAN_POINT('Ctrl Pts',(-5.75335228680818,-5.68499294687698E-14,
16.3664475596105));
#4770=CARTESIAN_POINT('Ctrl Pts',(-5.06146336947837,-2.73541066587535,16.425590302637));
#4771=CARTESIAN_POINT('Ctrl Pts',(-3.15226569818623,-4.81294631712195,16.4847330456636));
#4772=CARTESIAN_POINT('Ctrl Pts',(-0.484848113920473,-5.73284433832975,
16.5438757886902));
#4773=CARTESIAN_POINT('Ctrl Pts',(2.29903608106825,-5.27406665608357,16.6030185317168));
#4774=CARTESIAN_POINT('Ctrl Pts',(4.5101848442069,-3.56198897986259,16.661630649836));
#4775=CARTESIAN_POINT('Ctrl Pts',(5.27002478995241,-1.87276211243721,16.7005285202797));
#4776=CARTESIAN_POINT('Ctrl Pts',(5.43094367727647,-0.999997596086995,16.7197121430479));
#4777=CARTESIAN_POINT('',(5.43095249773904,1.00000001490107,15.8653125720722));
#4778=CARTESIAN_POINT('',(5.43095249773902,1.00000001490116,10.6135647979496));
#4779=CARTESIAN_POINT('Ctrl Pts',(5.4309436811184,0.999997596481262,15.8653125720722));
#4780=CARTESIAN_POINT('Ctrl Pts',(5.27002488561808,1.87276212225143,15.8844961948404));
#4781=CARTESIAN_POINT('Ctrl Pts',(4.51018840661851,3.56198934451645,15.9233940652841));
#4782=CARTESIAN_POINT('Ctrl Pts',(2.29903610222531,5.27406647677627,15.9820061834033));
#4783=CARTESIAN_POINT('Ctrl Pts',(-0.484847480607097,5.73284410745741,16.0411489264299));
#4784=CARTESIAN_POINT('Ctrl Pts',(-3.15226567577682,4.81294612095007,16.1002916694565));
#4785=CARTESIAN_POINT('Ctrl Pts',(-5.0614630147436,2.73541053723761,16.1594344124831));
#4786=CARTESIAN_POINT('Ctrl Pts',(-5.75335210604583,-1.70702751909705E-14,
16.2185771555096));
#4787=CARTESIAN_POINT('Ctrl Pts',(-5.06146301474359,-2.73541053723763,16.2777198985362));
#4788=CARTESIAN_POINT('Ctrl Pts',(-3.15226567577679,-4.81294612095009,16.3368626415628));
#4789=CARTESIAN_POINT('Ctrl Pts',(-0.484847480607065,-5.7328441074574,16.3960053845894));
#4790=CARTESIAN_POINT('Ctrl Pts',(2.29903610222534,-5.27406647677627,16.455148127616));
#4791=CARTESIAN_POINT('Ctrl Pts',(4.51018840661847,-3.56198934451647,16.5137602457352));
#4792=CARTESIAN_POINT('Ctrl Pts',(5.27002488561803,-1.87276212225153,16.5526581161789));
#4793=CARTESIAN_POINT('Ctrl Pts',(5.43094368111837,-0.999997596481423,16.5718417389471));
#4794=CARTESIAN_POINT('Origin',(0.,0.,10.6135647979496));
#4795=CARTESIAN_POINT('',(5.430952497739,-1.00000001490127,17.4697121430479));
#4796=CARTESIAN_POINT('',(5.43095249773899,-1.0000000149013,17.3218417389471));
#4797=CARTESIAN_POINT('',(5.43095249773902,-1.00000001490116,10.6135647979496));
#4798=CARTESIAN_POINT('',(5.43095249773906,1.00000001490095,16.763182976173));
#4799=CARTESIAN_POINT('Ctrl Pts',(5.43094367293849,0.999997595644519,16.763182976173));
#4800=CARTESIAN_POINT('Ctrl Pts',(5.27002468193108,1.87276210143519,16.7823665989412));
#4801=CARTESIAN_POINT('Ctrl Pts',(4.51018082150581,3.56198857109053,16.8212644693849));
#4802=CARTESIAN_POINT('Ctrl Pts',(2.29903601631596,5.27406685852782,16.8798765875041));
#4803=CARTESIAN_POINT('Ctrl Pts',(-0.484848839522935,5.73284460356369,16.9390193305307));
#4804=CARTESIAN_POINT('Ctrl Pts',(-3.15226573695145,4.81294654340079,16.9981620735573));
#4805=CARTESIAN_POINT('Ctrl Pts',(-5.0614637756592,2.73541081390027,17.0573048165839));
#4806=CARTESIAN_POINT('Ctrl Pts',(-5.75335250063673,-5.68299666822312E-14,
17.1164475596105));
#4807=CARTESIAN_POINT('Ctrl Pts',(-5.06146377565915,-2.73541081390036,17.175590302637));
#4808=CARTESIAN_POINT('Ctrl Pts',(-3.15226573695135,-4.81294654340085,17.2347330456636));
#4809=CARTESIAN_POINT('Ctrl Pts',(-0.484848839522823,-5.7328446035637,17.2938757886902));
#4810=CARTESIAN_POINT('Ctrl Pts',(2.29903601631607,-5.27406685852777,17.3530185317168));
#4811=CARTESIAN_POINT('Ctrl Pts',(4.51018082150573,-3.56198857109056,17.411630649836));
#4812=CARTESIAN_POINT('Ctrl Pts',(5.27002468193096,-1.87276210143543,17.4505285202797));
#4813=CARTESIAN_POINT('Ctrl Pts',(5.4309436729384,-0.999997595644953,17.4697121430479));
#4814=CARTESIAN_POINT('',(5.43095249773904,1.00000001490107,16.6153125720722));
#4815=CARTESIAN_POINT('',(5.43095249773902,1.00000001490116,10.6135647979496));
#4816=CARTESIAN_POINT('Ctrl Pts',(5.43094367666982,0.999997596024828,16.6153125720722));
#4817=CARTESIAN_POINT('Ctrl Pts',(5.27002477484589,1.87276211089341,16.6344961948404));
#4818=CARTESIAN_POINT('Ctrl Pts',(4.5101842816531,3.56198892250471,16.6733940652841));
#4819=CARTESIAN_POINT('Ctrl Pts',(2.29903607462599,5.27406668439443,16.7320061834033));
#4820=CARTESIAN_POINT('Ctrl Pts',(-0.484848214706837,5.73284437513096,16.7911489264299));
#4821=CARTESIAN_POINT('Ctrl Pts',(-3.15226570273947,4.81294634846016,16.8502916694565));
#4822=CARTESIAN_POINT('Ctrl Pts',(-5.0614634259135,2.73541068639805,16.9094344124831));
#4823=CARTESIAN_POINT('Ctrl Pts',(-5.75335231608584,2.6442387221488E-14,
16.9685771555097));
#4824=CARTESIAN_POINT('Ctrl Pts',(-5.06146342591352,-2.73541068639802,17.0277198985362));
#4825=CARTESIAN_POINT('Ctrl Pts',(-3.15226570273949,-4.81294634846015,17.0868626415628));
#4826=CARTESIAN_POINT('Ctrl Pts',(-0.484848214706847,-5.73284437513096,
17.1460053845894));
#4827=CARTESIAN_POINT('Ctrl Pts',(2.29903607462597,-5.27406668439444,17.205148127616));
#4828=CARTESIAN_POINT('Ctrl Pts',(4.51018428165303,-3.56198892250477,17.2637602457352));
#4829=CARTESIAN_POINT('Ctrl Pts',(5.27002477484582,-1.87276211089357,17.3026581161789));
#4830=CARTESIAN_POINT('Ctrl Pts',(5.43094367666978,-0.99999759602507,17.3218417389471));
#4831=CARTESIAN_POINT('Origin',(0.,0.,10.6135647979496));
#4832=CARTESIAN_POINT('',(5.430952497739,-1.00000001490127,18.2197121430479));
#4833=CARTESIAN_POINT('',(5.43095249773899,-1.00000001490131,18.0718417389471));
#4834=CARTESIAN_POINT('',(5.43095249773902,-1.00000001490116,10.6135647979496));
#4835=CARTESIAN_POINT('',(5.43095249773906,1.00000001490095,17.513182976173));
#4836=CARTESIAN_POINT('Ctrl Pts',(5.4309436687228,0.999997595218342,17.513182976173));
#4837=CARTESIAN_POINT('Ctrl Pts',(5.27002457695531,1.87276209082733,17.5323665989412));
#4838=CARTESIAN_POINT('Ctrl Pts',(4.51017691203835,3.56198817696152,17.5712644693849));
#4839=CARTESIAN_POINT('Ctrl Pts',(2.29903591157463,5.27406705532788,17.6298765875042));
#4840=CARTESIAN_POINT('Ctrl Pts',(-0.484849556142223,5.73284486599558,17.6890193305307));
#4841=CARTESIAN_POINT('Ctrl Pts',(-3.15226578872632,4.81294676823817,17.7481620735573));
#4842=CARTESIAN_POINT('Ctrl Pts',(-5.06146417652497,2.73541096062908,17.8073048165839));
#4843=CARTESIAN_POINT('Ctrl Pts',(-5.75335271857626,-1.32371567875732E-14,
17.8664475596105));
#4844=CARTESIAN_POINT('Ctrl Pts',(-5.06146417652495,-2.73541096062912,17.925590302637));
#4845=CARTESIAN_POINT('Ctrl Pts',(-3.15226578872627,-4.81294676823822,17.9847330456636));
#4846=CARTESIAN_POINT('Ctrl Pts',(-0.484849556142128,-5.73284486599559,
18.0438757886902));
#4847=CARTESIAN_POINT('Ctrl Pts',(2.29903591157473,-5.27406705532784,18.1030185317168));
#4848=CARTESIAN_POINT('Ctrl Pts',(4.51017691203833,-3.5619881769615,18.161630649836));
#4849=CARTESIAN_POINT('Ctrl Pts',(5.27002457695525,-1.87276209082743,18.2005285202797));
#4850=CARTESIAN_POINT('Ctrl Pts',(5.43094366872276,-0.999997595218548,18.2197121430479));
#4851=CARTESIAN_POINT('',(5.43095249773904,1.00000001490107,17.3653125720722));
#4852=CARTESIAN_POINT('',(5.43095249773902,1.00000001490116,10.6135647979496));
#4853=CARTESIAN_POINT('Ctrl Pts',(5.43094367234906,0.999997595584864,17.3653125720722));
#4854=CARTESIAN_POINT('Ctrl Pts',(5.27002466725426,1.87276209994712,17.3844961948404));
#4855=CARTESIAN_POINT('Ctrl Pts',(4.51018027492964,3.56198851579991,17.4233940652841));
#4856=CARTESIAN_POINT('Ctrl Pts',(2.29903600415737,5.27406688603679,17.4820061834033));
#4857=CARTESIAN_POINT('Ctrl Pts',(-0.484848939014743,5.73284463997601,17.5411489264299));
#4858=CARTESIAN_POINT('Ctrl Pts',(-3.15226574334393,4.81294657454075,17.6002916694565));
#4859=CARTESIAN_POINT('Ctrl Pts',(-5.0614638313309,2.73541083424269,17.6594344124831));
#4860=CARTESIAN_POINT('Ctrl Pts',(-5.75335253049968,-1.4606980314128E-14,
17.7185771555097));
#4861=CARTESIAN_POINT('Ctrl Pts',(-5.06146383133088,-2.73541083424271,17.7777198985362));
#4862=CARTESIAN_POINT('Ctrl Pts',(-3.1522657433439,-4.81294657454077,17.8368626415628));
#4863=CARTESIAN_POINT('Ctrl Pts',(-0.484848939014715,-5.73284463997601,
17.8960053845894));
#4864=CARTESIAN_POINT('Ctrl Pts',(2.2990360041574,-5.27406688603678,17.955148127616));
#4865=CARTESIAN_POINT('Ctrl Pts',(4.51018027492958,-3.56198851579995,18.0137602457352));
#4866=CARTESIAN_POINT('Ctrl Pts',(5.27002466725419,-1.87276209994727,18.0526581161789));
#4867=CARTESIAN_POINT('Ctrl Pts',(5.43094367234901,-0.999997595585109,18.0718417389471));
#4868=CARTESIAN_POINT('Origin',(0.,0.,10.6135647979496));
#4869=CARTESIAN_POINT('',(5.430952497739,-1.00000001490127,18.9697121430479));
#4870=CARTESIAN_POINT('',(5.43095249773899,-1.00000001490131,18.8218417389471));
#4871=CARTESIAN_POINT('',(5.43095249773902,-1.00000001490116,10.6135647979496));
#4872=CARTESIAN_POINT('',(5.43095249773906,1.00000001490095,18.263182976173));
#4873=CARTESIAN_POINT('Ctrl Pts',(5.43094366462368,0.999997594806827,18.263182976173));
#4874=CARTESIAN_POINT('Ctrl Pts',(5.27002447487889,1.87276208059371,18.2823665989412));
#4875=CARTESIAN_POINT('Ctrl Pts',(4.5101731103654,3.56198779675368,18.3212644693849));
#4876=CARTESIAN_POINT('Ctrl Pts',(2.29903576991765,5.27406724683871,18.3798765875041));
#4877=CARTESIAN_POINT('Ctrl Pts',(-0.48485026461533,5.73284512565923,18.4390193305307));
#4878=CARTESIAN_POINT('Ctrl Pts',(-3.15226585283394,4.8129469916222,18.4981620735573));
#4879=CARTESIAN_POINT('Ctrl Pts',(-5.06146457254007,2.73541110608332,18.5573048165839));
#4880=CARTESIAN_POINT('Ctrl Pts',(-5.7533529403533,2.86342220947632E-14,
18.6164475596105));
#4881=CARTESIAN_POINT('Ctrl Pts',(-5.0614645725401,-2.73541110608327,18.675590302637));
#4882=CARTESIAN_POINT('Ctrl Pts',(-3.15226585283399,-4.81294699162217,18.7347330456636));
#4883=CARTESIAN_POINT('Ctrl Pts',(-0.484850264615388,-5.73284512565923,
18.7938757886902));
#4884=CARTESIAN_POINT('Ctrl Pts',(2.2990357699176,-5.27406724683873,18.8530185317168));
#4885=CARTESIAN_POINT('Ctrl Pts',(4.51017311036525,-3.5619877967538,18.911630649836));
#4886=CARTESIAN_POINT('Ctrl Pts',(5.27002447487876,-1.87276208059401,18.9505285202797));
#4887=CARTESIAN_POINT('Ctrl Pts',(5.43094366462359,-0.999997594807267,18.9697121430479));
#4888=CARTESIAN_POINT('',(5.43095249773904,1.00000001490107,18.1153125720722));
#4889=CARTESIAN_POINT('',(5.43095249773902,1.00000001490116,10.6135647979496));
#4890=CARTESIAN_POINT('Ctrl Pts',(5.43094366814984,0.999997595160618,18.1153125720722));
#4891=CARTESIAN_POINT('Ctrl Pts',(5.27002456268745,1.87276208939204,18.1344961948404));
#4892=CARTESIAN_POINT('Ctrl Pts',(4.51017638066554,3.56198812363555,18.1733940652841));
#4893=CARTESIAN_POINT('Ctrl Pts',(2.29903589414046,5.27406708208594,18.2320061834033));
#4894=CARTESIAN_POINT('Ctrl Pts',(-0.484849654461529,5.73284490202348,18.2911489264299));
#4895=CARTESIAN_POINT('Ctrl Pts',(-3.15226579686126,4.81294679917799,18.3502916694565));
#4896=CARTESIAN_POINT('Ctrl Pts',(-5.0614642315001,2.73541098079411,18.4094344124831));
#4897=CARTESIAN_POINT('Ctrl Pts',(-5.75335274898479,-5.25506095837518E-14,
18.4685771555096));
#4898=CARTESIAN_POINT('Ctrl Pts',(-5.06146423150005,-2.73541098079421,18.5277198985362));
#4899=CARTESIAN_POINT('Ctrl Pts',(-3.15226579686117,-4.81294679917805,18.5868626415628));
#4900=CARTESIAN_POINT('Ctrl Pts',(-0.484849654461424,-5.73284490202348,
18.6460053845894));
#4901=CARTESIAN_POINT('Ctrl Pts',(2.29903589414056,-5.2740670820859,18.705148127616));
#4902=CARTESIAN_POINT('Ctrl Pts',(4.51017638066551,-3.56198812363554,18.7637602457352));
#4903=CARTESIAN_POINT('Ctrl Pts',(5.27002456268739,-1.87276208939216,18.8026581161789));
#4904=CARTESIAN_POINT('Ctrl Pts',(5.43094366814979,-0.999997595160865,18.8218417389471));
#4905=CARTESIAN_POINT('Origin',(0.,0.,10.6135647979496));
#4906=CARTESIAN_POINT('',(5.43095249773901,-1.00000001490123,19.7197121430479));
#4907=CARTESIAN_POINT('',(5.430952497739,-1.00000001490127,19.5718417389471));
#4908=CARTESIAN_POINT('',(5.43095249773902,-1.00000001490116,10.6135647979496));
#4909=CARTESIAN_POINT('',(5.43095249773906,1.00000001490095,19.013182976173));
#4910=CARTESIAN_POINT('Ctrl Pts',(5.4309436606355,0.999997594409901,19.013182976173));
#4911=CARTESIAN_POINT('Ctrl Pts',(5.27002437556506,1.87276207071662,19.0323665989412));
#4912=CARTESIAN_POINT('Ctrl Pts',(4.51016941141319,3.5619874297931,19.0712644693849));
#4913=CARTESIAN_POINT('Ctrl Pts',(2.29903559415846,5.27406743338599,19.1298765875041));
#4914=CARTESIAN_POINT('Ctrl Pts',(-0.484850965682861,5.73284538259117,19.1890193305307));
#4915=CARTESIAN_POINT('Ctrl Pts',(-3.15226592865117,4.8129472135433,19.2481620735573));
#4916=CARTESIAN_POINT('Ctrl Pts',(-5.06146496412717,2.73541125028357,19.3073048165839));
#4917=CARTESIAN_POINT('Ctrl Pts',(-5.7533531657242,-1.08732282918387E-14,
19.3664475596105));
#4918=CARTESIAN_POINT('Ctrl Pts',(-5.06146496412716,-2.73541125028359,19.425590302637));
#4919=CARTESIAN_POINT('Ctrl Pts',(-3.15226592865115,-4.81294721354331,19.4847330456636));
#4920=CARTESIAN_POINT('Ctrl Pts',(-0.48485096568284,-5.73284538259117,19.5438757886902));
#4921=CARTESIAN_POINT('Ctrl Pts',(2.29903559415848,-5.27406743338598,19.6030185317168));
#4922=CARTESIAN_POINT('Ctrl Pts',(4.51016941141309,-3.56198742979316,19.661630649836));
#4923=CARTESIAN_POINT('Ctrl Pts',(5.27002437556495,-1.87276207071684,19.7005285202797));
#4924=CARTESIAN_POINT('Ctrl Pts',(5.43094366063544,-0.999997594410266,19.7197121430479));
#4925=CARTESIAN_POINT('',(5.43095249773904,1.00000001490106,18.8653125720722));
#4926=CARTESIAN_POINT('',(5.43095249773902,1.00000001490116,10.6135647979496));
#4927=CARTESIAN_POINT('Ctrl Pts',(5.43094366406632,0.999997594751355,18.8653125720722));
#4928=CARTESIAN_POINT('Ctrl Pts',(5.27002446100047,1.87276207920879,18.8844961948404));
#4929=CARTESIAN_POINT('Ctrl Pts',(4.51017259347418,3.56198774529641,18.9233940652841));
#4930=CARTESIAN_POINT('Ctrl Pts',(2.29903574761162,5.27406727289241,18.9820061834033));
#4931=CARTESIAN_POINT('Ctrl Pts',(-0.484850361869635,5.73284516130762,19.0411489264299));
#4932=CARTESIAN_POINT('Ctrl Pts',(-3.15226586262205,4.81294702236053,19.1002916694565));
#4933=CARTESIAN_POINT('Ctrl Pts',(-5.06146462687931,2.73541112607402,19.1594344124831));
#4934=CARTESIAN_POINT('Ctrl Pts',(-5.75335297127208,7.17558144983224E-14,
19.2185771555097));
#4935=CARTESIAN_POINT('Ctrl Pts',(-5.06146462687938,-2.7354111260739,19.2777198985362));
#4936=CARTESIAN_POINT('Ctrl Pts',(-3.15226586262217,-4.81294702236045,19.3368626415628));
#4937=CARTESIAN_POINT('Ctrl Pts',(-0.484850361869775,-5.73284516130761,
19.3960053845894));
#4938=CARTESIAN_POINT('Ctrl Pts',(2.29903574761149,-5.27406727289246,19.455148127616));
#4939=CARTESIAN_POINT('Ctrl Pts',(4.51017259347407,-3.56198774529654,19.5137602457352));
#4940=CARTESIAN_POINT('Ctrl Pts',(5.2700244610004,-1.87276207920896,19.5526581161789));
#4941=CARTESIAN_POINT('Ctrl Pts',(5.43094366406628,-0.999997594751566,19.5718417389471));
#4942=CARTESIAN_POINT('Origin',(0.,0.,10.6135647979496));
#4943=CARTESIAN_POINT('',(5.43095249773901,-1.0000000149012,20.4697121430479));
#4944=CARTESIAN_POINT('',(5.43095249773901,-1.00000001490123,20.3218417389471));
#4945=CARTESIAN_POINT('',(5.43095249773902,-1.00000001490116,10.6135647979496));
#4946=CARTESIAN_POINT('',(5.43095249773905,1.00000001490098,19.763182976173));
#4947=CARTESIAN_POINT('Ctrl Pts',(5.43094365675318,0.999997594026767,19.763182976173));
#4948=CARTESIAN_POINT('Ctrl Pts',(5.27002427888625,1.872762061179,19.7823665989412));
#4949=CARTESIAN_POINT('Ctrl Pts',(4.51016581044246,3.56198707544951,19.8212644693849));
#4950=CARTESIAN_POINT('Ctrl Pts',(2.29903538687609,5.27406761526912,19.8798765875041));
#4951=CARTESIAN_POINT('Ctrl Pts',(-0.484851660000926,5.73284563682994,19.9390193305307));
#4952=CARTESIAN_POINT('Ctrl Pts',(-3.15226601560256,4.81294743399406,19.9981620735573));
#4953=CARTESIAN_POINT('Ctrl Pts',(-5.06146535167155,2.73541139324985,20.0573048165839));
#4954=CARTESIAN_POINT('Ctrl Pts',(-5.75335339447141,8.64517067283555E-14,
20.1164475596104));
#4955=CARTESIAN_POINT('Ctrl Pts',(-5.06146535167163,-2.7354113932497,20.175590302637));
#4956=CARTESIAN_POINT('Ctrl Pts',(-3.15226601560268,-4.81294743399399,20.2347330456636));
#4957=CARTESIAN_POINT('Ctrl Pts',(-0.48485166000107,-5.73284563682993,20.2938757886902));
#4958=CARTESIAN_POINT('Ctrl Pts',(2.29903538687596,-5.27406761526918,20.3530185317168));
#4959=CARTESIAN_POINT('Ctrl Pts',(4.51016581044234,-3.56198707544964,20.411630649836));
#4960=CARTESIAN_POINT('Ctrl Pts',(5.27002427888618,-1.87276206117919,20.4505285202797));
#4961=CARTESIAN_POINT('Ctrl Pts',(5.43094365675314,-0.99999759402698,20.4697121430479));
#4962=CARTESIAN_POINT('',(5.43095249773903,1.0000000149011,19.6153125720722));
#4963=CARTESIAN_POINT('',(5.43095249773902,1.00000001490116,10.6135647979496));
#4964=CARTESIAN_POINT('Ctrl Pts',(5.43094366009306,0.999997594356429,19.6153125720722));
#4965=CARTESIAN_POINT('Ctrl Pts',(5.27002436205795,1.87276206937965,19.6344961948404));
#4966=CARTESIAN_POINT('Ctrl Pts',(4.51016890832968,3.56198738011512,19.6733940652841));
#4967=CARTESIAN_POINT('Ctrl Pts',(2.29903556734992,5.27406745877829,19.7320061834033));
#4968=CARTESIAN_POINT('Ctrl Pts',(-0.484851061967782,5.73284541786523,19.7911489264299));
#4969=CARTESIAN_POINT('Ctrl Pts',(-3.1522659400104,4.8129472440789,19.8502916694565));
#4970=CARTESIAN_POINT('Ctrl Pts',(-5.06146501788595,2.73541127010259,19.9094344124831));
#4971=CARTESIAN_POINT('Ctrl Pts',(-5.75335319712171,-5.03900820510287E-14,
19.9685771555097));
#4972=CARTESIAN_POINT('Ctrl Pts',(-5.0614650178859,-2.73541127010268,20.0277198985362));
#4973=CARTESIAN_POINT('Ctrl Pts',(-3.15226594001032,-4.81294724407895,20.0868626415628));
#4974=CARTESIAN_POINT('Ctrl Pts',(-0.484851061967682,-5.73284541786524,
20.1460053845894));
#4975=CARTESIAN_POINT('Ctrl Pts',(2.29903556735001,-5.27406745877824,20.205148127616));
#4976=CARTESIAN_POINT('Ctrl Pts',(4.51016890832968,-3.56198738011509,20.2637602457352));
#4977=CARTESIAN_POINT('Ctrl Pts',(5.27002436205792,-1.8727620693797,20.3026581161789));
#4978=CARTESIAN_POINT('Ctrl Pts',(5.43094366009303,-0.999997594356566,20.3218417389471));
#4979=CARTESIAN_POINT('Origin',(0.,0.,10.6135647979496));
#4980=CARTESIAN_POINT('',(5.43095249773902,-1.00000001490116,21.2197121430479));
#4981=CARTESIAN_POINT('',(5.43095249773901,-1.00000001490119,21.0718417389471));
#4982=CARTESIAN_POINT('',(5.43095249773902,-1.00000001490116,10.6135647979496));
#4983=CARTESIAN_POINT('',(5.43095249773904,1.00000001490102,20.513182976173));
#4984=CARTESIAN_POINT('Ctrl Pts',(5.43094365297196,0.999997593656477,20.513182976173));
#4985=CARTESIAN_POINT('Ctrl Pts',(5.27002418472321,1.87276205196485,20.5323665989412));
#4986=CARTESIAN_POINT('Ctrl Pts',(4.51016230302004,3.56198673313286,20.5712644693849));
#4987=CARTESIAN_POINT('Ctrl Pts',(2.29903515043784,5.27406779276375,20.6298765875041));
#4988=CARTESIAN_POINT('Ctrl Pts',(-0.484852348151854,5.73284588841569,20.6890193305307));
#4989=CARTESIAN_POINT('Ctrl Pts',(-3.15226611315597,4.81294765296876,20.7481620735573));
#4990=CARTESIAN_POINT('Ctrl Pts',(-5.06146573552542,2.73541153500074,20.8073048165839));
#4991=CARTESIAN_POINT('Ctrl Pts',(-5.75335362640026,-9.10714553117426E-14,
20.8664475596105));
#4992=CARTESIAN_POINT('Ctrl Pts',(-5.06146573552533,-2.73541153500089,20.925590302637));
#4993=CARTESIAN_POINT('Ctrl Pts',(-3.15226611315582,-4.81294765296886,20.9847330456636));
#4994=CARTESIAN_POINT('Ctrl Pts',(-0.484852348151674,-5.7328458884157,21.0438757886902));
#4995=CARTESIAN_POINT('Ctrl Pts',(2.29903515043801,-5.27406779276368,21.1030185317168));
#4996=CARTESIAN_POINT('Ctrl Pts',(4.51016230302008,-3.56198673313276,21.161630649836));
#4997=CARTESIAN_POINT('Ctrl Pts',(5.2700241847232,-1.87276205196484,21.2005285202797));
#4998=CARTESIAN_POINT('Ctrl Pts',(5.43094365297195,-0.99999759365654,21.2197121430479));
#4999=CARTESIAN_POINT('',(5.43095249773902,1.00000001490114,20.3653125720722));
#5000=CARTESIAN_POINT('',(5.43095249773902,1.00000001490116,10.6135647979496));
#5001=CARTESIAN_POINT('Ctrl Pts',(5.43094365622499,0.99999759397505,20.3653125720722));
#5002=CARTESIAN_POINT('Ctrl Pts',(5.27002426573355,1.87276205988762,20.3844961948404));
#5003=CARTESIAN_POINT('Ctrl Pts',(4.51016532053681,3.56198702746693,20.4233940652841));
#5004=CARTESIAN_POINT('Ctrl Pts',(2.29903535590418,5.27406764003941,20.4820061834033));
#5005=CARTESIAN_POINT('Ctrl Pts',(-0.484851755401029,5.73284567173515,20.5411489264299));
#5006=CARTESIAN_POINT('Ctrl Pts',(-3.15226602845693,4.81294746432606,20.6002916694565));
#5007=CARTESIAN_POINT('Ctrl Pts',(-5.06146540490038,2.73541141289986,20.6594344124831));
#5008=CARTESIAN_POINT('Ctrl Pts',(-5.75335342631946,-8.04058679828538E-15,
20.7185771555096));
#5009=CARTESIAN_POINT('Ctrl Pts',(-5.06146540490037,-2.73541141289987,20.7777198985362));
#5010=CARTESIAN_POINT('Ctrl Pts',(-3.15226602845692,-4.81294746432607,20.8368626415628));
#5011=CARTESIAN_POINT('Ctrl Pts',(-0.484851755401013,-5.73284567173515,
20.8960053845894));
#5012=CARTESIAN_POINT('Ctrl Pts',(2.2990353559042,-5.27406764003941,20.9551481276159));
#5013=CARTESIAN_POINT('Ctrl Pts',(4.51016532053684,-3.56198702746691,21.0137602457352));
#5014=CARTESIAN_POINT('Ctrl Pts',(5.27002426573357,-1.87276205988755,21.0526581161789));
#5015=CARTESIAN_POINT('Ctrl Pts',(5.430943656225,-0.999997593974958,21.0718417389471));
#5016=CARTESIAN_POINT('Origin',(0.,0.,10.6135647979496));
#5017=CARTESIAN_POINT('',(5.43095249773903,-1.00000001490112,21.9697121430479));
#5018=CARTESIAN_POINT('',(5.43095249773902,-1.00000001490116,21.8218417389471));
#5019=CARTESIAN_POINT('',(5.43095249773902,-1.00000001490116,10.6135647979496));
#5020=CARTESIAN_POINT('',(5.43095249773904,1.00000001490106,21.263182976173));
#5021=CARTESIAN_POINT('Ctrl Pts',(5.43094364928733,0.999997593298588,21.263182976173));
#5022=CARTESIAN_POINT('Ctrl Pts',(5.27002409296414,1.87276204305927,21.2823665989412));
#5023=CARTESIAN_POINT('Ctrl Pts',(4.51015888499366,3.56198640228982,21.3212644693849));
#5024=CARTESIAN_POINT('Ctrl Pts',(2.29903488702012,5.27406796612383,21.3798765875041));
#5025=CARTESIAN_POINT('Ctrl Pts',(-0.484853030652048,5.73284613738966,21.4390193305307));
#5026=CARTESIAN_POINT('Ctrl Pts',(-3.15226622081676,4.81294787046388,21.4981620735573));
#5027=CARTESIAN_POINT('Ctrl Pts',(-5.0614661160105,2.73541167555507,21.5573048165839));
#5028=CARTESIAN_POINT('Ctrl Pts',(-5.75335386133625,8.06477391081008E-15,
21.6164475596105));
#5029=CARTESIAN_POINT('Ctrl Pts',(-5.06146611601052,-2.73541167555507,21.675590302637));
#5030=CARTESIAN_POINT('Ctrl Pts',(-3.15226622081675,-4.81294787046389,21.7347330456636));
#5031=CARTESIAN_POINT('Ctrl Pts',(-0.484853030652035,-5.73284613738966,
21.7938757886902));
#5032=CARTESIAN_POINT('Ctrl Pts',(2.29903488702014,-5.27406796612382,21.8530185317168));
#5033=CARTESIAN_POINT('Ctrl Pts',(4.51015888499365,-3.56198640228983,21.911630649836));
#5034=CARTESIAN_POINT('Ctrl Pts',(5.27002409296412,-1.87276204305931,21.9505285202797));
#5035=CARTESIAN_POINT('Ctrl Pts',(5.43094364928732,-0.999997593298654,21.9697121430479));
#5036=CARTESIAN_POINT('',(5.43095249773902,1.00000001490118,21.1153125720722));
#5037=CARTESIAN_POINT('',(5.43095249773902,1.00000001490116,10.6135647979496));
#5038=CARTESIAN_POINT('Ctrl Pts',(5.4309436524574,0.999997593606354,21.1153125720722));
#5039=CARTESIAN_POINT('Ctrl Pts',(5.27002417190908,1.87276205071678,21.1344961948404));
#5040=CARTESIAN_POINT('Ctrl Pts',(4.5101618257027,3.56198668676694,21.1733940652841));
#5041=CARTESIAN_POINT('Ctrl Pts',(2.29903511561439,5.27406781694825,21.2320061834033));
#5042=CARTESIAN_POINT('Ctrl Pts',(-0.484852442741895,5.73284592295771,21.2911489264299));
#5043=CARTESIAN_POINT('Ctrl Pts',(-3.15226612743476,4.8129476830967,21.3502916694565));
#5044=CARTESIAN_POINT('Ctrl Pts',(-5.06146578827034,2.73541155448458,21.4094344124831));
#5045=CARTESIAN_POINT('Ctrl Pts',(-5.75335365867362,3.34527165266857E-14,
21.4685771555096));
#5046=CARTESIAN_POINT('Ctrl Pts',(-5.06146578827037,-2.73541155448452,21.5277198985362));
#5047=CARTESIAN_POINT('Ctrl Pts',(-3.15226612743482,-4.81294768309667,21.5868626415628));
#5048=CARTESIAN_POINT('Ctrl Pts',(-0.484852442741963,-5.7328459229577,21.6460053845894));
#5049=CARTESIAN_POINT('Ctrl Pts',(2.29903511561433,-5.27406781694828,21.705148127616));
#5050=CARTESIAN_POINT('Ctrl Pts',(4.51016182570264,-3.56198668676701,21.7637602457352));
#5051=CARTESIAN_POINT('Ctrl Pts',(5.27002417190904,-1.87276205071689,21.8026581161789));
#5052=CARTESIAN_POINT('Ctrl Pts',(5.43094365245737,-0.999997593606496,21.8218417389471));
#5053=CARTESIAN_POINT('Origin',(0.,0.,10.6135647979496));
#5054=CARTESIAN_POINT('',(5.43095249773903,-1.00000001490108,22.7197121430479));
#5055=CARTESIAN_POINT('',(5.43095249773903,-1.00000001490112,22.5718417389471));
#5056=CARTESIAN_POINT('',(5.43095249773902,-1.00000001490116,10.6135647979496));
#5057=CARTESIAN_POINT('',(5.43095249773903,1.00000001490109,22.013182976173));
#5058=CARTESIAN_POINT('Ctrl Pts',(5.43094364569509,0.999997592952462,22.013182976173));
#5059=CARTESIAN_POINT('Ctrl Pts',(5.27002400350425,1.87276203444825,22.0323665989412));
#5060=CARTESIAN_POINT('Ctrl Pts',(4.51015555246908,3.56198608240125,22.0712644693849));
#5061=CARTESIAN_POINT('Ctrl Pts',(2.29903459862569,5.27406813558385,22.1298765875042));
#5062=CARTESIAN_POINT('Ctrl Pts',(-0.484853707960964,5.73284638379389,22.1890193305307));
#5063=CARTESIAN_POINT('Ctrl Pts',(-3.15226633812543,4.81294808647716,22.2481620735573));
#5064=CARTESIAN_POINT('Ctrl Pts',(-5.06146649342197,2.73541181493021,22.3073048165839));
#5065=CARTESIAN_POINT('Ctrl Pts',(-5.75335409912255,1.58318629987748E-13,
22.3664475596105));
#5066=CARTESIAN_POINT('Ctrl Pts',(-5.06146649342212,-2.73541181492993,22.425590302637));
#5067=CARTESIAN_POINT('Ctrl Pts',(-3.1522663381257,-4.81294808647698,22.4847330456636));
#5068=CARTESIAN_POINT('Ctrl Pts',(-0.484853707961278,-5.73284638379387,
22.5438757886902));
#5069=CARTESIAN_POINT('Ctrl Pts',(2.2990345986254,-5.27406813558398,22.6030185317168));
#5070=CARTESIAN_POINT('Ctrl Pts',(4.51015555246897,-3.56198608240144,22.661630649836));
#5071=CARTESIAN_POINT('Ctrl Pts',(5.27002400350423,-1.87276203444834,22.7005285202797));
#5072=CARTESIAN_POINT('Ctrl Pts',(5.43094364569509,-0.999997592952452,22.7197121430479));
#5073=CARTESIAN_POINT('',(5.43095249773901,1.00000001490121,21.8653125720722));
#5074=CARTESIAN_POINT('',(5.43095249773902,1.00000001490116,10.6135647979496));
#5075=CARTESIAN_POINT('Ctrl Pts',(5.43094364878578,0.999997593250056,21.8653125720722));
#5076=CARTESIAN_POINT('Ctrl Pts',(5.27002408047368,1.87276204185263,21.8844961948404));
#5077=CARTESIAN_POINT('Ctrl Pts',(4.51015841971182,3.56198635746705,21.9233940652841));
#5078=CARTESIAN_POINT('Ctrl Pts',(2.29903484863148,5.27406798975612,21.9820061834033));
#5079=CARTESIAN_POINT('Ctrl Pts',(-0.484853124498971,5.73284617157425,22.0411489264299));
#5080=CARTESIAN_POINT('Ctrl Pts',(-3.15226623645472,4.81294790038724,22.1002916694565));
#5081=CARTESIAN_POINT('Ctrl Pts',(-5.06146616831392,2.73541169487502,22.1594344124831));
#5082=CARTESIAN_POINT('Ctrl Pts',(-5.75335389401224,1.31654981251452E-13,
22.2185771555097));
#5083=CARTESIAN_POINT('Ctrl Pts',(-5.06146616831405,-2.73541169487479,22.2777198985362));
#5084=CARTESIAN_POINT('Ctrl Pts',(-3.15226623645492,-4.81294790038711,22.3368626415628));
#5085=CARTESIAN_POINT('Ctrl Pts',(-0.484853124499179,-5.73284617157423,
22.3960053845894));
#5086=CARTESIAN_POINT('Ctrl Pts',(2.29903484863129,-5.2740679897562,22.455148127616));
#5087=CARTESIAN_POINT('Ctrl Pts',(4.51015841971175,-3.56198635746716,22.5137602457352));
#5088=CARTESIAN_POINT('Ctrl Pts',(5.27002408047367,-1.8727620418527,22.5526581161789));
#5089=CARTESIAN_POINT('Ctrl Pts',(5.43094364878579,-0.999997593250046,22.5718417389471));
#5090=CARTESIAN_POINT('Origin',(0.,0.,10.6135647979496));
#5091=CARTESIAN_POINT('',(5.430952497739,-1.00000001490126,12.2197121430479));
#5092=CARTESIAN_POINT('',(5.43095249773899,-1.00000001490129,12.0718417389471));
#5093=CARTESIAN_POINT('',(5.43095249773902,-1.00000001490116,10.6135647979496));
#5094=CARTESIAN_POINT('',(-2.41168030323015,-4.96780063785895,12.));
#5095=CARTESIAN_POINT('Ctrl Pts',(-2.41211285429497,-4.96774432302096,12.));
#5096=CARTESIAN_POINT('Ctrl Pts',(-1.78993873425863,-5.26886671986817,12.0149461313617));
#5097=CARTESIAN_POINT('Ctrl Pts',(-0.21975193146608,-5.69555208328842,12.049499554244));
#5098=CARTESIAN_POINT('Ctrl Pts',(2.6360656567336,-5.20895836504838,12.110196032487));
#5099=CARTESIAN_POINT('Ctrl Pts',(4.72737127202434,-3.28375363532561,12.1684872821412));
#5100=CARTESIAN_POINT('Ctrl Pts',(5.32596509237109,-1.57070224801873,12.2071712402749));
#5101=CARTESIAN_POINT('Ctrl Pts',(5.43095693609323,-1.00000684417361,12.2197121430479));
#5102=CARTESIAN_POINT('',(3.91047057936536,-3.89916207798778,12.));
#5103=CARTESIAN_POINT('Origin',(0.,0.,12.));
#5104=CARTESIAN_POINT('Ctrl Pts',(3.91047057936535,-3.89916207798779,12.));
#5105=CARTESIAN_POINT('Ctrl Pts',(4.69272040369701,-3.11464354231787,12.0239472463157));
#5106=CARTESIAN_POINT('Ctrl Pts',(5.23020840666757,-2.08950195552418,12.0478944926314));
#5107=CARTESIAN_POINT('Ctrl Pts',(5.43095123890287,-0.999999451052848,12.0718417389471));
#5108=CARTESIAN_POINT('Origin',(0.,0.,10.6135647979496));
#5109=CARTESIAN_POINT('',(5.43095249773903,-1.00000001490112,23.4697121430479));
#5110=CARTESIAN_POINT('',(5.43095249773902,-1.00000001490116,23.3218417389471));
#5111=CARTESIAN_POINT('',(5.43095249773902,-1.00000001490116,10.6135647979496));
#5112=CARTESIAN_POINT('',(5.43095249773902,1.00000001490113,22.763182976173));
#5113=CARTESIAN_POINT('Ctrl Pts',(5.43094367713686,0.999997604132967,22.763182976173));
#5114=CARTESIAN_POINT('Ctrl Pts',(5.27034784193035,1.87101015074363,22.7823280859598));
#5115=CARTESIAN_POINT('Ctrl Pts',(4.51288037228968,3.55706005780158,22.8211489304407));
#5116=CARTESIAN_POINT('Ctrl Pts',(2.30887016665573,5.26876205812927,22.8796455096157));
#5117=CARTESIAN_POINT('Ctrl Pts',(-0.468130381891609,5.73331141944112,22.938672713698));
#5118=CARTESIAN_POINT('Ctrl Pts',(-3.13310590538878,4.82434318757854,22.9976999177803));
#5119=CARTESIAN_POINT('Ctrl Pts',(-5.04735979597368,2.75943331787498,23.0567271218627));
#5120=CARTESIAN_POINT('Ctrl Pts',(-5.7523349040495,0.0334077552908782,23.115754325945));
#5121=CARTESIAN_POINT('Ctrl Pts',(-5.07907008429925,-2.70062219212285,23.1747815300274));
#5122=CARTESIAN_POINT('Ctrl Pts',(-3.18892920954399,-4.78762679230898,23.2338087341097));
#5123=CARTESIAN_POINT('Ctrl Pts',(-0.534691103236278,-5.72748734707148,
23.292835938192));
#5124=CARTESIAN_POINT('Ctrl Pts',(2.24751785123351,-5.29522412934921,23.3518631422744));
#5125=CARTESIAN_POINT('Ctrl Pts',(4.48882958393285,-3.59591688644556,23.4108218772263));
#5126=CARTESIAN_POINT('Ctrl Pts',(5.26666165506996,-1.89208769939113,23.4501048774842));
#5127=CARTESIAN_POINT('Ctrl Pts',(5.43095234401467,-0.999999970895271,23.4697121430479));
#5128=CARTESIAN_POINT('',(5.430952497739,1.00000001490125,22.6153125720722));
#5129=CARTESIAN_POINT('',(5.43095249773902,1.00000001490116,10.6135647979496));
#5130=CARTESIAN_POINT('Ctrl Pts',(5.43094364520594,0.999997592905754,22.6153125720722));
#5131=CARTESIAN_POINT('Ctrl Pts',(5.27002399132338,1.87276203328148,22.6344961948404));
#5132=CARTESIAN_POINT('Ctrl Pts',(4.51015509870377,3.56198603905267,22.6733940652841));
#5133=CARTESIAN_POINT('Ctrl Pts',(2.29903455693551,5.27406815869501,22.7320061834033));
#5134=CARTESIAN_POINT('Ctrl Pts',(-0.484853801124302,5.73284641762685,22.7911489264299));
#5135=CARTESIAN_POINT('Ctrl Pts',(-3.15226635506174,4.81294811619565,22.8502916694565));
#5136=CARTESIAN_POINT('Ctrl Pts',(-5.06146654532274,2.73541183408849,22.9094344124831));
#5137=CARTESIAN_POINT('Ctrl Pts',(-5.7533541321808,9.37639613616676E-14,
22.9685771555097));
#5138=CARTESIAN_POINT('Ctrl Pts',(-5.06146654532284,-2.73541183408833,23.0277198985362));
#5139=CARTESIAN_POINT('Ctrl Pts',(-3.15226635506187,-4.81294811619556,23.0868626415628));
#5140=CARTESIAN_POINT('Ctrl Pts',(-0.484853801124434,-5.73284641762685,
23.1460053845894));
#5141=CARTESIAN_POINT('Ctrl Pts',(2.29903455693539,-5.27406815869506,23.205148127616));
#5142=CARTESIAN_POINT('Ctrl Pts',(4.51015509870374,-3.56198603905271,23.2637602457352));
#5143=CARTESIAN_POINT('Ctrl Pts',(5.2700239913234,-1.87276203328147,23.3026581161789));
#5144=CARTESIAN_POINT('Ctrl Pts',(5.43094364520595,-0.99999759290567,23.3218417389471));
#5145=CARTESIAN_POINT('Origin',(0.,0.,10.6135647979496));
#5146=CARTESIAN_POINT('',(5.43095249773901,1.00000001490121,23.3653125720722));
#5147=CARTESIAN_POINT('',(5.43095249773902,1.00000001490116,23.5));
#5148=CARTESIAN_POINT('',(5.43095249773902,1.00000001490116,10.6135647979496));
#5149=CARTESIAN_POINT('',(-0.688579998361254,5.47915163582437,23.546));
#5150=CARTESIAN_POINT('Ctrl Pts',(5.43092245680457,0.999988541571063,23.3653125720722));
#5151=CARTESIAN_POINT('Ctrl Pts',(5.13277176946822,2.61157470823982,23.4007444706126));
#5152=CARTESIAN_POINT('Ctrl Pts',(3.33450078520041,5.09916921668031,23.4609736132552));
#5153=CARTESIAN_POINT('Ctrl Pts',(0.44930374627857,5.61267930969272,23.5212027558978));
#5154=CARTESIAN_POINT('Ctrl Pts',(-0.691222420999486,5.47674361373017,23.546));
#5155=CARTESIAN_POINT('',(4.95551586753674,2.43682324945647,23.546));
#5156=CARTESIAN_POINT('Origin',(0.,0.,23.546));
#5157=CARTESIAN_POINT('',(5.42845325414735,1.01347931899818,23.513479304097));
#5158=CARTESIAN_POINT('Ctrl Pts',(5.42845325414735,1.01347931899818,23.513479304097));
#5159=CARTESIAN_POINT('Ctrl Pts',(5.33641421597118,1.50646383967878,23.5243195360647));
#5160=CARTESIAN_POINT('Ctrl Pts',(5.176815763727,1.98678849732596,23.5351597680324));
#5161=CARTESIAN_POINT('Ctrl Pts',(4.9555158675367,2.43682324945655,23.546));
#5162=CARTESIAN_POINT('Origin',(0.,0.,22.4999999850988));
#5163=CARTESIAN_POINT('Ctrl Pts',(3.99918346393771,-3.98761841804536,11.9276708910937));
#5164=CARTESIAN_POINT('Ctrl Pts',(4.80460652102592,-3.17985944170875,11.9517805940625));
#5165=CARTESIAN_POINT('Ctrl Pts',(5.35630733705135,-2.12266850967338,11.9758902970312));
#5166=CARTESIAN_POINT('Ctrl Pts',(5.5582883153328,-1.00000001490114,12.));
#5167=CARTESIAN_POINT('Ctrl Pts',(3.96961250241359,-3.9581329713595,11.9517805940625));
#5168=CARTESIAN_POINT('Ctrl Pts',(4.76908006022387,-3.15634676667125,11.9758902970312));
#5169=CARTESIAN_POINT('Ctrl Pts',(5.31670146260133,-2.10697296847252,12.));
#5170=CARTESIAN_POINT('Ctrl Pts',(5.51718894307473,-0.992605764992015,12.0241097029688));
#5171=CARTESIAN_POINT('Ctrl Pts',(3.94004154088947,-3.92864752467365,11.9758902970312));
#5172=CARTESIAN_POINT('Ctrl Pts',(4.73355359942182,-3.13283409163376,12.));
#5173=CARTESIAN_POINT('Ctrl Pts',(5.27709558815131,-2.09127742727166,12.0241097029688));
#5174=CARTESIAN_POINT('Ctrl Pts',(5.47608957081667,-0.985211515082895,12.0482194059375));
#5175=CARTESIAN_POINT('Ctrl Pts',(3.91047057936535,-3.89916207798779,12.));
#5176=CARTESIAN_POINT('Ctrl Pts',(4.69802713861977,-3.10932141659626,12.0241097029688));
#5177=CARTESIAN_POINT('Ctrl Pts',(5.23748971370129,-2.0755818860708,12.0482194059375));
#5178=CARTESIAN_POINT('Ctrl Pts',(5.4349901985586,-0.977817265173775,12.0723291089063));
#5179=CARTESIAN_POINT('',(5.55828831533279,-1.00000001490116,12.));
#5180=CARTESIAN_POINT('Ctrl Pts',(5.43095249773903,-1.00000001490112,12.0718417389471));
#5181=CARTESIAN_POINT('Ctrl Pts',(5.47338644553525,-1.00000001490112,12.0479136229985));
#5182=CARTESIAN_POINT('Ctrl Pts',(5.51584235609849,-1.00000001490115,12.0239600965296));
#5183=CARTESIAN_POINT('Ctrl Pts',(5.55828831533279,-1.00000001490116,12.));
#5184=CARTESIAN_POINT('Ctrl Pts',(5.5582883153328,-1.00000001490114,12.));
#5185=CARTESIAN_POINT('Ctrl Pts',(5.5427675587366,-1.07121062511341,12.));
#5186=CARTESIAN_POINT('Ctrl Pts',(5.52581953761715,-1.14214424712482,12.));
#5187=CARTESIAN_POINT('Ctrl Pts',(5.50746062211958,-1.21276425433218,12.));
#5188=CARTESIAN_POINT('Ctrl Pts',(5.4973967916098,-1.25147611523859,12.));
#5189=CARTESIAN_POINT('Ctrl Pts',(5.48690896758543,-1.29009371866137,12.));
#5190=CARTESIAN_POINT('Ctrl Pts',(5.47599962516051,-1.32861088231668,12.));
#5191=CARTESIAN_POINT('Ctrl Pts',(5.46922685336257,-1.35252322731241,12.));
#5192=CARTESIAN_POINT('Ctrl Pts',(5.46229161633444,-1.37639685851854,12.));
#5193=CARTESIAN_POINT('Ctrl Pts',(5.455194477027,-1.40023027421265,12.));
#5194=CARTESIAN_POINT('Ctrl Pts',(5.4487295059507,-1.42194076014747,12.));
#5195=CARTESIAN_POINT('Ctrl Pts',(5.44213254376581,-1.44360991265187,12.));
#5196=CARTESIAN_POINT('Ctrl Pts',(5.4354055858379,-1.46523268046506,12.));
#5197=CARTESIAN_POINT('Ctrl Pts',(5.38749789181381,-1.61922456735518,12.));
#5198=CARTESIAN_POINT('Ctrl Pts',(5.33298080854141,-1.77093309888677,12.));
#5199=CARTESIAN_POINT('Ctrl Pts',(5.27211008214445,-1.91998909505776,12.));
#5200=CARTESIAN_POINT('Ctrl Pts',(5.21101852773249,-2.0695858394949,12.));
#5201=CARTESIAN_POINT('Ctrl Pts',(5.14352676774134,-2.21651142684163,12.));
#5202=CARTESIAN_POINT('Ctrl Pts',(5.0698460268636,-2.36037020023871,12.));
#5203=CARTESIAN_POINT('Ctrl Pts',(5.03307679480333,-2.43216069202707,12.));
#5204=CARTESIAN_POINT('Ctrl Pts',(4.99476558689045,-2.50318702743324,12.));
#5205=CARTESIAN_POINT('Ctrl Pts',(4.95493471639469,-2.57339717074048,12.));
#5206=CARTESIAN_POINT('Ctrl Pts',(4.93358193608918,-2.61103586019411,12.));
#5207=CARTESIAN_POINT('Ctrl Pts',(4.91179237966514,-2.64843994957136,12.));
#5208=CARTESIAN_POINT('Ctrl Pts',(4.88956919971755,-2.68560115464947,12.));
#5209=CARTESIAN_POINT('Ctrl Pts',(4.87559078572918,-2.7089756091656,12.));
#5210=CARTESIAN_POINT('Ctrl Pts',(4.86144080777072,-2.73225396439589,12.));
#5211=CARTESIAN_POINT('Ctrl Pts',(4.84712001191584,-2.75543411776191,12.));
#5212=CARTESIAN_POINT('Ctrl Pts',(4.83419156602327,-2.77636056358313,12.));
#5213=CARTESIAN_POINT('Ctrl Pts',(4.82112834743734,-2.79719975101376,12.));
#5214=CARTESIAN_POINT('Ctrl Pts',(4.8079330962299,-2.81794733808135,12.));
#5215=CARTESIAN_POINT('Ctrl Pts',(4.72182878553705,-2.95333367176387,12.));
#5216=CARTESIAN_POINT('Ctrl Pts',(4.63008022047948,-3.08486358093729,12.));
#5217=CARTESIAN_POINT('Ctrl Pts',(4.53290389381284,-3.21215627139703,12.));
#5218=CARTESIAN_POINT('Ctrl Pts',(4.43710649021889,-3.33764269037192,12.));
#5219=CARTESIAN_POINT('Ctrl Pts',(4.33603379892172,-3.45901181060135,12.));
#5220=CARTESIAN_POINT('Ctrl Pts',(4.22985541961597,-3.57586623795658,12.));
#5221=CARTESIAN_POINT('Ctrl Pts',(4.1280477159013,-3.68791052602836,12.));
#5222=CARTESIAN_POINT('Ctrl Pts',(4.02154549908592,-3.79580441068993,12.));
#5223=CARTESIAN_POINT('Ctrl Pts',(3.91047057936535,-3.89916207798779,12.));
#5224=CARTESIAN_POINT('Ctrl Pts',(5.86232661556822,1.04078943711034,11.8652797498736));
#5225=CARTESIAN_POINT('Ctrl Pts',(5.69063326684291,2.00786543928709,11.8849709411257));
#5226=CARTESIAN_POINT('Ctrl Pts',(4.85947945231021,3.85445712307844,11.9243533236297));
#5227=CARTESIAN_POINT('Ctrl Pts',(2.44555556093639,5.70013168260699,11.9834268973858));
#5228=CARTESIAN_POINT('Ctrl Pts',(-0.554925807364188,6.17765436696443,12.0425004711419));
#5229=CARTESIAN_POINT('Ctrl Pts',(-3.42241240902769,5.17293058994485,12.1015740448979));
#5230=CARTESIAN_POINT('Ctrl Pts',(-5.46857774231806,2.92683308311551,12.160647618654));
#5231=CARTESIAN_POINT('Ctrl Pts',(-6.20253634655261,-0.0215652312035239,
12.2197211924101));
#5232=CARTESIAN_POINT('Ctrl Pts',(-5.44809351185288,-2.964788610728,12.2787947661661));
#5233=CARTESIAN_POINT('Ctrl Pts',(-3.38635918984709,-5.1966036045856,12.3378683399222));
#5234=CARTESIAN_POINT('Ctrl Pts',(-0.511955469408166,-6.18136374327677,
12.3969419136783));
#5235=CARTESIAN_POINT('Ctrl Pts',(2.48513285707239,-5.68298846412573,12.4560154874344));
#5236=CARTESIAN_POINT('Ctrl Pts',(4.88616431014807,-3.8205730715837,12.5150890611904));
#5237=CARTESIAN_POINT('Ctrl Pts',(5.70445757499136,-1.9682465229504,12.5544714436945));
#5238=CARTESIAN_POINT('Ctrl Pts',(5.86942211552362,-1.00000001490111,12.5741626349465));
#5239=CARTESIAN_POINT('Ctrl Pts',(5.72062582527197,1.01563207290296,11.9483700761145));
#5240=CARTESIAN_POINT('Ctrl Pts',(5.55308254951229,1.95933246966375,11.9680612673665));
#5241=CARTESIAN_POINT('Ctrl Pts',(4.74201890738046,3.76128940037724,12.0074436498706));
#5242=CARTESIAN_POINT('Ctrl Pts',(2.38644299720139,5.56235137502858,12.0665172236267));
#5243=CARTESIAN_POINT('Ctrl Pts',(-0.541512459624335,6.02833165545749,12.1255907973827));
#5244=CARTESIAN_POINT('Ctrl Pts',(-3.33968782288966,5.04789348423391,12.1846643711388));
#5245=CARTESIAN_POINT('Ctrl Pts',(-5.33639442352701,2.8560873556698,12.2437379448949));
#5246=CARTESIAN_POINT('Ctrl Pts',(-6.05261220213294,-0.021043968826864,
12.3028115186509));
#5247=CARTESIAN_POINT('Ctrl Pts',(-5.31640532610982,-2.89312544407916,12.361885092407));
#5248=CARTESIAN_POINT('Ctrl Pts',(-3.3045060614059,-5.07099428836795,12.4209586661631));
#5249=CARTESIAN_POINT('Ctrl Pts',(-0.49958077598541,-6.03195137085712,12.4800322399192));
#5250=CARTESIAN_POINT('Ctrl Pts',(2.42506365367742,-5.54562253257347,12.5391058136752));
#5251=CARTESIAN_POINT('Ctrl Pts',(4.76805875416855,-3.72822437470449,12.5981793874313));
#5252=CARTESIAN_POINT('Ctrl Pts',(5.56657270442802,-1.92067119900661,12.6375617699354));
#5253=CARTESIAN_POINT('Ctrl Pts',(5.72754981687973,-0.975828589168618,12.6572529611874));
#5254=CARTESIAN_POINT('Ctrl Pts',(5.57892503497572,0.990474708695586,12.0314604023554));
#5255=CARTESIAN_POINT('Ctrl Pts',(5.41553183218167,1.91079950004042,12.0511515936074));
#5256=CARTESIAN_POINT('Ctrl Pts',(4.62455836245072,3.66812167767603,12.0905339761115));
#5257=CARTESIAN_POINT('Ctrl Pts',(2.3273304334664,5.42457106745018,12.1496075498675));
#5258=CARTESIAN_POINT('Ctrl Pts',(-0.528099111884483,5.87900894395055,12.2086811236236));
#5259=CARTESIAN_POINT('Ctrl Pts',(-3.25696323675162,4.92285637852297,12.2677546973797));
#5260=CARTESIAN_POINT('Ctrl Pts',(-5.20421110473596,2.78534162822408,12.3268282711357));
#5261=CARTESIAN_POINT('Ctrl Pts',(-5.90268805771327,-0.0205227064502034,
12.3859018448918));
#5262=CARTESIAN_POINT('Ctrl Pts',(-5.18471714036676,-2.82146227743031,12.4449754186479));
#5263=CARTESIAN_POINT('Ctrl Pts',(-3.2226529329647,-4.9453849721503,12.504048992404));
#5264=CARTESIAN_POINT('Ctrl Pts',(-0.487206082562662,-5.88253899843747,
12.56312256616));
#5265=CARTESIAN_POINT('Ctrl Pts',(2.36499445028247,-5.40825660102122,12.6221961399161));
#5266=CARTESIAN_POINT('Ctrl Pts',(4.64995319818902,-3.63587567782528,12.6812697136722));
#5267=CARTESIAN_POINT('Ctrl Pts',(5.42868783386468,-1.87309587506282,12.7206520961762));
#5268=CARTESIAN_POINT('Ctrl Pts',(5.58567751823583,-0.951657163436126,12.7403432874282));
#5269=CARTESIAN_POINT('Ctrl Pts',(5.43722424467947,0.965317344488209,12.1145507285963));
#5270=CARTESIAN_POINT('Ctrl Pts',(5.27798111485105,1.86226653041709,12.1342419198483));
#5271=CARTESIAN_POINT('Ctrl Pts',(4.50709781752098,3.57495395497483,12.1736243023523));
#5272=CARTESIAN_POINT('Ctrl Pts',(2.2682178697314,5.28679075987177,12.2326978761084));
#5273=CARTESIAN_POINT('Ctrl Pts',(-0.514685764144629,5.72968623244362,12.2917714498645));
#5274=CARTESIAN_POINT('Ctrl Pts',(-3.17423865061359,4.79781927281203,12.3508450236205));
#5275=CARTESIAN_POINT('Ctrl Pts',(-5.07202778594491,2.71459590077837,12.4099185973766));
#5276=CARTESIAN_POINT('Ctrl Pts',(-5.7527639132936,-0.0200014440735449,
12.4689921711327));
#5277=CARTESIAN_POINT('Ctrl Pts',(-5.05302895462369,-2.74979911078147,12.5280657448888));
#5278=CARTESIAN_POINT('Ctrl Pts',(-3.1407998045235,-4.81977565593264,12.5871393186448));
#5279=CARTESIAN_POINT('Ctrl Pts',(-0.474831389139908,-5.73312662601783,
12.6462128924009));
#5280=CARTESIAN_POINT('Ctrl Pts',(2.3049252468875,-5.27089066946896,12.705286466157));
#5281=CARTESIAN_POINT('Ctrl Pts',(4.53184764220949,-3.54352698094607,12.7643600399131));
#5282=CARTESIAN_POINT('Ctrl Pts',(5.29080296330133,-1.82552055111902,12.8037424224171));
#5283=CARTESIAN_POINT('Ctrl Pts',(5.44380521959193,-0.927485737703635,12.8234336136691));
#5284=CARTESIAN_POINT('',(5.86942211552358,-1.00000001490138,12.5741626349465));
#5285=CARTESIAN_POINT('Ctrl Pts',(5.43095249773903,-1.00000001490113,12.8218417389471));
#5286=CARTESIAN_POINT('Ctrl Pts',(5.50406309933347,-1.00000001490113,12.7806153378491));
#5287=CARTESIAN_POINT('Ctrl Pts',(5.57723889681871,-1.00000001490117,12.7393135060013));
#5288=CARTESIAN_POINT('Ctrl Pts',(5.72334127240693,-1.00000001490117,12.6567817320552));
#5289=CARTESIAN_POINT('Ctrl Pts',(5.79642679981293,-1.00000001490115,12.6154620503126));
#5290=CARTESIAN_POINT('Ctrl Pts',(5.86942211552362,-1.00000001490115,12.5741626349465));
#5291=CARTESIAN_POINT('',(5.63257705535501,1.00000001490116,12.));
#5292=CARTESIAN_POINT('Ctrl Pts',(5.63257705535501,1.00000001490116,12.));
#5293=CARTESIAN_POINT('Ctrl Pts',(5.56539091208678,1.00000001490117,12.038437749698));
#5294=CARTESIAN_POINT('Ctrl Pts',(5.4981398806379,1.00000001490121,12.0769002426556));
#5295=CARTESIAN_POINT('Ctrl Pts',(5.43095249773901,1.00000001490121,12.1153125720722));
#5296=CARTESIAN_POINT('',(1.56778864002238,5.74387976721456,12.));
#5297=CARTESIAN_POINT('Ctrl Pts',(1.56785440443833,5.74373065935749,12.));
#5298=CARTESIAN_POINT('Ctrl Pts',(1.72869542730124,5.69393487220569,12.));
#5299=CARTESIAN_POINT('Ctrl Pts',(1.88707065527034,5.63745716948281,12.));
#5300=CARTESIAN_POINT('Ctrl Pts',(2.04254822357066,5.57440832799576,12.));
#5301=CARTESIAN_POINT('Ctrl Pts',(2.14174250509194,5.53418333219458,12.));
#5302=CARTESIAN_POINT('Ctrl Pts',(2.23975717066117,5.49128257169012,12.));
#5303=CARTESIAN_POINT('Ctrl Pts',(2.33647677525189,5.44572422238652,12.));
#5304=CARTESIAN_POINT('Ctrl Pts',(2.48810731980934,5.37430088124203,12.));
#5305=CARTESIAN_POINT('Ctrl Pts',(2.63655643629142,5.29634786847865,12.));
#5306=CARTESIAN_POINT('Ctrl Pts',(2.78147534865285,5.21217240438101,12.));
#5307=CARTESIAN_POINT('Ctrl Pts',(2.92642791918709,5.12797739009305,12.));
#5308=CARTESIAN_POINT('Ctrl Pts',(3.06784922267514,5.0375565355405,12.));
#5309=CARTESIAN_POINT('Ctrl Pts',(3.20535790297649,4.94117663783013,12.));
#5310=CARTESIAN_POINT('Ctrl Pts',(3.27030231289447,4.89565707083961,12.));
#5311=CARTESIAN_POINT('Ctrl Pts',(3.33437344906768,4.84880773440155,12.));
#5312=CARTESIAN_POINT('Ctrl Pts',(3.39752806040366,4.80065406866804,12.));
#5313=CARTESIAN_POINT('Ctrl Pts',(3.43193583108303,4.77441908355958,12.));
#5314=CARTESIAN_POINT('Ctrl Pts',(3.46607151600929,4.74779691098183,12.));
#5315=CARTESIAN_POINT('Ctrl Pts',(3.4999278433602,4.7207914770995,12.));
#5316=CARTESIAN_POINT('Ctrl Pts',(3.52215663865421,4.70306072162287,12.));
#5317=CARTESIAN_POINT('Ctrl Pts',(3.54426500599871,4.68516474938558,12.));
#5318=CARTESIAN_POINT('Ctrl Pts',(3.56625083869899,4.66710464273832,12.));
#5319=CARTESIAN_POINT('Ctrl Pts',(3.58198145926808,4.65418283581938,12.));
#5320=CARTESIAN_POINT('Ctrl Pts',(3.59764843913053,4.64117769700135,12.));
#5321=CARTESIAN_POINT('Ctrl Pts',(3.61324149427664,4.62809779926026,12.));
#5322=CARTESIAN_POINT('Ctrl Pts',(3.74090233442105,4.52101225899988,12.));
#5323=CARTESIAN_POINT('Ctrl Pts',(3.86378525156815,4.40877666152809,12.));
#5324=CARTESIAN_POINT('Ctrl Pts',(3.98156564860918,4.29170631735227,12.));
#5325=CARTESIAN_POINT('Ctrl Pts',(4.09893357859983,4.17504595362109,12.));
#5326=CARTESIAN_POINT('Ctrl Pts',(4.21123518941736,4.05358411709083,12.));
#5327=CARTESIAN_POINT('Ctrl Pts',(4.31811490842191,3.92759470335642,12.));
#5328=CARTESIAN_POINT('Ctrl Pts',(4.402992272166,3.82754158385874,12.));
#5329=CARTESIAN_POINT('Ctrl Pts',(4.48444971602728,3.72463229120489,12.));
#5330=CARTESIAN_POINT('Ctrl Pts',(4.56229030040563,3.6189900491163,12.));
#5331=CARTESIAN_POINT('Ctrl Pts',(4.66069888519674,3.48543370930818,12.));
#5332=CARTESIAN_POINT('Ctrl Pts',(4.7533282870903,3.34750946344717,12.));
#5333=CARTESIAN_POINT('Ctrl Pts',(4.8399763352235,3.20562829742116,12.));
#5334=CARTESIAN_POINT('Ctrl Pts',(4.89126044510267,3.12165353439965,12.));
#5335=CARTESIAN_POINT('Ctrl Pts',(4.94044834058209,3.03629225325949,12.));
#5336=CARTESIAN_POINT('Ctrl Pts',(4.9874897708048,2.94962741827127,12.));
#5337=CARTESIAN_POINT('Ctrl Pts',(5.00135201522406,2.92408888512138,12.));
#5338=CARTESIAN_POINT('Ctrl Pts',(5.01503029387251,2.898432262308,12.));
#5339=CARTESIAN_POINT('Ctrl Pts',(5.02850857282122,2.87268812512066,12.));
#5340=CARTESIAN_POINT('Ctrl Pts',(5.10518128369504,2.72623969540853,12.));
#5341=CARTESIAN_POINT('Ctrl Pts',(5.1754682928183,2.57681489504004,12.));
#5342=CARTESIAN_POINT('Ctrl Pts',(5.23924850207755,2.42485595480028,12.));
#5343=CARTESIAN_POINT('Ctrl Pts',(5.30292325642565,2.27314826517147,12.));
#5344=CARTESIAN_POINT('Ctrl Pts',(5.36011294043149,2.11891407785085,12.));
#5345=CARTESIAN_POINT('Ctrl Pts',(5.41064975243625,1.96257074006882,12.));
#5346=CARTESIAN_POINT('Ctrl Pts',(5.46131210921323,1.80583901038098,12.));
#5347=CARTESIAN_POINT('Ctrl Pts',(5.50528877549716,1.6469869287709,12.));
#5348=CARTESIAN_POINT('Ctrl Pts',(5.54235926166973,1.48642291701401,12.));
#5349=CARTESIAN_POINT('Ctrl Pts',(5.5794297478423,1.32585890525712,12.));
#5350=CARTESIAN_POINT('Ctrl Pts',(5.6095943243522,1.16358225213397,12.));
#5351=CARTESIAN_POINT('Ctrl Pts',(5.632577055355,1.00000001490118,12.));
#5352=CARTESIAN_POINT('Ctrl Pts',(5.86942211552362,-1.00000001490111,12.5741626349465));
#5353=CARTESIAN_POINT('Ctrl Pts',(5.70445757499136,-1.9682465229504,12.5544714436945));
#5354=CARTESIAN_POINT('Ctrl Pts',(5.29531094256971,-2.89440979726705,12.5347802524425));
#5355=CARTESIAN_POINT('Ctrl Pts',(4.69056571751294,-3.66789399984905,12.5150890611904));
#5356=CARTESIAN_POINT('Ctrl Pts',(4.08582049245617,-4.44137820243104,12.4953978699384));
#5357=CARTESIAN_POINT('Ctrl Pts',(3.28547667476428,-5.06218333327838,12.4757066786864));
#5358=CARTESIAN_POINT('Ctrl Pts',(2.38579004483825,-5.45564844522723,12.4560154874344));
#5359=CARTESIAN_POINT('Ctrl Pts',(1.48610341491221,-5.84911355717607,12.4363242961823));
#5360=CARTESIAN_POINT('Ctrl Pts',(0.487073972752021,-6.01523865022642,12.4166331049303));
#5361=CARTESIAN_POINT('Ctrl Pts',(-0.491508035067894,-5.93417450696973,
12.3969419136783));
#5362=CARTESIAN_POINT('Ctrl Pts',(-1.47009004288781,-5.85311036371304,12.3772507224263));
#5363=CARTESIAN_POINT('Ctrl Pts',(-2.42822461636745,-5.52485698414932,12.3575595311742));
#5364=CARTESIAN_POINT('Ctrl Pts',(-3.25091429010824,-4.98876112872452,12.3378683399222));
#5365=CARTESIAN_POINT('Ctrl Pts',(-4.07360396384902,-4.45266527329973,12.3181771486702));
#5366=CARTESIAN_POINT('Ctrl Pts',(-4.76084873785095,-3.70872694201386,12.2984859574182));
#5367=CARTESIAN_POINT('Ctrl Pts',(-5.23021159730186,-2.84622054645019,12.2787947661661));
#5368=CARTESIAN_POINT('Ctrl Pts',(-5.69957445675278,-1.98371415088651,12.2591035749141));
#5369=CARTESIAN_POINT('Ctrl Pts',(-5.95105540165269,-1.00263969104502,12.2394123836621));
#5370=CARTESIAN_POINT('Ctrl Pts',(-5.95446944006356,-0.0207027420710976,
12.2197211924101));
#5371=CARTESIAN_POINT('Ctrl Pts',(-5.95788347847442,0.961234206902822,12.200030001158));
#5372=CARTESIAN_POINT('Ctrl Pts',(-5.71323061039624,1.94403364500917,12.180338809906));
#5373=CARTESIAN_POINT('Ctrl Pts',(-5.24987662080875,2.8097829485339,12.160647618654));
#5374=CARTESIAN_POINT('Ctrl Pts',(-4.78652263122127,3.67553225205862,12.140956427402));
#5375=CARTESIAN_POINT('Ctrl Pts',(-4.10446752012448,4.42423142100173,12.12126523615));
#5376=CARTESIAN_POINT('Ctrl Pts',(-3.28552553096551,4.96603496830988,12.1015740448979));
#5377=CARTESIAN_POINT('Ctrl Pts',(-2.46658354180653,5.50783851561804,12.0818828536459));
#5378=CARTESIAN_POINT('Ctrl Pts',(-1.51075467458536,5.84274644129123,12.0621916623939));
#5379=CARTESIAN_POINT('Ctrl Pts',(-0.532760012924675,5.93061329006826,12.0425004711419));
#5380=CARTESIAN_POINT('Ctrl Pts',(0.170858056069017,5.99382907732017,12.0283336474279));
#5381=CARTESIAN_POINT('Ctrl Pts',(0.885949318088805,5.92917442129342,12.014166823714));
#5382=CARTESIAN_POINT('Ctrl Pts',(1.5678544044385,5.74373065935744,12.));
#5383=CARTESIAN_POINT('Ctrl Pts',(5.86942211552364,1.00000001490104,12.6144497186276));
#5384=CARTESIAN_POINT('Ctrl Pts',(5.70426441794666,1.96938024316352,12.6341639663031));
#5385=CARTESIAN_POINT('Ctrl Pts',(4.88441405126902,3.82376938835049,12.6735924616541));
#5386=CARTESIAN_POINT('Ctrl Pts',(2.47878284956414,5.68641159831626,12.7327352046807));
#5387=CARTESIAN_POINT('Ctrl Pts',(-0.522751359364171,6.18105795098023,12.7918779477073));
#5388=CARTESIAN_POINT('Ctrl Pts',(-3.39872155475568,5.18923911500805,12.8510206907339));
#5389=CARTESIAN_POINT('Ctrl Pts',(-5.4571851298129,2.94927442709359,12.9101634337605));
#5390=CARTESIAN_POINT('Ctrl Pts',(-6.2031696758168,5.94216387706133E-14,
12.969306176787));
#5391=CARTESIAN_POINT('Ctrl Pts',(-5.45718512981296,-2.94927442709347,13.0284489198136));
#5392=CARTESIAN_POINT('Ctrl Pts',(-3.3987215547558,-5.18923911500798,13.0875916628402));
#5393=CARTESIAN_POINT('Ctrl Pts',(-0.522751359364322,-6.18105795098021,
13.1467344058668));
#5394=CARTESIAN_POINT('Ctrl Pts',(2.47878284956401,-5.68641159831632,13.2058771488933));
#5395=CARTESIAN_POINT('Ctrl Pts',(4.88441405126894,-3.8237693883506,13.2650198919199));
#5396=CARTESIAN_POINT('Ctrl Pts',(5.70426441794662,-1.96938024316364,13.304448387271));
#5397=CARTESIAN_POINT('Ctrl Pts',(5.86942211552361,-1.00000001490117,13.3241626349465));
#5398=CARTESIAN_POINT('Ctrl Pts',(5.72754981687973,0.975828589168572,12.6975400448684));
#5399=CARTESIAN_POINT('Ctrl Pts',(5.5663842162644,1.92177751558622,12.717254292544));
#5400=CARTESIAN_POINT('Ctrl Pts',(4.76635080154136,3.7313434319391,12.756682787895));
#5401=CARTESIAN_POINT('Ctrl Pts',(2.41886713490175,5.54896292473139,12.8158255309216));
#5402=CARTESIAN_POINT('Ctrl Pts',(-0.510115713893046,6.03165296999625,12.8749682739482));
#5403=CARTESIAN_POINT('Ctrl Pts',(-3.31656961033369,5.06380780900062,12.9341110169747));
#5404=CARTESIAN_POINT('Ctrl Pts',(-5.32527718670482,2.87798626037665,12.9932537600013));
#5405=CARTESIAN_POINT('Ctrl Pts',(-6.05323022292608,4.81266165249595E-14,
13.0523965030279));
#5406=CARTESIAN_POINT('Ctrl Pts',(-5.32527718670486,-2.87798626037657,13.1115392460545));
#5407=CARTESIAN_POINT('Ctrl Pts',(-3.31656961033378,-5.06380780900055,13.1706819890811));
#5408=CARTESIAN_POINT('Ctrl Pts',(-0.510115713893167,-6.03165296999624,
13.2298247321076));
#5409=CARTESIAN_POINT('Ctrl Pts',(2.41886713490165,-5.54896292473143,13.2889674751342));
#5410=CARTESIAN_POINT('Ctrl Pts',(4.76635080154129,-3.73134343193919,13.3481102181608));
#5411=CARTESIAN_POINT('Ctrl Pts',(5.56638421626437,-1.92177751558632,13.3875387135118));
#5412=CARTESIAN_POINT('Ctrl Pts',(5.72754981687972,-0.975828589168681,13.4072529611874));
#5413=CARTESIAN_POINT('Ctrl Pts',(5.58567751823583,0.951657163436105,12.7806303711093));
#5414=CARTESIAN_POINT('Ctrl Pts',(5.42850401458214,1.87417478800893,12.8003446187848));
#5415=CARTESIAN_POINT('Ctrl Pts',(4.64828755181369,3.63891747552772,12.8397731141359));
#5416=CARTESIAN_POINT('Ctrl Pts',(2.35895142023937,5.41151425114652,12.8989158571625));
#5417=CARTESIAN_POINT('Ctrl Pts',(-0.497480068421918,5.88224798901228,12.9580586001891));
#5418=CARTESIAN_POINT('Ctrl Pts',(-3.2344176659117,4.93837650299318,13.0172013432156));
#5419=CARTESIAN_POINT('Ctrl Pts',(-5.19336924359673,2.80669809365972,13.0763440862422));
#5420=CARTESIAN_POINT('Ctrl Pts',(-5.90329077003537,3.2289030984858E-14,
13.1354868292688));
#5421=CARTESIAN_POINT('Ctrl Pts',(-5.19336924359676,-2.80669809365966,13.1946295722954));
#5422=CARTESIAN_POINT('Ctrl Pts',(-3.23441766591177,-4.93837650299313,13.2537723153219));
#5423=CARTESIAN_POINT('Ctrl Pts',(-0.497480068422013,-5.88224798901227,
13.3129150583485));
#5424=CARTESIAN_POINT('Ctrl Pts',(2.35895142023929,-5.41151425114655,13.3720578013751));
#5425=CARTESIAN_POINT('Ctrl Pts',(4.64828755181365,-3.63891747552778,13.4312005444017));
#5426=CARTESIAN_POINT('Ctrl Pts',(5.42850401458211,-1.874174788009,13.4706290397527));
#5427=CARTESIAN_POINT('Ctrl Pts',(5.58567751823582,-0.951657163436187,13.4903432874282));
#5428=CARTESIAN_POINT('Ctrl Pts',(5.44380521959193,0.927485737703639,12.8637206973502));
#5429=CARTESIAN_POINT('Ctrl Pts',(5.29062381289988,1.82657206043163,12.8834349450257));
#5430=CARTESIAN_POINT('Ctrl Pts',(4.53022430208603,3.54649151911634,12.9228634403768));
#5431=CARTESIAN_POINT('Ctrl Pts',(2.29903570557698,5.27406557756164,12.9820061834033));
#5432=CARTESIAN_POINT('Ctrl Pts',(-0.484844422950792,5.73284300802831,13.0411489264299));
#5433=CARTESIAN_POINT('Ctrl Pts',(-3.15226572148971,4.81294519698574,13.1002916694565));
#5434=CARTESIAN_POINT('Ctrl Pts',(-5.06146130048865,2.73540992694279,13.1594344124831));
#5435=CARTESIAN_POINT('Ctrl Pts',(-5.75335131714466,1.86613411015149E-14,
13.2185771555096));
#5436=CARTESIAN_POINT('Ctrl Pts',(-5.06146130048866,-2.73540992694275,13.2777198985362));
#5437=CARTESIAN_POINT('Ctrl Pts',(-3.15226572148975,-4.81294519698571,13.3368626415628));
#5438=CARTESIAN_POINT('Ctrl Pts',(-0.484844422950857,-5.7328430080283,13.3960053845894));
#5439=CARTESIAN_POINT('Ctrl Pts',(2.29903570557693,-5.27406557756167,13.455148127616));
#5440=CARTESIAN_POINT('Ctrl Pts',(4.530224302086,-3.54649151911638,13.5142908706425));
#5441=CARTESIAN_POINT('Ctrl Pts',(5.29062381289986,-1.82657206043168,13.5537193659936));
#5442=CARTESIAN_POINT('Ctrl Pts',(5.44380521959192,-0.927485737703694,13.5734336136691));
#5443=CARTESIAN_POINT('',(5.86942211552358,-1.00000001490138,13.3241626349465));
#5444=CARTESIAN_POINT('Ctrl Pts',(5.43095249773903,-1.00000001490111,13.5718417389471));
#5445=CARTESIAN_POINT('Ctrl Pts',(5.50406309933484,-1.00000001490111,13.5306153378483));
#5446=CARTESIAN_POINT('Ctrl Pts',(5.57723889682175,-1.00000001490115,13.4893135059996));
#5447=CARTESIAN_POINT('Ctrl Pts',(5.72334127241143,-1.00000001490115,13.4067817320527));
#5448=CARTESIAN_POINT('Ctrl Pts',(5.79642679982293,-1.00000001490117,13.3654620503069));
#5449=CARTESIAN_POINT('Ctrl Pts',(5.86942211552361,-1.00000001490117,13.3241626349465));
#5450=CARTESIAN_POINT('',(5.86942211552365,1.00000001490098,12.6144497186276));
#5451=CARTESIAN_POINT('Ctrl Pts',(5.86942211552361,1.00000001490116,12.6144497186276));
#5452=CARTESIAN_POINT('Ctrl Pts',(5.79641910772526,1.00000001490116,12.6562451116374));
#5453=CARTESIAN_POINT('Ctrl Pts',(5.72333291759692,1.00000001490116,12.69807517446));
#5454=CARTESIAN_POINT('Ctrl Pts',(5.57723030504013,1.00000001490116,12.7816664076317));
#5455=CARTESIAN_POINT('Ctrl Pts',(5.50405372819514,1.00000001490119,12.8235191813508));
#5456=CARTESIAN_POINT('Ctrl Pts',(5.43095249773901,1.00000001490119,12.8653125720722));
#5457=CARTESIAN_POINT('Ctrl Pts',(5.8694221155236,-1.00000001490124,13.3241626349465));
#5458=CARTESIAN_POINT('Ctrl Pts',(5.7042644179466,-1.96938024316368,13.304448387271));
#5459=CARTESIAN_POINT('Ctrl Pts',(5.29433923460776,-2.89657481575713,13.2847341395954));
#5460=CARTESIAN_POINT('Ctrl Pts',(4.68843810932087,-3.67061247038147,13.2650198919199));
#5461=CARTESIAN_POINT('Ctrl Pts',(4.08253698403396,-4.44465012500583,13.2453056442444));
#5462=CARTESIAN_POINT('Ctrl Pts',(3.28065991679898,-5.06553086166107,13.2255913965689));
#5463=CARTESIAN_POINT('Ctrl Pts',(2.37946568169344,-5.45841228876601,13.2058771488933));
#5464=CARTESIAN_POINT('Ctrl Pts',(1.47827144658789,-5.85129371587095,13.1861629012178));
#5465=CARTESIAN_POINT('Ctrl Pts',(0.477760043611783,-6.01617583342558,13.1664486535423));
#5466=CARTESIAN_POINT('Ctrl Pts',(-0.501824023774854,-5.93331375287419,
13.1467344058668));
#5467=CARTESIAN_POINT('Ctrl Pts',(-1.48140809116148,-5.85045167232279,13.1270201581912));
#5468=CARTESIAN_POINT('Ctrl Pts',(-2.44006482295864,-5.51984539366538,13.1073059105157));
#5469=CARTESIAN_POINT('Ctrl Pts',(-3.26247045136674,-4.98121480635093,13.0875916628402));
#5470=CARTESIAN_POINT('Ctrl Pts',(-4.08487607977485,-4.44258421903647,13.0678774151647));
#5471=CARTESIAN_POINT('Ctrl Pts',(-4.7710306047939,-3.69592932306497,13.0481631674891));
#5472=CARTESIAN_POINT('Ctrl Pts',(-5.23843862497073,-2.8310561372303,13.0284489198136));
#5473=CARTESIAN_POINT('Ctrl Pts',(-5.70584664514757,-1.96618295139563,13.0087346721381));
#5474=CARTESIAN_POINT('Ctrl Pts',(-5.95450816048218,-0.983091475697784,
12.9890204244626));
#5475=CARTESIAN_POINT('Ctrl Pts',(-5.95450816048217,5.82867087928204E-14,
12.969306176787));
#5476=CARTESIAN_POINT('Ctrl Pts',(-5.95450816048216,0.983091475697897,12.9495919291115));
#5477=CARTESIAN_POINT('Ctrl Pts',(-5.70584664514753,1.96618295139574,12.929877681436));
#5478=CARTESIAN_POINT('Ctrl Pts',(-5.23843862497068,2.8310561372304,12.9101634337605));
#5479=CARTESIAN_POINT('Ctrl Pts',(-4.77103060479382,3.69592932306508,12.8904491860849));
#5480=CARTESIAN_POINT('Ctrl Pts',(-4.08487607977474,4.44258421903657,12.8707349384094));
#5481=CARTESIAN_POINT('Ctrl Pts',(-3.26247045136661,4.98121480635101,12.8510206907339));
#5482=CARTESIAN_POINT('Ctrl Pts',(-2.44006482295849,5.51984539366545,12.8313064430584));
#5483=CARTESIAN_POINT('Ctrl Pts',(-1.48140809116133,5.85045167232284,12.8115921953828));
#5484=CARTESIAN_POINT('Ctrl Pts',(-0.501824023774696,5.9333137528742,12.7918779477073));
#5485=CARTESIAN_POINT('Ctrl Pts',(0.477760043611937,6.01617583342557,12.7721637000318));
#5486=CARTESIAN_POINT('Ctrl Pts',(1.47827144658804,5.85129371587091,12.7524494523562));
#5487=CARTESIAN_POINT('Ctrl Pts',(2.37946568169357,5.45841228876595,12.7327352046807));
#5488=CARTESIAN_POINT('Ctrl Pts',(3.2806599167991,5.065530861661,12.7130209570052));
#5489=CARTESIAN_POINT('Ctrl Pts',(4.08253698403407,4.44465012500574,12.6933067093297));
#5490=CARTESIAN_POINT('Ctrl Pts',(4.68843810932096,3.67061247038136,12.6735924616541));
#5491=CARTESIAN_POINT('Ctrl Pts',(5.29433923460784,2.89657481575699,12.6538782139786));
#5492=CARTESIAN_POINT('Ctrl Pts',(5.70426441794666,1.96938024316351,12.6341639663031));
#5493=CARTESIAN_POINT('Ctrl Pts',(5.86942211552363,1.00000001490104,12.6144497186276));
#5494=CARTESIAN_POINT('Ctrl Pts',(5.86942211552362,1.00000001490112,13.3644497186276));
#5495=CARTESIAN_POINT('Ctrl Pts',(5.70426441794663,1.9693802431636,13.3841639663031));
#5496=CARTESIAN_POINT('Ctrl Pts',(4.88440897405962,3.82376885064317,13.4235924616541));
#5497=CARTESIAN_POINT('Ctrl Pts',(2.47878304798055,5.68641185289904,13.4827352046807));
#5498=CARTESIAN_POINT('Ctrl Pts',(-0.522752206099209,6.18105825200576,13.5418779477073));
#5499=CARTESIAN_POINT('Ctrl Pts',(-3.39872151551901,5.18923936626311,13.6010206907339));
#5500=CARTESIAN_POINT('Ctrl Pts',(-5.45718560461015,2.94927459386146,13.6601634337605));
#5501=CARTESIAN_POINT('Ctrl Pts',(-6.2031698792272,1.87707909457667E-14,
13.719306176787));
#5502=CARTESIAN_POINT('Ctrl Pts',(-5.45718560461016,-2.94927459386143,13.7784489198136));
#5503=CARTESIAN_POINT('Ctrl Pts',(-3.39872151551902,-5.1892393662631,13.8375916628402));
#5504=CARTESIAN_POINT('Ctrl Pts',(-0.522752206099211,-6.18105825200577,
13.8967344058668));
#5505=CARTESIAN_POINT('Ctrl Pts',(2.47878304798056,-5.68641185289903,13.9558771488933));
#5506=CARTESIAN_POINT('Ctrl Pts',(4.88440897405962,-3.82376885064317,14.0150198919199));
#5507=CARTESIAN_POINT('Ctrl Pts',(5.70426441794663,-1.96938024316361,14.054448387271));
#5508=CARTESIAN_POINT('Ctrl Pts',(5.86942211552362,-1.00000001490113,14.0741626349465));
#5509=CARTESIAN_POINT('Ctrl Pts',(5.72754981687972,0.975828589168651,13.4475400448684));
#5510=CARTESIAN_POINT('Ctrl Pts',(5.56638421626437,1.9217775155863,13.467254292544));
#5511=CARTESIAN_POINT('Ctrl Pts',(4.76634584705534,3.73134290722894,13.506682787895));
#5512=CARTESIAN_POINT('Ctrl Pts',(2.41886732852216,5.54896317316054,13.5658255309216));
#5513=CARTESIAN_POINT('Ctrl Pts',(-0.510116540161292,6.03165326374558,13.6249682739482));
#5514=CARTESIAN_POINT('Ctrl Pts',(-3.31656957204542,5.06380805418247,13.6841110169748));
#5515=CARTESIAN_POINT('Ctrl Pts',(-5.32527765002554,2.87798642311351,13.7432537600013));
#5516=CARTESIAN_POINT('Ctrl Pts',(-6.05323042141977,4.99741836867815E-15,
13.8023965030279));
#5517=CARTESIAN_POINT('Ctrl Pts',(-5.32527765002554,-2.87798642311351,13.8615392460545));
#5518=CARTESIAN_POINT('Ctrl Pts',(-3.31656957204541,-5.06380805418248,13.9206819890811));
#5519=CARTESIAN_POINT('Ctrl Pts',(-0.510116540161267,-6.03165326374558,
13.9798247321076));
#5520=CARTESIAN_POINT('Ctrl Pts',(2.41886732852219,-5.54896317316052,14.0389674751342));
#5521=CARTESIAN_POINT('Ctrl Pts',(4.76634584705536,-3.73134290722892,14.0981102181608));
#5522=CARTESIAN_POINT('Ctrl Pts',(5.56638421626438,-1.92177751558628,14.1375387135118));
#5523=CARTESIAN_POINT('Ctrl Pts',(5.72754981687972,-0.975828589168641,14.1572529611874));
#5524=CARTESIAN_POINT('Ctrl Pts',(5.58567751823582,0.951657163436183,13.5306303711093));
#5525=CARTESIAN_POINT('Ctrl Pts',(5.42850401458212,1.87417478800901,13.5503446187848));
#5526=CARTESIAN_POINT('Ctrl Pts',(4.64828272005106,3.6389169638147,13.5897731141359));
#5527=CARTESIAN_POINT('Ctrl Pts',(2.35895160906377,5.41151449342204,13.6489158571625));
#5528=CARTESIAN_POINT('Ctrl Pts',(-0.497480874223372,5.88224827548538,13.708058600189));
#5529=CARTESIAN_POINT('Ctrl Pts',(-3.23441762857184,4.93837674210184,13.7672013432156));
#5530=CARTESIAN_POINT('Ctrl Pts',(-5.19336969544093,2.80669825236556,13.8263440862422));
#5531=CARTESIAN_POINT('Ctrl Pts',(-5.90329096361233,-7.19140692078075E-15,
13.8854868292688));
#5532=CARTESIAN_POINT('Ctrl Pts',(-5.19336969544092,-2.80669825236558,13.9446295722954));
#5533=CARTESIAN_POINT('Ctrl Pts',(-3.23441762857181,-4.93837674210187,14.0037723153219));
#5534=CARTESIAN_POINT('Ctrl Pts',(-0.497480874223321,-5.88224827548539,
14.0629150583485));
#5535=CARTESIAN_POINT('Ctrl Pts',(2.35895160906382,-5.41151449342202,14.1220578013751));
#5536=CARTESIAN_POINT('Ctrl Pts',(4.64828272005109,-3.63891696381466,14.1812005444017));
#5537=CARTESIAN_POINT('Ctrl Pts',(5.42850401458213,-1.87417478800897,14.2206290397527));
#5538=CARTESIAN_POINT('Ctrl Pts',(5.58567751823582,-0.951657163436149,14.2403432874282));
#5539=CARTESIAN_POINT('Ctrl Pts',(5.44380521959192,0.927485737703715,13.6137206973502));
#5540=CARTESIAN_POINT('Ctrl Pts',(5.29062381289985,1.82657206043171,13.6334349450257));
#5541=CARTESIAN_POINT('Ctrl Pts',(4.53021959304679,3.54649102040047,13.6728634403768));
#5542=CARTESIAN_POINT('Ctrl Pts',(2.29903588960538,5.27406581368355,13.7320061834033));
#5543=CARTESIAN_POINT('Ctrl Pts',(-0.484845208285453,5.73284328722519,13.7911489264299));
#5544=CARTESIAN_POINT('Ctrl Pts',(-3.15226568509825,4.81294543002121,13.8502916694565));
#5545=CARTESIAN_POINT('Ctrl Pts',(-5.06146174085631,2.73541008161761,13.9094344124831));
#5546=CARTESIAN_POINT('Ctrl Pts',(-5.7533515058049,-1.93802322102397E-14,
13.9685771555097));
#5547=CARTESIAN_POINT('Ctrl Pts',(-5.06146174085629,-2.73541008161765,14.0277198985362));
#5548=CARTESIAN_POINT('Ctrl Pts',(-3.1522656850982,-4.81294543002125,14.0868626415628));
#5549=CARTESIAN_POINT('Ctrl Pts',(-0.484845208285378,-5.73284328722521,
14.1460053845894));
#5550=CARTESIAN_POINT('Ctrl Pts',(2.29903588960545,-5.2740658136835,14.205148127616));
#5551=CARTESIAN_POINT('Ctrl Pts',(4.53021959304683,-3.54649102040041,14.2642908706426));
#5552=CARTESIAN_POINT('Ctrl Pts',(5.29062381289987,-1.82657206043164,14.3037193659936));
#5553=CARTESIAN_POINT('Ctrl Pts',(5.44380521959193,-0.927485737703657,14.3234336136691));
#5554=CARTESIAN_POINT('',(5.86942211552358,-1.00000001490138,14.0741626349465));
#5555=CARTESIAN_POINT('Ctrl Pts',(5.43095249773903,-1.00000001490111,14.3218417389471));
#5556=CARTESIAN_POINT('Ctrl Pts',(5.50406309933693,-1.00000001490111,14.2806153378471));
#5557=CARTESIAN_POINT('Ctrl Pts',(5.57723889682638,-1.00000001490119,14.2393135059969));
#5558=CARTESIAN_POINT('Ctrl Pts',(5.72334127240305,-1.00000001490119,14.1567817320574));
#5559=CARTESIAN_POINT('Ctrl Pts',(5.79642679980436,-1.00000001490113,14.1154620503174));
#5560=CARTESIAN_POINT('Ctrl Pts',(5.86942211552362,-1.00000001490113,14.0741626349465));
#5561=CARTESIAN_POINT('',(5.86942211552365,1.00000001490097,13.3644497186276));
#5562=CARTESIAN_POINT('Ctrl Pts',(5.86942211552362,1.00000001490114,13.3644497186276));
#5563=CARTESIAN_POINT('Ctrl Pts',(5.79641910772339,1.00000001490114,13.4062451116384));
#5564=CARTESIAN_POINT('Ctrl Pts',(5.72333291759612,1.00000001490116,13.4480751744605));
#5565=CARTESIAN_POINT('Ctrl Pts',(5.57723030503407,1.00000001490116,13.5316664076352));
#5566=CARTESIAN_POINT('Ctrl Pts',(5.50405372819242,1.00000001490121,13.5735191813523));
#5567=CARTESIAN_POINT('Ctrl Pts',(5.43095249773901,1.00000001490121,13.6153125720722));
#5568=CARTESIAN_POINT('Ctrl Pts',(5.86942211552359,-1.00000001490128,14.0741626349465));
#5569=CARTESIAN_POINT('Ctrl Pts',(5.70426441794659,-1.9693802431637,14.054448387271));
#5570=CARTESIAN_POINT('Ctrl Pts',(5.29433669600309,-2.89657454690342,14.0347341395955));
#5571=CARTESIAN_POINT('Ctrl Pts',(4.68843518068486,-3.67061219914925,14.0150198919199));
#5572=CARTESIAN_POINT('Ctrl Pts',(4.08253366536659,-4.44464985139512,13.9953056442444));
#5573=CARTESIAN_POINT('Ctrl Pts',(3.28065835667358,-5.06553085214708,13.9755913965689));
#5574=CARTESIAN_POINT('Ctrl Pts',(2.37946482664711,-5.45841241904084,13.9558771488933));
#5575=CARTESIAN_POINT('Ctrl Pts',(1.47827129662064,-5.85129398593461,13.9361629012178));
#5576=CARTESIAN_POINT('Ctrl Pts',(0.477759545260718,-6.01617611897019,13.9164486535423));
#5577=CARTESIAN_POINT('Ctrl Pts',(-0.501824548655875,-5.9333140378642,13.8967344058668));
#5578=CARTESIAN_POINT('Ctrl Pts',(-1.48140864257247,-5.85045195675821,13.8770201581912));
#5579=CARTESIAN_POINT('Ctrl Pts',(-2.44006507904574,-5.51984566151065,13.8573059105157));
#5580=CARTESIAN_POINT('Ctrl Pts',(-3.26247064546424,-4.98121505181993,13.8375916628402));
#5581=CARTESIAN_POINT('Ctrl Pts',(-4.08487621188273,-4.44258444212921,13.8178774151647));
#5582=CARTESIAN_POINT('Ctrl Pts',(-4.77103090824644,-3.69592951799533,13.7981631674891));
#5583=CARTESIAN_POINT('Ctrl Pts',(-5.23843896886447,-2.83105629028481,13.7784489198136));
#5584=CARTESIAN_POINT('Ctrl Pts',(-5.7058470294825,-1.96618306257429,13.7587346721381));
#5585=CARTESIAN_POINT('Ctrl Pts',(-5.95450845435485,-0.983091531287136,
13.7390204244626));
#5586=CARTESIAN_POINT('Ctrl Pts',(-5.95450845435485,1.76941794549631E-14,
13.719306176787));
#5587=CARTESIAN_POINT('Ctrl Pts',(-5.95450845435485,0.983091531287165,13.6995919291115));
#5588=CARTESIAN_POINT('Ctrl Pts',(-5.7058470294825,1.96618306257431,13.679877681436));
#5589=CARTESIAN_POINT('Ctrl Pts',(-5.23843896886446,2.83105629028482,13.6601634337605));
#5590=CARTESIAN_POINT('Ctrl Pts',(-4.77103090824643,3.69592951799534,13.6404491860849));
#5591=CARTESIAN_POINT('Ctrl Pts',(-4.08487621188272,4.44258444212922,13.6207349384094));
#5592=CARTESIAN_POINT('Ctrl Pts',(-3.26247064546423,4.98121505181994,13.6010206907339));
#5593=CARTESIAN_POINT('Ctrl Pts',(-2.44006507904574,5.51984566151066,13.5813064430584));
#5594=CARTESIAN_POINT('Ctrl Pts',(-1.48140864257247,5.85045195675821,13.5615921953828));
#5595=CARTESIAN_POINT('Ctrl Pts',(-0.501824548655881,5.9333140378642,13.5418779477073));
#5596=CARTESIAN_POINT('Ctrl Pts',(0.477759545260711,6.01617611897018,13.5221637000318));
#5597=CARTESIAN_POINT('Ctrl Pts',(1.47827129662063,5.85129398593461,13.5024494523563));
#5598=CARTESIAN_POINT('Ctrl Pts',(2.3794648266471,5.45841241904084,13.4827352046807));
#5599=CARTESIAN_POINT('Ctrl Pts',(3.28065835667357,5.06553085214708,13.4630209570052));
#5600=CARTESIAN_POINT('Ctrl Pts',(4.08253366536659,4.44464985139513,13.4433067093297));
#5601=CARTESIAN_POINT('Ctrl Pts',(4.68843518068485,3.67061219914926,13.4235924616541));
#5602=CARTESIAN_POINT('Ctrl Pts',(5.29433669600312,2.89657454690338,13.4038782139786));
#5603=CARTESIAN_POINT('Ctrl Pts',(5.70426441794663,1.9693802431636,13.3841639663031));
#5604=CARTESIAN_POINT('Ctrl Pts',(5.86942211552362,1.00000001490112,13.3644497186276));
#5605=CARTESIAN_POINT('Ctrl Pts',(5.86942211552361,1.00000001490118,14.1144497186276));
#5606=CARTESIAN_POINT('Ctrl Pts',(5.70426441794662,1.96938024316365,14.1341639663031));
#5607=CARTESIAN_POINT('Ctrl Pts',(4.88440405647211,3.82376833368102,14.1735924616541));
#5608=CARTESIAN_POINT('Ctrl Pts',(2.4787831820003,5.68641209895896,14.2327352046807));
#5609=CARTESIAN_POINT('Ctrl Pts',(-0.522753036719174,6.18105854990542,14.2918779477073));
#5610=CARTESIAN_POINT('Ctrl Pts',(-3.39872149497001,5.18923961606616,14.3510206907339));
#5611=CARTESIAN_POINT('Ctrl Pts',(-5.45718607039262,2.94927475909913,14.4101634337605));
#5612=CARTESIAN_POINT('Ctrl Pts',(-6.20317008913889,1.96065078334235E-14,
14.469306176787));
#5613=CARTESIAN_POINT('Ctrl Pts',(-5.45718607039263,-2.94927475909911,14.5284489198136));
#5614=CARTESIAN_POINT('Ctrl Pts',(-3.39872149497002,-5.18923961606616,14.5875916628402));
#5615=CARTESIAN_POINT('Ctrl Pts',(-0.52275303671917,-6.18105854990542,14.6467344058668));
#5616=CARTESIAN_POINT('Ctrl Pts',(2.4787831820003,-5.68641209895896,14.7058771488934));
#5617=CARTESIAN_POINT('Ctrl Pts',(4.88440405647212,-3.82376833368102,14.7650198919199));
#5618=CARTESIAN_POINT('Ctrl Pts',(5.70426441794662,-1.96938024316365,14.804448387271));
#5619=CARTESIAN_POINT('Ctrl Pts',(5.86942211552361,-1.00000001490118,14.8241626349465));
#5620=CARTESIAN_POINT('Ctrl Pts',(5.72754981687971,0.975828589168711,14.1975400448684));
#5621=CARTESIAN_POINT('Ctrl Pts',(5.56638421626436,1.92177751558635,14.217254292544));
#5622=CARTESIAN_POINT('Ctrl Pts',(4.76634104833293,3.7313424027625,14.256682787895));
#5623=CARTESIAN_POINT('Ctrl Pts',(2.41886745930246,5.54896341327285,14.3158255309216));
#5624=CARTESIAN_POINT('Ctrl Pts',(-0.510117350703989,6.03165355444457,14.3749682739482));
#5625=CARTESIAN_POINT('Ctrl Pts',(-3.31656955199312,5.06380829794744,14.4341110169748));
#5626=CARTESIAN_POINT('Ctrl Pts',(-5.32527810454938,2.87798658435715,14.4932537600013));
#5627=CARTESIAN_POINT('Ctrl Pts',(-6.05323062625759,7.50372522019911E-15,
14.5523965030279));
#5628=CARTESIAN_POINT('Ctrl Pts',(-5.32527810454939,-2.87798658435715,14.6115392460545));
#5629=CARTESIAN_POINT('Ctrl Pts',(-3.31656955199311,-5.06380829794745,14.6706819890811));
#5630=CARTESIAN_POINT('Ctrl Pts',(-0.51011735070396,-6.03165355444457,14.7298247321076));
#5631=CARTESIAN_POINT('Ctrl Pts',(2.41886745930249,-5.54896341327283,14.7889674751342));
#5632=CARTESIAN_POINT('Ctrl Pts',(4.76634104833295,-3.73134240276248,14.8481102181608));
#5633=CARTESIAN_POINT('Ctrl Pts',(5.56638421626436,-1.92177751558632,14.8875387135118));
#5634=CARTESIAN_POINT('Ctrl Pts',(5.72754981687971,-0.975828589168684,14.9072529611874));
#5635=CARTESIAN_POINT('Ctrl Pts',(5.58567751823581,0.951657163436241,14.2806303711093));
#5636=CARTESIAN_POINT('Ctrl Pts',(5.4285040145821,1.87417478800905,14.3003446187848));
#5637=CARTESIAN_POINT('Ctrl Pts',(4.64827804019376,3.63891647184398,14.3397731141359));
#5638=CARTESIAN_POINT('Ctrl Pts',(2.35895173660462,5.41151472758673,14.3989158571625));
#5639=CARTESIAN_POINT('Ctrl Pts',(-0.497481664688799,5.88224855898372,14.458058600189));
#5640=CARTESIAN_POINT('Ctrl Pts',(-3.23441760901624,4.93837697982871,14.5172013432156));
#5641=CARTESIAN_POINT('Ctrl Pts',(-5.19337013870615,2.80669840961517,14.5763440862422));
#5642=CARTESIAN_POINT('Ctrl Pts',(-5.9032911633763,-5.93036348047994E-15,
14.6354868292688));
#5643=CARTESIAN_POINT('Ctrl Pts',(-5.19337013870614,-2.8066984096152,14.6946295722954));
#5644=CARTESIAN_POINT('Ctrl Pts',(-3.2344176090162,-4.93837697982873,14.7537723153219));
#5645=CARTESIAN_POINT('Ctrl Pts',(-0.497481664688746,-5.88224855898373,
14.8129150583485));
#5646=CARTESIAN_POINT('Ctrl Pts',(2.35895173660467,-5.4115147275867,14.8720578013751));
#5647=CARTESIAN_POINT('Ctrl Pts',(4.64827804019379,-3.63891647184394,14.9312005444017));
#5648=CARTESIAN_POINT('Ctrl Pts',(5.42850401458211,-1.87417478800901,14.9706290397527));
#5649=CARTESIAN_POINT('Ctrl Pts',(5.58567751823582,-0.95165716343619,14.9903432874282));
#5650=CARTESIAN_POINT('Ctrl Pts',(5.44380521959191,0.927485737703772,14.3637206973502));
#5651=CARTESIAN_POINT('Ctrl Pts',(5.29062381289984,1.82657206043176,14.3834349450257));
#5652=CARTESIAN_POINT('Ctrl Pts',(4.53021503205458,3.54649054092546,14.4228634403768));
#5653=CARTESIAN_POINT('Ctrl Pts',(2.29903601390678,5.27406604190061,14.4820061834033));
#5654=CARTESIAN_POINT('Ctrl Pts',(-0.484845978673612,5.73284356352287,14.5411489264299));
#5655=CARTESIAN_POINT('Ctrl Pts',(-3.15226566603935,4.81294566170998,14.6002916694565));
#5656=CARTESIAN_POINT('Ctrl Pts',(-5.06146217286291,2.73541023487319,14.6594344124831));
#5657=CARTESIAN_POINT('Ctrl Pts',(-5.753351700495,-1.87593130504978E-14,
14.7185771555097));
#5658=CARTESIAN_POINT('Ctrl Pts',(-5.06146217286288,-2.73541023487324,14.7777198985362));
#5659=CARTESIAN_POINT('Ctrl Pts',(-3.1522656660393,-4.81294566171002,14.8368626415628));
#5660=CARTESIAN_POINT('Ctrl Pts',(-0.484845978673532,-5.73284356352288,
14.8960053845894));
#5661=CARTESIAN_POINT('Ctrl Pts',(2.29903601390685,-5.27406604190057,14.955148127616));
#5662=CARTESIAN_POINT('Ctrl Pts',(4.53021503205463,-3.5464905409254,15.0142908706425));
#5663=CARTESIAN_POINT('Ctrl Pts',(5.29062381289986,-1.82657206043168,15.0537193659936));
#5664=CARTESIAN_POINT('Ctrl Pts',(5.44380521959192,-0.927485737703697,15.0734336136691));
#5665=CARTESIAN_POINT('',(5.86942211552358,-1.00000001490139,14.8241626349465));
#5666=CARTESIAN_POINT('Ctrl Pts',(5.43095249773902,-1.00000001490115,15.0718417389471));
#5667=CARTESIAN_POINT('Ctrl Pts',(5.50406309933353,-1.00000001490115,15.030615337849));
#5668=CARTESIAN_POINT('Ctrl Pts',(5.57723889681884,-1.00000001490119,14.9893135060012));
#5669=CARTESIAN_POINT('Ctrl Pts',(5.72334127240699,-1.00000001490119,14.9067817320552));
#5670=CARTESIAN_POINT('Ctrl Pts',(5.79642679981309,-1.00000001490118,14.8654620503125));
#5671=CARTESIAN_POINT('Ctrl Pts',(5.86942211552361,-1.00000001490118,14.8241626349465));
#5672=CARTESIAN_POINT('',(5.86942211552365,1.00000001490097,14.1144497186276));
#5673=CARTESIAN_POINT('Ctrl Pts',(5.86942211552361,1.00000001490118,14.1144497186276));
#5674=CARTESIAN_POINT('Ctrl Pts',(5.79641910774438,1.00000001490118,14.1562451116264));
#5675=CARTESIAN_POINT('Ctrl Pts',(5.72333291760554,1.00000001490116,14.1980751744551));
#5676=CARTESIAN_POINT('Ctrl Pts',(5.57723030502195,1.00000001490116,14.2816664076421));
#5677=CARTESIAN_POINT('Ctrl Pts',(5.50405372818696,1.00000001490122,14.3235191813555));
#5678=CARTESIAN_POINT('Ctrl Pts',(5.43095249773901,1.00000001490122,14.3653125720722));
#5679=CARTESIAN_POINT('Ctrl Pts',(5.86942211552359,-1.0000000149013,14.8241626349465));
#5680=CARTESIAN_POINT('Ctrl Pts',(5.70426441794658,-1.96938024316373,14.804448387271));
#5681=CARTESIAN_POINT('Ctrl Pts',(5.29433423720934,-2.89657428842236,14.7847341395954));
#5682=CARTESIAN_POINT('Ctrl Pts',(4.68843233442877,-3.670611938598,14.7650198919199));
#5683=CARTESIAN_POINT('Ctrl Pts',(4.08253043164818,-4.44464958877366,14.7453056442444));
#5684=CARTESIAN_POINT('Ctrl Pts',(3.28065680682424,-5.06553084386631,14.7255913965689));
#5685=CARTESIAN_POINT('Ctrl Pts',(2.37946395795902,-5.45841254657038,14.7058771488934));
#5686=CARTESIAN_POINT('Ctrl Pts',(1.47827110909381,-5.85129424927444,14.6861629012178));
#5687=CARTESIAN_POINT('Ctrl Pts',(0.477759036187321,-6.01617639958993,14.6664486535423));
#5688=CARTESIAN_POINT('Ctrl Pts',(-0.501825076641065,-5.9333143191078,14.6467344058668));
#5689=CARTESIAN_POINT('Ctrl Pts',(-1.48140918946945,-5.85045223862566,14.6270201581912));
#5690=CARTESIAN_POINT('Ctrl Pts',(-2.44006534221973,-5.51984592734591,14.6073059105157));
#5691=CARTESIAN_POINT('Ctrl Pts',(-3.26247084783198,-4.98121529554486,14.5875916628402));
#5692=CARTESIAN_POINT('Ctrl Pts',(-4.08487635344422,-4.44258466374381,14.5678774151647));
#5693=CARTESIAN_POINT('Ctrl Pts',(-4.77103121191843,-3.69592971142146,14.5481631674891));
#5694=CARTESIAN_POINT('Ctrl Pts',(-5.23843931094657,-2.83105644207709,14.5284489198136));
#5695=CARTESIAN_POINT('Ctrl Pts',(-5.70584740997472,-1.96618317273273,14.5087346721381));
#5696=CARTESIAN_POINT('Ctrl Pts',(-5.9545087495568,-0.983091586366355,14.4890204244626));
#5697=CARTESIAN_POINT('Ctrl Pts',(-5.9545087495568,1.91513471747837E-14,
14.469306176787));
#5698=CARTESIAN_POINT('Ctrl Pts',(-5.9545087495568,0.983091586366393,14.4495919291115));
#5699=CARTESIAN_POINT('Ctrl Pts',(-5.70584740997471,1.96618317273277,14.429877681436));
#5700=CARTESIAN_POINT('Ctrl Pts',(-5.23843931094655,2.83105644207713,14.4101634337605));
#5701=CARTESIAN_POINT('Ctrl Pts',(-4.77103121191841,3.69592971142148,14.3904491860849));
#5702=CARTESIAN_POINT('Ctrl Pts',(-4.08487635344421,4.44258466374381,14.3707349384094));
#5703=CARTESIAN_POINT('Ctrl Pts',(-3.26247084783198,4.98121529554486,14.3510206907339));
#5704=CARTESIAN_POINT('Ctrl Pts',(-2.44006534221974,5.51984592734591,14.3313064430584));
#5705=CARTESIAN_POINT('Ctrl Pts',(-1.48140918946945,5.85045223862566,14.3115921953828));
#5706=CARTESIAN_POINT('Ctrl Pts',(-0.501825076641069,5.93331431910779,14.2918779477073));
#5707=CARTESIAN_POINT('Ctrl Pts',(0.477759036187317,6.01617639958993,14.2721637000318));
#5708=CARTESIAN_POINT('Ctrl Pts',(1.47827110909381,5.85129424927444,14.2524494523563));
#5709=CARTESIAN_POINT('Ctrl Pts',(2.37946395795902,5.45841254657038,14.2327352046807));
#5710=CARTESIAN_POINT('Ctrl Pts',(3.28065680682424,5.06553084386631,14.2130209570052));
#5711=CARTESIAN_POINT('Ctrl Pts',(4.08253043164818,4.44464958877365,14.1933067093297));
#5712=CARTESIAN_POINT('Ctrl Pts',(4.68843233442878,3.67061193859798,14.1735924616541));
#5713=CARTESIAN_POINT('Ctrl Pts',(5.29433423720936,2.89657428842233,14.1538782139786));
#5714=CARTESIAN_POINT('Ctrl Pts',(5.70426441794661,1.96938024316366,14.1341639663031));
#5715=CARTESIAN_POINT('Ctrl Pts',(5.86942211552361,1.0000000149012,14.1144497186276));
#5716=CARTESIAN_POINT('Ctrl Pts',(5.86942211552363,1.00000001490105,14.8644497186276));
#5717=CARTESIAN_POINT('Ctrl Pts',(5.70426441794666,1.96938024316353,14.8841639663031));
#5718=CARTESIAN_POINT('Ctrl Pts',(4.88439928996719,3.82376783633941,14.9235924616541));
#5719=CARTESIAN_POINT('Ctrl Pts',(2.47878325683704,5.68641233709047,14.9827352046807));
#5720=CARTESIAN_POINT('Ctrl Pts',(-0.522753852890844,6.18105884468699,15.0418779477073));
#5721=CARTESIAN_POINT('Ctrl Pts',(-3.39872149196507,5.18923986439023,15.1010206907339));
#5722=CARTESIAN_POINT('Ctrl Pts',(-5.45718652797599,2.94927492283701,15.1601634337605));
#5723=CARTESIAN_POINT('Ctrl Pts',(-6.20317030501882,6.61042806931763E-14,
15.219306176787));
#5724=CARTESIAN_POINT('Ctrl Pts',(-5.45718652797606,-2.94927492283688,15.2784489198136));
#5725=CARTESIAN_POINT('Ctrl Pts',(-3.3987214919652,-5.18923986439014,15.3375916628402));
#5726=CARTESIAN_POINT('Ctrl Pts',(-0.52275385289102,-6.18105884468697,15.3967344058668));
#5727=CARTESIAN_POINT('Ctrl Pts',(2.47878325683688,-5.68641233709054,15.4558771488933));
#5728=CARTESIAN_POINT('Ctrl Pts',(4.88439928996708,-3.82376783633955,15.5150198919199));
#5729=CARTESIAN_POINT('Ctrl Pts',(5.7042644179466,-1.96938024316369,15.554448387271));
#5730=CARTESIAN_POINT('Ctrl Pts',(5.86942211552361,-1.00000001490122,15.5741626349465));
#5731=CARTESIAN_POINT('Ctrl Pts',(5.72754981687973,0.975828589168588,14.9475400448684));
#5732=CARTESIAN_POINT('Ctrl Pts',(5.5663842162644,1.92177751558623,14.967254292544));
#5733=CARTESIAN_POINT('Ctrl Pts',(4.76633639704123,3.73134191744235,15.006682787895));
#5734=CARTESIAN_POINT('Ctrl Pts',(2.41886753233029,5.54896364564837,15.0658255309216));
#5735=CARTESIAN_POINT('Ctrl Pts',(-0.510118147147623,6.03165384210085,15.1249682739482));
#5736=CARTESIAN_POINT('Ctrl Pts',(-3.31656954906082,5.06380854026916,15.1841110169748));
#5737=CARTESIAN_POINT('Ctrl Pts',(-5.32527855107231,2.87798674413725,15.2432537600013));
#5738=CARTESIAN_POINT('Ctrl Pts',(-6.0532308369194,5.15613389406775E-14,
15.3023965030279));
#5739=CARTESIAN_POINT('Ctrl Pts',(-5.32527855107237,-2.87798674413715,15.3615392460545));
#5740=CARTESIAN_POINT('Ctrl Pts',(-3.31656954906093,-5.06380854026908,15.4206819890811));
#5741=CARTESIAN_POINT('Ctrl Pts',(-0.510118147147769,-6.03165384210083,
15.4798247321076));
#5742=CARTESIAN_POINT('Ctrl Pts',(2.41886753233016,-5.54896364564843,15.5389674751342));
#5743=CARTESIAN_POINT('Ctrl Pts',(4.76633639704114,-3.73134191744246,15.5981102181608));
#5744=CARTESIAN_POINT('Ctrl Pts',(5.56638421626435,-1.92177751558637,15.6375387135118));
#5745=CARTESIAN_POINT('Ctrl Pts',(5.72754981687971,-0.975828589168726,15.6572529611874));
#5746=CARTESIAN_POINT('Ctrl Pts',(5.58567751823583,0.951657163436121,15.0306303711093));
#5747=CARTESIAN_POINT('Ctrl Pts',(5.42850401458214,1.87417478800894,15.0503446187848));
#5748=CARTESIAN_POINT('Ctrl Pts',(4.64827350411527,3.63891599854528,15.0897731141359));
#5749=CARTESIAN_POINT('Ctrl Pts',(2.35895180782354,5.41151495420628,15.1489158571625));
#5750=CARTESIAN_POINT('Ctrl Pts',(-0.497482441404404,5.88224883951471,15.208058600189));
#5751=CARTESIAN_POINT('Ctrl Pts',(-3.23441760615657,4.93837721614808,15.2672013432156));
#5752=CARTESIAN_POINT('Ctrl Pts',(-5.19337057416863,2.8066985654375,15.3263440862422));
#5753=CARTESIAN_POINT('Ctrl Pts',(-5.90329136881998,3.65376387831375E-14,
15.3854868292688));
#5754=CARTESIAN_POINT('Ctrl Pts',(-5.19337057416867,-2.80669856543742,15.4446295722954));
#5755=CARTESIAN_POINT('Ctrl Pts',(-3.23441760615665,-4.93837721614802,15.5037723153219));
#5756=CARTESIAN_POINT('Ctrl Pts',(-0.49748244140452,-5.8822488395147,15.5629150583485));
#5757=CARTESIAN_POINT('Ctrl Pts',(2.35895180782343,-5.41151495420632,15.6220578013751));
#5758=CARTESIAN_POINT('Ctrl Pts',(4.6482735041152,-3.63891599854538,15.6812005444017));
#5759=CARTESIAN_POINT('Ctrl Pts',(5.4285040145821,-1.87417478800905,15.7206290397527));
#5760=CARTESIAN_POINT('Ctrl Pts',(5.58567751823581,-0.951657163436231,15.7403432874282));
#5761=CARTESIAN_POINT('Ctrl Pts',(5.44380521959193,0.927485737703654,15.1137206973502));
#5762=CARTESIAN_POINT('Ctrl Pts',(5.29062381289988,1.82657206043164,15.1334349450257));
#5763=CARTESIAN_POINT('Ctrl Pts',(4.53021061118931,3.54649007964822,15.1728634403768));
#5764=CARTESIAN_POINT('Ctrl Pts',(2.29903608331679,5.27406626276418,15.2320061834033));
#5765=CARTESIAN_POINT('Ctrl Pts',(-0.484846735661183,5.73284383692857,15.2911489264299));
#5766=CARTESIAN_POINT('Ctrl Pts',(-3.15226566325232,4.81294589202701,15.3502916694565));
#5767=CARTESIAN_POINT('Ctrl Pts',(-5.06146259726495,2.73541038673774,15.4094344124831));
#5768=CARTESIAN_POINT('Ctrl Pts',(-5.75335190072056,2.2114886631899E-14,
15.4685771555096));
#5769=CARTESIAN_POINT('Ctrl Pts',(-5.06146259726498,-2.73541038673768,15.5277198985362));
#5770=CARTESIAN_POINT('Ctrl Pts',(-3.15226566325238,-4.81294589202697,15.5868626415628));
#5771=CARTESIAN_POINT('Ctrl Pts',(-0.484846735661271,-5.73284383692856,
15.6460053845894));
#5772=CARTESIAN_POINT('Ctrl Pts',(2.29903608331671,-5.27406626276421,15.705148127616));
#5773=CARTESIAN_POINT('Ctrl Pts',(4.53021061118926,-3.54649007964829,15.7642908706425));
#5774=CARTESIAN_POINT('Ctrl Pts',(5.29062381289985,-1.82657206043172,15.8037193659936));
#5775=CARTESIAN_POINT('Ctrl Pts',(5.44380521959191,-0.927485737703737,15.8234336136691));
#5776=CARTESIAN_POINT('',(5.86942211552358,-1.00000001490139,15.5741626349465));
#5777=CARTESIAN_POINT('Ctrl Pts',(5.43095249773903,-1.00000001490111,15.8218417389471));
#5778=CARTESIAN_POINT('Ctrl Pts',(5.50406309933486,-1.00000001490111,15.7806153378483));
#5779=CARTESIAN_POINT('Ctrl Pts',(5.57723889682178,-1.00000001490115,15.7393135059995));
#5780=CARTESIAN_POINT('Ctrl Pts',(5.72334127241542,-1.00000001490115,15.6567817320504));
#5781=CARTESIAN_POINT('Ctrl Pts',(5.7964267998318,-1.00000001490122,15.6154620503019));
#5782=CARTESIAN_POINT('Ctrl Pts',(5.86942211552361,-1.00000001490122,15.5741626349465));
#5783=CARTESIAN_POINT('',(5.86942211552365,1.00000001490097,14.8644497186276));
#5784=CARTESIAN_POINT('Ctrl Pts',(5.86942211552361,1.00000001490118,14.8644497186276));
#5785=CARTESIAN_POINT('Ctrl Pts',(5.79641910773586,1.00000001490118,14.9062451116313));
#5786=CARTESIAN_POINT('Ctrl Pts',(5.72333291760169,1.00000001490116,14.9480751744573));
#5787=CARTESIAN_POINT('Ctrl Pts',(5.57723030506124,1.00000001490116,15.0316664076196));
#5788=CARTESIAN_POINT('Ctrl Pts',(5.50405372820466,1.00000001490114,15.0735191813454));
#5789=CARTESIAN_POINT('Ctrl Pts',(5.43095249773902,1.00000001490114,15.1153125720722));
#5790=CARTESIAN_POINT('Ctrl Pts',(5.86942211552358,-1.00000001490134,15.5741626349465));
#5791=CARTESIAN_POINT('Ctrl Pts',(5.70426441794656,-1.96938024316377,15.554448387271));
#5792=CARTESIAN_POINT('Ctrl Pts',(5.29433185395681,-2.89657403975165,15.5347341395955));
#5793=CARTESIAN_POINT('Ctrl Pts',(4.68842956644026,-3.67061168817075,15.5150198919199));
#5794=CARTESIAN_POINT('Ctrl Pts',(4.08252727892368,-4.44464933658988,15.4953056442444));
#5795=CARTESIAN_POINT('Ctrl Pts',(3.28065526788028,-5.0655308368402,15.4755913965689));
#5796=CARTESIAN_POINT('Ctrl Pts',(2.37946307740393,-5.45841267156478,15.4558771488933));
#5797=CARTESIAN_POINT('Ctrl Pts',(1.47827088692758,-5.85129450628934,15.4361629012178));
#5798=CARTESIAN_POINT('Ctrl Pts',(0.477758517018281,-6.01617667548816,15.4164486535423));
#5799=CARTESIAN_POINT('Ctrl Pts',(-0.501825607782066,-5.93331459670476,
15.3967344058668));
#5800=CARTESIAN_POINT('Ctrl Pts',(-1.48140973258241,-5.85045251792136,15.3770201581912));
#5801=CARTESIAN_POINT('Ctrl Pts',(-2.44006561227381,-5.51984619115575,15.3573059105157));
#5802=CARTESIAN_POINT('Ctrl Pts',(-3.26247105812131,-4.98121553751406,15.3375916628402));
#5803=CARTESIAN_POINT('Ctrl Pts',(-4.08487650396882,-4.44258488387238,15.3178774151647));
#5804=CARTESIAN_POINT('Ctrl Pts',(-4.77103151597244,-3.69592990335463,15.2981631674891));
#5805=CARTESIAN_POINT('Ctrl Pts',(-5.23843965148138,-2.83105659262293,15.2784489198136));
#5806=CARTESIAN_POINT('Ctrl Pts',(-5.70584778699031,-1.96618328189123,15.2587346721381));
#5807=CARTESIAN_POINT('Ctrl Pts',(-5.95450904600456,-0.983091640945584,
15.2390204244626));
#5808=CARTESIAN_POINT('Ctrl Pts',(-5.95450904600455,6.28663787693991E-14,
15.219306176787));
#5809=CARTESIAN_POINT('Ctrl Pts',(-5.95450904600454,0.983091640945709,15.1995919291115));
#5810=CARTESIAN_POINT('Ctrl Pts',(-5.70584778699027,1.96618328189135,15.179877681436));
#5811=CARTESIAN_POINT('Ctrl Pts',(-5.23843965148131,2.83105659262304,15.1601634337605));
#5812=CARTESIAN_POINT('Ctrl Pts',(-4.77103151597235,3.69592990335475,15.1404491860849));
#5813=CARTESIAN_POINT('Ctrl Pts',(-4.08487650396871,4.44258488387249,15.1207349384094));
#5814=CARTESIAN_POINT('Ctrl Pts',(-3.26247105812117,4.98121553751416,15.1010206907339));
#5815=CARTESIAN_POINT('Ctrl Pts',(-2.44006561227366,5.51984619115581,15.0813064430584));
#5816=CARTESIAN_POINT('Ctrl Pts',(-1.48140973258228,5.85045251792139,15.0615921953828));
#5817=CARTESIAN_POINT('Ctrl Pts',(-0.50182560778194,5.93331459670477,15.0418779477073));
#5818=CARTESIAN_POINT('Ctrl Pts',(0.477758517018423,6.01617667548815,15.0221637000318));
#5819=CARTESIAN_POINT('Ctrl Pts',(1.47827088692773,5.85129450628931,15.0024494523563));
#5820=CARTESIAN_POINT('Ctrl Pts',(2.37946307740409,5.45841267156471,14.9827352046807));
#5821=CARTESIAN_POINT('Ctrl Pts',(3.28065526788042,5.06553083684011,14.9630209570052));
#5822=CARTESIAN_POINT('Ctrl Pts',(4.08252727892381,4.44464933658976,14.9433067093297));
#5823=CARTESIAN_POINT('Ctrl Pts',(4.68842956644036,3.67061168817061,14.9235924616541));
#5824=CARTESIAN_POINT('Ctrl Pts',(5.29433185395692,2.89657403975147,14.9038782139786));
#5825=CARTESIAN_POINT('Ctrl Pts',(5.70426441794665,1.96938024316353,14.8841639663031));
#5826=CARTESIAN_POINT('Ctrl Pts',(5.86942211552363,1.00000001490105,14.8644497186276));
#5827=CARTESIAN_POINT('Ctrl Pts',(5.86942211552362,1.00000001490114,15.6144497186276));
#5828=CARTESIAN_POINT('Ctrl Pts',(5.70426441794663,1.96938024316361,15.6341639663031));
#5829=CARTESIAN_POINT('Ctrl Pts',(4.88439466664381,3.82376735757649,15.6735924616542));
#5830=CARTESIAN_POINT('Ctrl Pts',(2.4787832772239,5.68641256783483,15.7327352046807));
#5831=CARTESIAN_POINT('Ctrl Pts',(-0.522754656079394,6.18105913636677,15.7918779477073));
#5832=CARTESIAN_POINT('Ctrl Pts',(-3.39872150546878,5.18924011121134,15.8510206907339));
#5833=CARTESIAN_POINT('Ctrl Pts',(-5.45718697809468,2.94927508510351,15.9101634337605));
#5834=CARTESIAN_POINT('Ctrl Pts',(-6.20317052639719,2.37551382028191E-14,
15.969306176787));
#5835=CARTESIAN_POINT('Ctrl Pts',(-5.4571869780947,-2.94927508510348,16.0284489198136));
#5836=CARTESIAN_POINT('Ctrl Pts',(-3.39872150546882,-5.18924011121131,16.0875916628402));
#5837=CARTESIAN_POINT('Ctrl Pts',(-0.52275465607944,-6.18105913636677,16.1467344058668));
#5838=CARTESIAN_POINT('Ctrl Pts',(2.47878327722386,-5.68641256783484,16.2058771488933));
#5839=CARTESIAN_POINT('Ctrl Pts',(4.88439466664378,-3.82376735757653,16.2650198919199));
#5840=CARTESIAN_POINT('Ctrl Pts',(5.70426441794662,-1.96938024316365,16.304448387271));
#5841=CARTESIAN_POINT('Ctrl Pts',(5.86942211552361,-1.00000001490118,16.3241626349465));
#5842=CARTESIAN_POINT('Ctrl Pts',(5.72754981687972,0.975828589168668,15.6975400448684));
#5843=CARTESIAN_POINT('Ctrl Pts',(5.56638421626437,1.92177751558631,15.717254292544));
#5844=CARTESIAN_POINT('Ctrl Pts',(4.76633188547017,3.73134145025181,15.756682787895));
#5845=CARTESIAN_POINT('Ctrl Pts',(2.41886755222437,5.54896387081531,15.8158255309216));
#5846=CARTESIAN_POINT('Ctrl Pts',(-0.510118930921963,6.03165412673031,15.8749682739482));
#5847=CARTESIAN_POINT('Ctrl Pts',(-3.31656956223813,5.06380878112425,15.9341110169748));
#5848=CARTESIAN_POINT('Ctrl Pts',(-5.32527899031099,2.87798690248154,15.9932537600013));
#5849=CARTESIAN_POINT('Ctrl Pts',(-6.05323105294674,1.1340392609386E-14,
16.0523965030279));
#5850=CARTESIAN_POINT('Ctrl Pts',(-5.325278990311,-2.87798690248153,16.1115392460545));
#5851=CARTESIAN_POINT('Ctrl Pts',(-3.31656956223814,-5.06380878112424,16.1706819890811));
#5852=CARTESIAN_POINT('Ctrl Pts',(-0.510118930921982,-6.03165412673031,
16.2298247321076));
#5853=CARTESIAN_POINT('Ctrl Pts',(2.41886755222435,-5.54896387081532,16.2889674751342));
#5854=CARTESIAN_POINT('Ctrl Pts',(4.76633188547016,-3.73134145025183,16.3481102181608));
#5855=CARTESIAN_POINT('Ctrl Pts',(5.56638421626436,-1.92177751558633,16.3875387135118));
#5856=CARTESIAN_POINT('Ctrl Pts',(5.72754981687971,-0.975828589168686,16.4072529611874));
#5857=CARTESIAN_POINT('Ctrl Pts',(5.58567751823582,0.951657163436199,15.7806303711093));
#5858=CARTESIAN_POINT('Ctrl Pts',(5.42850401458211,1.87417478800901,15.8003446187848));
#5859=CARTESIAN_POINT('Ctrl Pts',(4.64826910429653,3.63891554292713,15.8397731141359));
#5860=CARTESIAN_POINT('Ctrl Pts',(2.35895182722484,5.41151517379579,15.8989158571625));
#5861=CARTESIAN_POINT('Ctrl Pts',(-0.49748320576453,5.88224911709386,15.958058600189));
#5862=CARTESIAN_POINT('Ctrl Pts',(-3.23441761900747,4.93837745103716,16.0172013432156));
#5863=CARTESIAN_POINT('Ctrl Pts',(-5.1933710025273,2.80669871985958,16.0763440862422));
#5864=CARTESIAN_POINT('Ctrl Pts',(-5.90329157949629,-4.77490215132043E-15,
16.1354868292688));
#5865=CARTESIAN_POINT('Ctrl Pts',(-5.19337100252729,-2.80669871985958,16.1946295722954));
#5866=CARTESIAN_POINT('Ctrl Pts',(-3.23441761900747,-4.93837745103716,16.2537723153219));
#5867=CARTESIAN_POINT('Ctrl Pts',(-0.497483205764524,-5.88224911709386,
16.3129150583485));
#5868=CARTESIAN_POINT('Ctrl Pts',(2.35895182722485,-5.41151517379579,16.3720578013751));
#5869=CARTESIAN_POINT('Ctrl Pts',(4.64826910429653,-3.63891554292713,16.4312005444017));
#5870=CARTESIAN_POINT('Ctrl Pts',(5.42850401458211,-1.87417478800901,16.4706290397527));
#5871=CARTESIAN_POINT('Ctrl Pts',(5.58567751823582,-0.951657163436193,16.4903432874282));
#5872=CARTESIAN_POINT('Ctrl Pts',(5.44380521959192,0.92748573770373,15.8637206973502));
#5873=CARTESIAN_POINT('Ctrl Pts',(5.29062381289985,1.82657206043172,15.8834349450257));
#5874=CARTESIAN_POINT('Ctrl Pts',(4.53020632312288,3.54648963560245,15.9228634403768));
#5875=CARTESIAN_POINT('Ctrl Pts',(2.29903610222531,5.27406647677627,15.9820061834033));
#5876=CARTESIAN_POINT('Ctrl Pts',(-0.484847480607097,5.73284410745741,16.0411489264299));
#5877=CARTESIAN_POINT('Ctrl Pts',(-3.15226567577682,4.81294612095007,16.1002916694565));
#5878=CARTESIAN_POINT('Ctrl Pts',(-5.0614630147436,2.73541053723761,16.1594344124831));
#5879=CARTESIAN_POINT('Ctrl Pts',(-5.75335210604583,-1.70702751909705E-14,
16.2185771555096));
#5880=CARTESIAN_POINT('Ctrl Pts',(-5.06146301474359,-2.73541053723763,16.2777198985362));
#5881=CARTESIAN_POINT('Ctrl Pts',(-3.15226567577679,-4.81294612095009,16.3368626415628));
#5882=CARTESIAN_POINT('Ctrl Pts',(-0.484847480607065,-5.7328441074574,16.3960053845894));
#5883=CARTESIAN_POINT('Ctrl Pts',(2.29903610222534,-5.27406647677627,16.455148127616));
#5884=CARTESIAN_POINT('Ctrl Pts',(4.5302063231229,-3.54648963560242,16.5142908706425));
#5885=CARTESIAN_POINT('Ctrl Pts',(5.29062381289986,-1.82657206043169,16.5537193659936));
#5886=CARTESIAN_POINT('Ctrl Pts',(5.44380521959192,-0.927485737703699,16.5734336136691));
#5887=CARTESIAN_POINT('',(5.86942211552358,-1.00000001490139,16.3241626349465));
#5888=CARTESIAN_POINT('Ctrl Pts',(5.43095249773902,-1.00000001490115,16.5718417389471));
#5889=CARTESIAN_POINT('Ctrl Pts',(5.50406309932684,-1.00000001490115,16.5306153378528));
#5890=CARTESIAN_POINT('Ctrl Pts',(5.57723889680396,-1.00000001490115,16.4893135060096));
#5891=CARTESIAN_POINT('Ctrl Pts',(5.72334127241145,-1.00000001490115,16.4067817320527));
#5892=CARTESIAN_POINT('Ctrl Pts',(5.79642679982298,-1.00000001490118,16.3654620503069));
#5893=CARTESIAN_POINT('Ctrl Pts',(5.86942211552361,-1.00000001490118,16.3241626349465));
#5894=CARTESIAN_POINT('',(5.86942211552365,1.00000001490097,15.6144497186276));
#5895=CARTESIAN_POINT('Ctrl Pts',(5.86942211552361,1.00000001490118,15.6144497186276));
#5896=CARTESIAN_POINT('Ctrl Pts',(5.79641910774772,1.00000001490118,15.6562451116245));
#5897=CARTESIAN_POINT('Ctrl Pts',(5.72333291760708,1.00000001490116,15.6980751744542));
#5898=CARTESIAN_POINT('Ctrl Pts',(5.57723030504741,1.00000001490116,15.7816664076276));
#5899=CARTESIAN_POINT('Ctrl Pts',(5.50405372819841,1.00000001490114,15.8235191813489));
#5900=CARTESIAN_POINT('Ctrl Pts',(5.43095249773902,1.00000001490114,15.8653125720722));
#5901=CARTESIAN_POINT('Ctrl Pts',(5.86942211552359,-1.00000001490126,16.3241626349465));
#5902=CARTESIAN_POINT('Ctrl Pts',(5.70426441794659,-1.9693802431637,16.304448387271));
#5903=CARTESIAN_POINT('Ctrl Pts',(5.29432954229518,-2.89657380037011,16.2847341395955));
#5904=CARTESIAN_POINT('Ctrl Pts',(4.6884268728995,-3.67061144734969,16.2650198919199));
#5905=CARTESIAN_POINT('Ctrl Pts',(4.08252420350381,-4.4446490943293,16.2453056442444));
#5906=CARTESIAN_POINT('Ctrl Pts',(3.28065374036383,-5.06553083108207,16.2255913965689));
#5907=CARTESIAN_POINT('Ctrl Pts',(2.37946218657663,-5.45841279421377,16.2058771488933));
#5908=CARTESIAN_POINT('Ctrl Pts',(1.47827063278943,-5.85129475734548,16.1861629012178));
#5909=CARTESIAN_POINT('Ctrl Pts',(0.477757988354994,-6.01617694685612,16.1664486535423));
#5910=CARTESIAN_POINT('Ctrl Pts',(-0.501826142093787,-5.9333148707522,16.1467344058668));
#5911=CARTESIAN_POINT('Ctrl Pts',(-1.48141027254257,-5.85045279464828,16.1270201581912));
#5912=CARTESIAN_POINT('Ctrl Pts',(-2.44006588900569,-5.5198464529298,16.1073059105157));
#5913=CARTESIAN_POINT('Ctrl Pts',(-3.26247127600824,-4.98121577771925,16.0875916628402));
#5914=CARTESIAN_POINT('Ctrl Pts',(-4.08487666301078,-4.4425851025087,16.0678774151647));
#5915=CARTESIAN_POINT('Ctrl Pts',(-4.77103182055274,-3.69593009380609,16.0481631674891));
#5916=CARTESIAN_POINT('Ctrl Pts',(-5.23843999070747,-2.83105674193753,16.0284489198136));
#5917=CARTESIAN_POINT('Ctrl Pts',(-5.70584816086219,-1.96618339006898,16.0087346721381));
#5918=CARTESIAN_POINT('Ctrl Pts',(-5.95450934362969,-0.983091695034476,
15.9890204244626));
#5919=CARTESIAN_POINT('Ctrl Pts',(-5.95450934362969,2.22044604925028E-14,
15.969306176787));
#5920=CARTESIAN_POINT('Ctrl Pts',(-5.95450934362968,0.98309169503452,15.9495919291115));
#5921=CARTESIAN_POINT('Ctrl Pts',(-5.70584816086218,1.96618339006902,15.929877681436));
#5922=CARTESIAN_POINT('Ctrl Pts',(-5.23843999070744,2.83105674193757,15.9101634337605));
#5923=CARTESIAN_POINT('Ctrl Pts',(-4.77103182055271,3.69593009380612,15.8904491860849));
#5924=CARTESIAN_POINT('Ctrl Pts',(-4.08487666301075,4.44258510250873,15.8707349384094));
#5925=CARTESIAN_POINT('Ctrl Pts',(-3.2624712760082,4.98121577771927,15.8510206907339));
#5926=CARTESIAN_POINT('Ctrl Pts',(-2.44006588900565,5.51984645292981,15.8313064430584));
#5927=CARTESIAN_POINT('Ctrl Pts',(-1.48141027254252,5.85045279464829,15.8115921953828));
#5928=CARTESIAN_POINT('Ctrl Pts',(-0.501826142093743,5.9333148707522,15.7918779477073));
#5929=CARTESIAN_POINT('Ctrl Pts',(0.477757988355039,6.01617694685612,15.7721637000318));
#5930=CARTESIAN_POINT('Ctrl Pts',(1.47827063278947,5.85129475734547,15.7524494523562));
#5931=CARTESIAN_POINT('Ctrl Pts',(2.37946218657667,5.45841279421376,15.7327352046807));
#5932=CARTESIAN_POINT('Ctrl Pts',(3.28065374036387,5.06553083108204,15.7130209570052));
#5933=CARTESIAN_POINT('Ctrl Pts',(4.08252420350384,4.44464909432927,15.6933067093297));
#5934=CARTESIAN_POINT('Ctrl Pts',(4.68842687289953,3.67061144734966,15.6735924616542));
#5935=CARTESIAN_POINT('Ctrl Pts',(5.29432954229522,2.89657380037005,15.6538782139786));
#5936=CARTESIAN_POINT('Ctrl Pts',(5.70426441794663,1.96938024316361,15.6341639663031));
#5937=CARTESIAN_POINT('Ctrl Pts',(5.86942211552361,1.00000001490114,15.6144497186276));
#5938=CARTESIAN_POINT('Ctrl Pts',(5.86942211552363,1.00000001490109,16.3644497186276));
#5939=CARTESIAN_POINT('Ctrl Pts',(5.70426441794664,1.96938024316357,16.3841639663031));
#5940=CARTESIAN_POINT('Ctrl Pts',(4.88439017917905,3.82376689642449,16.4235924616542));
#5941=CARTESIAN_POINT('Ctrl Pts',(2.47878324746676,5.68641279168534,16.4827352046807));
#5942=CARTESIAN_POINT('Ctrl Pts',(-0.522755447573775,6.18105942496805,16.5418779477073));
#5943=CARTESIAN_POINT('Ctrl Pts',(-3.39872153453947,5.18924035650901,16.6010206907339));
#5944=CARTESIAN_POINT('Ctrl Pts',(-5.45718742141136,2.94927524592588,16.6601634337605));
#5945=CARTESIAN_POINT('Ctrl Pts',(-6.20317075285891,6.90110733762601E-14,
16.719306176787));
#5946=CARTESIAN_POINT('Ctrl Pts',(-5.45718742141142,-2.94927524592577,16.7784489198136));
#5947=CARTESIAN_POINT('Ctrl Pts',(-3.39872153453956,-5.18924035650896,16.8375916628402));
#5948=CARTESIAN_POINT('Ctrl Pts',(-0.522755447573868,-6.18105942496804,
16.8967344058668));
#5949=CARTESIAN_POINT('Ctrl Pts',(2.47878324746668,-5.68641279168538,16.9558771488933));
#5950=CARTESIAN_POINT('Ctrl Pts',(4.884390179179,-3.82376689642457,17.0150198919199));
#5951=CARTESIAN_POINT('Ctrl Pts',(5.70426441794662,-1.96938024316365,17.054448387271));
#5952=CARTESIAN_POINT('Ctrl Pts',(5.86942211552361,-1.00000001490118,17.0741626349465));
#5953=CARTESIAN_POINT('Ctrl Pts',(5.72754981687972,0.975828589168626,16.4475400448684));
#5954=CARTESIAN_POINT('Ctrl Pts',(5.56638421626438,1.92177751558627,16.467254292544));
#5955=CARTESIAN_POINT('Ctrl Pts',(4.76632750647383,3.73134100024651,16.506682787895));
#5956=CARTESIAN_POINT('Ctrl Pts',(2.4188675231865,5.54896408925504,16.5658255309216));
#5957=CARTESIAN_POINT('Ctrl Pts',(-0.510119703284793,6.03165440835569,16.6249682739482));
#5958=CARTESIAN_POINT('Ctrl Pts',(-3.31656959060614,5.06380902049272,16.6841110169748));
#5959=CARTESIAN_POINT('Ctrl Pts',(-5.32527942291207,2.8779870594166,16.7432537600013));
#5960=CARTESIAN_POINT('Ctrl Pts',(-6.05323127393455,5.45448346272846E-14,
16.8023965030279));
#5961=CARTESIAN_POINT('Ctrl Pts',(-5.32527942291212,-2.87798705941652,16.8615392460545));
#5962=CARTESIAN_POINT('Ctrl Pts',(-3.3165695906062,-5.06380902049269,16.9206819890811));
#5963=CARTESIAN_POINT('Ctrl Pts',(-0.510119703284862,-6.03165440835568,
16.9798247321076));
#5964=CARTESIAN_POINT('Ctrl Pts',(2.41886752318644,-5.54896408925507,17.0389674751342));
#5965=CARTESIAN_POINT('Ctrl Pts',(4.76632750647379,-3.73134100024656,17.0981102181608));
#5966=CARTESIAN_POINT('Ctrl Pts',(5.56638421626436,-1.92177751558633,17.1375387135118));
#5967=CARTESIAN_POINT('Ctrl Pts',(5.72754981687971,-0.975828589168688,17.1572529611874));
#5968=CARTESIAN_POINT('Ctrl Pts',(5.58567751823582,0.951657163436158,16.5306303711093));
#5969=CARTESIAN_POINT('Ctrl Pts',(5.42850401458212,1.87417478800897,16.5503446187848));
#5970=CARTESIAN_POINT('Ctrl Pts',(4.6482648337686,3.63891510406853,16.5897731141359));
#5971=CARTESIAN_POINT('Ctrl Pts',(2.35895179890625,5.41151538682473,16.6489158571625));
#5972=CARTESIAN_POINT('Ctrl Pts',(-0.497483958995816,5.88224939174333,16.708058600189));
#5973=CARTESIAN_POINT('Ctrl Pts',(-3.2344176466728,4.93837768447644,16.7672013432156));
#5974=CARTESIAN_POINT('Ctrl Pts',(-5.19337142441278,2.80669887290733,16.8263440862422));
#5975=CARTESIAN_POINT('Ctrl Pts',(-5.9032917950102,3.96042929685066E-14,
16.8854868292688));
#5976=CARTESIAN_POINT('Ctrl Pts',(-5.19337142441282,-2.80669887290727,16.9446295722954));
#5977=CARTESIAN_POINT('Ctrl Pts',(-3.23441764667285,-4.93837768447642,17.0037723153219));
#5978=CARTESIAN_POINT('Ctrl Pts',(-0.497483958995854,-5.88224939174332,
17.0629150583485));
#5979=CARTESIAN_POINT('Ctrl Pts',(2.35895179890621,-5.41151538682475,17.1220578013751));
#5980=CARTESIAN_POINT('Ctrl Pts',(4.64826483376858,-3.63891510406856,17.1812005444017));
#5981=CARTESIAN_POINT('Ctrl Pts',(5.42850401458211,-1.87417478800901,17.2206290397527));
#5982=CARTESIAN_POINT('Ctrl Pts',(5.58567751823582,-0.951657163436195,17.2403432874282));
#5983=CARTESIAN_POINT('Ctrl Pts',(5.44380521959192,0.92748573770369,16.6137206973502));
#5984=CARTESIAN_POINT('Ctrl Pts',(5.29062381289986,1.82657206043168,16.6334349450257));
#5985=CARTESIAN_POINT('Ctrl Pts',(4.53020216106338,3.54648920789055,16.6728634403768));
#5986=CARTESIAN_POINT('Ctrl Pts',(2.29903607462599,5.27406668439443,16.7320061834033));
#5987=CARTESIAN_POINT('Ctrl Pts',(-0.484848214706837,5.73284437513096,16.7911489264299));
#5988=CARTESIAN_POINT('Ctrl Pts',(-3.15226570273947,4.81294634846016,16.8502916694565));
#5989=CARTESIAN_POINT('Ctrl Pts',(-5.0614634259135,2.73541068639805,16.9094344124831));
#5990=CARTESIAN_POINT('Ctrl Pts',(-5.75335231608584,2.6442387221488E-14,
16.9685771555097));
#5991=CARTESIAN_POINT('Ctrl Pts',(-5.06146342591352,-2.73541068639802,17.0277198985362));
#5992=CARTESIAN_POINT('Ctrl Pts',(-3.15226570273949,-4.81294634846015,17.0868626415628));
#5993=CARTESIAN_POINT('Ctrl Pts',(-0.484848214706847,-5.73284437513096,
17.1460053845894));
#5994=CARTESIAN_POINT('Ctrl Pts',(2.29903607462597,-5.27406668439444,17.205148127616));
#5995=CARTESIAN_POINT('Ctrl Pts',(4.53020216106338,-3.54648920789056,17.2642908706425));
#5996=CARTESIAN_POINT('Ctrl Pts',(5.29062381289986,-1.82657206043169,17.3037193659936));
#5997=CARTESIAN_POINT('Ctrl Pts',(5.44380521959192,-0.927485737703701,17.3234336136691));
#5998=CARTESIAN_POINT('',(5.86942211552358,-1.00000001490139,17.0741626349465));
#5999=CARTESIAN_POINT('Ctrl Pts',(5.43095249773903,-1.00000001490111,17.3218417389471));
#6000=CARTESIAN_POINT('Ctrl Pts',(5.50406309933284,-1.00000001490111,17.2806153378494));
#6001=CARTESIAN_POINT('Ctrl Pts',(5.57723889681728,-1.00000001490116,17.2393135060021));
#6002=CARTESIAN_POINT('Ctrl Pts',(5.72334127241376,-1.00000001490116,17.1567817320514));
#6003=CARTESIAN_POINT('Ctrl Pts',(5.79642679982806,-1.00000001490118,17.115462050304));
#6004=CARTESIAN_POINT('Ctrl Pts',(5.86942211552361,-1.00000001490118,17.0741626349465));
#6005=CARTESIAN_POINT('',(5.86942211552365,1.00000001490097,16.3644497186276));
#6006=CARTESIAN_POINT('Ctrl Pts',(5.86942211552361,1.00000001490118,16.3644497186276));
#6007=CARTESIAN_POINT('Ctrl Pts',(5.79641910774778,1.00000001490118,16.4062451116245));
#6008=CARTESIAN_POINT('Ctrl Pts',(5.72333291760708,1.00000001490116,16.4480751744542));
#6009=CARTESIAN_POINT('Ctrl Pts',(5.57723030502929,1.00000001490116,16.5316664076379));
#6010=CARTESIAN_POINT('Ctrl Pts',(5.50405372819026,1.00000001490118,16.5735191813536));
#6011=CARTESIAN_POINT('Ctrl Pts',(5.43095249773901,1.00000001490118,16.6153125720722));
#6012=CARTESIAN_POINT('Ctrl Pts',(5.86942211552359,-1.00000001490131,17.0741626349465));
#6013=CARTESIAN_POINT('Ctrl Pts',(5.70426441794658,-1.96938024316374,17.054448387271));
#6014=CARTESIAN_POINT('Ctrl Pts',(5.29432729856277,-2.89657356979417,17.0347341395954));
#6015=CARTESIAN_POINT('Ctrl Pts',(4.68842425025215,-3.67061121565284,17.0150198919199));
#6016=CARTESIAN_POINT('Ctrl Pts',(4.08252120194154,-4.44464886151151,16.9953056442444));
#6017=CARTESIAN_POINT('Ctrl Pts',(3.28065222470413,-5.06553082659843,16.9755913965689));
#6018=CARTESIAN_POINT('Ctrl Pts',(2.37946128691201,-5.458412914689,16.9558771488933));
#6019=CARTESIAN_POINT('Ctrl Pts',(1.47827034911986,-5.85129500277959,16.9361629012178));
#6020=CARTESIAN_POINT('Ctrl Pts',(0.477757450772994,-6.01617721387382,16.9164486535423));
#6021=CARTESIAN_POINT('Ctrl Pts',(-0.501826679561391,-5.93331514134442,
16.8967344058668));
#6022=CARTESIAN_POINT('Ctrl Pts',(-1.48141080989575,-5.85045306881501,16.8770201581912));
#6023=CARTESIAN_POINT('Ctrl Pts',(-2.44006617221763,-5.51984671266199,16.8573059105157));
#6024=CARTESIAN_POINT('Ctrl Pts',(-3.26247150119054,-4.98121601615497,16.8375916628402));
#6025=CARTESIAN_POINT('Ctrl Pts',(-4.08487683016349,-4.44258531964792,16.8178774151647));
#6026=CARTESIAN_POINT('Ctrl Pts',(-4.77103212578746,-3.69593028278684,16.7981631674891));
#6027=CARTESIAN_POINT('Ctrl Pts',(-5.2384403288407,-2.83105689003532,16.7784489198136));
#6028=CARTESIAN_POINT('Ctrl Pts',(-5.70584853189392,-1.96618349728382,16.7587346721381));
#6029=CARTESIAN_POINT('Ctrl Pts',(-5.95450964237641,-0.983091748641874,
16.7390204244626));
#6030=CARTESIAN_POINT('Ctrl Pts',(-5.9545096423764,6.58501031480794E-14,
16.719306176787));
#6031=CARTESIAN_POINT('Ctrl Pts',(-5.95450964237639,0.983091748642006,16.6995919291115));
#6032=CARTESIAN_POINT('Ctrl Pts',(-5.70584853189387,1.96618349728394,16.679877681436));
#6033=CARTESIAN_POINT('Ctrl Pts',(-5.23844032884063,2.83105689003543,16.6601634337605));
#6034=CARTESIAN_POINT('Ctrl Pts',(-4.77103212578739,3.69593028278692,16.6404491860849));
#6035=CARTESIAN_POINT('Ctrl Pts',(-4.08487683016343,4.44258531964797,16.6207349384094));
#6036=CARTESIAN_POINT('Ctrl Pts',(-3.2624715011905,4.98121601615499,16.6010206907339));
#6037=CARTESIAN_POINT('Ctrl Pts',(-2.44006617221757,5.51984671266202,16.5813064430584));
#6038=CARTESIAN_POINT('Ctrl Pts',(-1.48141080989567,5.85045306881503,16.5615921953828));
#6039=CARTESIAN_POINT('Ctrl Pts',(-0.501826679561302,5.93331514134442,16.5418779477073));
#6040=CARTESIAN_POINT('Ctrl Pts',(0.477757450773071,6.01617721387381,16.5221637000318));
#6041=CARTESIAN_POINT('Ctrl Pts',(1.47827034911991,5.85129500277957,16.5024494523562));
#6042=CARTESIAN_POINT('Ctrl Pts',(2.37946128691205,5.45841291468898,16.4827352046807));
#6043=CARTESIAN_POINT('Ctrl Pts',(3.28065222470419,5.06553082659839,16.4630209570052));
#6044=CARTESIAN_POINT('Ctrl Pts',(4.08252120194162,4.44464886151144,16.4433067093297));
#6045=CARTESIAN_POINT('Ctrl Pts',(4.68842425025223,3.67061121565273,16.4235924616541));
#6046=CARTESIAN_POINT('Ctrl Pts',(5.29432729856285,2.89657356979403,16.4038782139786));
#6047=CARTESIAN_POINT('Ctrl Pts',(5.70426441794664,1.96938024316356,16.3841639663031));
#6048=CARTESIAN_POINT('Ctrl Pts',(5.86942211552362,1.00000001490109,16.3644497186276));
#6049=CARTESIAN_POINT('Ctrl Pts',(5.86942211552363,1.00000001490105,17.1144497186276));
#6050=CARTESIAN_POINT('Ctrl Pts',(5.70426441794666,1.96938024316352,17.1341639663031));
#6051=CARTESIAN_POINT('Ctrl Pts',(4.88438582077342,3.82376645198394,17.1735924616541));
#6052=CARTESIAN_POINT('Ctrl Pts',(2.47878317148865,5.68641300909284,17.2327352046807));
#6053=CARTESIAN_POINT('Ctrl Pts',(-0.522756228510763,6.18105971051966,17.2918779477073));
#6054=CARTESIAN_POINT('Ctrl Pts',(-3.39872157831854,5.18924060026543,17.3510206907339));
#6055=CARTESIAN_POINT('Ctrl Pts',(-5.45718785852579,2.94927540532956,17.4101634337605));
#6056=CARTESIAN_POINT('Ctrl Pts',(-6.20317098403642,2.52088208647048E-14,
17.469306176787));
#6057=CARTESIAN_POINT('Ctrl Pts',(-5.45718785852582,-2.94927540532951,17.5284489198136));
#6058=CARTESIAN_POINT('Ctrl Pts',(-3.39872157831858,-5.1892406002654,17.5875916628402));
#6059=CARTESIAN_POINT('Ctrl Pts',(-0.522756228510814,-6.18105971051965,
17.6467344058668));
#6060=CARTESIAN_POINT('Ctrl Pts',(2.4787831714886,-5.68641300909287,17.7058771488933));
#6061=CARTESIAN_POINT('Ctrl Pts',(4.88438582077339,-3.82376645198398,17.7650198919199));
#6062=CARTESIAN_POINT('Ctrl Pts',(5.70426441794664,-1.96938024316357,17.804448387271));
#6063=CARTESIAN_POINT('Ctrl Pts',(5.86942211552362,-1.0000000149011,17.8241626349465));
#6064=CARTESIAN_POINT('Ctrl Pts',(5.72754981687973,0.975828589168583,17.1975400448684));
#6065=CARTESIAN_POINT('Ctrl Pts',(5.5663842162644,1.92177751558623,17.217254292544));
#6066=CARTESIAN_POINT('Ctrl Pts',(4.76632325341707,3.73134056654872,17.256682787895));
#6067=CARTESIAN_POINT('Ctrl Pts',(2.41886744904489,5.54896430140749,17.3158255309216));
#6068=CARTESIAN_POINT('Ctrl Pts',(-0.510120465345421,6.03165468700511,17.3749682739482));
#6069=CARTESIAN_POINT('Ctrl Pts',(-3.316569633327,5.06380925835721,17.4341110169747));
#6070=CARTESIAN_POINT('Ctrl Pts',(-5.32527984946083,2.87798721496727,17.4932537600013));
#6071=CARTESIAN_POINT('Ctrl Pts',(-6.05323149952417,1.47247785424677E-14,
17.5523965030279));
#6072=CARTESIAN_POINT('Ctrl Pts',(-5.32527984946084,-2.87798721496725,17.6115392460545));
#6073=CARTESIAN_POINT('Ctrl Pts',(-3.31656963332702,-5.06380925835719,17.6706819890811));
#6074=CARTESIAN_POINT('Ctrl Pts',(-0.510120465345445,-6.03165468700511,
17.7298247321076));
#6075=CARTESIAN_POINT('Ctrl Pts',(2.41886744904487,-5.5489643014075,17.7889674751342));
#6076=CARTESIAN_POINT('Ctrl Pts',(4.76632325341706,-3.73134056654874,17.8481102181608));
#6077=CARTESIAN_POINT('Ctrl Pts',(5.56638421626439,-1.92177751558625,17.8875387135118));
#6078=CARTESIAN_POINT('Ctrl Pts',(5.72754981687973,-0.975828589168608,17.9072529611874));
#6079=CARTESIAN_POINT('Ctrl Pts',(5.58567751823583,0.951657163436117,17.2806303711093));
#6080=CARTESIAN_POINT('Ctrl Pts',(5.42850401458214,1.87417478800893,17.3003446187848));
#6081=CARTESIAN_POINT('Ctrl Pts',(4.64826068606073,3.6389146811135,17.3397731141359));
#6082=CARTESIAN_POINT('Ctrl Pts',(2.35895172660113,5.41151559372214,17.3989158571625));
#6083=CARTESIAN_POINT('Ctrl Pts',(-0.497484702180085,5.88224966349056,17.4580586001891));
#6084=CARTESIAN_POINT('Ctrl Pts',(-3.23441768833546,4.93837791644898,17.5172013432156));
#6085=CARTESIAN_POINT('Ctrl Pts',(-5.19337184039586,2.80669902460498,17.5763440862422));
#6086=CARTESIAN_POINT('Ctrl Pts',(-5.90329201501193,-2.82715748015381E-15,
17.6354868292688));
#6087=CARTESIAN_POINT('Ctrl Pts',(-5.19337184039586,-2.80669902460497,17.6946295722954));
#6088=CARTESIAN_POINT('Ctrl Pts',(-3.23441768833546,-4.93837791644898,17.7537723153219));
#6089=CARTESIAN_POINT('Ctrl Pts',(-0.497484702180082,-5.88224966349056,
17.8129150583485));
#6090=CARTESIAN_POINT('Ctrl Pts',(2.35895172660113,-5.41151559372215,17.8720578013751));
#6091=CARTESIAN_POINT('Ctrl Pts',(4.64826068606073,-3.6389146811135,17.9312005444017));
#6092=CARTESIAN_POINT('Ctrl Pts',(5.42850401458214,-1.87417478800893,17.9706290397527));
#6093=CARTESIAN_POINT('Ctrl Pts',(5.58567751823583,-0.951657163436116,17.9903432874282));
#6094=CARTESIAN_POINT('Ctrl Pts',(5.44380521959193,0.92748573770365,17.3637206973502));
#6095=CARTESIAN_POINT('Ctrl Pts',(5.29062381289988,1.82657206043164,17.3834349450257));
#6096=CARTESIAN_POINT('Ctrl Pts',(4.53019811870438,3.54648879567828,17.4228634403768));
#6097=CARTESIAN_POINT('Ctrl Pts',(2.29903600415737,5.27406688603679,17.4820061834033));
#6098=CARTESIAN_POINT('Ctrl Pts',(-0.484848939014743,5.73284463997601,17.5411489264299));
#6099=CARTESIAN_POINT('Ctrl Pts',(-3.15226574334393,4.81294657454075,17.6002916694565));
#6100=CARTESIAN_POINT('Ctrl Pts',(-5.0614638313309,2.73541083424269,17.6594344124831));
#6101=CARTESIAN_POINT('Ctrl Pts',(-5.75335253049968,-1.4606980314128E-14,
17.7185771555097));
#6102=CARTESIAN_POINT('Ctrl Pts',(-5.06146383133088,-2.73541083424271,17.7777198985362));
#6103=CARTESIAN_POINT('Ctrl Pts',(-3.1522657433439,-4.81294657454077,17.8368626415628));
#6104=CARTESIAN_POINT('Ctrl Pts',(-0.484848939014715,-5.73284463997601,
17.8960053845894));
#6105=CARTESIAN_POINT('Ctrl Pts',(2.2990360041574,-5.27406688603678,17.955148127616));
#6106=CARTESIAN_POINT('Ctrl Pts',(4.5301981187044,-3.54648879567826,18.0142908706425));
#6107=CARTESIAN_POINT('Ctrl Pts',(5.29062381289988,-1.82657206043161,18.0537193659936));
#6108=CARTESIAN_POINT('Ctrl Pts',(5.44380521959193,-0.927485737703625,18.0734336136691));
#6109=CARTESIAN_POINT('',(5.86942211552357,-1.00000001490139,17.8241626349465));
#6110=CARTESIAN_POINT('Ctrl Pts',(5.43095249773904,-1.00000001490108,18.0718417389471));
#6111=CARTESIAN_POINT('Ctrl Pts',(5.50406309933939,-1.00000001490108,18.0306153378457));
#6112=CARTESIAN_POINT('Ctrl Pts',(5.57723889683181,-1.00000001490116,17.9893135059939));
#6113=CARTESIAN_POINT('Ctrl Pts',(5.72334127240748,-1.00000001490116,17.9067817320549));
#6114=CARTESIAN_POINT('Ctrl Pts',(5.79642679981419,-1.00000001490114,17.8654620503119));
#6115=CARTESIAN_POINT('Ctrl Pts',(5.86942211552362,-1.00000001490114,17.8241626349465));
#6116=CARTESIAN_POINT('',(5.86942211552365,1.00000001490097,17.1144497186276));
#6117=CARTESIAN_POINT('Ctrl Pts',(5.86942211552362,1.00000001490113,17.1144497186276));
#6118=CARTESIAN_POINT('Ctrl Pts',(5.79641910772322,1.00000001490113,17.1562451116385));
#6119=CARTESIAN_POINT('Ctrl Pts',(5.72333291759606,1.00000001490116,17.1980751744605));
#6120=CARTESIAN_POINT('Ctrl Pts',(5.57723030504306,1.00000001490116,17.2816664076301));
#6121=CARTESIAN_POINT('Ctrl Pts',(5.50405372819649,1.00000001490118,17.32351918135));
#6122=CARTESIAN_POINT('Ctrl Pts',(5.43095249773902,1.00000001490118,17.3653125720722));
#6123=CARTESIAN_POINT('Ctrl Pts',(5.8694221155236,-1.00000001490122,17.8241626349465));
#6124=CARTESIAN_POINT('Ctrl Pts',(5.70426441794661,-1.96938024316365,17.804448387271));
#6125=CARTESIAN_POINT('Ctrl Pts',(5.29432511935999,-2.8965733475738,17.7847341395955));
#6126=CARTESIAN_POINT('Ctrl Pts',(4.68842169518591,-3.67061099263035,17.7650198919199));
#6127=CARTESIAN_POINT('Ctrl Pts',(4.08251827101179,-4.44464863768695,17.7453056442444));
#6128=CARTESIAN_POINT('Ctrl Pts',(3.28065072125017,-5.06553082338992,17.7255913965689));
#6129=CARTESIAN_POINT('Ctrl Pts',(2.37946037970278,-5.45841303314587,17.7058771488933));
#6130=CARTESIAN_POINT('Ctrl Pts',(1.47827003815544,-5.8512952429018,17.6861629012178));
#6131=CARTESIAN_POINT('Ctrl Pts',(0.477756904822334,-6.01617747671072,17.6664486535423));
#6132=CARTESIAN_POINT('Ctrl Pts',(-0.501827220145497,-5.93331540857282,
17.6467344058668));
#6133=CARTESIAN_POINT('Ctrl Pts',(-1.48141134511337,-5.85045334043491,17.6270201581912));
#6134=CARTESIAN_POINT('Ctrl Pts',(-2.44006646171597,-5.51984697035016,17.6073059105157));
#6135=CARTESIAN_POINT('Ctrl Pts',(-3.26247173338515,-4.98121625281847,17.5875916628402));
#6136=CARTESIAN_POINT('Ctrl Pts',(-4.08487700505432,-4.44258553528677,17.5678774151647));
#6137=CARTESIAN_POINT('Ctrl Pts',(-4.77103243179007,-3.69593047030814,17.5481631674891));
#6138=CARTESIAN_POINT('Ctrl Pts',(-5.23844066607638,-2.83105703693055,17.5284489198136));
#6139=CARTESIAN_POINT('Ctrl Pts',(-5.70584890036268,-1.96618360355299,17.5087346721381));
#6140=CARTESIAN_POINT('Ctrl Pts',(-5.95450994219955,-0.983091801776481,
17.4890204244626));
#6141=CARTESIAN_POINT('Ctrl Pts',(-5.95450994219954,2.49800180540657E-14,
17.469306176787));
#6142=CARTESIAN_POINT('Ctrl Pts',(-5.95450994219954,0.983091801776531,17.4495919291115));
#6143=CARTESIAN_POINT('Ctrl Pts',(-5.70584890036267,1.96618360355304,17.429877681436));
#6144=CARTESIAN_POINT('Ctrl Pts',(-5.23844066607636,2.8310570369306,17.4101634337605));
#6145=CARTESIAN_POINT('Ctrl Pts',(-4.77103243179003,3.69593047030819,17.3904491860849));
#6146=CARTESIAN_POINT('Ctrl Pts',(-4.08487700505426,4.44258553528683,17.3707349384094));
#6147=CARTESIAN_POINT('Ctrl Pts',(-3.26247173338507,4.98121625281852,17.3510206907339));
#6148=CARTESIAN_POINT('Ctrl Pts',(-2.44006646171591,5.51984697035018,17.3313064430584));
#6149=CARTESIAN_POINT('Ctrl Pts',(-1.48141134511333,5.85045334043492,17.3115921953828));
#6150=CARTESIAN_POINT('Ctrl Pts',(-0.501827220145489,5.93331540857282,17.2918779477073));
#6151=CARTESIAN_POINT('Ctrl Pts',(0.47775690482237,6.01617747671072,17.2721637000318));
#6152=CARTESIAN_POINT('Ctrl Pts',(1.4782700381555,5.85129524290178,17.2524494523563));
#6153=CARTESIAN_POINT('Ctrl Pts',(2.37946037970286,5.45841303314583,17.2327352046807));
#6154=CARTESIAN_POINT('Ctrl Pts',(3.28065072125023,5.06553082338988,17.2130209570052));
#6155=CARTESIAN_POINT('Ctrl Pts',(4.08251827101183,4.4446486376869,17.1933067093297));
#6156=CARTESIAN_POINT('Ctrl Pts',(4.68842169518594,3.67061099263031,17.1735924616541));
#6157=CARTESIAN_POINT('Ctrl Pts',(5.29432511936004,2.89657334757372,17.1538782139786));
#6158=CARTESIAN_POINT('Ctrl Pts',(5.70426441794665,1.96938024316352,17.1341639663031));
#6159=CARTESIAN_POINT('Ctrl Pts',(5.86942211552363,1.00000001490105,17.1144497186276));
#6160=CARTESIAN_POINT('Ctrl Pts',(5.86942211552361,1.00000001490117,17.8644497186276));
#6161=CARTESIAN_POINT('Ctrl Pts',(5.70426441794662,1.96938024316364,17.8841639663031));
#6162=CARTESIAN_POINT('Ctrl Pts',(4.88438158510333,3.82376602341721,17.9235924616542));
#6163=CARTESIAN_POINT('Ctrl Pts',(2.47878305287021,5.68641322046985,17.9827352046807));
#6164=CARTESIAN_POINT('Ctrl Pts',(-0.522756999893832,6.18105999305496,18.0418779477073));
#6165=CARTESIAN_POINT('Ctrl Pts',(-3.39872163602006,5.18924084246564,18.1010206907339));
#6166=CARTESIAN_POINT('Ctrl Pts',(-5.45718828998171,2.94927556333892,18.1601634337605));
#6167=CARTESIAN_POINT('Ctrl Pts',(-6.2031712196035,-1.61514122996832E-14,
18.219306176787));
#6168=CARTESIAN_POINT('Ctrl Pts',(-5.4571882899817,-2.94927556333895,18.2784489198136));
#6169=CARTESIAN_POINT('Ctrl Pts',(-3.39872163602003,-5.18924084246566,18.3375916628402));
#6170=CARTESIAN_POINT('Ctrl Pts',(-0.5227569998938,-6.18105999305497,18.3967344058668));
#6171=CARTESIAN_POINT('Ctrl Pts',(2.47878305287024,-5.68641322046983,18.4558771488933));
#6172=CARTESIAN_POINT('Ctrl Pts',(4.88438158510335,-3.82376602341719,18.5150198919199));
#6173=CARTESIAN_POINT('Ctrl Pts',(5.70426441794663,-1.96938024316361,18.554448387271));
#6174=CARTESIAN_POINT('Ctrl Pts',(5.86942211552362,-1.00000001490114,18.5741626349465));
#6175=CARTESIAN_POINT('Ctrl Pts',(5.72754981687971,0.975828589168704,17.9475400448684));
#6176=CARTESIAN_POINT('Ctrl Pts',(5.56638421626436,1.92177751558634,17.967254292544));
#6177=CARTESIAN_POINT('Ctrl Pts',(4.76631912012917,3.73134014834106,18.006682787895));
#6178=CARTESIAN_POINT('Ctrl Pts',(2.41886733329363,5.54896450767521,18.0658255309216));
#6179=CARTESIAN_POINT('Ctrl Pts',(-0.510121218083063,6.03165496271113,18.1249682739482));
#6180=CARTESIAN_POINT('Ctrl Pts',(-3.3165696896338,5.06380949470309,18.1841110169748));
#6181=CARTESIAN_POINT('Ctrl Pts',(-5.32528027048784,2.87798736915732,18.2432537600013));
#6182=CARTESIAN_POINT('Ctrl Pts',(-6.05323172939727,-2.76212558168495E-14,
18.3023965030279));
#6183=CARTESIAN_POINT('Ctrl Pts',(-5.32528027048781,-2.87798736915737,18.3615392460545));
#6184=CARTESIAN_POINT('Ctrl Pts',(-3.31656968963375,-5.06380949470312,18.4206819890811));
#6185=CARTESIAN_POINT('Ctrl Pts',(-0.510121218083007,-6.03165496271114,
18.4798247321076));
#6186=CARTESIAN_POINT('Ctrl Pts',(2.41886733329368,-5.54896450767519,18.5389674751342));
#6187=CARTESIAN_POINT('Ctrl Pts',(4.7663191201292,-3.73134014834101,18.5981102181608));
#6188=CARTESIAN_POINT('Ctrl Pts',(5.56638421626438,-1.92177751558629,18.6375387135119));
#6189=CARTESIAN_POINT('Ctrl Pts',(5.72754981687972,-0.97582858916865,18.6572529611874));
#6190=CARTESIAN_POINT('Ctrl Pts',(5.58567751823581,0.951657163436235,18.0306303711093));
#6191=CARTESIAN_POINT('Ctrl Pts',(5.4285040145821,1.87417478800905,18.0503446187848));
#6192=CARTESIAN_POINT('Ctrl Pts',(4.64825665515501,3.63891427326491,18.0897731141359));
#6193=CARTESIAN_POINT('Ctrl Pts',(2.35895161371705,5.41151579488058,18.1489158571625));
#6194=CARTESIAN_POINT('Ctrl Pts',(-0.497485436272298,5.8822499323673,18.208058600189));
#6195=CARTESIAN_POINT('Ctrl Pts',(-3.23441774324753,4.93837814694054,18.2672013432156));
#6196=CARTESIAN_POINT('Ctrl Pts',(-5.19337225099397,2.80669917497571,18.3263440862422));
#6197=CARTESIAN_POINT('Ctrl Pts',(-5.90329223919103,-4.06126091883338E-14,
18.3854868292688));
#6198=CARTESIAN_POINT('Ctrl Pts',(-5.19337225099394,-2.80669917497579,18.4446295722954));
#6199=CARTESIAN_POINT('Ctrl Pts',(-3.23441774324746,-4.93837814694059,18.5037723153219));
#6200=CARTESIAN_POINT('Ctrl Pts',(-0.497485436272217,-5.88224993236731,
18.5629150583485));
#6201=CARTESIAN_POINT('Ctrl Pts',(2.35895161371712,-5.41151579488054,18.6220578013751));
#6202=CARTESIAN_POINT('Ctrl Pts',(4.64825665515506,-3.63891427326485,18.6812005444017));
#6203=CARTESIAN_POINT('Ctrl Pts',(5.42850401458212,-1.87417478800897,18.7206290397527));
#6204=CARTESIAN_POINT('Ctrl Pts',(5.58567751823582,-0.951657163436157,18.7403432874282));
#6205=CARTESIAN_POINT('Ctrl Pts',(5.44380521959191,0.927485737703765,18.1137206973502));
#6206=CARTESIAN_POINT('Ctrl Pts',(5.29062381289984,1.82657206043175,18.1334349450257));
#6207=CARTESIAN_POINT('Ctrl Pts',(4.53019419018085,3.54648839818876,18.1728634403768));
#6208=CARTESIAN_POINT('Ctrl Pts',(2.29903589414046,5.27406708208594,18.2320061834033));
#6209=CARTESIAN_POINT('Ctrl Pts',(-0.484849654461529,5.73284490202348,18.2911489264299));
#6210=CARTESIAN_POINT('Ctrl Pts',(-3.15226579686126,4.81294679917799,18.3502916694565));
#6211=CARTESIAN_POINT('Ctrl Pts',(-5.0614642315001,2.73541098079411,18.4094344124831));
#6212=CARTESIAN_POINT('Ctrl Pts',(-5.75335274898479,-5.25506095837518E-14,
18.4685771555096));
#6213=CARTESIAN_POINT('Ctrl Pts',(-5.06146423150005,-2.73541098079421,18.5277198985362));
#6214=CARTESIAN_POINT('Ctrl Pts',(-3.15226579686117,-4.81294679917805,18.5868626415628));
#6215=CARTESIAN_POINT('Ctrl Pts',(-0.484849654461424,-5.73284490202348,
18.6460053845894));
#6216=CARTESIAN_POINT('Ctrl Pts',(2.29903589414056,-5.2740670820859,18.705148127616));
#6217=CARTESIAN_POINT('Ctrl Pts',(4.53019419018091,-3.54648839818867,18.7642908706425));
#6218=CARTESIAN_POINT('Ctrl Pts',(5.29062381289987,-1.82657206043165,18.8037193659936));
#6219=CARTESIAN_POINT('Ctrl Pts',(5.44380521959193,-0.927485737703665,18.8234336136691));
#6220=CARTESIAN_POINT('',(5.86942211552357,-1.00000001490139,18.5741626349465));
#6221=CARTESIAN_POINT('Ctrl Pts',(5.43095249773903,-1.00000001490112,18.8218417389471));
#6222=CARTESIAN_POINT('Ctrl Pts',(5.50406309933283,-1.00000001490112,18.7806153378494));
#6223=CARTESIAN_POINT('Ctrl Pts',(5.57723889681727,-1.00000001490116,18.7393135060021));
#6224=CARTESIAN_POINT('Ctrl Pts',(5.72334127240748,-1.00000001490116,18.6567817320549));
#6225=CARTESIAN_POINT('Ctrl Pts',(5.79642679981418,-1.00000001490114,18.6154620503119));
#6226=CARTESIAN_POINT('Ctrl Pts',(5.86942211552362,-1.00000001490114,18.5741626349465));
#6227=CARTESIAN_POINT('',(5.86942211552365,1.00000001490097,17.8644497186276));
#6228=CARTESIAN_POINT('Ctrl Pts',(5.86942211552361,1.00000001490117,17.8644497186276));
#6229=CARTESIAN_POINT('Ctrl Pts',(5.79641910773604,1.00000001490117,17.9062451116312));
#6230=CARTESIAN_POINT('Ctrl Pts',(5.72333291760179,1.00000001490119,17.9480751744572));
#6231=CARTESIAN_POINT('Ctrl Pts',(5.57723030506149,1.00000001490119,18.0316664076195));
#6232=CARTESIAN_POINT('Ctrl Pts',(5.50405372820471,1.00000001490114,18.0735191813453));
#6233=CARTESIAN_POINT('Ctrl Pts',(5.43095249773902,1.00000001490114,18.1153125720722));
#6234=CARTESIAN_POINT('Ctrl Pts',(5.8694221155236,-1.00000001490123,18.5741626349465));
#6235=CARTESIAN_POINT('Ctrl Pts',(5.7042644179466,-1.96938024316367,18.554448387271));
#6236=CARTESIAN_POINT('Ctrl Pts',(5.29432300152497,-2.89657313329042,18.5347341395955));
#6237=CARTESIAN_POINT('Ctrl Pts',(4.68841920460865,-3.67061077786256,18.5150198919199));
#6238=CARTESIAN_POINT('Ctrl Pts',(4.08251540769231,-4.44464842243473,18.4953056442444));
#6239=CARTESIAN_POINT('Ctrl Pts',(3.28064923028128,-5.06553082145228,18.4755913965689));
#6240=CARTESIAN_POINT('Ctrl Pts',(2.37945946611509,-5.45841314972524,18.4558771488934));
#6241=CARTESIAN_POINT('Ctrl Pts',(1.47826970194889,-5.85129547799821,18.4361629012178));
#6242=CARTESIAN_POINT('Ctrl Pts',(0.477756351027547,-6.01617773552659,18.4164486535423));
#6243=CARTESIAN_POINT('Ctrl Pts',(-0.501827763787498,-5.93331567252589,
18.3967344058668));
#6244=CARTESIAN_POINT('Ctrl Pts',(-1.48141187860254,-5.8504536095252,18.3770201581912));
#6245=CARTESIAN_POINT('Ctrl Pts',(-2.44006675731129,-5.51984722599543,18.3573059105157));
#6246=CARTESIAN_POINT('Ctrl Pts',(-3.26247197232594,-4.98121648770942,18.3375916628402));
#6247=CARTESIAN_POINT('Ctrl Pts',(-4.08487718734058,-4.44258574942342,18.3178774151647));
#6248=CARTESIAN_POINT('Ctrl Pts',(-4.77103273866114,-3.69593065638118,18.2981631674891));
#6249=CARTESIAN_POINT('Ctrl Pts',(-5.23844100259172,-2.83105718263691,18.2784489198136));
#6250=CARTESIAN_POINT('Ctrl Pts',(-5.7058492665223,-1.96618370889264,18.2587346721381));
#6251=CARTESIAN_POINT('Ctrl Pts',(-5.9545102430629,-0.983091854446327,18.2390204244626));
#6252=CARTESIAN_POINT('Ctrl Pts',(-5.9545102430629,-1.58900670399478E-14,
18.219306176787));
#6253=CARTESIAN_POINT('Ctrl Pts',(-5.9545102430629,0.983091854446295,18.1995919291115));
#6254=CARTESIAN_POINT('Ctrl Pts',(-5.70584926652231,1.96618370889261,18.179877681436));
#6255=CARTESIAN_POINT('Ctrl Pts',(-5.23844100259173,2.83105718263688,18.1601634337605));
#6256=CARTESIAN_POINT('Ctrl Pts',(-4.77103273866116,3.69593065638116,18.1404491860849));
#6257=CARTESIAN_POINT('Ctrl Pts',(-4.08487718734061,4.4425857494234,18.1207349384094));
#6258=CARTESIAN_POINT('Ctrl Pts',(-3.26247197232596,4.98121648770941,18.1010206907339));
#6259=CARTESIAN_POINT('Ctrl Pts',(-2.44006675731132,5.51984722599541,18.0813064430584));
#6260=CARTESIAN_POINT('Ctrl Pts',(-1.48141187860257,5.85045360952519,18.0615921953828));
#6261=CARTESIAN_POINT('Ctrl Pts',(-0.501827763787529,5.93331567252589,18.0418779477073));
#6262=CARTESIAN_POINT('Ctrl Pts',(0.477756351027516,6.01617773552659,18.0221637000318));
#6263=CARTESIAN_POINT('Ctrl Pts',(1.47826970194886,5.85129547799822,18.0024494523563));
#6264=CARTESIAN_POINT('Ctrl Pts',(2.37945946611506,5.45841314972526,17.9827352046807));
#6265=CARTESIAN_POINT('Ctrl Pts',(3.28064923028126,5.06553082145229,17.9630209570052));
#6266=CARTESIAN_POINT('Ctrl Pts',(4.08251540769231,4.44464842243474,17.9433067093297));
#6267=CARTESIAN_POINT('Ctrl Pts',(4.68841920460866,3.67061077786256,17.9235924616542));
#6268=CARTESIAN_POINT('Ctrl Pts',(5.29432300152498,2.8965731332904,17.9038782139786));
#6269=CARTESIAN_POINT('Ctrl Pts',(5.70426441794662,1.96938024316363,17.8841639663031));
#6270=CARTESIAN_POINT('Ctrl Pts',(5.86942211552361,1.00000001490117,17.8644497186276));
#6271=CARTESIAN_POINT('Ctrl Pts',(5.86942211552365,1.00000001490096,18.6144497186276));
#6272=CARTESIAN_POINT('Ctrl Pts',(5.70426441794669,1.96938024316344,18.6341639663031));
#6273=CARTESIAN_POINT('Ctrl Pts',(4.88437746627895,3.82376560994265,18.6735924616541));
#6274=CARTESIAN_POINT('Ctrl Pts',(2.4787828948852,5.68641342619427,18.7327352046807));
#6275=CARTESIAN_POINT('Ctrl Pts',(-0.522757762609729,6.1810602726109,18.7918779477073));
#6276=CARTESIAN_POINT('Ctrl Pts',(-3.39872170692227,5.18924108309742,18.8510206907339));
#6277=CARTESIAN_POINT('Ctrl Pts',(-5.45718871627313,2.94927571997735,18.9101634337605));
#6278=CARTESIAN_POINT('Ctrl Pts',(-6.20317145927004,1.18042385276819E-13,
18.969306176787));
#6279=CARTESIAN_POINT('Ctrl Pts',(-5.45718871627325,-2.94927571997715,19.0284489198136));
#6280=CARTESIAN_POINT('Ctrl Pts',(-3.39872170692247,-5.18924108309729,19.0875916628402));
#6281=CARTESIAN_POINT('Ctrl Pts',(-0.522757762609963,-6.18106027261089,
19.1467344058668));
#6282=CARTESIAN_POINT('Ctrl Pts',(2.47878289488498,-5.68641342619436,19.2058771488933));
#6283=CARTESIAN_POINT('Ctrl Pts',(4.88437746627881,-3.82376560994284,19.2650198919199));
#6284=CARTESIAN_POINT('Ctrl Pts',(5.70426441794662,-1.96938024316366,19.304448387271));
#6285=CARTESIAN_POINT('Ctrl Pts',(5.86942211552361,-1.00000001490119,19.3241626349465));
#6286=CARTESIAN_POINT('Ctrl Pts',(5.72754981687975,0.975828589168499,18.6975400448684));
#6287=CARTESIAN_POINT('Ctrl Pts',(5.56638421626443,1.92177751558615,18.717254292544));
#6288=CARTESIAN_POINT('Ctrl Pts',(4.76631510086264,3.73133974486077,18.756682787895));
#6289=CARTESIAN_POINT('Ctrl Pts',(2.41886717912734,5.54896470842698,18.8158255309216));
#6290=CARTESIAN_POINT('Ctrl Pts',(-0.510121962363032,6.03165523550981,18.8749682739482));
#6291=CARTESIAN_POINT('Ctrl Pts',(-3.3165697588222,5.06380972951846,18.9341110169747));
#6292=CARTESIAN_POINT('Ctrl Pts',(-5.32528068647519,2.87798752200958,18.9932537600013));
#6293=CARTESIAN_POINT('Ctrl Pts',(-6.05323196327072,1.0222586862889E-13,
19.0523965030279));
#6294=CARTESIAN_POINT('Ctrl Pts',(-5.32528068647529,-2.8779875220094,19.1115392460545));
#6295=CARTESIAN_POINT('Ctrl Pts',(-3.31656975882237,-5.06380972951834,19.1706819890811));
#6296=CARTESIAN_POINT('Ctrl Pts',(-0.510121962363233,-6.0316552355098,19.2298247321077));
#6297=CARTESIAN_POINT('Ctrl Pts',(2.41886717912715,-5.54896470842706,19.2889674751342));
#6298=CARTESIAN_POINT('Ctrl Pts',(4.76631510086252,-3.73133974486094,19.3481102181608));
#6299=CARTESIAN_POINT('Ctrl Pts',(5.56638421626436,-1.92177751558633,19.3875387135118));
#6300=CARTESIAN_POINT('Ctrl Pts',(5.72754981687971,-0.975828589168692,19.4072529611874));
#6301=CARTESIAN_POINT('Ctrl Pts',(5.58567751823585,0.951657163436035,18.7806303711093));
#6302=CARTESIAN_POINT('Ctrl Pts',(5.42850401458217,1.87417478800885,18.8003446187848));
#6303=CARTESIAN_POINT('Ctrl Pts',(4.64825273544634,3.63891387977889,18.8397731141359));
#6304=CARTESIAN_POINT('Ctrl Pts',(2.35895146336948,5.41151599065969,18.8989158571625));
#6305=CARTESIAN_POINT('Ctrl Pts',(-0.497486162116332,5.88225019840871,18.958058600189));
#6306=CARTESIAN_POINT('Ctrl Pts',(-3.23441781072213,4.9383783759395,19.0172013432156));
#6307=CARTESIAN_POINT('Ctrl Pts',(-5.19337265667725,2.8066993240418,19.0763440862422));
#6308=CARTESIAN_POINT('Ctrl Pts',(-5.9032924672714,8.73397353131931E-14,
19.1354868292688));
#6309=CARTESIAN_POINT('Ctrl Pts',(-5.19337265667734,-2.80669932404165,19.1946295722954));
#6310=CARTESIAN_POINT('Ctrl Pts',(-3.23441781072227,-4.9383783759394,19.2537723153219));
#6311=CARTESIAN_POINT('Ctrl Pts',(-0.497486162116505,-5.8822501984087,19.3129150583485));
#6312=CARTESIAN_POINT('Ctrl Pts',(2.35895146336932,-5.41151599065976,19.3720578013751));
#6313=CARTESIAN_POINT('Ctrl Pts',(4.64825273544623,-3.63891387977903,19.4312005444017));
#6314=CARTESIAN_POINT('Ctrl Pts',(5.42850401458211,-1.87417478800901,19.4706290397527));
#6315=CARTESIAN_POINT('Ctrl Pts',(5.58567751823582,-0.951657163436198,19.4903432874282));
#6316=CARTESIAN_POINT('Ctrl Pts',(5.44380521959194,0.92748573770357,18.8637206973502));
#6317=CARTESIAN_POINT('Ctrl Pts',(5.2906238128999,1.82657206043156,18.8834349450257));
#6318=CARTESIAN_POINT('Ctrl Pts',(4.53019037003003,3.54648801469701,18.9228634403768));
#6319=CARTESIAN_POINT('Ctrl Pts',(2.29903574761162,5.27406727289241,18.9820061834033));
#6320=CARTESIAN_POINT('Ctrl Pts',(-0.484850361869635,5.73284516130762,19.0411489264299));
#6321=CARTESIAN_POINT('Ctrl Pts',(-3.15226586262205,4.81294702236053,19.1002916694565));
#6322=CARTESIAN_POINT('Ctrl Pts',(-5.06146462687931,2.73541112607402,19.1594344124831));
#6323=CARTESIAN_POINT('Ctrl Pts',(-5.75335297127208,7.17558144983224E-14,
19.2185771555097));
#6324=CARTESIAN_POINT('Ctrl Pts',(-5.06146462687938,-2.7354111260739,19.2777198985362));
#6325=CARTESIAN_POINT('Ctrl Pts',(-3.15226586262217,-4.81294702236045,19.3368626415628));
#6326=CARTESIAN_POINT('Ctrl Pts',(-0.484850361869775,-5.73284516130761,
19.3960053845894));
#6327=CARTESIAN_POINT('Ctrl Pts',(2.29903574761149,-5.27406727289246,19.455148127616));
#6328=CARTESIAN_POINT('Ctrl Pts',(4.53019037002994,-3.54648801469712,19.5142908706426));
#6329=CARTESIAN_POINT('Ctrl Pts',(5.29062381289986,-1.82657206043169,19.5537193659936));
#6330=CARTESIAN_POINT('Ctrl Pts',(5.44380521959192,-0.927485737703705,19.5734336136691));
#6331=CARTESIAN_POINT('',(5.86942211552358,-1.00000001490135,19.3241626349465));
#6332=CARTESIAN_POINT('Ctrl Pts',(5.43095249773902,-1.00000001490116,19.5718417389471));
#6333=CARTESIAN_POINT('Ctrl Pts',(5.50406309933563,-1.00000001490116,19.5306153378478));
#6334=CARTESIAN_POINT('Ctrl Pts',(5.57723889682349,-1.0000000149012,19.4893135059986));
#6335=CARTESIAN_POINT('Ctrl Pts',(5.72334127240576,-1.0000000149012,19.4067817320559));
#6336=CARTESIAN_POINT('Ctrl Pts',(5.79642679981035,-1.00000001490119,19.3654620503141));
#6337=CARTESIAN_POINT('Ctrl Pts',(5.86942211552361,-1.00000001490119,19.3241626349465));
#6338=CARTESIAN_POINT('',(5.86942211552365,1.00000001490096,18.6144497186276));
#6339=CARTESIAN_POINT('Ctrl Pts',(5.86942211552362,1.00000001490113,18.6144497186276));
#6340=CARTESIAN_POINT('Ctrl Pts',(5.79641910773495,1.00000001490113,18.6562451116318));
#6341=CARTESIAN_POINT('Ctrl Pts',(5.72333291760128,1.00000001490111,18.6980751744575));
#6342=CARTESIAN_POINT('Ctrl Pts',(5.57723030502434,1.00000001490111,18.7816664076408));
#6343=CARTESIAN_POINT('Ctrl Pts',(5.5040537281881,1.00000001490118,18.8235191813548));
#6344=CARTESIAN_POINT('Ctrl Pts',(5.43095249773902,1.00000001490118,18.8653125720722));
#6345=CARTESIAN_POINT('Ctrl Pts',(5.86942211552361,-1.00000001490118,19.3241626349465));
#6346=CARTESIAN_POINT('Ctrl Pts',(5.70426441794661,-1.96938024316365,19.304448387271));
#6347=CARTESIAN_POINT('Ctrl Pts',(5.29432094211271,-2.89657292655325,19.2847341395955));
#6348=CARTESIAN_POINT('Ctrl Pts',(4.68841677563012,-3.67061057095663,19.2650198919199));
#6349=CARTESIAN_POINT('Ctrl Pts',(4.08251260914754,-4.44464821536001,19.2453056442444));
#6350=CARTESIAN_POINT('Ctrl Pts',(3.28064775201627,-5.06553082077717,19.2255913965689));
#6351=CARTESIAN_POINT('Ctrl Pts',(2.37945854720149,-5.45841326455518,19.2058771488933));
#6352=CARTESIAN_POINT('Ctrl Pts',(1.47826934238668,-5.8512957083332,19.1861629012178));
#6353=CARTESIAN_POINT('Ctrl Pts',(0.477755789888342,-6.01617799047204,19.1664486535423));
#6354=CARTESIAN_POINT('Ctrl Pts',(-0.501828310412917,-5.93331593328919,
19.1467344058668));
#6355=CARTESIAN_POINT('Ctrl Pts',(-1.48141241071415,-5.85045387610634,19.1270201581912));
#6356=CARTESIAN_POINT('Ctrl Pts',(-2.44006705881831,-5.51984747960182,19.1073059105157));
#6357=CARTESIAN_POINT('Ctrl Pts',(-3.26247221776218,-4.98121672082953,19.0875916628402));
#6358=CARTESIAN_POINT('Ctrl Pts',(-4.08487737670606,-4.44258596205724,19.0678774151647));
#6359=CARTESIAN_POINT('Ctrl Pts',(-4.77103304648965,-3.69593084101719,19.0481631674891));
#6360=CARTESIAN_POINT('Ctrl Pts',(-5.23844133854758,-2.83105732716762,19.0284489198136));
#6361=CARTESIAN_POINT('Ctrl Pts',(-5.70584963060551,-1.96618381331806,19.0087346721381));
#6362=CARTESIAN_POINT('Ctrl Pts',(-5.95451054493777,-0.98309190665897,18.9890204244626));
#6363=CARTESIAN_POINT('Ctrl Pts',(-5.95451054493775,1.12687636999453E-13,
18.969306176787));
#6364=CARTESIAN_POINT('Ctrl Pts',(-5.95451054493773,0.983091906659195,18.9495919291115));
#6365=CARTESIAN_POINT('Ctrl Pts',(-5.70584963060543,1.96618381331827,18.929877681436));
#6366=CARTESIAN_POINT('Ctrl Pts',(-5.23844133854747,2.83105732716782,18.9101634337605));
#6367=CARTESIAN_POINT('Ctrl Pts',(-4.77103304648951,3.69593084101737,18.8904491860849));
#6368=CARTESIAN_POINT('Ctrl Pts',(-4.08487737670589,4.4425859620574,18.8707349384094));
#6369=CARTESIAN_POINT('Ctrl Pts',(-3.262472217762,4.98121672082965,18.8510206907339));
#6370=CARTESIAN_POINT('Ctrl Pts',(-2.4400670588181,5.51984747960191,18.8313064430584));
#6371=CARTESIAN_POINT('Ctrl Pts',(-1.48141241071393,5.8504538761064,18.8115921953828));
#6372=CARTESIAN_POINT('Ctrl Pts',(-0.501828310412693,5.93331593328921,18.7918779477073));
#6373=CARTESIAN_POINT('Ctrl Pts',(0.47775578988857,6.01617799047202,18.7721637000318));
#6374=CARTESIAN_POINT('Ctrl Pts',(1.4782693423869,5.85129570833314,18.7524494523562));
#6375=CARTESIAN_POINT('Ctrl Pts',(2.37945854720169,5.45841326455509,18.7327352046807));
#6376=CARTESIAN_POINT('Ctrl Pts',(3.28064775201646,5.06553082077705,18.7130209570052));
#6377=CARTESIAN_POINT('Ctrl Pts',(4.0825126091477,4.44464821535985,18.6933067093297));
#6378=CARTESIAN_POINT('Ctrl Pts',(4.68841677563026,3.67061057095645,18.6735924616541));
#6379=CARTESIAN_POINT('Ctrl Pts',(5.29432094211282,2.89657292655305,18.6538782139786));
#6380=CARTESIAN_POINT('Ctrl Pts',(5.70426441794669,1.96938024316344,18.6341639663031));
#6381=CARTESIAN_POINT('Ctrl Pts',(5.86942211552365,1.00000001490096,18.6144497186276));
#6382=CARTESIAN_POINT('Ctrl Pts',(5.86942211552363,1.00000001490109,19.3644497186276));
#6383=CARTESIAN_POINT('Ctrl Pts',(5.70426441794665,1.96938024316356,19.3841639663031));
#6384=CARTESIAN_POINT('Ctrl Pts',(4.88437345880512,3.82376521083119,19.4235924616541));
#6385=CARTESIAN_POINT('Ctrl Pts',(2.47878270052996,5.6864136266134,19.4827352046807));
#6386=CARTESIAN_POINT('Ctrl Pts',(-0.522758517444148,6.18106054922715,19.5418779477073));
#6387=CARTESIAN_POINT('Ctrl Pts',(-3.39872179036113,5.18924132215055,19.6010206907339));
#6388=CARTESIAN_POINT('Ctrl Pts',(-5.45718913785012,2.94927587526661,19.6601634337605));
#6389=CARTESIAN_POINT('Ctrl Pts',(-6.20317170277743,-1.37532563396156E-14,
19.719306176787));
#6390=CARTESIAN_POINT('Ctrl Pts',(-5.45718913785011,-2.94927587526663,19.7784489198136));
#6391=CARTESIAN_POINT('Ctrl Pts',(-3.39872179036111,-5.18924132215057,19.8375916628402));
#6392=CARTESIAN_POINT('Ctrl Pts',(-0.522758517444122,-6.18106054922714,
19.8967344058668));
#6393=CARTESIAN_POINT('Ctrl Pts',(2.47878270052999,-5.68641362661339,19.9558771488934));
#6394=CARTESIAN_POINT('Ctrl Pts',(4.88437345880514,-3.82376521083117,20.0150198919199));
#6395=CARTESIAN_POINT('Ctrl Pts',(5.70426441794666,-1.96938024316354,20.054448387271));
#6396=CARTESIAN_POINT('Ctrl Pts',(5.86942211552363,-1.00000001490106,20.0741626349465));
#6397=CARTESIAN_POINT('Ctrl Pts',(5.72754981687973,0.97582858916862,19.4475400448684));
#6398=CARTESIAN_POINT('Ctrl Pts',(5.56638421626439,1.92177751558626,19.467254292544));
#6399=CARTESIAN_POINT('Ctrl Pts',(4.76631119025517,3.73133935539641,19.506682787895));
#6400=CARTESIAN_POINT('Ctrl Pts',(2.41886698946995,5.54896490400169,19.5658255309216));
#6401=CARTESIAN_POINT('Ctrl Pts',(-0.510122698952028,6.03165550543984,19.6249682739482));
#6402=CARTESIAN_POINT('Ctrl Pts',(-3.31656984024422,5.06380996279334,19.6841110169748));
#6403=CARTESIAN_POINT('Ctrl Pts',(-5.32528109786206,2.87798767354527,19.7432537600013));
#6404=CARTESIAN_POINT('Ctrl Pts',(-6.05323220089219,-2.42704523640276E-14,
19.8023965030279));
#6405=CARTESIAN_POINT('Ctrl Pts',(-5.32528109786204,-2.87798767354532,19.8615392460545));
#6406=CARTESIAN_POINT('Ctrl Pts',(-3.31656984024418,-5.06380996279336,19.9206819890811));
#6407=CARTESIAN_POINT('Ctrl Pts',(-0.510122698951975,-6.03165550543984,
19.9798247321076));
#6408=CARTESIAN_POINT('Ctrl Pts',(2.41886698947,-5.54896490400167,20.0389674751342));
#6409=CARTESIAN_POINT('Ctrl Pts',(4.7663111902552,-3.73133935539636,20.0981102181608));
#6410=CARTESIAN_POINT('Ctrl Pts',(5.5663842162644,-1.92177751558622,20.1375387135118));
#6411=CARTESIAN_POINT('Ctrl Pts',(5.72754981687973,-0.975828589168571,20.1572529611874));
#6412=CARTESIAN_POINT('Ctrl Pts',(5.58567751823583,0.951657163436153,19.5306303711093));
#6413=CARTESIAN_POINT('Ctrl Pts',(5.42850401458213,1.87417478800897,19.5503446187848));
#6414=CARTESIAN_POINT('Ctrl Pts',(4.64824892170522,3.63891349996162,19.5897731141359));
#6415=CARTESIAN_POINT('Ctrl Pts',(2.35895127840993,5.41151618138999,19.6489158571625));
#6416=CARTESIAN_POINT('Ctrl Pts',(-0.497486880459903,5.88225046165253,19.708058600189));
#6417=CARTESIAN_POINT('Ctrl Pts',(-3.23441789012731,4.93837860343612,19.7672013432156));
#6418=CARTESIAN_POINT('Ctrl Pts',(-5.193373057874,2.80669947182393,19.8263440862422));
#6419=CARTESIAN_POINT('Ctrl Pts',(-5.90329269900695,-3.90638709478158E-14,
19.8854868292688));
#6420=CARTESIAN_POINT('Ctrl Pts',(-5.19337305787397,-2.806699471824,19.9446295722954));
#6421=CARTESIAN_POINT('Ctrl Pts',(-3.23441789012725,-4.93837860343616,20.0037723153219));
#6422=CARTESIAN_POINT('Ctrl Pts',(-0.49748688045983,-5.88225046165254,20.0629150583485));
#6423=CARTESIAN_POINT('Ctrl Pts',(2.35895127841,-5.41151618138996,20.1220578013751));
#6424=CARTESIAN_POINT('Ctrl Pts',(4.64824892170526,-3.63891349996156,20.1812005444017));
#6425=CARTESIAN_POINT('Ctrl Pts',(5.42850401458215,-1.8741747880089,20.2206290397527));
#6426=CARTESIAN_POINT('Ctrl Pts',(5.58567751823584,-0.951657163436081,20.2403432874283));
#6427=CARTESIAN_POINT('Ctrl Pts',(5.44380521959192,0.927485737703685,19.6137206973502));
#6428=CARTESIAN_POINT('Ctrl Pts',(5.29062381289987,1.82657206043167,19.6334349450257));
#6429=CARTESIAN_POINT('Ctrl Pts',(4.53018665315526,3.54648764452683,19.6728634403768));
#6430=CARTESIAN_POINT('Ctrl Pts',(2.29903556734992,5.27406745877829,19.7320061834033));
#6431=CARTESIAN_POINT('Ctrl Pts',(-0.484851061967782,5.73284541786523,19.7911489264299));
#6432=CARTESIAN_POINT('Ctrl Pts',(-3.1522659400104,4.8129472440789,19.8502916694565));
#6433=CARTESIAN_POINT('Ctrl Pts',(-5.06146501788595,2.73541127010259,19.9094344124831));
#6434=CARTESIAN_POINT('Ctrl Pts',(-5.75335319712171,-5.03900820510287E-14,
19.9685771555097));
#6435=CARTESIAN_POINT('Ctrl Pts',(-5.0614650178859,-2.73541127010268,20.0277198985362));
#6436=CARTESIAN_POINT('Ctrl Pts',(-3.15226594001032,-4.81294724407895,20.0868626415628));
#6437=CARTESIAN_POINT('Ctrl Pts',(-0.484851061967682,-5.73284541786524,
20.1460053845894));
#6438=CARTESIAN_POINT('Ctrl Pts',(2.29903556735001,-5.27406745877824,20.205148127616));
#6439=CARTESIAN_POINT('Ctrl Pts',(4.53018665315532,-3.54648764452675,20.2642908706425));
#6440=CARTESIAN_POINT('Ctrl Pts',(5.2906238128999,-1.82657206043158,20.3037193659936));
#6441=CARTESIAN_POINT('Ctrl Pts',(5.44380521959194,-0.92748573770359,20.3234336136691));
#6442=CARTESIAN_POINT('',(5.86942211552359,-1.00000001490131,20.0741626349465));
#6443=CARTESIAN_POINT('Ctrl Pts',(5.43095249773903,-1.00000001490112,20.3218417389471));
#6444=CARTESIAN_POINT('Ctrl Pts',(5.5040630993349,-1.00000001490112,20.2806153378483));
#6445=CARTESIAN_POINT('Ctrl Pts',(5.57723889682186,-1.00000001490116,20.2393135059995));
#6446=CARTESIAN_POINT('Ctrl Pts',(5.72334127240752,-1.00000001490116,20.1567817320549));
#6447=CARTESIAN_POINT('Ctrl Pts',(5.79642679981425,-1.00000001490115,20.1154620503118));
#6448=CARTESIAN_POINT('Ctrl Pts',(5.86942211552362,-1.00000001490115,20.0741626349465));
#6449=CARTESIAN_POINT('',(5.86942211552364,1.000000014901,19.3644497186276));
#6450=CARTESIAN_POINT('Ctrl Pts',(5.86942211552361,1.00000001490117,19.3644497186276));
#6451=CARTESIAN_POINT('Ctrl Pts',(5.79641910773565,1.00000001490117,19.4062451116314));
#6452=CARTESIAN_POINT('Ctrl Pts',(5.72333291760159,1.00000001490115,19.4480751744574));
#6453=CARTESIAN_POINT('Ctrl Pts',(5.57723030502497,1.00000001490115,19.5316664076404));
#6454=CARTESIAN_POINT('Ctrl Pts',(5.50405372818833,1.00000001490121,19.5735191813547));
#6455=CARTESIAN_POINT('Ctrl Pts',(5.43095249773901,1.00000001490121,19.6153125720722));
#6456=CARTESIAN_POINT('Ctrl Pts',(5.86942211552363,-1.00000001490106,20.0741626349465));
#6457=CARTESIAN_POINT('Ctrl Pts',(5.70426441794665,-1.96938024316353,20.054448387271));
#6458=CARTESIAN_POINT('Ctrl Pts',(5.29431893837589,-2.89657272699735,20.0347341395955));
#6459=CARTESIAN_POINT('Ctrl Pts',(4.68841440554466,-3.67061037154463,20.0150198919199));
#6460=CARTESIAN_POINT('Ctrl Pts',(4.08250987271342,-4.44464801609191,19.9953056442444));
#6461=CARTESIAN_POINT('Ctrl Pts',(3.2806462866217,-5.06553082135265,19.9755913965689));
#6462=CARTESIAN_POINT('Ctrl Pts',(2.3794576239135,-5.45841337775197,19.9558771488934));
#6463=CARTESIAN_POINT('Ctrl Pts',(1.47826896120529,-5.8512959341513,19.9361629012178));
#6464=CARTESIAN_POINT('Ctrl Pts',(0.477755221880601,-6.01617824168922,19.9164486535423));
#6465=CARTESIAN_POINT('Ctrl Pts',(-0.501828859934572,-5.93331619094542,
19.8967344058668));
#6466=CARTESIAN_POINT('Ctrl Pts',(-1.48141294174977,-5.85045414020162,19.8770201581912));
#6467=CARTESIAN_POINT('Ctrl Pts',(-2.44006736605545,-5.51984773117609,19.8573059105157));
#6468=CARTESIAN_POINT('Ctrl Pts',(-3.26247246945646,-4.98121695218266,19.8375916628402));
#6469=CARTESIAN_POINT('Ctrl Pts',(-4.08487757285745,-4.44258617318924,19.8178774151647));
#6470=CARTESIAN_POINT('Ctrl Pts',(-4.77103335535378,-3.69593102422794,19.7981631674891));
#6471=CARTESIAN_POINT('Ctrl Pts',(-5.23844167408983,-2.83105747053618,19.7784489198136));
#6472=CARTESIAN_POINT('Ctrl Pts',(-5.70584999282588,-1.96618391684443,19.7587346721381));
#6473=CARTESIAN_POINT('Ctrl Pts',(-5.95451084780165,-0.98309195842222,19.7390204244626));
#6474=CARTESIAN_POINT('Ctrl Pts',(-5.95451084780166,-1.35308431126194E-14,
19.719306176787));
#6475=CARTESIAN_POINT('Ctrl Pts',(-5.95451084780166,0.983091958422193,19.6995919291115));
#6476=CARTESIAN_POINT('Ctrl Pts',(-5.70584999282589,1.9661839168444,19.679877681436));
#6477=CARTESIAN_POINT('Ctrl Pts',(-5.23844167408984,2.83105747053616,19.6601634337605));
#6478=CARTESIAN_POINT('Ctrl Pts',(-4.77103335535379,3.69593102422791,19.6404491860849));
#6479=CARTESIAN_POINT('Ctrl Pts',(-4.08487757285747,4.44258617318922,19.6207349384094));
#6480=CARTESIAN_POINT('Ctrl Pts',(-3.26247246945649,4.98121695218264,19.6010206907339));
#6481=CARTESIAN_POINT('Ctrl Pts',(-2.44006736605548,5.51984773117608,19.5813064430584));
#6482=CARTESIAN_POINT('Ctrl Pts',(-1.4814129417498,5.85045414020161,19.5615921953828));
#6483=CARTESIAN_POINT('Ctrl Pts',(-0.501828859934598,5.93331619094542,19.5418779477073));
#6484=CARTESIAN_POINT('Ctrl Pts',(0.477755221880575,6.01617824168922,19.5221637000318));
#6485=CARTESIAN_POINT('Ctrl Pts',(1.47826896120527,5.85129593415131,19.5024494523563));
#6486=CARTESIAN_POINT('Ctrl Pts',(2.37945762391348,5.45841337775198,19.4827352046807));
#6487=CARTESIAN_POINT('Ctrl Pts',(3.28064628662168,5.06553082135266,19.4630209570052));
#6488=CARTESIAN_POINT('Ctrl Pts',(4.0825098727134,4.44464801609193,19.4433067093297));
#6489=CARTESIAN_POINT('Ctrl Pts',(4.68841440554464,3.67061037154465,19.4235924616542));
#6490=CARTESIAN_POINT('Ctrl Pts',(5.29431893837588,2.89657272699737,19.4038782139786));
#6491=CARTESIAN_POINT('Ctrl Pts',(5.70426441794664,1.96938024316356,19.3841639663031));
#6492=CARTESIAN_POINT('Ctrl Pts',(5.86942211552362,1.00000001490109,19.3644497186276));
#6493=CARTESIAN_POINT('Ctrl Pts',(5.86942211552362,1.00000001490113,20.1144497186276));
#6494=CARTESIAN_POINT('Ctrl Pts',(5.70426441794663,1.9693802431636,20.1341639663031));
#6495=CARTESIAN_POINT('Ctrl Pts',(4.88436955754889,3.82376482540017,20.1735924616541));
#6496=CARTESIAN_POINT('Ctrl Pts',(2.47878247255262,5.68641382204619,20.2327352046807));
#6497=CARTESIAN_POINT('Ctrl Pts',(-0.522759265092581,6.18106082294556,20.2918779477073));
#6498=CARTESIAN_POINT('Ctrl Pts',(-3.39872188572274,5.18924155961745,20.3510206907339));
#6499=CARTESIAN_POINT('Ctrl Pts',(-5.45718955512277,2.9492760292283,20.4101634337605));
#6500=CARTESIAN_POINT('Ctrl Pts',(-6.20317194989471,3.19326161417619E-14,
20.469306176787));
#6501=CARTESIAN_POINT('Ctrl Pts',(-5.4571895551228,-2.94927602922824,20.5284489198136));
#6502=CARTESIAN_POINT('Ctrl Pts',(-3.39872188572279,-5.18924155961742,20.5875916628402));
#6503=CARTESIAN_POINT('Ctrl Pts',(-0.522759265092645,-6.18106082294555,
20.6467344058668));
#6504=CARTESIAN_POINT('Ctrl Pts',(2.47878247255256,-5.68641382204622,20.7058771488933));
#6505=CARTESIAN_POINT('Ctrl Pts',(4.88436955754885,-3.82376482540022,20.7650198919199));
#6506=CARTESIAN_POINT('Ctrl Pts',(5.70426441794661,-1.96938024316366,20.804448387271));
#6507=CARTESIAN_POINT('Ctrl Pts',(5.86942211552361,-1.00000001490119,20.8241626349465));
#6508=CARTESIAN_POINT('Ctrl Pts',(5.72754981687972,0.975828589168659,20.1975400448684));
#6509=CARTESIAN_POINT('Ctrl Pts',(5.56638421626437,1.9217775155863,20.217254292544));
#6510=CARTESIAN_POINT('Ctrl Pts',(4.76630738329786,3.7313389792818,20.256682787895));
#6511=CARTESIAN_POINT('Ctrl Pts',(2.41886676700314,5.5489650947106,20.3158255309216));
#6512=CARTESIAN_POINT('Ctrl Pts',(-0.51012342852873,6.03165577254209,20.3749682739482));
#6513=CARTESIAN_POINT('Ctrl Pts',(-3.3165699333008,5.06381019452032,20.4341110169747));
#6514=CARTESIAN_POINT('Ctrl Pts',(-5.32528150504864,2.87798782378548,20.4932537600013));
#6515=CARTESIAN_POINT('Ctrl Pts',(-6.0532324420363,2.04460635727828E-14,
20.5523965030279));
#6516=CARTESIAN_POINT('Ctrl Pts',(-5.32528150504865,-2.87798782378545,20.6115392460545));
#6517=CARTESIAN_POINT('Ctrl Pts',(-3.31656993330083,-5.0638101945203,20.6706819890811));
#6518=CARTESIAN_POINT('Ctrl Pts',(-0.510123428528768,-6.03165577254209,
20.7298247321076));
#6519=CARTESIAN_POINT('Ctrl Pts',(2.41886676700311,-5.54896509471061,20.7889674751342));
#6520=CARTESIAN_POINT('Ctrl Pts',(4.76630738329784,-3.73133897928183,20.8481102181608));
#6521=CARTESIAN_POINT('Ctrl Pts',(5.56638421626436,-1.92177751558633,20.8875387135119));
#6522=CARTESIAN_POINT('Ctrl Pts',(5.72754981687971,-0.975828589168695,20.9072529611874));
#6523=CARTESIAN_POINT('Ctrl Pts',(5.58567751823582,0.951657163436191,20.2806303711093));
#6524=CARTESIAN_POINT('Ctrl Pts',(5.42850401458211,1.87417478800901,20.3003446187848));
#6525=CARTESIAN_POINT('Ctrl Pts',(4.64824520904683,3.63891313316343,20.3397731141359));
#6526=CARTESIAN_POINT('Ctrl Pts',(2.35895106145366,5.41151636737501,20.3989158571625));
#6527=CARTESIAN_POINT('Ctrl Pts',(-0.497487591964881,5.88225072213862,20.458058600189));
#6528=CARTESIAN_POINT('Ctrl Pts',(-3.23441798087886,4.93837882942319,20.5172013432156));
#6529=CARTESIAN_POINT('Ctrl Pts',(-5.19337345497451,2.80669961834267,20.5763440862422));
#6530=CARTESIAN_POINT('Ctrl Pts',(-5.90329293417788,4.93921760466102E-15,
20.6354868292688));
#6531=CARTESIAN_POINT('Ctrl Pts',(-5.19337345497452,-2.80669961834266,20.6946295722954));
#6532=CARTESIAN_POINT('Ctrl Pts',(-3.23441798087887,-4.93837882942319,20.7537723153219));
#6533=CARTESIAN_POINT('Ctrl Pts',(-0.49748759196489,-5.88225072213862,20.8129150583485));
#6534=CARTESIAN_POINT('Ctrl Pts',(2.35895106145365,-5.41151636737501,20.8720578013751));
#6535=CARTESIAN_POINT('Ctrl Pts',(4.64824520904683,-3.63891313316343,20.9312005444017));
#6536=CARTESIAN_POINT('Ctrl Pts',(5.42850401458211,-1.87417478800902,20.9706290397527));
#6537=CARTESIAN_POINT('Ctrl Pts',(5.58567751823582,-0.951657163436201,20.9903432874282));
#6538=CARTESIAN_POINT('Ctrl Pts',(5.44380521959192,0.927485737703723,20.3637206973502));
#6539=CARTESIAN_POINT('Ctrl Pts',(5.29062381289985,1.82657206043171,20.3834349450257));
#6540=CARTESIAN_POINT('Ctrl Pts',(4.5301830347958,3.54648728704506,20.4228634403768));
#6541=CARTESIAN_POINT('Ctrl Pts',(2.29903535590418,5.27406764003941,20.4820061834033));
#6542=CARTESIAN_POINT('Ctrl Pts',(-0.484851755401029,5.73284567173515,20.5411489264299));
#6543=CARTESIAN_POINT('Ctrl Pts',(-3.15226602845693,4.81294746432606,20.6002916694565));
#6544=CARTESIAN_POINT('Ctrl Pts',(-5.06146540490038,2.73541141289986,20.6594344124831));
#6545=CARTESIAN_POINT('Ctrl Pts',(-5.75335342631946,-8.04058679828538E-15,
20.7185771555096));
#6546=CARTESIAN_POINT('Ctrl Pts',(-5.06146540490037,-2.73541141289987,20.7777198985362));
#6547=CARTESIAN_POINT('Ctrl Pts',(-3.15226602845692,-4.81294746432607,20.8368626415628));
#6548=CARTESIAN_POINT('Ctrl Pts',(-0.484851755401013,-5.73284567173515,
20.8960053845894));
#6549=CARTESIAN_POINT('Ctrl Pts',(2.2990353559042,-5.27406764003941,20.9551481276159));
#6550=CARTESIAN_POINT('Ctrl Pts',(4.53018303479581,-3.54648728704504,21.0142908706425));
#6551=CARTESIAN_POINT('Ctrl Pts',(5.29062381289986,-1.82657206043169,21.0537193659936));
#6552=CARTESIAN_POINT('Ctrl Pts',(5.44380521959192,-0.927485737703707,21.0734336136691));
#6553=CARTESIAN_POINT('',(5.8694221155236,-1.00000001490127,20.8241626349465));
#6554=CARTESIAN_POINT('Ctrl Pts',(5.43095249773902,-1.00000001490116,21.0718417389471));
#6555=CARTESIAN_POINT('Ctrl Pts',(5.50406309932396,-1.00000001490116,21.0306153378544));
#6556=CARTESIAN_POINT('Ctrl Pts',(5.57723889679751,-1.00000001490112,20.9893135060133));
#6557=CARTESIAN_POINT('Ctrl Pts',(5.7233412724159,-1.00000001490112,20.9067817320502));
#6558=CARTESIAN_POINT('Ctrl Pts',(5.79642679983284,-1.00000001490119,20.8654620503013));
#6559=CARTESIAN_POINT('Ctrl Pts',(5.86942211552361,-1.00000001490119,20.8241626349465));
#6560=CARTESIAN_POINT('',(5.86942211552363,1.00000001490104,20.1144497186276));
#6561=CARTESIAN_POINT('Ctrl Pts',(5.86942211552362,1.00000001490113,20.1144497186276));
#6562=CARTESIAN_POINT('Ctrl Pts',(5.79641910775556,1.00000001490113,20.15624511162));
#6563=CARTESIAN_POINT('Ctrl Pts',(5.72333291761063,1.00000001490111,20.1980751744522));
#6564=CARTESIAN_POINT('Ctrl Pts',(5.57723030502432,1.00000001490111,20.2816664076408));
#6565=CARTESIAN_POINT('Ctrl Pts',(5.50405372818804,1.00000001490117,20.3235191813549));
#6566=CARTESIAN_POINT('Ctrl Pts',(5.43095249773902,1.00000001490117,20.3653125720722));
#6567=CARTESIAN_POINT('Ctrl Pts',(5.86942211552359,-1.00000001490127,20.8241626349465));
#6568=CARTESIAN_POINT('Ctrl Pts',(5.70426441794658,-1.96938024316371,20.804448387271));
#6569=CARTESIAN_POINT('Ctrl Pts',(5.29431698774771,-2.89657253428196,20.7847341395955));
#6570=CARTESIAN_POINT('Ctrl Pts',(4.68841209181557,-3.67061017928208,20.7650198919199));
#6571=CARTESIAN_POINT('Ctrl Pts',(4.08250719588343,-4.44464782428219,20.7453056442444));
#6572=CARTESIAN_POINT('Ctrl Pts',(3.28064483421803,-5.06553082316418,20.7255913965689));
#6573=CARTESIAN_POINT('Ctrl Pts',(2.37945669711115,-5.45841348942174,20.7058771488934));
#6574=CARTESIAN_POINT('Ctrl Pts',(1.47826856000422,-5.85129615567932,20.6861629012178));
#6575=CARTESIAN_POINT('Ctrl Pts',(0.477754647455785,-6.01617848931244,20.6664486535423));
#6576=CARTESIAN_POINT('Ctrl Pts',(-0.501829412256801,-5.9333164455743,20.6467344058668));
#6577=CARTESIAN_POINT('Ctrl Pts',(-1.48141347196936,-5.85045440183617,20.6270201581913));
#6578=CARTESIAN_POINT('Ctrl Pts',(-2.44006767884607,-5.51984798072679,20.6073059105157));
#6579=CARTESIAN_POINT('Ctrl Pts',(-3.26247272718443,-4.98121718177391,20.5875916628402));
#6580=CARTESIAN_POINT('Ctrl Pts',(-4.08487777552279,-4.44258638282102,20.5678774151647));
#6581=CARTESIAN_POINT('Ctrl Pts',(-4.7710336653228,-3.69593120602463,20.5481631674891));
#6582=CARTESIAN_POINT('Ctrl Pts',(-5.23844200935145,-2.83105761275506,20.5284489198136));
#6583=CARTESIAN_POINT('Ctrl Pts',(-5.7058503533801,-1.96618401948548,20.5087346721381));
#6584=CARTESIAN_POINT('Ctrl Pts',(-5.95451115163741,-0.983092009742725,
20.4890204244626));
#6585=CARTESIAN_POINT('Ctrl Pts',(-5.9545111516374,3.08086889333478E-14,
20.469306176787));
#6586=CARTESIAN_POINT('Ctrl Pts',(-5.9545111516374,0.983092009742787,20.4495919291115));
#6587=CARTESIAN_POINT('Ctrl Pts',(-5.70585035338008,1.96618401948554,20.429877681436));
#6588=CARTESIAN_POINT('Ctrl Pts',(-5.23844200935142,2.83105761275511,20.4101634337605));
#6589=CARTESIAN_POINT('Ctrl Pts',(-4.77103366532276,3.69593120602468,20.3904491860849));
#6590=CARTESIAN_POINT('Ctrl Pts',(-4.08487777552275,4.44258638282107,20.3707349384094));
#6591=CARTESIAN_POINT('Ctrl Pts',(-3.26247272718438,4.98121718177394,20.3510206907339));
#6592=CARTESIAN_POINT('Ctrl Pts',(-2.44006767884602,5.51984798072682,20.3313064430584));
#6593=CARTESIAN_POINT('Ctrl Pts',(-1.4814134719693,5.85045440183619,20.3115921953828));
#6594=CARTESIAN_POINT('Ctrl Pts',(-0.501829412256739,5.93331644557431,20.2918779477073));
#6595=CARTESIAN_POINT('Ctrl Pts',(0.477754647455792,6.01617848931243,20.2721637000318));
#6596=CARTESIAN_POINT('Ctrl Pts',(1.47826856000416,5.85129615567932,20.2524494523562));
#6597=CARTESIAN_POINT('Ctrl Pts',(2.37945669711105,5.45841348942178,20.2327352046807));
#6598=CARTESIAN_POINT('Ctrl Pts',(3.280644834218,5.06553082316422,20.2130209570052));
#6599=CARTESIAN_POINT('Ctrl Pts',(4.08250719588345,4.4446478242822,20.1933067093297));
#6600=CARTESIAN_POINT('Ctrl Pts',(4.68841209181561,3.67061017928203,20.1735924616541));
#6601=CARTESIAN_POINT('Ctrl Pts',(5.29431698774774,2.89657253428191,20.1538782139786));
#6602=CARTESIAN_POINT('Ctrl Pts',(5.70426441794661,1.96938024316365,20.1341639663031));
#6603=CARTESIAN_POINT('Ctrl Pts',(5.86942211552361,1.00000001490121,20.1144497186276));
#6604=CARTESIAN_POINT('Ctrl Pts',(5.86942211552364,1.000000014901,20.8644497186276));
#6605=CARTESIAN_POINT('Ctrl Pts',(5.70426441794668,1.96938024316348,20.8841639663031));
#6606=CARTESIAN_POINT('Ctrl Pts',(4.88436575770818,3.82376445301062,20.9235924616541));
#6607=CARTESIAN_POINT('Ctrl Pts',(2.47878221347608,5.68641401278642,20.9827352046807));
#6608=CARTESIAN_POINT('Ctrl Pts',(-0.522760006172306,6.18106109380963,21.0418779477073));
#6609=CARTESIAN_POINT('Ctrl Pts',(-3.39872199243902,5.1892417954924,21.1010206907339));
#6610=CARTESIAN_POINT('Ctrl Pts',(-5.45718996846602,2.94927618188264,21.1601634337605));
#6611=CARTESIAN_POINT('Ctrl Pts',(-6.20317220041518,7.75235307905105E-14,
21.219306176787));
#6612=CARTESIAN_POINT('Ctrl Pts',(-5.4571899684661,-2.9492761818825,21.2784489198136));
#6613=CARTESIAN_POINT('Ctrl Pts',(-3.39872199243915,-5.18924179549231,21.3375916628402));
#6614=CARTESIAN_POINT('Ctrl Pts',(-0.52276000617246,-6.18106109380962,21.3967344058668));
#6615=CARTESIAN_POINT('Ctrl Pts',(2.47878221347594,-5.68641401278648,21.4558771488933));
#6616=CARTESIAN_POINT('Ctrl Pts',(4.88436575770808,-3.82376445301075,21.5150198919199));
#6617=CARTESIAN_POINT('Ctrl Pts',(5.70426441794663,-1.96938024316362,21.554448387271));
#6618=CARTESIAN_POINT('Ctrl Pts',(5.86942211552362,-1.00000001490115,21.5741626349465));
#6619=CARTESIAN_POINT('Ctrl Pts',(5.72754981687974,0.975828589168536,20.9475400448684));
#6620=CARTESIAN_POINT('Ctrl Pts',(5.56638421626442,1.92177751558618,20.967254292544));
#6621=CARTESIAN_POINT('Ctrl Pts',(4.76630367530471,3.73133861589344,21.006682787895));
#6622=CARTESIAN_POINT('Ctrl Pts',(2.41886651418885,5.54896528084036,21.0658255309216));
#6623=CARTESIAN_POINT('Ctrl Pts',(-0.510124151695502,6.03165603685899,21.1249682739482));
#6624=CARTESIAN_POINT('Ctrl Pts',(-3.3165700374376,5.06381042469383,21.1841110169748));
#6625=CARTESIAN_POINT('Ctrl Pts',(-5.3252819084008,2.87798797274995,21.2432537600013));
#6626=CARTESIAN_POINT('Ctrl Pts',(-6.05323268650132,6.31377209530962E-14,
21.3023965030279));
#6627=CARTESIAN_POINT('Ctrl Pts',(-5.32528190840085,-2.87798797274984,21.3615392460545));
#6628=CARTESIAN_POINT('Ctrl Pts',(-3.31657003743771,-5.06381042469376,21.4206819890811));
#6629=CARTESIAN_POINT('Ctrl Pts',(-0.510124151695627,-6.03165603685898,
21.4798247321076));
#6630=CARTESIAN_POINT('Ctrl Pts',(2.41886651418873,-5.54896528084041,21.5389674751342));
#6631=CARTESIAN_POINT('Ctrl Pts',(4.76630367530464,-3.73133861589354,21.5981102181608));
#6632=CARTESIAN_POINT('Ctrl Pts',(5.56638421626437,-1.9217775155863,21.6375387135119));
#6633=CARTESIAN_POINT('Ctrl Pts',(5.72754981687972,-0.975828589168656,21.6572529611874));
#6634=CARTESIAN_POINT('Ctrl Pts',(5.58567751823584,0.951657163436071,21.0306303711093));
#6635=CARTESIAN_POINT('Ctrl Pts',(5.42850401458215,1.87417478800889,21.0503446187848));
#6636=CARTESIAN_POINT('Ctrl Pts',(4.64824159290125,3.63891277877626,21.0897731141359));
#6637=CARTESIAN_POINT('Ctrl Pts',(2.35895081490162,5.4115165488943,21.1489158571625));
#6638=CARTESIAN_POINT('Ctrl Pts',(-0.497488297218698,5.88225097990835,21.2080586001891));
#6639=CARTESIAN_POINT('Ctrl Pts',(-3.23441808243618,4.93837905389527,21.2672013432156));
#6640=CARTESIAN_POINT('Ctrl Pts',(-5.19337384833557,2.80669976361727,21.3263440862422));
#6641=CARTESIAN_POINT('Ctrl Pts',(-5.90329317258747,4.70393147064659E-14,
21.3854868292688));
#6642=CARTESIAN_POINT('Ctrl Pts',(-5.19337384833561,-2.80669976361718,21.4446295722954));
#6643=CARTESIAN_POINT('Ctrl Pts',(-3.23441808243626,-4.93837905389522,21.5037723153219));
#6644=CARTESIAN_POINT('Ctrl Pts',(-0.497488297218794,-5.88225097990834,
21.5629150583485));
#6645=CARTESIAN_POINT('Ctrl Pts',(2.35895081490153,-5.41151654889434,21.6220578013751));
#6646=CARTESIAN_POINT('Ctrl Pts',(4.64824159290119,-3.63891277877633,21.6812005444017));
#6647=CARTESIAN_POINT('Ctrl Pts',(5.42850401458212,-1.87417478800898,21.7206290397527));
#6648=CARTESIAN_POINT('Ctrl Pts',(5.58567751823582,-0.951657163436163,21.7403432874282));
#6649=CARTESIAN_POINT('Ctrl Pts',(5.44380521959194,0.927485737703605,21.1137206973502));
#6650=CARTESIAN_POINT('Ctrl Pts',(5.29062381289989,1.82657206043159,21.1334349450257));
#6651=CARTESIAN_POINT('Ctrl Pts',(4.53017951049779,3.54648694165907,21.1728634403768));
#6652=CARTESIAN_POINT('Ctrl Pts',(2.29903511561439,5.27406781694825,21.2320061834033));
#6653=CARTESIAN_POINT('Ctrl Pts',(-0.484852442741895,5.73284592295771,21.2911489264299));
#6654=CARTESIAN_POINT('Ctrl Pts',(-3.15226612743476,4.8129476830967,21.3502916694565));
#6655=CARTESIAN_POINT('Ctrl Pts',(-5.06146578827034,2.73541155448458,21.4094344124831));
#6656=CARTESIAN_POINT('Ctrl Pts',(-5.75335365867362,3.34527165266857E-14,
21.4685771555096));
#6657=CARTESIAN_POINT('Ctrl Pts',(-5.06146578827037,-2.73541155448452,21.5277198985362));
#6658=CARTESIAN_POINT('Ctrl Pts',(-3.15226612743482,-4.81294768309667,21.5868626415628));
#6659=CARTESIAN_POINT('Ctrl Pts',(-0.484852442741963,-5.7328459229577,21.6460053845894));
#6660=CARTESIAN_POINT('Ctrl Pts',(2.29903511561433,-5.27406781694828,21.705148127616));
#6661=CARTESIAN_POINT('Ctrl Pts',(4.53017951049775,-3.54648694165912,21.7642908706425));
#6662=CARTESIAN_POINT('Ctrl Pts',(5.29062381289987,-1.82657206043166,21.8037193659936));
#6663=CARTESIAN_POINT('Ctrl Pts',(5.44380521959192,-0.92748573770367,21.8234336136691));
#6664=CARTESIAN_POINT('',(5.8694221155236,-1.00000001490123,21.5741626349465));
#6665=CARTESIAN_POINT('Ctrl Pts',(5.43095249773903,-1.00000001490112,21.8218417389471));
#6666=CARTESIAN_POINT('Ctrl Pts',(5.50406309933548,-1.00000001490112,21.7806153378479));
#6667=CARTESIAN_POINT('Ctrl Pts',(5.57723889682315,-1.00000001490116,21.7393135059988));
#6668=CARTESIAN_POINT('Ctrl Pts',(5.72334127240294,-1.00000001490116,21.6567817320575));
#6669=CARTESIAN_POINT('Ctrl Pts',(5.79642679980412,-1.00000001490115,21.6154620503176));
#6670=CARTESIAN_POINT('Ctrl Pts',(5.86942211552362,-1.00000001490115,21.5741626349465));
#6671=CARTESIAN_POINT('',(5.86942211552363,1.00000001490108,20.8644497186276));
#6672=CARTESIAN_POINT('Ctrl Pts',(5.86942211552361,1.00000001490117,20.8644497186276));
#6673=CARTESIAN_POINT('Ctrl Pts',(5.7964191077596,1.00000001490117,20.9062451116177));
#6674=CARTESIAN_POINT('Ctrl Pts',(5.72333291761246,1.00000001490115,20.9480751744511));
#6675=CARTESIAN_POINT('Ctrl Pts',(5.57723030500334,1.00000001490115,21.0316664076528));
#6676=CARTESIAN_POINT('Ctrl Pts',(5.50405372817861,1.00000001490121,21.0735191813602));
#6677=CARTESIAN_POINT('Ctrl Pts',(5.43095249773901,1.00000001490121,21.1153125720722));
#6678=CARTESIAN_POINT('Ctrl Pts',(5.86942211552361,-1.00000001490115,21.5741626349465));
#6679=CARTESIAN_POINT('Ctrl Pts',(5.70426441794662,-1.96938024316362,21.554448387271));
#6680=CARTESIAN_POINT('Ctrl Pts',(5.29431508782735,-2.89657234808718,21.5347341395955));
#6681=CARTESIAN_POINT('Ctrl Pts',(4.68840983206236,-3.67060999384492,21.5150198919199));
#6682=CARTESIAN_POINT('Ctrl Pts',(4.08250457629737,-4.44464763960266,21.4953056442444));
#6683=CARTESIAN_POINT('Ctrl Pts',(3.28064339488665,-5.06553082619457,21.4755913965689));
#6684=CARTESIAN_POINT('Ctrl Pts',(2.37945576757323,-5.45841359966104,21.4558771488933));
#6685=CARTESIAN_POINT('Ctrl Pts',(1.47826814025982,-5.85129637312752,21.4361629012178));
#6686=CARTESIAN_POINT('Ctrl Pts',(0.477754067043692,-6.01617873346856,21.4164486535423));
#6687=CARTESIAN_POINT('Ctrl Pts',(-0.501829967275481,-5.93331669725288,
21.3967344058668));
#6688=CARTESIAN_POINT('Ctrl Pts',(-1.48141400159468,-5.85045466103718,21.3770201581912));
#6689=CARTESIAN_POINT('Ctrl Pts',(-2.44006799701693,-5.51984822826474,21.3573059105157));
#6690=CARTESIAN_POINT('Ctrl Pts',(-3.26247299073255,-4.98121740961021,21.3375916628402));
#6691=CARTESIAN_POINT('Ctrl Pts',(-4.08487798444815,-4.44258659095569,21.3178774151647));
#6692=CARTESIAN_POINT('Ctrl Pts',(-4.77103397645712,-3.6959313864191,21.2981631674891));
#6693=CARTESIAN_POINT('Ctrl Pts',(-5.23844234445312,-2.83105775383704,21.2784489198136));
#6694=CARTESIAN_POINT('Ctrl Pts',(-5.70585071244912,-1.96618412125498,21.2587346721381));
#6695=CARTESIAN_POINT('Ctrl Pts',(-5.95451145643215,-0.983092060627449,
21.2390204244626));
#6696=CARTESIAN_POINT('Ctrl Pts',(-5.95451145643213,7.43849426498852E-14,
21.219306176787));
#6697=CARTESIAN_POINT('Ctrl Pts',(-5.95451145643212,0.983092060627598,21.1995919291115));
#6698=CARTESIAN_POINT('Ctrl Pts',(-5.70585071244907,1.96618412125512,21.179877681436));
#6699=CARTESIAN_POINT('Ctrl Pts',(-5.23844234445305,2.83105775383717,21.1601634337605));
#6700=CARTESIAN_POINT('Ctrl Pts',(-4.77103397645703,3.69593138641922,21.1404491860849));
#6701=CARTESIAN_POINT('Ctrl Pts',(-4.08487798444803,4.4425865909558,21.1207349384094));
#6702=CARTESIAN_POINT('Ctrl Pts',(-3.26247299073242,4.98121740961029,21.1010206907339));
#6703=CARTESIAN_POINT('Ctrl Pts',(-2.44006799701679,5.5198482282648,21.0813064430583));
#6704=CARTESIAN_POINT('Ctrl Pts',(-1.48141400159453,5.85045466103722,21.0615921953828));
#6705=CARTESIAN_POINT('Ctrl Pts',(-0.501829967275332,5.93331669725289,21.0418779477073));
#6706=CARTESIAN_POINT('Ctrl Pts',(0.477754067043843,6.01617873346856,21.0221637000318));
#6707=CARTESIAN_POINT('Ctrl Pts',(1.47826814025996,5.85129637312749,21.0024494523563));
#6708=CARTESIAN_POINT('Ctrl Pts',(2.37945576757337,5.45841359966099,20.9827352046807));
#6709=CARTESIAN_POINT('Ctrl Pts',(3.28064339488678,5.06553082619448,20.9630209570052));
#6710=CARTESIAN_POINT('Ctrl Pts',(4.08250457629747,4.44464763960255,20.9433067093297));
#6711=CARTESIAN_POINT('Ctrl Pts',(4.68840983206245,3.6706099938448,20.9235924616541));
#6712=CARTESIAN_POINT('Ctrl Pts',(5.29431508782742,2.89657234808705,20.9038782139786));
#6713=CARTESIAN_POINT('Ctrl Pts',(5.70426441794667,1.96938024316347,20.8841639663031));
#6714=CARTESIAN_POINT('Ctrl Pts',(5.86942211552364,1.000000014901,20.8644497186276));
#6715=CARTESIAN_POINT('Ctrl Pts',(5.86942211552366,1.00000001490087,21.6144497186276));
#6716=CARTESIAN_POINT('Ctrl Pts',(5.70426441794672,1.96938024316335,21.6341639663031));
#6717=CARTESIAN_POINT('Ctrl Pts',(4.88436205478454,3.82376409306377,21.6735924616541));
#6718=CARTESIAN_POINT('Ctrl Pts',(2.47878192561946,5.68641419910505,21.7327352046807));
#6719=CARTESIAN_POINT('Ctrl Pts',(-0.522760741231681,6.18106136186393,21.7918779477073));
#6720=CARTESIAN_POINT('Ctrl Pts',(-3.39872210998257,5.18924202977152,21.8510206907339));
#6721=CARTESIAN_POINT('Ctrl Pts',(-5.45719037822282,2.94927633324932,21.9101634337604));
#6722=CARTESIAN_POINT('Ctrl Pts',(-6.20317245415345,1.82841529996629E-13,
21.9693061767871));
#6723=CARTESIAN_POINT('Ctrl Pts',(-5.457190378223,-2.949276333249,22.0284489198136));
#6724=CARTESIAN_POINT('Ctrl Pts',(-3.39872210998285,-5.18924202977133,22.0875916628402));
#6725=CARTESIAN_POINT('Ctrl Pts',(-0.522760741231986,-6.18106136186391,
22.1467344058668));
#6726=CARTESIAN_POINT('Ctrl Pts',(2.47878192561918,-5.68641419910517,22.2058771488934));
#6727=CARTESIAN_POINT('Ctrl Pts',(4.88436205478434,-3.823764093064,22.2650198919199));
#6728=CARTESIAN_POINT('Ctrl Pts',(5.70426441794661,-1.96938024316366,22.304448387271));
#6729=CARTESIAN_POINT('Ctrl Pts',(5.86942211552361,-1.00000001490119,22.3241626349465));
#6730=CARTESIAN_POINT('Ctrl Pts',(5.72754981687976,0.975828589168412,21.6975400448684));
#6731=CARTESIAN_POINT('Ctrl Pts',(5.56638421626446,1.92177751558606,21.717254292544));
#6732=CARTESIAN_POINT('Ctrl Pts',(4.76630006188602,3.73133826464701,21.756682787895));
#6733=CARTESIAN_POINT('Ctrl Pts',(2.41886623329013,5.54896546265541,21.8158255309216));
#6734=CARTESIAN_POINT('Ctrl Pts',(-0.510124868987444,6.03165629843403,21.8749682739482));
#6735=CARTESIAN_POINT('Ctrl Pts',(-3.31657015213995,5.06381065331009,21.9341110169747));
#6736=CARTESIAN_POINT('Ctrl Pts',(-5.32528230825319,2.87798812045789,21.9932537600013));
#6737=CARTESIAN_POINT('Ctrl Pts',(-6.05323293410638,1.66384657340198E-13,
22.0523965030279));
#6738=CARTESIAN_POINT('Ctrl Pts',(-5.32528230825335,-2.8779881204576,22.1115392460545));
#6739=CARTESIAN_POINT('Ctrl Pts',(-3.31657015214021,-5.06381065330993,22.1706819890811));
#6740=CARTESIAN_POINT('Ctrl Pts',(-0.510124868987718,-6.03165629843402,
22.2298247321076));
#6741=CARTESIAN_POINT('Ctrl Pts',(2.41886623328988,-5.54896546265551,22.2889674751342));
#6742=CARTESIAN_POINT('Ctrl Pts',(4.76630006188584,-3.73133826464722,22.3481102181608));
#6743=CARTESIAN_POINT('Ctrl Pts',(5.56638421626436,-1.92177751558634,22.3875387135118));
#6744=CARTESIAN_POINT('Ctrl Pts',(5.72754981687971,-0.975828589168698,22.4072529611874));
#6745=CARTESIAN_POINT('Ctrl Pts',(5.58567751823586,0.95165716343595,21.7806303711093));
#6746=CARTESIAN_POINT('Ctrl Pts',(5.42850401458219,1.87417478800877,21.8003446187848));
#6747=CARTESIAN_POINT('Ctrl Pts',(4.6482380689875,3.63891243623025,21.8397731141359));
#6748=CARTESIAN_POINT('Ctrl Pts',(2.35895054096081,5.41151672620576,21.8989158571625));
#6749=CARTESIAN_POINT('Ctrl Pts',(-0.497488996743207,5.88225123500414,21.9580586001891));
#6750=CARTESIAN_POINT('Ctrl Pts',(-3.23441819429734,4.93837927684867,22.0172013432156));
#6751=CARTESIAN_POINT('Ctrl Pts',(-5.19337423828356,2.80669990766645,22.0763440862422));
#6752=CARTESIAN_POINT('Ctrl Pts',(-5.90329341405931,1.48225349581377E-13,
22.1354868292688));
#6753=CARTESIAN_POINT('Ctrl Pts',(-5.1933742382837,-2.8066999076662,22.1946295722954));
#6754=CARTESIAN_POINT('Ctrl Pts',(-3.23441819429756,-4.93837927684852,22.2537723153219));
#6755=CARTESIAN_POINT('Ctrl Pts',(-0.497488996743446,-5.88225123500412,
22.3129150583485));
#6756=CARTESIAN_POINT('Ctrl Pts',(2.35895054096059,-5.41151672620586,22.3720578013751));
#6757=CARTESIAN_POINT('Ctrl Pts',(4.64823806898734,-3.63891243623044,22.4312005444017));
#6758=CARTESIAN_POINT('Ctrl Pts',(5.42850401458211,-1.87417478800902,22.4706290397527));
#6759=CARTESIAN_POINT('Ctrl Pts',(5.58567751823582,-0.951657163436204,22.4903432874282));
#6760=CARTESIAN_POINT('Ctrl Pts',(5.44380521959196,0.927485737703488,21.8637206973502));
#6761=CARTESIAN_POINT('Ctrl Pts',(5.29062381289993,1.82657206043148,21.8834349450257));
#6762=CARTESIAN_POINT('Ctrl Pts',(4.53017607608898,3.5464866078135,21.9228634403768));
#6763=CARTESIAN_POINT('Ctrl Pts',(2.29903484863148,5.27406798975612,21.9820061834033));
#6764=CARTESIAN_POINT('Ctrl Pts',(-0.484853124498971,5.73284617157425,22.0411489264299));
#6765=CARTESIAN_POINT('Ctrl Pts',(-3.15226623645472,4.81294790038724,22.1002916694565));
#6766=CARTESIAN_POINT('Ctrl Pts',(-5.06146616831392,2.73541169487502,22.1594344124831));
#6767=CARTESIAN_POINT('Ctrl Pts',(-5.75335389401224,1.31654981251452E-13,
22.2185771555097));
#6768=CARTESIAN_POINT('Ctrl Pts',(-5.06146616831405,-2.73541169487479,22.2777198985362));
#6769=CARTESIAN_POINT('Ctrl Pts',(-3.15226623645492,-4.81294790038711,22.3368626415628));
#6770=CARTESIAN_POINT('Ctrl Pts',(-0.484853124499179,-5.73284617157423,
22.3960053845894));
#6771=CARTESIAN_POINT('Ctrl Pts',(2.29903484863129,-5.2740679897562,22.455148127616));
#6772=CARTESIAN_POINT('Ctrl Pts',(4.53017607608884,-3.54648660781366,22.5142908706425));
#6773=CARTESIAN_POINT('Ctrl Pts',(5.29062381289986,-1.8265720604317,22.5537193659936));
#6774=CARTESIAN_POINT('Ctrl Pts',(5.44380521959192,-0.92748573770371,22.5734336136691));
#6775=CARTESIAN_POINT('',(5.86942211552361,-1.00000001490119,22.3241626349465));
#6776=CARTESIAN_POINT('Ctrl Pts',(5.43095249773902,-1.00000001490116,22.5718417389471));
#6777=CARTESIAN_POINT('Ctrl Pts',(5.50406309932803,-1.00000001490116,22.5306153378521));
#6778=CARTESIAN_POINT('Ctrl Pts',(5.57723889680655,-1.00000001490113,22.4893135060082));
#6779=CARTESIAN_POINT('Ctrl Pts',(5.72334127241922,-1.00000001490113,22.4067817320483));
#6780=CARTESIAN_POINT('Ctrl Pts',(5.79642679984022,-1.00000001490119,22.3654620502971));
#6781=CARTESIAN_POINT('Ctrl Pts',(5.86942211552361,-1.00000001490119,22.3241626349465));
#6782=CARTESIAN_POINT('',(5.86942211552362,1.00000001490112,21.6144497186276));
#6783=CARTESIAN_POINT('Ctrl Pts',(5.86942211552362,1.00000001490112,21.6144497186276));
#6784=CARTESIAN_POINT('Ctrl Pts',(5.79641910773836,1.00000001490112,21.6562451116299));
#6785=CARTESIAN_POINT('Ctrl Pts',(5.72333291760284,1.00000001490111,21.6980751744566));
#6786=CARTESIAN_POINT('Ctrl Pts',(5.57723030502127,1.00000001490111,21.7816664076425));
#6787=CARTESIAN_POINT('Ctrl Pts',(5.50405372818668,1.00000001490117,21.8235191813556));
#6788=CARTESIAN_POINT('Ctrl Pts',(5.43095249773902,1.00000001490117,21.8653125720722));
#6789=CARTESIAN_POINT('Ctrl Pts',(5.86942211552355,-1.00000001490152,22.3241626349465));
#6790=CARTESIAN_POINT('Ctrl Pts',(5.70426441794651,-1.9693802431639,22.304448387271));
#6791=CARTESIAN_POINT('Ctrl Pts',(5.29431323636538,-2.89657216811397,22.2847341395955));
#6792=CARTESIAN_POINT('Ctrl Pts',(4.68840762404733,-3.67060981492917,22.2650198919199));
#6793=CARTESIAN_POINT('Ctrl Pts',(4.08250201172925,-4.44464746174442,22.2453056442444));
#6794=CARTESIAN_POINT('Ctrl Pts',(3.28064196867415,-5.06553083042482,22.2255913965689));
#6795=CARTESIAN_POINT('Ctrl Pts',(2.37945483600479,-5.45841370855812,22.2058771488933));
#6796=CARTESIAN_POINT('Ctrl Pts',(1.47826770333538,-5.85129658669143,22.1861629012178));
#6797=CARTESIAN_POINT('Ctrl Pts',(0.477753481051725,-6.01617897427766,22.1664486535423));
#6798=CARTESIAN_POINT('Ctrl Pts',(-0.501830524881963,-5.93331694605535,
22.1467344058668));
#6799=CARTESIAN_POINT('Ctrl Pts',(-1.4814145308156,-5.85045491783304,22.1270201581912));
#6800=CARTESIAN_POINT('Ctrl Pts',(-2.44006832039918,-5.5198484738022,22.1073059105157));
#6801=CARTESIAN_POINT('Ctrl Pts',(-3.26247325989766,-4.98121763569975,22.0875916628402));
#6802=CARTESIAN_POINT('Ctrl Pts',(-4.08487819939618,-4.44258679759727,22.0678774151647));
#6803=CARTESIAN_POINT('Ctrl Pts',(-4.77103428880959,-3.69593156542315,22.0481631674891));
#6804=CARTESIAN_POINT('Ctrl Pts',(-5.2384426795047,-2.83105789379455,22.0284489198136));
#6805=CARTESIAN_POINT('Ctrl Pts',(-5.70585107019981,-1.96618422216595,22.0087346721381));
#6806=CARTESIAN_POINT('Ctrl Pts',(-5.95451176217663,-0.983092111082869,
21.9890204244626));
#6807=CARTESIAN_POINT('Ctrl Pts',(-5.9545117621766,2.03101424567364E-13,
21.969306176787));
#6808=CARTESIAN_POINT('Ctrl Pts',(-5.95451176217657,0.983092111083248,21.9495919291115));
#6809=CARTESIAN_POINT('Ctrl Pts',(-5.70585107019969,1.96618422216628,21.929877681436));
#6810=CARTESIAN_POINT('Ctrl Pts',(-5.23844267950455,2.83105789379483,21.9101634337605));
#6811=CARTESIAN_POINT('Ctrl Pts',(-4.7710342888094,3.69593156542339,21.8904491860849));
#6812=CARTESIAN_POINT('Ctrl Pts',(-4.08487819939598,4.44258679759745,21.8707349384094));
#6813=CARTESIAN_POINT('Ctrl Pts',(-3.26247325989746,4.98121763569988,21.8510206907339));
#6814=CARTESIAN_POINT('Ctrl Pts',(-2.44006832039894,5.51984847380232,21.8313064430583));
#6815=CARTESIAN_POINT('Ctrl Pts',(-1.48141453081531,5.85045491783312,21.8115921953828));
#6816=CARTESIAN_POINT('Ctrl Pts',(-0.501830524881643,5.93331694605538,21.7918779477073));
#6817=CARTESIAN_POINT('Ctrl Pts',(0.477753481052049,6.01617897427764,21.7721637000318));
#6818=CARTESIAN_POINT('Ctrl Pts',(1.47826770333578,5.85129658669133,21.7524494523562));
#6819=CARTESIAN_POINT('Ctrl Pts',(2.37945483600516,5.45841370855796,21.7327352046807));
#6820=CARTESIAN_POINT('Ctrl Pts',(3.28064196867452,5.06553083042459,21.7130209570052));
#6821=CARTESIAN_POINT('Ctrl Pts',(4.08250201172953,4.44464746174416,21.6933067093297));
#6822=CARTESIAN_POINT('Ctrl Pts',(4.68840762404758,3.67060981492885,21.6735924616541));
#6823=CARTESIAN_POINT('Ctrl Pts',(5.29431323636563,2.89657216811355,21.6538782139786));
#6824=CARTESIAN_POINT('Ctrl Pts',(5.70426441794672,1.96938024316335,21.6341639663031));
#6825=CARTESIAN_POINT('Ctrl Pts',(5.86942211552366,1.00000001490087,21.6144497186276));
#6826=CARTESIAN_POINT('Ctrl Pts',(5.86942211552366,1.00000001490091,22.3644497186276));
#6827=CARTESIAN_POINT('Ctrl Pts',(5.70426441794671,1.96938024316339,22.3841639663031));
#6828=CARTESIAN_POINT('Ctrl Pts',(4.88435844455878,3.82376374499749,22.4235924616541));
#6829=CARTESIAN_POINT('Ctrl Pts',(2.47878161111761,5.6864143812522,22.4827352046807));
#6830=CARTESIAN_POINT('Ctrl Pts',(-0.522761470758092,6.18106162715384,22.5418779477073));
#6831=CARTESIAN_POINT('Ctrl Pts',(-3.39872223786272,5.18924226245263,22.6010206907339));
#6832=CARTESIAN_POINT('Ctrl Pts',(-5.45719078470759,2.94927648334702,22.6601634337604));
#6833=CARTESIAN_POINT('Ctrl Pts',(-6.20317271094291,1.41040856440535E-13,
22.719306176787));
#6834=CARTESIAN_POINT('Ctrl Pts',(-5.45719078470773,-2.94927648334678,22.7784489198136));
#6835=CARTESIAN_POINT('Ctrl Pts',(-3.39872223786293,-5.18924226245249,22.8375916628402));
#6836=CARTESIAN_POINT('Ctrl Pts',(-0.522761470758316,-6.18106162715383,
22.8967344058668));
#6837=CARTESIAN_POINT('Ctrl Pts',(2.47878161111741,-5.68641438125229,22.9558771488934));
#6838=CARTESIAN_POINT('Ctrl Pts',(4.88435844455863,-3.82376374499766,23.0150198919199));
#6839=CARTESIAN_POINT('Ctrl Pts',(5.70426441794663,-1.96938024316362,23.054448387271));
#6840=CARTESIAN_POINT('Ctrl Pts',(5.86942211552362,-1.00000001490115,23.0741626349465));
#6841=CARTESIAN_POINT('Ctrl Pts',(5.72754981687975,0.975828589168452,22.4475400448684));
#6842=CARTESIAN_POINT('Ctrl Pts',(5.56638421626444,1.9217775155861,22.467254292544));
#6843=CARTESIAN_POINT('Ctrl Pts',(4.76629653892456,3.73133792499399,22.506682787895));
#6844=CARTESIAN_POINT('Ctrl Pts',(2.41886592639024,5.5489656403998,22.5658255309216));
#6845=CARTESIAN_POINT('Ctrl Pts',(-0.510125580880163,6.03165655731151,22.6249682739482));
#6846=CARTESIAN_POINT('Ctrl Pts',(-3.31657027692906,5.06381088036697,22.6841110169748));
#6847=CARTESIAN_POINT('Ctrl Pts',(-5.32528270491264,2.87798826692751,22.7432537600013));
#6848=CARTESIAN_POINT('Ctrl Pts',(-6.05323318468887,1.24905782463738E-13,
22.8023965030279));
#6849=CARTESIAN_POINT('Ctrl Pts',(-5.32528270491277,-2.8779882669273,22.8615392460545));
#6850=CARTESIAN_POINT('Ctrl Pts',(-3.31657027692924,-5.06381088036685,22.9206819890811));
#6851=CARTESIAN_POINT('Ctrl Pts',(-0.510125580880355,-6.03165655731151,
22.9798247321077));
#6852=CARTESIAN_POINT('Ctrl Pts',(2.41886592639007,-5.54896564039988,23.0389674751342));
#6853=CARTESIAN_POINT('Ctrl Pts',(4.76629653892444,-3.73133792499414,23.0981102181608));
#6854=CARTESIAN_POINT('Ctrl Pts',(5.56638421626437,-1.9217775155863,23.1375387135118));
#6855=CARTESIAN_POINT('Ctrl Pts',(5.72754981687972,-0.975828589168658,23.1572529611874));
#6856=CARTESIAN_POINT('Ctrl Pts',(5.58567751823585,0.951657163435988,22.5306303711093));
#6857=CARTESIAN_POINT('Ctrl Pts',(5.42850401458218,1.87417478800881,22.5503446187848));
#6858=CARTESIAN_POINT('Ctrl Pts',(4.64823463329034,3.63891210499049,22.5897731141359));
#6859=CARTESIAN_POINT('Ctrl Pts',(2.35895024166288,5.41151689954741,22.6489158571625));
#6860=CARTESIAN_POINT('Ctrl Pts',(-0.497489691002234,5.88225148746918,22.7080586001891));
#6861=CARTESIAN_POINT('Ctrl Pts',(-3.2344183159954,4.93837949828131,22.7672013432156));
#6862=CARTESIAN_POINT('Ctrl Pts',(-5.19337462511769,2.806700050508,22.8263440862422));
#6863=CARTESIAN_POINT('Ctrl Pts',(-5.90329365843483,1.1012470070877E-13,
22.8854868292688));
#6864=CARTESIAN_POINT('Ctrl Pts',(-5.1933746251178,-2.80670005050782,22.9446295722954));
#6865=CARTESIAN_POINT('Ctrl Pts',(-3.23441831599555,-4.93837949828121,23.0037723153219));
#6866=CARTESIAN_POINT('Ctrl Pts',(-0.497489691002394,-5.88225148746918,
23.0629150583485));
#6867=CARTESIAN_POINT('Ctrl Pts',(2.35895024166273,-5.41151689954747,23.1220578013751));
#6868=CARTESIAN_POINT('Ctrl Pts',(4.64823463329024,-3.63891210499062,23.1812005444017));
#6869=CARTESIAN_POINT('Ctrl Pts',(5.42850401458212,-1.87417478800898,23.2206290397527));
#6870=CARTESIAN_POINT('Ctrl Pts',(5.58567751823582,-0.951657163436166,23.2403432874283));
#6871=CARTESIAN_POINT('Ctrl Pts',(5.44380521959195,0.927485737703525,22.6137206973502));
#6872=CARTESIAN_POINT('Ctrl Pts',(5.29062381289992,1.82657206043152,22.6334349450257));
#6873=CARTESIAN_POINT('Ctrl Pts',(4.53017272765613,3.54648628498699,22.6728634403768));
#6874=CARTESIAN_POINT('Ctrl Pts',(2.29903455693551,5.27406815869501,22.7320061834033));
#6875=CARTESIAN_POINT('Ctrl Pts',(-0.484853801124302,5.73284641762685,22.7911489264299));
#6876=CARTESIAN_POINT('Ctrl Pts',(-3.15226635506174,4.81294811619565,22.8502916694565));
#6877=CARTESIAN_POINT('Ctrl Pts',(-5.06146654532274,2.73541183408849,22.9094344124831));
#6878=CARTESIAN_POINT('Ctrl Pts',(-5.7533541321808,9.37639613616676E-14,
22.9685771555097));
#6879=CARTESIAN_POINT('Ctrl Pts',(-5.06146654532284,-2.73541183408833,23.0277198985362));
#6880=CARTESIAN_POINT('Ctrl Pts',(-3.15226635506187,-4.81294811619556,23.0868626415628));
#6881=CARTESIAN_POINT('Ctrl Pts',(-0.484853801124434,-5.73284641762685,
23.1460053845894));
#6882=CARTESIAN_POINT('Ctrl Pts',(2.29903455693539,-5.27406815869506,23.205148127616));
#6883=CARTESIAN_POINT('Ctrl Pts',(4.53017272765604,-3.54648628498709,23.2642908706426));
#6884=CARTESIAN_POINT('Ctrl Pts',(5.29062381289987,-1.82657206043166,23.3037193659936));
#6885=CARTESIAN_POINT('Ctrl Pts',(5.44380521959193,-0.927485737703673,23.3234336136691));
#6886=CARTESIAN_POINT('',(5.86942211552362,-1.00000001490115,23.0741626349465));
#6887=CARTESIAN_POINT('Ctrl Pts',(5.43095249773903,-1.00000001490112,23.3218417389471));
#6888=CARTESIAN_POINT('Ctrl Pts',(5.5040630993314,-1.00000001490112,23.2806153378502));
#6889=CARTESIAN_POINT('Ctrl Pts',(5.57723889681411,-1.00000001490117,23.2393135060039));
#6890=CARTESIAN_POINT('Ctrl Pts',(5.72334127241084,-1.00000001490117,23.156781732053));
#6891=CARTESIAN_POINT('Ctrl Pts',(5.79642679982157,-1.00000001490115,23.1154620503077));
#6892=CARTESIAN_POINT('Ctrl Pts',(5.86942211552362,-1.00000001490115,23.0741626349465));
#6893=CARTESIAN_POINT('',(5.86942211552361,1.00000001490116,22.3644497186276));
#6894=CARTESIAN_POINT('Ctrl Pts',(5.86942211552361,1.00000001490116,22.3644497186276));
#6895=CARTESIAN_POINT('Ctrl Pts',(5.79641910773555,1.00000001490116,22.4062451116315));
#6896=CARTESIAN_POINT('Ctrl Pts',(5.72333291760153,1.00000001490115,22.4480751744574));
#6897=CARTESIAN_POINT('Ctrl Pts',(5.57723030502163,1.00000001490115,22.5316664076423));
#6898=CARTESIAN_POINT('Ctrl Pts',(5.50405372818685,1.00000001490121,22.5735191813555));
#6899=CARTESIAN_POINT('Ctrl Pts',(5.43095249773901,1.00000001490121,22.6153125720722));
#6900=CARTESIAN_POINT('Ctrl Pts',(5.8694221155236,-1.00000001490123,23.0741626349465));
#6901=CARTESIAN_POINT('Ctrl Pts',(5.7042644179466,-1.96938024316367,23.054448387271));
#6902=CARTESIAN_POINT('Ctrl Pts',(5.29431143125261,-2.89657199408066,23.0347341395955));
#6903=CARTESIAN_POINT('Ctrl Pts',(4.68840546566543,-3.67060964224825,23.0150198919199));
#6904=CARTESIAN_POINT('Ctrl Pts',(4.08249950007823,-4.44464729041586,22.9953056442444));
#6905=CARTESIAN_POINT('Ctrl Pts',(3.28064055559783,-5.06553083583406,22.9755913965689));
#6906=CARTESIAN_POINT('Ctrl Pts',(2.37945390304502,-5.45841381619343,22.9558771488934));
#6907=CARTESIAN_POINT('Ctrl Pts',(1.47826725049218,-5.8512967965528,22.9361629012178));
#6908=CARTESIAN_POINT('Ctrl Pts',(0.477752889866917,-6.01617921185331,22.9164486535423));
#6909=CARTESIAN_POINT('Ctrl Pts',(-0.501831084963157,-5.93331719205334,
22.8967344058668));
#6910=CARTESIAN_POINT('Ctrl Pts',(-1.48141505979323,-5.85045517225337,22.8770201581912));
#6911=CARTESIAN_POINT('Ctrl Pts',(-2.44006864882812,-5.51984871735291,22.8573059105157));
#6912=CARTESIAN_POINT('Ctrl Pts',(-3.26247353448636,-4.98121786005171,22.8375916628402));
#6913=CARTESIAN_POINT('Ctrl Pts',(-4.08487842014456,-4.44258700275055,22.8178774151647));
#6914=CARTESIAN_POINT('Ctrl Pts',(-4.77103460242613,-3.69593174304867,22.7981631674891));
#6915=CARTESIAN_POINT('Ctrl Pts',(-5.23844301460611,-2.83105803263993,22.7784489198136));
#6916=CARTESIAN_POINT('Ctrl Pts',(-5.70585142678612,-1.96618432223114,22.7587346721381));
#6917=CARTESIAN_POINT('Ctrl Pts',(-5.95451206886452,-0.983092161115488,
22.7390204244626));
#6918=CARTESIAN_POINT('Ctrl Pts',(-5.95451206886449,1.62370117351429E-13,
22.719306176787));
#6919=CARTESIAN_POINT('Ctrl Pts',(-5.95451206886446,0.983092161115784,22.6995919291115));
#6920=CARTESIAN_POINT('Ctrl Pts',(-5.70585142678603,1.9661843222314,22.679877681436));
#6921=CARTESIAN_POINT('Ctrl Pts',(-5.23844301460599,2.83105803264014,22.6601634337605));
#6922=CARTESIAN_POINT('Ctrl Pts',(-4.77103460242596,3.69593174304888,22.6404491860849));
#6923=CARTESIAN_POINT('Ctrl Pts',(-4.08487842014434,4.44258700275076,22.6207349384094));
#6924=CARTESIAN_POINT('Ctrl Pts',(-3.26247353448609,4.98121786005189,22.6010206907339));
#6925=CARTESIAN_POINT('Ctrl Pts',(-2.44006864882784,5.51984871735303,22.5813064430584));
#6926=CARTESIAN_POINT('Ctrl Pts',(-1.48141505979297,5.85045517225343,22.5615921953828));
#6927=CARTESIAN_POINT('Ctrl Pts',(-0.501831084962918,5.93331719205336,22.5418779477073));
#6928=CARTESIAN_POINT('Ctrl Pts',(0.477752889867131,6.01617921185329,22.5221637000318));
#6929=CARTESIAN_POINT('Ctrl Pts',(1.47826725049235,5.85129679655275,22.5024494523562));
#6930=CARTESIAN_POINT('Ctrl Pts',(2.37945390304516,5.45841381619336,22.4827352046807));
#6931=CARTESIAN_POINT('Ctrl Pts',(3.28064055559799,5.06553083583397,22.4630209570052));
#6932=CARTESIAN_POINT('Ctrl Pts',(4.08249950007839,4.44464729041572,22.4433067093297));
#6933=CARTESIAN_POINT('Ctrl Pts',(4.68840546566558,3.67060964224806,22.4235924616542));
#6934=CARTESIAN_POINT('Ctrl Pts',(5.29431143125275,2.89657199408043,22.4038782139786));
#6935=CARTESIAN_POINT('Ctrl Pts',(5.7042644179467,1.96938024316339,22.3841639663031));
#6936=CARTESIAN_POINT('Ctrl Pts',(5.86942211552365,1.00000001490091,22.3644497186276));
#6937=CARTESIAN_POINT('Ctrl Pts',(5.42845325414735,1.01347931899818,23.513479304097));
#6938=CARTESIAN_POINT('Ctrl Pts',(5.33641421597118,1.50646383967878,23.5243195360647));
#6939=CARTESIAN_POINT('Ctrl Pts',(5.176815763727,1.98678849732596,23.5351597680324));
#6940=CARTESIAN_POINT('Ctrl Pts',(4.9555158675367,2.43682324945655,23.546));
#6941=CARTESIAN_POINT('Ctrl Pts',(5.44663407314602,1.01687363468903,23.5241573744357));
#6942=CARTESIAN_POINT('Ctrl Pts',(5.35428678047902,1.51150924490103,23.5349976064033));
#6943=CARTESIAN_POINT('Ctrl Pts',(5.19415380570385,1.99344259203165,23.545837838371));
#6944=CARTESIAN_POINT('Ctrl Pts',(4.97211273828693,2.44498458756815,23.5566780703387));
#6945=CARTESIAN_POINT('Ctrl Pts',(5.4648148921447,1.02026795037988,23.5348354447743));
#6946=CARTESIAN_POINT('Ctrl Pts',(5.37215934498685,1.51655465012328,23.545675676742));
#6947=CARTESIAN_POINT('Ctrl Pts',(5.2114918476807,2.00009668673734,23.5565159087097));
#6948=CARTESIAN_POINT('Ctrl Pts',(4.98870960903716,2.45314592567975,23.5673561406773));
#6949=CARTESIAN_POINT('Ctrl Pts',(5.48299571114337,1.02366226607073,23.545513515113));
#6950=CARTESIAN_POINT('Ctrl Pts',(5.39003190949469,1.52160005534554,23.5563537470806));
#6951=CARTESIAN_POINT('Ctrl Pts',(5.22882988965756,2.00675078144304,23.5671939790483));
#6952=CARTESIAN_POINT('Ctrl Pts',(5.00530647978738,2.46130726379135,23.578034211016));
#6953=CARTESIAN_POINT('',(5.47877818242538,1.04600001490117,23.546));
#6954=CARTESIAN_POINT('Ctrl Pts',(5.42845325414734,1.01347931899826,23.513479304097));
#6955=CARTESIAN_POINT('Ctrl Pts',(5.44523132856836,1.02431320354083,23.5243131886396));
#6956=CARTESIAN_POINT('Ctrl Pts',(5.46200675098777,1.03515382153405,23.5351538358709));
#6957=CARTESIAN_POINT('Ctrl Pts',(5.47877791674709,1.04599993435675,23.546));
#6958=CARTESIAN_POINT('Ctrl Pts',(5.47877791674709,1.04599993435675,23.546));
#6959=CARTESIAN_POINT('Ctrl Pts',(5.44294973303599,1.20202202148553,23.546));
#6960=CARTESIAN_POINT('Ctrl Pts',(5.40039692812595,1.35636114741262,23.546));
#6961=CARTESIAN_POINT('Ctrl Pts',(5.35128069441331,1.50860318853248,23.546));
#6962=CARTESIAN_POINT('Ctrl Pts',(5.30232391218838,1.66035098939583,23.546));
#6963=CARTESIAN_POINT('Ctrl Pts',(5.2468459350955,1.81001597756186,23.546));
#6964=CARTESIAN_POINT('Ctrl Pts',(5.18495970618786,1.95716609735026,23.546));
#6965=CARTESIAN_POINT('Ctrl Pts',(5.12398982415956,2.10213737128807,23.546));
#6966=CARTESIAN_POINT('Ctrl Pts',(5.05679969952972,2.24466828117566,23.546));
#6967=CARTESIAN_POINT('Ctrl Pts',(4.98345704484728,2.38431510284566,23.546));
#6968=CARTESIAN_POINT('Ctrl Pts',(4.97424049473325,2.40186371675607,23.546));
#6969=CARTESIAN_POINT('Ctrl Pts',(4.96492673802539,2.41936673978227,23.546));
#6970=CARTESIAN_POINT('Ctrl Pts',(4.9555158675367,2.43682324945655,23.546));
#6971=CARTESIAN_POINT('Ctrl Pts',(5.44380521959192,0.927485737703718,12.261591101451));
#6972=CARTESIAN_POINT('Ctrl Pts',(5.29062381289985,1.8265720604317,12.2813053491265));
#6973=CARTESIAN_POINT('Ctrl Pts',(4.53022496459161,3.5464915895718,12.3207338444776));
#6974=CARTESIAN_POINT('Ctrl Pts',(2.29903567517275,5.27406554429469,12.3798765875042));
#6975=CARTESIAN_POINT('Ctrl Pts',(-0.4848443132123,5.73284296923864,12.4390193305307));
#6976=CARTESIAN_POINT('Ctrl Pts',(-3.15226572794264,4.81294516469528,12.4981620735573));
#6977=CARTESIAN_POINT('Ctrl Pts',(-5.06146123896324,2.73540990546634,12.5573048165839));
#6978=CARTESIAN_POINT('Ctrl Pts',(-5.75335129159203,-1.68367431232287E-14,
12.6164475596105));
#6979=CARTESIAN_POINT('Ctrl Pts',(-5.06146123896322,-2.73540990546637,12.675590302637));
#6980=CARTESIAN_POINT('Ctrl Pts',(-3.15226572794262,-4.8129451646953,12.7347330456636));
#6981=CARTESIAN_POINT('Ctrl Pts',(-0.484844313212269,-5.73284296923864,
12.7938757886902));
#6982=CARTESIAN_POINT('Ctrl Pts',(2.29903567517277,-5.27406554429468,12.8530185317168));
#6983=CARTESIAN_POINT('Ctrl Pts',(4.53022496459163,-3.54649158957178,12.9121612747433));
#6984=CARTESIAN_POINT('Ctrl Pts',(5.29062381289986,-1.82657206043168,12.9515897700944));
#6985=CARTESIAN_POINT('Ctrl Pts',(5.44380521959192,-0.927485737703693,12.9713040177699));
#6986=CARTESIAN_POINT('Ctrl Pts',(5.58567751823582,0.951657163436186,12.3446814276919));
#6987=CARTESIAN_POINT('Ctrl Pts',(5.42850401458211,1.874174788009,12.3643956753674));
#6988=CARTESIAN_POINT('Ctrl Pts',(4.64828823158499,3.63891754781934,12.4038241707184));
#6989=CARTESIAN_POINT('Ctrl Pts',(2.35895138904276,5.41151421701259,12.462966913745));
#6990=CARTESIAN_POINT('Ctrl Pts',(-0.497479955823504,5.8822479492117,12.5221096567716));
#6991=CARTESIAN_POINT('Ctrl Pts',(-3.23441767253281,4.93837646986119,12.5812523997982));
#6992=CARTESIAN_POINT('Ctrl Pts',(-5.1933691804679,2.80669807162357,12.6403951428247));
#6993=CARTESIAN_POINT('Ctrl Pts',(-5.90329074381681,-4.30135773221172E-15,
12.6995378858513));
#6994=CARTESIAN_POINT('Ctrl Pts',(-5.1933691804679,-2.80669807162358,12.7586806288779));
#6995=CARTESIAN_POINT('Ctrl Pts',(-3.2344176725328,-4.93837646986119,12.8178233719045));
#6996=CARTESIAN_POINT('Ctrl Pts',(-0.497479955823502,-5.8822479492117,12.8769661149311));
#6997=CARTESIAN_POINT('Ctrl Pts',(2.35895138904276,-5.41151421701258,12.9361088579576));
#6998=CARTESIAN_POINT('Ctrl Pts',(4.64828823158499,-3.63891754781934,12.9952516009842));
#6999=CARTESIAN_POINT('Ctrl Pts',(5.42850401458211,-1.874174788009,13.0346800963353));
#7000=CARTESIAN_POINT('Ctrl Pts',(5.58567751823582,-0.951657163436186,13.0543943440108));
#7001=CARTESIAN_POINT('Ctrl Pts',(5.72754981687972,0.975828589168654,12.4277717539327));
#7002=CARTESIAN_POINT('Ctrl Pts',(5.56638421626437,1.9217775155863,12.4474860016083));
#7003=CARTESIAN_POINT('Ctrl Pts',(4.76635149857837,3.73134350606688,12.4869144969593));
#7004=CARTESIAN_POINT('Ctrl Pts',(2.41886710291277,5.54896288973048,12.5460572399859));
#7005=CARTESIAN_POINT('Ctrl Pts',(-0.510115598434711,6.03165292918477,12.6051999830125));
#7006=CARTESIAN_POINT('Ctrl Pts',(-3.31656961712297,5.0638077750271,12.6643427260391));
#7007=CARTESIAN_POINT('Ctrl Pts',(-5.32527712197256,2.8779862377808,12.7234854690656));
#7008=CARTESIAN_POINT('Ctrl Pts',(-6.05323019604159,1.06919463629263E-14,
12.7826282120922));
#7009=CARTESIAN_POINT('Ctrl Pts',(-5.32527712197257,-2.87798623778079,12.8417709551188));
#7010=CARTESIAN_POINT('Ctrl Pts',(-3.31656961712298,-5.06380777502708,12.9009136981454));
#7011=CARTESIAN_POINT('Ctrl Pts',(-0.510115598434731,-6.03165292918477,
12.9600564411719));
#7012=CARTESIAN_POINT('Ctrl Pts',(2.41886710291274,-5.54896288973049,13.0191991841985));
#7013=CARTESIAN_POINT('Ctrl Pts',(4.76635149857836,-3.7313435060669,13.0783419272251));
#7014=CARTESIAN_POINT('Ctrl Pts',(5.56638421626437,-1.92177751558632,13.1177704225761));
#7015=CARTESIAN_POINT('Ctrl Pts',(5.72754981687972,-0.975828589168679,13.1374846702517));
#7016=CARTESIAN_POINT('Ctrl Pts',(5.86942211552362,1.00000001490112,12.5108620801736));
#7017=CARTESIAN_POINT('Ctrl Pts',(5.70426441794663,1.96938024316359,12.5305763278491));
#7018=CARTESIAN_POINT('Ctrl Pts',(4.88441476557175,3.82376946431442,12.5700048232002));
#7019=CARTESIAN_POINT('Ctrl Pts',(2.47878281678279,5.68641156244837,12.6291475662268));
#7020=CARTESIAN_POINT('Ctrl Pts',(-0.522751241045916,6.18105790915784,12.6882903092533));
#7021=CARTESIAN_POINT('Ctrl Pts',(-3.39872156171313,5.18923908019301,12.7474330522799));
#7022=CARTESIAN_POINT('Ctrl Pts',(-5.45718506347721,2.94927440393804,12.8065757953065));
#7023=CARTESIAN_POINT('Ctrl Pts',(-6.20316964826637,2.12609967906465E-14,
12.8657185383331));
#7024=CARTESIAN_POINT('Ctrl Pts',(-5.45718506347723,-2.94927440393799,12.9248612813596));
#7025=CARTESIAN_POINT('Ctrl Pts',(-3.39872156171317,-5.18923908019298,12.9840040243862));
#7026=CARTESIAN_POINT('Ctrl Pts',(-0.522751241045964,-6.18105790915783,
13.0431467674128));
#7027=CARTESIAN_POINT('Ctrl Pts',(2.47878281678273,-5.68641156244839,13.1022895104394));
#7028=CARTESIAN_POINT('Ctrl Pts',(4.88441476557172,-3.82376946431446,13.161432253466));
#7029=CARTESIAN_POINT('Ctrl Pts',(5.70426441794662,-1.96938024316364,13.200860748817));
#7030=CARTESIAN_POINT('Ctrl Pts',(5.86942211552361,-1.00000001490117,13.2205749964925));
#7031=CARTESIAN_POINT('',(5.86942211552358,-1.00000001490134,13.2205749964925));
#7032=CARTESIAN_POINT('Ctrl Pts',(5.86942211552361,-1.00000001490119,13.2205749964925));
#7033=CARTESIAN_POINT('Ctrl Pts',(5.79641910775071,-1.00000001490119,13.1787796034973));
#7034=CARTESIAN_POINT('Ctrl Pts',(5.72333291760843,-1.00000001490116,13.1369495406667));
#7035=CARTESIAN_POINT('Ctrl Pts',(5.57723030504829,-1.00000001490116,13.053358307493));
#7036=CARTESIAN_POINT('Ctrl Pts',(5.50405372819882,-1.00000001490116,13.0115055337714));
#7037=CARTESIAN_POINT('Ctrl Pts',(5.43095249773902,-1.00000001490116,12.9697121430479));
#7038=CARTESIAN_POINT('',(5.86942211552364,1.00000001490102,12.5108620801736));
#7039=CARTESIAN_POINT('Ctrl Pts',(5.86942211552362,1.00000001490112,12.5108620801736));
#7040=CARTESIAN_POINT('Ctrl Pts',(5.70426441794663,1.96938024316359,12.5305763278491));
#7041=CARTESIAN_POINT('Ctrl Pts',(5.29433959175919,2.89657485373901,12.5502905755247));
#7042=CARTESIAN_POINT('Ctrl Pts',(4.68843852053397,3.6706125087157,12.5700048232002));
#7043=CARTESIAN_POINT('Ctrl Pts',(4.08253744930876,4.4446501636924,12.5897190708757));
#7044=CARTESIAN_POINT('Ctrl Pts',(3.28066013304577,5.06553086307038,12.6094333185512));
#7045=CARTESIAN_POINT('Ctrl Pts',(2.3794657986095,5.45841227054429,12.6291475662268));
#7046=CARTESIAN_POINT('Ctrl Pts',(1.47827146417322,5.85129367801819,12.6488618139023));
#7047=CARTESIAN_POINT('Ctrl Pts',(0.477760111563653,6.01617579358801,12.6685760615778));
#7048=CARTESIAN_POINT('Ctrl Pts',(-0.501823951518998,5.93331371321212,12.6882903092533));
#7049=CARTESIAN_POINT('Ctrl Pts',(-1.48140801460166,5.85045163283623,12.7080045569289));
#7050=CARTESIAN_POINT('Ctrl Pts',(-2.4400647881574,5.51984535651461,12.7277188046044));
#7051=CARTESIAN_POINT('Ctrl Pts',(-3.26247042522928,4.98121477231131,12.7474330522799));
#7052=CARTESIAN_POINT('Ctrl Pts',(-4.08487606230116,4.44258418810801,12.7671472999554));
#7053=CARTESIAN_POINT('Ctrl Pts',(-4.77103056288918,3.69592929602303,12.786861547631));
#7054=CARTESIAN_POINT('Ctrl Pts',(-5.23843857731472,2.83105611599087,12.8065757953065));
#7055=CARTESIAN_POINT('Ctrl Pts',(-5.70584659174026,1.96618293595871,12.826290042982));
#7056=CARTESIAN_POINT('Ctrl Pts',(-5.95450812000331,0.983091467979374,12.8460042906576));
#7057=CARTESIAN_POINT('Ctrl Pts',(-5.95450812000332,3.52495810318485E-14,
12.8657185383331));
#7058=CARTESIAN_POINT('Ctrl Pts',(-5.95450812000332,-0.983091467979303,
12.8854327860086));
#7059=CARTESIAN_POINT('Ctrl Pts',(-5.70584659174028,-1.96618293595866,12.9051470336841));
#7060=CARTESIAN_POINT('Ctrl Pts',(-5.23843857731474,-2.83105611599082,12.9248612813597));
#7061=CARTESIAN_POINT('Ctrl Pts',(-4.77103056288921,-3.69592929602299,12.9445755290352));
#7062=CARTESIAN_POINT('Ctrl Pts',(-4.08487606230119,-4.44258418810799,12.9642897767107));
#7063=CARTESIAN_POINT('Ctrl Pts',(-3.26247042522931,-4.98121477231129,12.9840040243862));
#7064=CARTESIAN_POINT('Ctrl Pts',(-2.44006478815743,-5.5198453565146,13.0037182720618));
#7065=CARTESIAN_POINT('Ctrl Pts',(-1.4814080146017,-5.85045163283621,13.0234325197373));
#7066=CARTESIAN_POINT('Ctrl Pts',(-0.501823951519048,-5.93331371321211,
13.0431467674128));
#7067=CARTESIAN_POINT('Ctrl Pts',(0.477760111563602,-6.01617579358801,13.0628610150883));
#7068=CARTESIAN_POINT('Ctrl Pts',(1.47827146417317,-5.8512936780182,13.0825752627639));
#7069=CARTESIAN_POINT('Ctrl Pts',(2.37946579860945,-5.45841227054431,13.1022895104394));
#7070=CARTESIAN_POINT('Ctrl Pts',(3.28066013304573,-5.06553086307041,13.1220037581149));
#7071=CARTESIAN_POINT('Ctrl Pts',(4.08253744930872,-4.44465016369244,13.1417180057904));
#7072=CARTESIAN_POINT('Ctrl Pts',(4.68843852053394,-3.67061250871574,13.161432253466));
#7073=CARTESIAN_POINT('Ctrl Pts',(5.29433959175917,-2.89657485373905,13.1811465011415));
#7074=CARTESIAN_POINT('Ctrl Pts',(5.70426441794662,-1.96938024316364,13.200860748817));
#7075=CARTESIAN_POINT('Ctrl Pts',(5.86942211552361,-1.00000001490117,13.2205749964925));
#7076=CARTESIAN_POINT('Ctrl Pts',(5.43095249773902,1.00000001490116,12.263182976173));
#7077=CARTESIAN_POINT('Ctrl Pts',(5.50406309932877,1.00000001490116,12.3044093772684));
#7078=CARTESIAN_POINT('Ctrl Pts',(5.5772388968082,1.00000001490116,12.3457112091129));
#7079=CARTESIAN_POINT('Ctrl Pts',(5.72334127240409,1.00000001490116,12.4282429830633));
#7080=CARTESIAN_POINT('Ctrl Pts',(5.7964267998067,1.00000001490112,12.469562664804));
#7081=CARTESIAN_POINT('Ctrl Pts',(5.86942211552362,1.00000001490112,12.5108620801736));
#7082=CARTESIAN_POINT('Ctrl Pts',(5.44380521959192,0.927485737703716,13.011591101451));
#7083=CARTESIAN_POINT('Ctrl Pts',(5.29062381289985,1.8265720604317,13.0313053491265));
#7084=CARTESIAN_POINT('Ctrl Pts',(4.5302202344462,3.54649108811178,13.0707338444776));
#7085=CARTESIAN_POINT('Ctrl Pts',(2.29903586785789,5.27406578155472,13.1298765875042));
#7086=CARTESIAN_POINT('Ctrl Pts',(-0.484845100744493,5.73284324883602,13.1890193305307));
#7087=CARTESIAN_POINT('Ctrl Pts',(-3.15226568906762,4.81294539791465,13.2481620735573));
#7088=CARTESIAN_POINT('Ctrl Pts',(-5.06146168054985,2.73541006033954,13.3073048165839));
#7089=CARTESIAN_POINT('Ctrl Pts',(-5.7533514793769,-2.14735660386464E-14,
13.3664475596105));
#7090=CARTESIAN_POINT('Ctrl Pts',(-5.06146168054982,-2.73541006033958,13.425590302637));
#7091=CARTESIAN_POINT('Ctrl Pts',(-3.15226568906759,-4.81294539791466,13.4847330456636));
#7092=CARTESIAN_POINT('Ctrl Pts',(-0.484845100744469,-5.73284324883602,
13.5438757886902));
#7093=CARTESIAN_POINT('Ctrl Pts',(2.29903586785791,-5.2740657815547,13.6030185317168));
#7094=CARTESIAN_POINT('Ctrl Pts',(4.53022023444622,-3.54649108811177,13.6621612747433));
#7095=CARTESIAN_POINT('Ctrl Pts',(5.29062381289986,-1.82657206043168,13.7015897700944));
#7096=CARTESIAN_POINT('Ctrl Pts',(5.44380521959192,-0.927485737703694,13.7213040177699));
#7097=CARTESIAN_POINT('Ctrl Pts',(5.58567751823582,0.951657163436185,13.0946814276919));
#7098=CARTESIAN_POINT('Ctrl Pts',(5.42850401458211,1.874174788009,13.1143956753674));
#7099=CARTESIAN_POINT('Ctrl Pts',(4.64828337816614,3.63891703329065,13.1538241707184));
#7100=CARTESIAN_POINT('Ctrl Pts',(2.35895158674952,5.4115144604559,13.212966913745));
#7101=CARTESIAN_POINT('Ctrl Pts',(-0.49748076387976,5.88224823609573,13.2721096567716));
#7102=CARTESIAN_POINT('Ctrl Pts',(-3.23441763264465,4.93837670915854,13.3312523997982));
#7103=CARTESIAN_POINT('Ctrl Pts',(-5.19336963356279,2.80669823053296,13.3903951428247));
#7104=CARTESIAN_POINT('Ctrl Pts',(-5.90329093649559,-9.63870293780149E-15,
13.4495378858513));
#7105=CARTESIAN_POINT('Ctrl Pts',(-5.19336963356279,-2.80669823053297,13.5086806288779));
#7106=CARTESIAN_POINT('Ctrl Pts',(-3.23441763264465,-4.93837670915854,13.5678233719045));
#7107=CARTESIAN_POINT('Ctrl Pts',(-0.497480763879765,-5.88224823609574,
13.6269661149311));
#7108=CARTESIAN_POINT('Ctrl Pts',(2.35895158674952,-5.4115144604559,13.6861088579576));
#7109=CARTESIAN_POINT('Ctrl Pts',(4.64828337816614,-3.63891703329066,13.7452516009842));
#7110=CARTESIAN_POINT('Ctrl Pts',(5.42850401458211,-1.874174788009,13.7846800963353));
#7111=CARTESIAN_POINT('Ctrl Pts',(5.58567751823582,-0.951657163436188,13.8043943440108));
#7112=CARTESIAN_POINT('Ctrl Pts',(5.72754981687972,0.975828589168653,13.1777717539327));
#7113=CARTESIAN_POINT('Ctrl Pts',(5.56638421626437,1.9217775155863,13.1974860016083));
#7114=CARTESIAN_POINT('Ctrl Pts',(4.76634652188608,3.73134297846953,13.2369144969593));
#7115=CARTESIAN_POINT('Ctrl Pts',(2.41886730564115,5.54896313935708,13.2960572399859));
#7116=CARTESIAN_POINT('Ctrl Pts',(-0.510116427015031,6.03165322335546,13.3551999830125));
#7117=CARTESIAN_POINT('Ctrl Pts',(-3.31656957622168,5.06380802040243,13.4143427260391));
#7118=CARTESIAN_POINT('Ctrl Pts',(-5.32527758657575,2.87798640072638,13.4734854690656));
#7119=CARTESIAN_POINT('Ctrl Pts',(-6.05323039361428,4.39232032608675E-15,
13.5326282120922));
#7120=CARTESIAN_POINT('Ctrl Pts',(-5.32527758657575,-2.87798640072636,13.5917709551188));
#7121=CARTESIAN_POINT('Ctrl Pts',(-3.3165695762217,-5.06380802040242,13.6509136981454));
#7122=CARTESIAN_POINT('Ctrl Pts',(-0.51011642701506,-6.03165322335546,13.7100564411719));
#7123=CARTESIAN_POINT('Ctrl Pts',(2.41886730564112,-5.54896313935709,13.7691991841985));
#7124=CARTESIAN_POINT('Ctrl Pts',(4.76634652188606,-3.73134297846955,13.8283419272251));
#7125=CARTESIAN_POINT('Ctrl Pts',(5.56638421626436,-1.92177751558632,13.8677704225761));
#7126=CARTESIAN_POINT('Ctrl Pts',(5.72754981687971,-0.975828589168681,13.8874846702517));
#7127=CARTESIAN_POINT('Ctrl Pts',(5.86942211552362,1.00000001490112,13.2608620801736));
#7128=CARTESIAN_POINT('Ctrl Pts',(5.70426441794663,1.96938024316359,13.2805763278491));
#7129=CARTESIAN_POINT('Ctrl Pts',(4.88440966560602,3.8237689236484,13.3200048232002));
#7130=CARTESIAN_POINT('Ctrl Pts',(2.47878302453277,5.68641181825826,13.3791475662268));
#7131=CARTESIAN_POINT('Ctrl Pts',(-0.522752090150299,6.18105821061518,13.4382903092533));
#7132=CARTESIAN_POINT('Ctrl Pts',(-3.39872151979871,5.18923933164632,13.4974330522799));
#7133=CARTESIAN_POINT('Ctrl Pts',(-5.45718553958869,2.94927457091979,13.5565757953065));
#7134=CARTESIAN_POINT('Ctrl Pts',(-6.20316985073296,1.72032546105065E-14,
13.6157185383331));
#7135=CARTESIAN_POINT('Ctrl Pts',(-5.45718553958871,-2.94927457091976,13.6748612813597));
#7136=CARTESIAN_POINT('Ctrl Pts',(-3.39872151979875,-5.18923933164629,13.7340040243862));
#7137=CARTESIAN_POINT('Ctrl Pts',(-0.522752090150355,-6.18105821061518,
13.7931467674128));
#7138=CARTESIAN_POINT('Ctrl Pts',(2.47878302453272,-5.68641181825828,13.8522895104394));
#7139=CARTESIAN_POINT('Ctrl Pts',(4.88440966560599,-3.82376892364845,13.911432253466));
#7140=CARTESIAN_POINT('Ctrl Pts',(5.70426441794662,-1.96938024316364,13.950860748817));
#7141=CARTESIAN_POINT('Ctrl Pts',(5.86942211552361,-1.00000001490117,13.9705749964925));
#7142=CARTESIAN_POINT('',(5.86942211552358,-1.00000001490134,13.9705749964925));
#7143=CARTESIAN_POINT('Ctrl Pts',(5.86942211552361,-1.00000001490117,13.9705749964925));
#7144=CARTESIAN_POINT('Ctrl Pts',(5.79641910774361,-1.00000001490117,13.9287796034933));
#7145=CARTESIAN_POINT('Ctrl Pts',(5.72333291760524,-1.00000001490116,13.8869495406648));
#7146=CARTESIAN_POINT('Ctrl Pts',(5.57723030504353,-1.00000001490116,13.8033583074903));
#7147=CARTESIAN_POINT('Ctrl Pts',(5.50405372819663,-1.00000001490115,13.7615055337702));
#7148=CARTESIAN_POINT('Ctrl Pts',(5.43095249773902,-1.00000001490115,13.7197121430479));
#7149=CARTESIAN_POINT('',(5.86942211552364,1.00000001490101,13.2608620801736));
#7150=CARTESIAN_POINT('Ctrl Pts',(5.8694221155236,1.0000000149012,13.2608620801736));
#7151=CARTESIAN_POINT('Ctrl Pts',(5.70426441794661,1.96938024316365,13.2805763278491));
#7152=CARTESIAN_POINT('Ctrl Pts',(5.29433704177631,2.89657458340602,13.3002905755247));
#7153=CARTESIAN_POINT('Ctrl Pts',(4.68843558017896,3.67061223596217,13.3200048232002));
#7154=CARTESIAN_POINT('Ctrl Pts',(4.0825341185816,4.44464988851835,13.3397190708757));
#7155=CARTESIAN_POINT('Ctrl Pts',(3.28065857155719,5.06553085338831,13.3594333185512));
#7156=CARTESIAN_POINT('Ctrl Pts',(2.3794649455978,5.4584124012161,13.3791475662268));
#7157=CARTESIAN_POINT('Ctrl Pts',(1.47827131963842,5.8512939490439,13.3988618139023));
#7158=CARTESIAN_POINT('Ctrl Pts',(0.477759614744059,6.01617607982953,13.4185760615778));
#7159=CARTESIAN_POINT('Ctrl Pts',(-0.501824475977853,5.93331399872755,13.4382903092533));
#7160=CARTESIAN_POINT('Ctrl Pts',(-1.48140856669976,5.85045191762556,13.4580045569289));
#7161=CARTESIAN_POINT('Ctrl Pts',(-2.44006504324922,5.51984562463594,13.4777188046044));
#7162=CARTESIAN_POINT('Ctrl Pts',(-3.26247061815561,4.98121501802006,13.4974330522799));
#7163=CARTESIAN_POINT('Ctrl Pts',(-4.08487619306202,4.44258441140416,13.5171472999554));
#7164=CARTESIAN_POINT('Ctrl Pts',(-4.77103086632536,3.69592949116197,13.536861547631));
#7165=CARTESIAN_POINT('Ctrl Pts',(-5.23843892148108,2.83105626922091,13.5565757953065));
#7166=CARTESIAN_POINT('Ctrl Pts',(-5.70584697663678,1.96618304727986,13.576290042982));
#7167=CARTESIAN_POINT('Ctrl Pts',(-5.95450841368487,0.98309152363994,13.5960042906575));
#7168=CARTESIAN_POINT('Ctrl Pts',(-5.95450841368487,1.61676227961036E-14,
13.6157185383331));
#7169=CARTESIAN_POINT('Ctrl Pts',(-5.95450841368488,-0.983091523639908,
13.6354327860086));
#7170=CARTESIAN_POINT('Ctrl Pts',(-5.70584697663679,-1.96618304727983,13.6551470336841));
#7171=CARTESIAN_POINT('Ctrl Pts',(-5.23843892148109,-2.83105626922088,13.6748612813597));
#7172=CARTESIAN_POINT('Ctrl Pts',(-4.77103086632539,-3.69592949116194,13.6945755290352));
#7173=CARTESIAN_POINT('Ctrl Pts',(-4.08487619306207,-4.44258441140411,13.7142897767107));
#7174=CARTESIAN_POINT('Ctrl Pts',(-3.26247061815568,-4.98121501802002,13.7340040243862));
#7175=CARTESIAN_POINT('Ctrl Pts',(-2.44006504324928,-5.51984562463592,13.7537182720618));
#7176=CARTESIAN_POINT('Ctrl Pts',(-1.48140856669982,-5.85045191762555,13.7734325197373));
#7177=CARTESIAN_POINT('Ctrl Pts',(-0.501824475977908,-5.93331399872755,
13.7931467674128));
#7178=CARTESIAN_POINT('Ctrl Pts',(0.477759614744004,-6.01617607982955,13.8128610150883));
#7179=CARTESIAN_POINT('Ctrl Pts',(1.47827131963836,-5.85129394904391,13.8325752627639));
#7180=CARTESIAN_POINT('Ctrl Pts',(2.37946494559775,-5.45841240121612,13.8522895104394));
#7181=CARTESIAN_POINT('Ctrl Pts',(3.28065857155714,-5.06553085338834,13.8720037581149));
#7182=CARTESIAN_POINT('Ctrl Pts',(4.08253411858156,-4.44464988851839,13.8917180057904));
#7183=CARTESIAN_POINT('Ctrl Pts',(4.68843558017893,-3.67061223596222,13.911432253466));
#7184=CARTESIAN_POINT('Ctrl Pts',(5.2943370417763,-2.89657458340605,13.9311465011415));
#7185=CARTESIAN_POINT('Ctrl Pts',(5.70426441794661,-1.96938024316366,13.950860748817));
#7186=CARTESIAN_POINT('Ctrl Pts',(5.86942211552361,-1.00000001490119,13.9705749964925));
#7187=CARTESIAN_POINT('Ctrl Pts',(5.43095249773902,1.00000001490117,13.013182976173));
#7188=CARTESIAN_POINT('Ctrl Pts',(5.50406309932763,1.00000001490117,13.0544093772678));
#7189=CARTESIAN_POINT('Ctrl Pts',(5.57723889680567,1.00000001490115,13.0957112091115));
#7190=CARTESIAN_POINT('Ctrl Pts',(5.72334127240409,1.00000001490115,13.1782429830633));
#7191=CARTESIAN_POINT('Ctrl Pts',(5.79642679980667,1.00000001490112,13.219562664804));
#7192=CARTESIAN_POINT('Ctrl Pts',(5.86942211552362,1.00000001490112,13.2608620801736));
#7193=CARTESIAN_POINT('Ctrl Pts',(5.44380521959193,0.927485737703657,13.761591101451));
#7194=CARTESIAN_POINT('Ctrl Pts',(5.29062381289987,1.82657206043164,13.7813053491265));
#7195=CARTESIAN_POINT('Ctrl Pts',(4.5302156534918,3.5464906060431,13.8207338444776));
#7196=CARTESIAN_POINT('Ctrl Pts',(2.29903600011018,5.27406601082953,13.8798765875041));
#7197=CARTESIAN_POINT('Ctrl Pts',(-0.48484587310036,5.7328435255339,13.9390193305307));
#7198=CARTESIAN_POINT('Ctrl Pts',(-3.15226566768031,4.81294562979101,13.9981620735573));
#7199=CARTESIAN_POINT('Ctrl Pts',(-5.06146211366438,2.73541021378946,14.0573048165839));
#7200=CARTESIAN_POINT('Ctrl Pts',(-5.75335167326504,-1.45374384118452E-14,
14.1164475596105));
#7201=CARTESIAN_POINT('Ctrl Pts',(-5.06146211366436,-2.73541021378948,14.175590302637));
#7202=CARTESIAN_POINT('Ctrl Pts',(-3.15226566768029,-4.81294562979103,14.2347330456636));
#7203=CARTESIAN_POINT('Ctrl Pts',(-0.484845873100333,-5.7328435255339,14.2938757886902));
#7204=CARTESIAN_POINT('Ctrl Pts',(2.2990360001102,-5.27406601082952,14.3530185317168));
#7205=CARTESIAN_POINT('Ctrl Pts',(4.5302156534918,-3.54649060604308,14.4121612747433));
#7206=CARTESIAN_POINT('Ctrl Pts',(5.29062381289988,-1.82657206043163,14.4515897700944));
#7207=CARTESIAN_POINT('Ctrl Pts',(5.44380521959193,-0.927485737703637,14.4713040177699));
#7208=CARTESIAN_POINT('Ctrl Pts',(5.58567751823583,0.951657163436124,13.8446814276919));
#7209=CARTESIAN_POINT('Ctrl Pts',(5.42850401458213,1.87417478800894,13.8643956753674));
#7210=CARTESIAN_POINT('Ctrl Pts',(4.6482786778264,3.63891653865866,13.9038241707184));
#7211=CARTESIAN_POINT('Ctrl Pts',(2.35895172244846,5.4115146957059,13.962966913745));
#7212=CARTESIAN_POINT('Ctrl Pts',(-0.497481556364179,5.88224852000471,14.0221096567716));
#7213=CARTESIAN_POINT('Ctrl Pts',(-3.23441761069996,4.93837694707789,14.0812523997982));
#7214=CARTESIAN_POINT('Ctrl Pts',(-5.19337007796483,2.80669838798197,14.1403951428248));
#7215=CARTESIAN_POINT('Ctrl Pts',(-5.90329113543669,-1.69603448138194E-15,
14.1995378858513));
#7216=CARTESIAN_POINT('Ctrl Pts',(-5.19337007796482,-2.80669838798197,14.2586806288779));
#7217=CARTESIAN_POINT('Ctrl Pts',(-3.23441761069996,-4.93837694707789,14.3178233719045));
#7218=CARTESIAN_POINT('Ctrl Pts',(-0.497481556364179,-5.88224852000471,
14.3769661149311));
#7219=CARTESIAN_POINT('Ctrl Pts',(2.35895172244846,-5.4115146957059,14.4361088579576));
#7220=CARTESIAN_POINT('Ctrl Pts',(4.64827867782639,-3.63891653865867,14.4952516009842));
#7221=CARTESIAN_POINT('Ctrl Pts',(5.42850401458213,-1.87417478800895,14.5346800963353));
#7222=CARTESIAN_POINT('Ctrl Pts',(5.58567751823583,-0.951657163436129,14.5543943440108));
#7223=CARTESIAN_POINT('Ctrl Pts',(5.72754981687973,0.97582858916859,13.9277717539327));
#7224=CARTESIAN_POINT('Ctrl Pts',(5.5663842162644,1.92177751558624,13.9474860016083));
#7225=CARTESIAN_POINT('Ctrl Pts',(4.766341702161,3.73134247127423,13.9869144969593));
#7226=CARTESIAN_POINT('Ctrl Pts',(2.41886744478675,5.54896338058226,14.0460572399859));
#7227=CARTESIAN_POINT('Ctrl Pts',(-0.510117239627997,6.03165351447552,14.1051999830125));
#7228=CARTESIAN_POINT('Ctrl Pts',(-3.31656955371961,5.06380826436477,14.1643427260391));
#7229=CARTESIAN_POINT('Ctrl Pts',(-5.32527804226528,2.87798656217448,14.2234854690656));
#7230=CARTESIAN_POINT('Ctrl Pts',(-6.05323059760834,1.30836945706607E-14,
14.2826282120922));
#7231=CARTESIAN_POINT('Ctrl Pts',(-5.32527804226529,-2.87798656217446,14.3417709551188));
#7232=CARTESIAN_POINT('Ctrl Pts',(-3.31656955371963,-5.06380826436476,14.4009136981453));
#7233=CARTESIAN_POINT('Ctrl Pts',(-0.510117239628021,-6.03165351447552,
14.4600564411719));
#7234=CARTESIAN_POINT('Ctrl Pts',(2.41886744478672,-5.54896338058228,14.5191991841985));
#7235=CARTESIAN_POINT('Ctrl Pts',(4.76634170216097,-3.73134247127426,14.5783419272251));
#7236=CARTESIAN_POINT('Ctrl Pts',(5.56638421626438,-1.92177751558627,14.6177704225761));
#7237=CARTESIAN_POINT('Ctrl Pts',(5.72754981687973,-0.975828589168621,14.6374846702517));
#7238=CARTESIAN_POINT('Ctrl Pts',(5.86942211552363,1.00000001490106,14.0108620801736));
#7239=CARTESIAN_POINT('Ctrl Pts',(5.70426441794666,1.96938024316353,14.0305763278491));
#7240=CARTESIAN_POINT('Ctrl Pts',(4.8844047264956,3.82376840388979,14.0700048232002));
#7241=CARTESIAN_POINT('Ctrl Pts',(2.47878316712503,5.68641206545863,14.1291475662268));
#7242=CARTESIAN_POINT('Ctrl Pts',(-0.522752922891814,6.18105850894633,14.1882903092533));
#7243=CARTESIAN_POINT('Ctrl Pts',(-3.39872149673926,5.18923958165165,14.2474330522799));
#7244=CARTESIAN_POINT('Ctrl Pts',(-5.45718600656573,2.94927473636699,14.3065757953065));
#7245=CARTESIAN_POINT('Ctrl Pts',(-6.20317005977999,2.54405172207291E-14,
14.3657185383331));
#7246=CARTESIAN_POINT('Ctrl Pts',(-5.45718600656576,-2.94927473636695,14.4248612813597));
#7247=CARTESIAN_POINT('Ctrl Pts',(-3.39872149673931,-5.18923958165162,14.4840040243862));
#7248=CARTESIAN_POINT('Ctrl Pts',(-0.522752922891867,-6.18105850894632,
14.5431467674128));
#7249=CARTESIAN_POINT('Ctrl Pts',(2.47878316712498,-5.68641206545866,14.6022895104394));
#7250=CARTESIAN_POINT('Ctrl Pts',(4.88440472649556,-3.82376840388984,14.661432253466));
#7251=CARTESIAN_POINT('Ctrl Pts',(5.70426441794664,-1.96938024316359,14.700860748817));
#7252=CARTESIAN_POINT('Ctrl Pts',(5.86942211552362,-1.00000001490111,14.7205749964925));
#7253=CARTESIAN_POINT('',(5.86942211552358,-1.00000001490135,14.7205749964925));
#7254=CARTESIAN_POINT('Ctrl Pts',(5.86942211552361,-1.0000000149012,14.7205749964925));
#7255=CARTESIAN_POINT('Ctrl Pts',(5.79641910775076,-1.0000000149012,14.6787796034974));
#7256=CARTESIAN_POINT('Ctrl Pts',(5.72333291760843,-1.00000001490116,14.6369495406667));
#7257=CARTESIAN_POINT('Ctrl Pts',(5.5772303050407,-1.00000001490116,14.5533583074887));
#7258=CARTESIAN_POINT('Ctrl Pts',(5.50405372819538,-1.00000001490117,14.5115055337695));
#7259=CARTESIAN_POINT('Ctrl Pts',(5.43095249773902,-1.00000001490117,14.4697121430479));
#7260=CARTESIAN_POINT('',(5.86942211552364,1.00000001490101,14.0108620801736));
#7261=CARTESIAN_POINT('Ctrl Pts',(5.86942211552363,1.00000001490106,14.0108620801736));
#7262=CARTESIAN_POINT('Ctrl Pts',(5.70426441794665,1.96938024316353,14.0305763278491));
#7263=CARTESIAN_POINT('Ctrl Pts',(5.29433457222113,2.89657432352666,14.0502905755247));
#7264=CARTESIAN_POINT('Ctrl Pts',(4.6884327227966,3.67061197396969,14.0700048232002));
#7265=CARTESIAN_POINT('Ctrl Pts',(4.08253087337208,4.44464962441273,14.0897190708757));
#7266=CARTESIAN_POINT('Ctrl Pts',(3.28065702024857,5.06553084493567,14.1094333185512));
#7267=CARTESIAN_POINT('Ctrl Pts',(2.379464078684,5.45841252911177,14.1291475662268));
#7268=CARTESIAN_POINT('Ctrl Pts',(1.47827113711943,5.85129421328786,14.1488618139023));
#7269=CARTESIAN_POINT('Ctrl Pts',(0.477759107113804,6.01617636111709,14.1685760615778));
#7270=CARTESIAN_POINT('Ctrl Pts',(-0.501825003530255,5.93331428048259,14.1882903092533));
#7271=CARTESIAN_POINT('Ctrl Pts',(-1.4814091141743,5.8504521998481,14.2080045569289));
#7272=CARTESIAN_POINT('Ctrl Pts',(-2.44006530545678,5.51984589074987,14.2277188046044));
#7273=CARTESIAN_POINT('Ctrl Pts',(-3.26247081940243,4.98121526198666,14.2474330522799));
#7274=CARTESIAN_POINT('Ctrl Pts',(-4.08487633334808,4.44258463322343,14.2671472999554));
#7275=CARTESIAN_POINT('Ctrl Pts',(-4.7710311699569,3.69592968479521,14.286861547631));
#7276=CARTESIAN_POINT('Ctrl Pts',(-5.23843926379702,2.83105642118661,14.3065757953065));
#7277=CARTESIAN_POINT('Ctrl Pts',(-5.70584735763715,1.966183157578,14.326290042982));
#7278=CARTESIAN_POINT('Ctrl Pts',(-5.95450870870857,0.983091578789009,14.3460042906575));
#7279=CARTESIAN_POINT('Ctrl Pts',(-5.95450870870857,1.76247905159241E-14,
14.3657185383331));
#7280=CARTESIAN_POINT('Ctrl Pts',(-5.95450870870857,-0.983091578788967,
14.3854327860086));
#7281=CARTESIAN_POINT('Ctrl Pts',(-5.70584735763716,-1.96618315757795,14.4051470336841));
#7282=CARTESIAN_POINT('Ctrl Pts',(-5.23843926379705,-2.83105642118656,14.4248612813597));
#7283=CARTESIAN_POINT('Ctrl Pts',(-4.77103116995694,-3.69592968479516,14.4445755290352));
#7284=CARTESIAN_POINT('Ctrl Pts',(-4.08487633334813,-4.44258463322338,14.4642897767107));
#7285=CARTESIAN_POINT('Ctrl Pts',(-3.26247081940249,-4.98121526198661,14.4840040243862));
#7286=CARTESIAN_POINT('Ctrl Pts',(-2.44006530545684,-5.51984589074985,14.5037182720618));
#7287=CARTESIAN_POINT('Ctrl Pts',(-1.48140911417435,-5.85045219984809,14.5234325197373));
#7288=CARTESIAN_POINT('Ctrl Pts',(-0.50182500353029,-5.93331428048259,14.5431467674128));
#7289=CARTESIAN_POINT('Ctrl Pts',(0.477759107113747,-6.0161763611171,14.5628610150883));
#7290=CARTESIAN_POINT('Ctrl Pts',(1.47827113711935,-5.85129421328788,14.5825752627639));
#7291=CARTESIAN_POINT('Ctrl Pts',(2.37946407868392,-5.45841252911181,14.6022895104394));
#7292=CARTESIAN_POINT('Ctrl Pts',(3.28065702024849,-5.06553084493573,14.6220037581149));
#7293=CARTESIAN_POINT('Ctrl Pts',(4.08253087337202,-4.44464962441279,14.6417180057904));
#7294=CARTESIAN_POINT('Ctrl Pts',(4.68843272279656,-3.67061197396975,14.661432253466));
#7295=CARTESIAN_POINT('Ctrl Pts',(5.29433457222109,-2.89657432352672,14.6811465011415));
#7296=CARTESIAN_POINT('Ctrl Pts',(5.70426441794663,-1.96938024316359,14.700860748817));
#7297=CARTESIAN_POINT('Ctrl Pts',(5.86942211552362,-1.00000001490111,14.7205749964925));
#7298=CARTESIAN_POINT('Ctrl Pts',(5.43095249773901,1.00000001490119,13.763182976173));
#7299=CARTESIAN_POINT('Ctrl Pts',(5.50406309932567,1.00000001490119,13.8044093772667));
#7300=CARTESIAN_POINT('Ctrl Pts',(5.57723889680134,1.00000001490117,13.845711209109));
#7301=CARTESIAN_POINT('Ctrl Pts',(5.72334127240219,1.00000001490117,13.9282429830622));
#7302=CARTESIAN_POINT('Ctrl Pts',(5.79642679980247,1.00000001490112,13.9695626648016));
#7303=CARTESIAN_POINT('Ctrl Pts',(5.86942211552362,1.00000001490112,14.0108620801736));
#7304=CARTESIAN_POINT('Ctrl Pts',(5.44380521959191,0.927485737703733,14.511591101451));
#7305=CARTESIAN_POINT('Ctrl Pts',(5.29062381289985,1.82657206043172,14.5313053491265));
#7306=CARTESIAN_POINT('Ctrl Pts',(4.53021121372144,3.54649014231175,14.5707338444776));
#7307=CARTESIAN_POINT('Ctrl Pts',(2.29903607683064,5.27406623267787,14.6298765875041));
#7308=CARTESIAN_POINT('Ctrl Pts',(-0.484846631854108,5.73284379933828,14.6890193305307));
#7309=CARTESIAN_POINT('Ctrl Pts',(-3.15226566270524,4.81294586029881,14.7481620735573));
#7310=CARTESIAN_POINT('Ctrl Pts',(-5.06146253907463,2.73541036584445,14.8073048165839));
#7311=CARTESIAN_POINT('Ctrl Pts',(-5.75335187275322,-1.97298709842837E-14,
14.8664475596105));
#7312=CARTESIAN_POINT('Ctrl Pts',(-5.06146253907461,-2.73541036584448,14.925590302637));
#7313=CARTESIAN_POINT('Ctrl Pts',(-3.15226566270521,-4.81294586029883,14.9847330456636));
#7314=CARTESIAN_POINT('Ctrl Pts',(-0.48484663185407,-5.73284379933828,15.0438757886902));
#7315=CARTESIAN_POINT('Ctrl Pts',(2.29903607683068,-5.27406623267786,15.1030185317168));
#7316=CARTESIAN_POINT('Ctrl Pts',(4.53021121372146,-3.54649014231172,15.1621612747433));
#7317=CARTESIAN_POINT('Ctrl Pts',(5.29062381289986,-1.82657206043168,15.2015897700944));
#7318=CARTESIAN_POINT('Ctrl Pts',(5.44380521959192,-0.927485737703697,15.2213040177699));
#7319=CARTESIAN_POINT('Ctrl Pts',(5.58567751823582,0.951657163436202,14.5946814276919));
#7320=CARTESIAN_POINT('Ctrl Pts',(5.42850401458211,1.87417478800902,14.6143956753674));
#7321=CARTESIAN_POINT('Ctrl Pts',(4.64827412235013,3.6389160628419,14.6538241707184));
#7322=CARTESIAN_POINT('Ctrl Pts',(2.35895180116836,5.41151492333589,14.712966913745));
#7323=CARTESIAN_POINT('Ctrl Pts',(-0.497482334891988,5.88224880094477,14.7721096567716));
#7324=CARTESIAN_POINT('Ctrl Pts',(-3.23441760559524,4.93837718359301,14.8312523997982));
#7325=CARTESIAN_POINT('Ctrl Pts',(-5.1933705144618,2.8066985439997,14.8903951428248));
#7326=CARTESIAN_POINT('Ctrl Pts',(-5.90329134012378,-6.49642093384951E-15,
14.9495378858513));
#7327=CARTESIAN_POINT('Ctrl Pts',(-5.19337051446179,-2.80669854399971,15.0086806288779));
#7328=CARTESIAN_POINT('Ctrl Pts',(-3.23441760559523,-4.93837718359302,15.0678233719045));
#7329=CARTESIAN_POINT('Ctrl Pts',(-0.497482334891975,-5.88224880094477,
15.1269661149311));
#7330=CARTESIAN_POINT('Ctrl Pts',(2.35895180116837,-5.41151492333588,15.1861088579576));
#7331=CARTESIAN_POINT('Ctrl Pts',(4.64827412235014,-3.6389160628419,15.2452516009842));
#7332=CARTESIAN_POINT('Ctrl Pts',(5.42850401458211,-1.874174788009,15.2846800963353));
#7333=CARTESIAN_POINT('Ctrl Pts',(5.58567751823582,-0.95165716343619,15.3043943440108));
#7334=CARTESIAN_POINT('Ctrl Pts',(5.72754981687972,0.975828589168671,14.6777717539327));
#7335=CARTESIAN_POINT('Ctrl Pts',(5.56638421626437,1.92177751558631,14.6974860016083));
#7336=CARTESIAN_POINT('Ctrl Pts',(4.76633703097882,3.73134198337206,14.7369144969593));
#7337=CARTESIAN_POINT('Ctrl Pts',(2.41886752550608,5.54896361399389,14.7960572399859));
#7338=CARTESIAN_POINT('Ctrl Pts',(-0.510118037929868,6.03165380255126,14.8551999830125));
#7339=CARTESIAN_POINT('Ctrl Pts',(-3.31656954848523,5.06380850688721,14.914342726039));
#7340=CARTESIAN_POINT('Ctrl Pts',(-5.32527848984897,2.87798672215495,14.9734854690656));
#7341=CARTESIAN_POINT('Ctrl Pts',(-6.05323080749434,7.45885366479018E-15,
15.0326282120922));
#7342=CARTESIAN_POINT('Ctrl Pts',(-5.32527848984897,-2.87798672215494,15.0917709551188));
#7343=CARTESIAN_POINT('Ctrl Pts',(-3.31656954848524,-5.0638085068872,15.1509136981454));
#7344=CARTESIAN_POINT('Ctrl Pts',(-0.510118037929879,-6.03165380255126,
15.2100564411719));
#7345=CARTESIAN_POINT('Ctrl Pts',(2.41886752550606,-5.5489636139939,15.2691991841985));
#7346=CARTESIAN_POINT('Ctrl Pts',(4.76633703097881,-3.73134198337207,15.3283419272251));
#7347=CARTESIAN_POINT('Ctrl Pts',(5.56638421626436,-1.92177751558633,15.3677704225761));
#7348=CARTESIAN_POINT('Ctrl Pts',(5.72754981687971,-0.975828589168684,15.3874846702517));
#7349=CARTESIAN_POINT('Ctrl Pts',(5.86942211552362,1.00000001490114,14.7608620801736));
#7350=CARTESIAN_POINT('Ctrl Pts',(5.70426441794663,1.96938024316361,14.7805763278491));
#7351=CARTESIAN_POINT('Ctrl Pts',(4.88439993960751,3.82376790390221,14.8200048232002));
#7352=CARTESIAN_POINT('Ctrl Pts',(2.47878324984379,5.6864123046519,14.8791475662268));
#7353=CARTESIAN_POINT('Ctrl Pts',(-0.522753740967747,6.18105880415775,14.9382903092533));
#7354=CARTESIAN_POINT('Ctrl Pts',(-3.39872149137522,5.1892398301814,14.9974330522799));
#7355=CARTESIAN_POINT('Ctrl Pts',(-5.45718646523613,2.94927490031021,15.0565757953065));
#7356=CARTESIAN_POINT('Ctrl Pts',(-6.2031702748649,1.91283505274458E-14,
15.1157185383331));
#7357=CARTESIAN_POINT('Ctrl Pts',(-5.45718646523615,-2.94927490031017,15.1748612813597));
#7358=CARTESIAN_POINT('Ctrl Pts',(-3.39872149137526,-5.18923983018139,15.2340040243862));
#7359=CARTESIAN_POINT('Ctrl Pts',(-0.522753740967786,-6.18105880415774,
15.2931467674128));
#7360=CARTESIAN_POINT('Ctrl Pts',(2.47878324984375,-5.68641230465192,15.3522895104394));
#7361=CARTESIAN_POINT('Ctrl Pts',(4.88439993960749,-3.82376790390224,15.411432253466));
#7362=CARTESIAN_POINT('Ctrl Pts',(5.70426441794662,-1.96938024316365,15.450860748817));
#7363=CARTESIAN_POINT('Ctrl Pts',(5.86942211552361,-1.00000001490118,15.4705749964925));
#7364=CARTESIAN_POINT('',(5.86942211552358,-1.00000001490135,15.4705749964925));
#7365=CARTESIAN_POINT('Ctrl Pts',(5.86942211552361,-1.00000001490122,15.4705749964925));
#7366=CARTESIAN_POINT('Ctrl Pts',(5.79641910774932,-1.00000001490122,15.4287796034965));
#7367=CARTESIAN_POINT('Ctrl Pts',(5.72333291760776,-1.00000001490116,15.3869495406663));
#7368=CARTESIAN_POINT('Ctrl Pts',(5.57723030505738,-1.00000001490116,15.3033583074983));
#7369=CARTESIAN_POINT('Ctrl Pts',(5.50405372820288,-1.00000001490115,15.2615055337738));
#7370=CARTESIAN_POINT('Ctrl Pts',(5.43095249773902,-1.00000001490115,15.2197121430479));
#7371=CARTESIAN_POINT('',(5.86942211552364,1.00000001490101,14.7608620801736));
#7372=CARTESIAN_POINT('Ctrl Pts',(5.8694221155236,1.00000001490124,14.7608620801736));
#7373=CARTESIAN_POINT('Ctrl Pts',(5.7042644179466,1.96938024316368,14.7805763278491));
#7374=CARTESIAN_POINT('Ctrl Pts',(5.29433217877705,2.89657407353293,14.8002905755247));
#7375=CARTESIAN_POINT('Ctrl Pts',(4.68842994423167,3.67061172217584,14.8200048232002));
#7376=CARTESIAN_POINT('Ctrl Pts',(4.08252770968627,4.44464937081877,14.8397190708757));
#7377=CARTESIAN_POINT('Ctrl Pts',(3.28065547976502,5.06553083773534,14.8594333185512));
#7378=CARTESIAN_POINT('Ctrl Pts',(2.37946319966915,5.45841265444459,14.8791475662268));
#7379=CARTESIAN_POINT('Ctrl Pts',(1.47827091957328,5.85129447115385,14.8988618139023));
#7380=CARTESIAN_POINT('Ctrl Pts',(0.477758589302765,6.0161766376558,14.9185760615778));
#7381=CARTESIAN_POINT('Ctrl Pts',(-0.501825534233737,5.93331455857738,14.9382903092533));
#7382=CARTESIAN_POINT('Ctrl Pts',(-1.48140965777024,5.85045247949896,14.9580045569289));
#7383=CARTESIAN_POINT('Ctrl Pts',(-2.44006557457273,5.51984615484018,14.9777188046044));
#7384=CARTESIAN_POINT('Ctrl Pts',(-3.26247102861746,4.98121550419893,14.9974330522799));
#7385=CARTESIAN_POINT('Ctrl Pts',(-4.08487648266219,4.44258485355767,15.0171472999554));
#7386=CARTESIAN_POINT('Ctrl Pts',(-4.77103147394916,3.69592987693394,15.036861547631));
#7387=CARTESIAN_POINT('Ctrl Pts',(-5.23843960453077,2.83105657190371,15.0565757953065));
#7388=CARTESIAN_POINT('Ctrl Pts',(-5.70584773511239,1.96618326687347,15.076290042982));
#7389=CARTESIAN_POINT('Ctrl Pts',(-5.95450900498864,0.983091633436755,15.0960042906575));
#7390=CARTESIAN_POINT('Ctrl Pts',(-5.95450900498865,1.86656246015102E-14,
15.1157185383331));
#7391=CARTESIAN_POINT('Ctrl Pts',(-5.95450900498865,-0.983091633436696,
15.1354327860086));
#7392=CARTESIAN_POINT('Ctrl Pts',(-5.70584773511241,-1.96618326687341,15.1551470336841));
#7393=CARTESIAN_POINT('Ctrl Pts',(-5.23843960453081,-2.83105657190364,15.1748612813597));
#7394=CARTESIAN_POINT('Ctrl Pts',(-4.77103147394921,-3.69592987693389,15.1945755290352));
#7395=CARTESIAN_POINT('Ctrl Pts',(-4.08487648266223,-4.44258485355764,15.2142897767107));
#7396=CARTESIAN_POINT('Ctrl Pts',(-3.26247102861749,-4.98121550419891,15.2340040243862));
#7397=CARTESIAN_POINT('Ctrl Pts',(-2.44006557457277,-5.51984615484017,15.2537182720618));
#7398=CARTESIAN_POINT('Ctrl Pts',(-1.48140965777027,-5.85045247949895,15.2734325197373));
#7399=CARTESIAN_POINT('Ctrl Pts',(-0.501825534233774,-5.93331455857738,
15.2931467674128));
#7400=CARTESIAN_POINT('Ctrl Pts',(0.477758589302726,-6.0161766376558,15.3128610150883));
#7401=CARTESIAN_POINT('Ctrl Pts',(1.47827091957324,-5.85129447115386,15.3325752627639));
#7402=CARTESIAN_POINT('Ctrl Pts',(2.37946319966912,-5.45841265444461,15.3522895104394));
#7403=CARTESIAN_POINT('Ctrl Pts',(3.280655479765,-5.06553083773536,15.3720037581149));
#7404=CARTESIAN_POINT('Ctrl Pts',(4.08252770968624,-4.4446493708188,15.3917180057904));
#7405=CARTESIAN_POINT('Ctrl Pts',(4.68842994423165,-3.67061172217587,15.411432253466));
#7406=CARTESIAN_POINT('Ctrl Pts',(5.29433217877705,-2.89657407353294,15.4311465011415));
#7407=CARTESIAN_POINT('Ctrl Pts',(5.70426441794661,-1.96938024316365,15.450860748817));
#7408=CARTESIAN_POINT('Ctrl Pts',(5.86942211552361,-1.00000001490118,15.4705749964925));
#7409=CARTESIAN_POINT('Ctrl Pts',(5.43095249773902,1.00000001490117,14.513182976173));
#7410=CARTESIAN_POINT('Ctrl Pts',(5.50406309933023,1.00000001490117,14.5544093772692));
#7411=CARTESIAN_POINT('Ctrl Pts',(5.57723889681144,1.00000001490115,14.5957112091147));
#7412=CARTESIAN_POINT('Ctrl Pts',(5.72334127240603,1.00000001490115,14.6782429830644));
#7413=CARTESIAN_POINT('Ctrl Pts',(5.79642679981096,1.00000001490114,14.7195626648064));
#7414=CARTESIAN_POINT('Ctrl Pts',(5.86942211552362,1.00000001490114,14.7608620801736));
#7415=CARTESIAN_POINT('Ctrl Pts',(5.44380521959192,0.927485737703732,15.261591101451));
#7416=CARTESIAN_POINT('Ctrl Pts',(5.29062381289985,1.82657206043172,15.2813053491265));
#7417=CARTESIAN_POINT('Ctrl Pts',(4.53020690772909,3.54648969594088,15.3207338444776));
#7418=CARTESIAN_POINT('Ctrl Pts',(2.29903610246815,5.27406644760807,15.3798765875042));
#7419=CARTESIAN_POINT('Ctrl Pts',(-0.484847378388511,5.7328440702633,15.4390193305307));
#7420=CARTESIAN_POINT('Ctrl Pts',(-3.15226567316874,4.81294608941564,15.4981620735573));
#7421=CARTESIAN_POINT('Ctrl Pts',(-5.06146295747148,2.73541051653133,15.5573048165839));
#7422=CARTESIAN_POINT('Ctrl Pts',(-5.75335207739813,2.28214778695033E-14,
15.6164475596105));
#7423=CARTESIAN_POINT('Ctrl Pts',(-5.06146295747151,-2.7354105165313,15.675590302637));
#7424=CARTESIAN_POINT('Ctrl Pts',(-3.15226567316875,-4.81294608941563,15.7347330456636));
#7425=CARTESIAN_POINT('Ctrl Pts',(-0.484847378388517,-5.7328440702633,15.7938757886902));
#7426=CARTESIAN_POINT('Ctrl Pts',(2.29903610246814,-5.27406644760807,15.8530185317168));
#7427=CARTESIAN_POINT('Ctrl Pts',(4.53020690772909,-3.54648969594089,15.9121612747433));
#7428=CARTESIAN_POINT('Ctrl Pts',(5.29062381289985,-1.82657206043172,15.9515897700944));
#7429=CARTESIAN_POINT('Ctrl Pts',(5.44380521959191,-0.927485737703737,15.9713040177699));
#7430=CARTESIAN_POINT('Ctrl Pts',(5.58567751823582,0.9516571634362,15.3446814276919));
#7431=CARTESIAN_POINT('Ctrl Pts',(5.42850401458211,1.87417478800901,15.3643956753674));
#7432=CARTESIAN_POINT('Ctrl Pts',(4.6482697041383,3.63891560483806,15.4038241707184));
#7433=CARTESIAN_POINT('Ctrl Pts',(2.358951827474,5.41151514386743,15.462966913745));
#7434=CARTESIAN_POINT('Ctrl Pts',(-0.497483100881998,5.88224907893043,15.5221096567716));
#7435=CARTESIAN_POINT('Ctrl Pts',(-3.23441761633143,4.9383774186809,15.5812523997982));
#7436=CARTESIAN_POINT('Ctrl Pts',(-5.19337094376259,2.80669869861367,15.6403951428248));
#7437=CARTESIAN_POINT('Ctrl Pts',(-5.90329155010199,3.85933892766994E-14,
15.6995378858513));
#7438=CARTESIAN_POINT('Ctrl Pts',(-5.19337094376262,-2.80669869861362,15.7586806288779));
#7439=CARTESIAN_POINT('Ctrl Pts',(-3.23441761633146,-4.93837741868088,15.8178233719045));
#7440=CARTESIAN_POINT('Ctrl Pts',(-0.497483100882032,-5.88224907893043,
15.8769661149311));
#7441=CARTESIAN_POINT('Ctrl Pts',(2.35895182747397,-5.41151514386744,15.9361088579576));
#7442=CARTESIAN_POINT('Ctrl Pts',(4.64826970413828,-3.63891560483808,15.9952516009842));
#7443=CARTESIAN_POINT('Ctrl Pts',(5.4285040145821,-1.87417478800904,16.0346800963353));
#7444=CARTESIAN_POINT('Ctrl Pts',(5.58567751823581,-0.951657163436231,16.0543943440108));
#7445=CARTESIAN_POINT('Ctrl Pts',(5.72754981687972,0.975828589168669,15.4277717539327));
#7446=CARTESIAN_POINT('Ctrl Pts',(5.56638421626437,1.92177751558631,15.4474860016083));
#7447=CARTESIAN_POINT('Ctrl Pts',(4.7663325005475,3.73134151373524,15.4869144969593));
#7448=CARTESIAN_POINT('Ctrl Pts',(2.41886755247987,5.54896384012678,15.5460572399859));
#7449=CARTESIAN_POINT('Ctrl Pts',(-0.510118823375491,6.03165408759757,15.6051999830125));
#7450=CARTESIAN_POINT('Ctrl Pts',(-3.31656955949411,5.06380874794616,15.664342726039));
#7451=CARTESIAN_POINT('Ctrl Pts',(-5.3252789300537,2.87798688069601,15.7234854690656));
#7452=CARTESIAN_POINT('Ctrl Pts',(-6.05323102280584,4.93469652361512E-14,
15.7826282120922));
#7453=CARTESIAN_POINT('Ctrl Pts',(-5.32527893005375,-2.87798688069593,15.8417709551188));
#7454=CARTESIAN_POINT('Ctrl Pts',(-3.31656955949417,-5.06380874794613,15.9009136981454));
#7455=CARTESIAN_POINT('Ctrl Pts',(-0.510118823375551,-6.03165408759756,
15.9600564411719));
#7456=CARTESIAN_POINT('Ctrl Pts',(2.41886755247981,-5.54896384012681,16.0191991841985));
#7457=CARTESIAN_POINT('Ctrl Pts',(4.76633250054746,-3.73134151373528,16.0783419272251));
#7458=CARTESIAN_POINT('Ctrl Pts',(5.56638421626435,-1.92177751558637,16.1177704225761));
#7459=CARTESIAN_POINT('Ctrl Pts',(5.72754981687971,-0.975828589168726,16.1374846702517));
#7460=CARTESIAN_POINT('Ctrl Pts',(5.86942211552362,1.00000001490114,15.5108620801736));
#7461=CARTESIAN_POINT('Ctrl Pts',(5.70426441794663,1.96938024316361,15.5305763278491));
#7462=CARTESIAN_POINT('Ctrl Pts',(4.88439529695671,3.82376742263241,15.5700048232002));
#7463=CARTESIAN_POINT('Ctrl Pts',(2.47878327748573,5.68641253638614,15.6291475662268));
#7464=CARTESIAN_POINT('Ctrl Pts',(-0.522754545868979,6.1810590962647,15.6882903092533));
#7465=CARTESIAN_POINT('Ctrl Pts',(-3.3987215026568,5.18924007721143,15.7474330522799));
#7466=CARTESIAN_POINT('Ctrl Pts',(-5.45718691634481,2.94927506277835,15.8065757953065));
#7467=CARTESIAN_POINT('Ctrl Pts',(-6.20317049550971,6.66721709486014E-14,
15.8657185383331));
#7468=CARTESIAN_POINT('Ctrl Pts',(-5.45718691634487,-2.94927506277825,15.9248612813597));
#7469=CARTESIAN_POINT('Ctrl Pts',(-3.39872150265688,-5.18924007721138,15.9840040243862));
#7470=CARTESIAN_POINT('Ctrl Pts',(-0.522754545869065,-6.1810590962647,16.0431467674128));
#7471=CARTESIAN_POINT('Ctrl Pts',(2.47878327748565,-5.68641253638618,16.1022895104394));
#7472=CARTESIAN_POINT('Ctrl Pts',(4.88439529695665,-3.82376742263248,16.161432253466));
#7473=CARTESIAN_POINT('Ctrl Pts',(5.7042644179466,-1.96938024316369,16.200860748817));
#7474=CARTESIAN_POINT('Ctrl Pts',(5.86942211552361,-1.00000001490122,16.2205749964925));
#7475=CARTESIAN_POINT('',(5.86942211552358,-1.00000001490135,16.2205749964925));
#7476=CARTESIAN_POINT('Ctrl Pts',(5.86942211552361,-1.00000001490122,16.2205749964925));
#7477=CARTESIAN_POINT('Ctrl Pts',(5.79641910776475,-1.00000001490122,16.1787796035054));
#7478=CARTESIAN_POINT('Ctrl Pts',(5.72333291761474,-1.00000001490116,16.1369495406703));
#7479=CARTESIAN_POINT('Ctrl Pts',(5.57723030506172,-1.00000001490116,16.0533583075007));
#7480=CARTESIAN_POINT('Ctrl Pts',(5.50405372820485,-1.00000001490111,16.0115055337749));
#7481=CARTESIAN_POINT('Ctrl Pts',(5.43095249773903,-1.00000001490111,15.9697121430479));
#7482=CARTESIAN_POINT('',(5.86942211552364,1.00000001490101,15.5108620801736));
#7483=CARTESIAN_POINT('Ctrl Pts',(5.8694221155236,1.00000001490122,15.5108620801736));
#7484=CARTESIAN_POINT('Ctrl Pts',(5.7042644179466,1.96938024316366,15.5305763278491));
#7485=CARTESIAN_POINT('Ctrl Pts',(5.29432985745165,2.89657383289803,15.5502905755247));
#7486=CARTESIAN_POINT('Ctrl Pts',(4.68842724062569,3.6706114800575,15.5700048232002));
#7487=CARTESIAN_POINT('Ctrl Pts',(4.08252462379971,4.44464912721699,15.5897190708757));
#7488=CARTESIAN_POINT('Ctrl Pts',(3.28065395064272,5.06553083180156,15.6094333185512));
#7489=CARTESIAN_POINT('Ctrl Pts',(2.37946231017177,5.45841277740694,15.6291475662268));
#7490=CARTESIAN_POINT('Ctrl Pts',(1.47827066970082,5.85129472301232,15.6488618139023));
#7491=CARTESIAN_POINT('Ctrl Pts',(0.477758061915922,6.01617690963851,15.6685760615778));
#7492=CARTESIAN_POINT('Ctrl Pts',(-0.501826068107833,5.93331483310939,15.6882903092533));
#7493=CARTESIAN_POINT('Ctrl Pts',(-1.48141019813159,5.85045275658027,15.7080045569289));
#7494=CARTESIAN_POINT('Ctrl Pts',(-2.4400658503942,5.51984641689585,15.7277188046044));
#7495=CARTESIAN_POINT('Ctrl Pts',(-3.26247124547351,4.98121574464812,15.7474330522799));
#7496=CARTESIAN_POINT('Ctrl Pts',(-4.08487664055281,4.4425850724004,15.7671472999554));
#7497=CARTESIAN_POINT('Ctrl Pts',(-4.7710317784488,3.69593006758938,15.786861547631));
#7498=CARTESIAN_POINT('Ctrl Pts',(-5.23843994392428,2.83105672138749,15.8065757953065));
#7499=CARTESIAN_POINT('Ctrl Pts',(-5.70584810939977,1.9661833751856,15.826290042982));
#7500=CARTESIAN_POINT('Ctrl Pts',(-5.95450930245474,0.983091687592831,15.8460042906576));
#7501=CARTESIAN_POINT('Ctrl Pts',(-5.95450930245475,6.30745455865164E-14,
15.8657185383331));
#7502=CARTESIAN_POINT('Ctrl Pts',(-5.95450930245476,-0.983091687592705,
15.8854327860086));
#7503=CARTESIAN_POINT('Ctrl Pts',(-5.70584810939981,-1.96618337518548,15.9051470336841));
#7504=CARTESIAN_POINT('Ctrl Pts',(-5.23843994392434,-2.83105672138738,15.9248612813597));
#7505=CARTESIAN_POINT('Ctrl Pts',(-4.77103177844887,-3.69593006758929,15.9445755290352));
#7506=CARTESIAN_POINT('Ctrl Pts',(-4.08487664055287,-4.44258507240033,15.9642897767107));
#7507=CARTESIAN_POINT('Ctrl Pts',(-3.26247124547357,-4.98121574464807,15.9840040243862));
#7508=CARTESIAN_POINT('Ctrl Pts',(-2.44006585039428,-5.51984641689581,16.0037182720618));
#7509=CARTESIAN_POINT('Ctrl Pts',(-1.48141019813167,-5.85045275658025,16.0234325197373));
#7510=CARTESIAN_POINT('Ctrl Pts',(-0.501826068107916,-5.93331483310939,
16.0431467674128));
#7511=CARTESIAN_POINT('Ctrl Pts',(0.477758061915837,-6.01617690963852,16.0628610150883));
#7512=CARTESIAN_POINT('Ctrl Pts',(1.47827066970074,-5.85129472301235,16.0825752627639));
#7513=CARTESIAN_POINT('Ctrl Pts',(2.37946231017169,-5.45841277740698,16.1022895104394));
#7514=CARTESIAN_POINT('Ctrl Pts',(3.28065395064265,-5.06553083180161,16.1220037581149));
#7515=CARTESIAN_POINT('Ctrl Pts',(4.08252462379965,-4.44464912721704,16.1417180057904));
#7516=CARTESIAN_POINT('Ctrl Pts',(4.68842724062564,-3.67061148005756,16.161432253466));
#7517=CARTESIAN_POINT('Ctrl Pts',(5.29432985745162,-2.89657383289808,16.1811465011415));
#7518=CARTESIAN_POINT('Ctrl Pts',(5.7042644179466,-1.96938024316369,16.200860748817));
#7519=CARTESIAN_POINT('Ctrl Pts',(5.8694221155236,-1.00000001490122,16.2205749964925));
#7520=CARTESIAN_POINT('Ctrl Pts',(5.43095249773902,1.00000001490114,15.263182976173));
#7521=CARTESIAN_POINT('Ctrl Pts',(5.50406309932929,1.00000001490114,15.3044093772687));
#7522=CARTESIAN_POINT('Ctrl Pts',(5.57723889680937,1.00000001490115,15.3457112091136));
#7523=CARTESIAN_POINT('Ctrl Pts',(5.72334127240604,1.00000001490115,15.4282429830644));
#7524=CARTESIAN_POINT('Ctrl Pts',(5.79642679981102,1.00000001490114,15.4695626648064));
#7525=CARTESIAN_POINT('Ctrl Pts',(5.86942211552362,1.00000001490114,15.5108620801736));
#7526=CARTESIAN_POINT('Ctrl Pts',(5.44380521959192,0.92748573770373,16.011591101451));
#7527=CARTESIAN_POINT('Ctrl Pts',(5.29062381289985,1.82657206043172,16.0313053491265));
#7528=CARTESIAN_POINT('Ctrl Pts',(4.53020272865173,3.54648926602404,16.0707338444776));
#7529=CARTESIAN_POINT('Ctrl Pts',(2.29903608106814,5.27406665608362,16.1298765875041));
#7530=CARTESIAN_POINT('Ctrl Pts',(-0.484848113920587,5.73284433832974,16.1890193305307));
#7531=CARTESIAN_POINT('Ctrl Pts',(-3.15226569818633,4.81294631712189,16.2481620735573));
#7532=CARTESIAN_POINT('Ctrl Pts',(-5.06146336947842,2.73541066587525,16.3073048165839));
#7533=CARTESIAN_POINT('Ctrl Pts',(-5.75335228680818,-5.68499294687698E-14,
16.3664475596105));
#7534=CARTESIAN_POINT('Ctrl Pts',(-5.06146336947837,-2.73541066587535,16.425590302637));
#7535=CARTESIAN_POINT('Ctrl Pts',(-3.15226569818623,-4.81294631712195,16.4847330456636));
#7536=CARTESIAN_POINT('Ctrl Pts',(-0.484848113920473,-5.73284433832975,
16.5438757886902));
#7537=CARTESIAN_POINT('Ctrl Pts',(2.29903608106825,-5.27406665608357,16.6030185317168));
#7538=CARTESIAN_POINT('Ctrl Pts',(4.5302027286518,-3.54648926602395,16.6621612747433));
#7539=CARTESIAN_POINT('Ctrl Pts',(5.29062381289989,-1.82657206043161,16.7015897700944));
#7540=CARTESIAN_POINT('Ctrl Pts',(5.44380521959193,-0.927485737703622,16.7213040177699));
#7541=CARTESIAN_POINT('Ctrl Pts',(5.58567751823582,0.951657163436199,16.0946814276919));
#7542=CARTESIAN_POINT('Ctrl Pts',(5.42850401458211,1.87417478800901,16.1143956753674));
#7543=CARTESIAN_POINT('Ctrl Pts',(4.64826541614901,3.63891516371705,16.1538241707184));
#7544=CARTESIAN_POINT('Ctrl Pts',(2.35895180551629,5.4115153577761,16.212966913745));
#7545=CARTESIAN_POINT('Ctrl Pts',(-0.497483855582952,5.88224935398302,16.2721096567716));
#7546=CARTESIAN_POINT('Ctrl Pts',(-3.234417642001,4.93837765232146,16.3312523997982));
#7547=CARTESIAN_POINT('Ctrl Pts',(-5.19337136650694,2.80669885184967,16.3903951428247));
#7548=CARTESIAN_POINT('Ctrl Pts',(-5.90329176496952,-4.61683143284999E-14,
16.4495378858513));
#7549=CARTESIAN_POINT('Ctrl Pts',(-5.1933713665069,-2.80669885184975,16.5086806288779));
#7550=CARTESIAN_POINT('Ctrl Pts',(-3.23441764200093,-4.93837765232151,16.5678233719045));
#7551=CARTESIAN_POINT('Ctrl Pts',(-0.497483855582862,-5.88224935398302,
16.6269661149311));
#7552=CARTESIAN_POINT('Ctrl Pts',(2.35895180551638,-5.41151535777607,16.6861088579576));
#7553=CARTESIAN_POINT('Ctrl Pts',(4.64826541614907,-3.63891516371698,16.7452516009842));
#7554=CARTESIAN_POINT('Ctrl Pts',(5.42850401458214,-1.87417478800893,16.7846800963353));
#7555=CARTESIAN_POINT('Ctrl Pts',(5.58567751823583,-0.951657163436114,16.8043943440108));
#7556=CARTESIAN_POINT('Ctrl Pts',(5.72754981687972,0.975828589168668,16.1777717539327));
#7557=CARTESIAN_POINT('Ctrl Pts',(5.56638421626437,1.92177751558631,16.1974860016083));
#7558=CARTESIAN_POINT('Ctrl Pts',(4.76632810364629,3.73134106141007,16.2369144969593));
#7559=CARTESIAN_POINT('Ctrl Pts',(2.41886752996444,5.54896405946859,16.2960572399859));
#7560=CARTESIAN_POINT('Ctrl Pts',(-0.510119597245316,6.03165436963629,16.3551999830125));
#7561=CARTESIAN_POINT('Ctrl Pts',(-3.31656958581568,5.06380898752103,16.4143427260391));
#7562=CARTESIAN_POINT('Ctrl Pts',(-5.32527936353546,2.8779870378241,16.4734854690656));
#7563=CARTESIAN_POINT('Ctrl Pts',(-6.05323124313087,-3.1214053132122E-14,
16.5326282120922));
#7564=CARTESIAN_POINT('Ctrl Pts',(-5.32527936353543,-2.87798703782416,16.5917709551188));
#7565=CARTESIAN_POINT('Ctrl Pts',(-3.31656958581562,-5.06380898752106,16.6509136981454));
#7566=CARTESIAN_POINT('Ctrl Pts',(-0.510119597245252,-6.0316543696363,16.7100564411719));
#7567=CARTESIAN_POINT('Ctrl Pts',(2.4188675299645,-5.54896405946856,16.7691991841985));
#7568=CARTESIAN_POINT('Ctrl Pts',(4.76632810364633,-3.73134106141001,16.8283419272251));
#7569=CARTESIAN_POINT('Ctrl Pts',(5.56638421626439,-1.92177751558625,16.8677704225761));
#7570=CARTESIAN_POINT('Ctrl Pts',(5.72754981687973,-0.975828589168605,16.8874846702517));
#7571=CARTESIAN_POINT('Ctrl Pts',(5.86942211552362,1.00000001490114,16.2608620801736));
#7572=CARTESIAN_POINT('Ctrl Pts',(5.70426441794663,1.96938024316361,16.2805763278491));
#7573=CARTESIAN_POINT('Ctrl Pts',(4.88439079114357,3.82376695910308,16.3200048232002));
#7574=CARTESIAN_POINT('Ctrl Pts',(2.47878325441259,5.68641276116108,16.3791475662268));
#7575=CARTESIAN_POINT('Ctrl Pts',(-0.522755338907682,6.18105938528956,16.4382903092533));
#7576=CARTESIAN_POINT('Ctrl Pts',(-3.39872152963035,5.1892403227206,16.4974330522799));
#7577=CARTESIAN_POINT('Ctrl Pts',(-5.45718736056398,2.94927522379853,16.5565757953065));
#7578=CARTESIAN_POINT('Ctrl Pts',(-6.20317072129221,-1.99390149285038E-14,
16.6157185383331));
#7579=CARTESIAN_POINT('Ctrl Pts',(-5.45718736056396,-2.94927522379857,16.6748612813597));
#7580=CARTESIAN_POINT('Ctrl Pts',(-3.39872152963032,-5.18924032272062,16.7340040243862));
#7581=CARTESIAN_POINT('Ctrl Pts',(-0.522755338907641,-6.18105938528957,
16.7931467674128));
#7582=CARTESIAN_POINT('Ctrl Pts',(2.47878325441263,-5.68641276116106,16.8522895104394));
#7583=CARTESIAN_POINT('Ctrl Pts',(4.88439079114359,-3.82376695910304,16.911432253466));
#7584=CARTESIAN_POINT('Ctrl Pts',(5.70426441794664,-1.96938024316357,16.950860748817));
#7585=CARTESIAN_POINT('Ctrl Pts',(5.86942211552363,-1.0000000149011,16.9705749964925));
#7586=CARTESIAN_POINT('',(5.86942211552358,-1.00000001490135,16.9705749964925));
#7587=CARTESIAN_POINT('Ctrl Pts',(5.86942211552361,-1.00000001490118,16.9705749964925));
#7588=CARTESIAN_POINT('Ctrl Pts',(5.7964191077321,-1.00000001490118,16.9287796034867));
#7589=CARTESIAN_POINT('Ctrl Pts',(5.72333291760003,-1.0000000149012,16.8869495406619));
#7590=CARTESIAN_POINT('Ctrl Pts',(5.5772303050762,-1.0000000149012,16.803358307509));
#7591=CARTESIAN_POINT('Ctrl Pts',(5.50405372821136,-1.00000001490115,16.7615055337786));
#7592=CARTESIAN_POINT('Ctrl Pts',(5.43095249773902,-1.00000001490115,16.7197121430479));
#7593=CARTESIAN_POINT('',(5.86942211552364,1.00000001490101,16.2608620801736));
#7594=CARTESIAN_POINT('Ctrl Pts',(5.86942211552361,1.00000001490118,16.2608620801736));
#7595=CARTESIAN_POINT('Ctrl Pts',(5.70426441794662,1.96938024316363,16.2805763278491));
#7596=CARTESIAN_POINT('Ctrl Pts',(5.29432760454509,2.89657360113335,16.3002905755247));
#7597=CARTESIAN_POINT('Ctrl Pts',(4.68842460838917,3.67061124712788,16.3200048232002));
#7598=CARTESIAN_POINT('Ctrl Pts',(4.08252161223324,4.44464889312241,16.3397190708757));
#7599=CARTESIAN_POINT('Ctrl Pts',(3.28065243332291,5.06553082714174,16.3594333185512));
#7600=CARTESIAN_POINT('Ctrl Pts',(2.37946141164771,5.45841289817282,16.3791475662268));
#7601=CARTESIAN_POINT('Ctrl Pts',(1.4782703899725,5.8512949692039,16.3988618139023));
#7602=CARTESIAN_POINT('Ctrl Pts',(0.477757525532418,6.01617717724673,16.4185760615778));
#7603=CARTESIAN_POINT('Ctrl Pts',(-0.501826605141401,5.93331510417332,16.4382903092533));
#7604=CARTESIAN_POINT('Ctrl Pts',(-1.48141073581523,5.85045303109991,16.4580045569289));
#7605=CARTESIAN_POINT('Ctrl Pts',(-2.4400661327228,5.51984667691025,16.4777188046044));
#7606=CARTESIAN_POINT('Ctrl Pts',(-3.26247146966552,4.98121598332841,16.4974330522799));
#7607=CARTESIAN_POINT('Ctrl Pts',(-4.08487680660823,4.44258528974657,16.5171472999554));
#7608=CARTESIAN_POINT('Ctrl Pts',(-4.7710320835861,3.69593025677255,16.536861547631));
#7609=CARTESIAN_POINT('Ctrl Pts',(-5.23844028219641,2.83105686965245,16.5565757953065));
#7610=CARTESIAN_POINT('Ctrl Pts',(-5.70584848080672,1.96618348253234,16.576290042982));
#7611=CARTESIAN_POINT('Ctrl Pts',(-5.95450960104946,0.983091741266162,16.5960042906576));
#7612=CARTESIAN_POINT('Ctrl Pts',(-5.95450960104946,-2.01921812603703E-14,
16.6157185383331));
#7613=CARTESIAN_POINT('Ctrl Pts',(-5.95450960104946,-0.983091741266216,
16.6354327860086));
#7614=CARTESIAN_POINT('Ctrl Pts',(-5.7058484808067,-1.96618348253241,16.6551470336841));
#7615=CARTESIAN_POINT('Ctrl Pts',(-5.23844028219637,-2.83105686965252,16.6748612813597));
#7616=CARTESIAN_POINT('Ctrl Pts',(-4.77103208358606,-3.6959302567726,16.6945755290352));
#7617=CARTESIAN_POINT('Ctrl Pts',(-4.08487680660819,-4.4425852897466,16.7142897767107));
#7618=CARTESIAN_POINT('Ctrl Pts',(-3.26247146966549,-4.98121598332843,16.7340040243862));
#7619=CARTESIAN_POINT('Ctrl Pts',(-2.44006613272276,-5.51984667691027,16.7537182720618));
#7620=CARTESIAN_POINT('Ctrl Pts',(-1.48141073581519,-5.85045303109992,16.7734325197373));
#7621=CARTESIAN_POINT('Ctrl Pts',(-0.50182660514136,-5.93331510417332,16.7931467674128));
#7622=CARTESIAN_POINT('Ctrl Pts',(0.477757525532459,-6.01617717724673,16.8128610150883));
#7623=CARTESIAN_POINT('Ctrl Pts',(1.47827038997254,-5.8512949692039,16.8325752627639));
#7624=CARTESIAN_POINT('Ctrl Pts',(2.37946141164775,-5.45841289817281,16.8522895104394));
#7625=CARTESIAN_POINT('Ctrl Pts',(3.28065243332296,-5.06553082714172,16.8720037581149));
#7626=CARTESIAN_POINT('Ctrl Pts',(4.08252161223329,-4.44464889312236,16.8917180057904));
#7627=CARTESIAN_POINT('Ctrl Pts',(4.68842460838922,-3.67061124712781,16.911432253466));
#7628=CARTESIAN_POINT('Ctrl Pts',(5.29432760454513,-2.89657360113328,16.9311465011415));
#7629=CARTESIAN_POINT('Ctrl Pts',(5.70426441794664,-1.96938024316355,16.950860748817));
#7630=CARTESIAN_POINT('Ctrl Pts',(5.86942211552362,-1.0000000149011,16.9705749964925));
#7631=CARTESIAN_POINT('Ctrl Pts',(5.43095249773902,1.00000001490114,16.013182976173));
#7632=CARTESIAN_POINT('Ctrl Pts',(5.50406309932574,1.00000001490114,16.0544093772667));
#7633=CARTESIAN_POINT('Ctrl Pts',(5.57723889680151,1.00000001490111,16.0957112091091));
#7634=CARTESIAN_POINT('Ctrl Pts',(5.72334127240983,1.00000001490111,16.1782429830665));
#7635=CARTESIAN_POINT('Ctrl Pts',(5.79642679981938,1.00000001490114,16.2195626648112));
#7636=CARTESIAN_POINT('Ctrl Pts',(5.86942211552362,1.00000001490114,16.2608620801736));
#7637=CARTESIAN_POINT('Ctrl Pts',(5.44380521959191,0.927485737703768,16.761591101451));
#7638=CARTESIAN_POINT('Ctrl Pts',(5.29062381289984,1.82657206043175,16.7813053491265));
#7639=CARTESIAN_POINT('Ctrl Pts',(4.53019867011864,3.54648885171856,16.8207338444776));
#7640=CARTESIAN_POINT('Ctrl Pts',(2.29903601631596,5.27406685852782,16.8798765875041));
#7641=CARTESIAN_POINT('Ctrl Pts',(-0.484848839522935,5.73284460356369,16.9390193305307));
#7642=CARTESIAN_POINT('Ctrl Pts',(-3.15226573695145,4.81294654340079,16.9981620735573));
#7643=CARTESIAN_POINT('Ctrl Pts',(-5.0614637756592,2.73541081390027,17.0573048165839));
#7644=CARTESIAN_POINT('Ctrl Pts',(-5.75335250063673,-5.68299666822312E-14,
17.1164475596105));
#7645=CARTESIAN_POINT('Ctrl Pts',(-5.06146377565915,-2.73541081390036,17.175590302637));
#7646=CARTESIAN_POINT('Ctrl Pts',(-3.15226573695135,-4.81294654340085,17.2347330456636));
#7647=CARTESIAN_POINT('Ctrl Pts',(-0.484848839522823,-5.7328446035637,17.2938757886902));
#7648=CARTESIAN_POINT('Ctrl Pts',(2.29903601631607,-5.27406685852777,17.3530185317168));
#7649=CARTESIAN_POINT('Ctrl Pts',(4.53019867011871,-3.54648885171847,17.4121612747433));
#7650=CARTESIAN_POINT('Ctrl Pts',(5.29062381289987,-1.82657206043165,17.4515897700944));
#7651=CARTESIAN_POINT('Ctrl Pts',(5.44380521959193,-0.927485737703662,17.4713040177699));
#7652=CARTESIAN_POINT('Ctrl Pts',(5.58567751823581,0.951657163436237,16.8446814276919));
#7653=CARTESIAN_POINT('Ctrl Pts',(5.4285040145821,1.87417478800905,16.8643956753674));
#7654=CARTESIAN_POINT('Ctrl Pts',(4.64826125184553,3.63891473861425,16.9038241707184));
#7655=CARTESIAN_POINT('Ctrl Pts',(2.35895173907659,5.41151556549625,16.962966913745));
#7656=CARTESIAN_POINT('Ctrl Pts',(-0.497484600095395,5.88224962612929,17.0221096567716));
#7657=CARTESIAN_POINT('Ctrl Pts',(-3.23441768177639,4.93837788449747,17.0812523997982));
#7658=CARTESIAN_POINT('Ctrl Pts',(-5.19337178327329,2.80669900373241,17.1403951428248));
#7659=CARTESIAN_POINT('Ctrl Pts',(-5.90329198437071,-4.51574216582874E-14,
17.1995378858513));
#7660=CARTESIAN_POINT('Ctrl Pts',(-5.19337178327325,-2.80669900373248,17.2586806288779));
#7661=CARTESIAN_POINT('Ctrl Pts',(-3.23441768177632,-4.93837788449752,17.3178233719045));
#7662=CARTESIAN_POINT('Ctrl Pts',(-0.497484600095309,-5.88224962612929,
17.3769661149311));
#7663=CARTESIAN_POINT('Ctrl Pts',(2.35895173907667,-5.41151556549622,17.4361088579576));
#7664=CARTESIAN_POINT('Ctrl Pts',(4.64826125184558,-3.63891473861418,17.4952516009842));
#7665=CARTESIAN_POINT('Ctrl Pts',(5.42850401458212,-1.87417478800897,17.5346800963353));
#7666=CARTESIAN_POINT('Ctrl Pts',(5.58567751823582,-0.951657163436155,17.5543943440108));
#7667=CARTESIAN_POINT('Ctrl Pts',(5.72754981687971,0.975828589168707,16.9277717539327));
#7668=CARTESIAN_POINT('Ctrl Pts',(5.56638421626436,1.92177751558635,16.9474860016083));
#7669=CARTESIAN_POINT('Ctrl Pts',(4.76632383357241,3.73134062550995,16.9869144969593));
#7670=CARTESIAN_POINT('Ctrl Pts',(2.41886746183722,5.54896427246468,17.0460572399859));
#7671=CARTESIAN_POINT('Ctrl Pts',(-0.510120360667855,6.03165464869489,17.1051999830125));
#7672=CARTESIAN_POINT('Ctrl Pts',(-3.31656962660133,5.06380922559415,17.164342726039));
#7673=CARTESIAN_POINT('Ctrl Pts',(-5.32527979088739,2.87798719356455,17.2234854690656));
#7674=CARTESIAN_POINT('Ctrl Pts',(-6.05323146810469,-3.1244691225708E-14,
17.2826282120922));
#7675=CARTESIAN_POINT('Ctrl Pts',(-5.32527979088736,-2.87798719356461,17.3417709551188));
#7676=CARTESIAN_POINT('Ctrl Pts',(-3.31656962660128,-5.06380922559419,17.4009136981454));
#7677=CARTESIAN_POINT('Ctrl Pts',(-0.510120360667792,-6.0316546486949,17.4600564411719));
#7678=CARTESIAN_POINT('Ctrl Pts',(2.41886746183728,-5.54896427246466,17.5191991841985));
#7679=CARTESIAN_POINT('Ctrl Pts',(4.76632383357245,-3.7313406255099,17.5783419272251));
#7680=CARTESIAN_POINT('Ctrl Pts',(5.56638421626438,-1.92177751558629,17.6177704225761));
#7681=CARTESIAN_POINT('Ctrl Pts',(5.72754981687972,-0.975828589168647,17.6374846702517));
#7682=CARTESIAN_POINT('Ctrl Pts',(5.86942211552361,1.00000001490118,17.0108620801736));
#7683=CARTESIAN_POINT('Ctrl Pts',(5.70426441794662,1.96938024316365,17.0305763278491));
#7684=CARTESIAN_POINT('Ctrl Pts',(4.8843864152993,3.82376651240565,17.0700048232002));
#7685=CARTESIAN_POINT('Ctrl Pts',(2.47878318459785,5.68641297943312,17.1291475662268));
#7686=CARTESIAN_POINT('Ctrl Pts',(-0.522756121240315,6.18105967126049,17.1882903092533));
#7687=CARTESIAN_POINT('Ctrl Pts',(-3.39872157142627,5.18924056669083,17.2474330522799));
#7688=CARTESIAN_POINT('Ctrl Pts',(-5.45718779850148,2.94927538339669,17.3065757953065));
#7689=CARTESIAN_POINT('Ctrl Pts',(-6.20317095183867,-1.94542417065729E-14,
17.3657185383331));
#7690=CARTESIAN_POINT('Ctrl Pts',(-5.45718779850146,-2.94927538339673,17.4248612813597));
#7691=CARTESIAN_POINT('Ctrl Pts',(-3.39872157142624,-5.18924056669085,17.4840040243862));
#7692=CARTESIAN_POINT('Ctrl Pts',(-0.522756121240276,-6.18105967126049,
17.5431467674128));
#7693=CARTESIAN_POINT('Ctrl Pts',(2.47878318459788,-5.6864129794331,17.6022895104394));
#7694=CARTESIAN_POINT('Ctrl Pts',(4.88438641529932,-3.82376651240562,17.661432253466));
#7695=CARTESIAN_POINT('Ctrl Pts',(5.70426441794663,-1.96938024316361,17.700860748817));
#7696=CARTESIAN_POINT('Ctrl Pts',(5.86942211552362,-1.00000001490114,17.7205749964925));
#7697=CARTESIAN_POINT('',(5.86942211552358,-1.00000001490135,17.7205749964925));
#7698=CARTESIAN_POINT('Ctrl Pts',(5.86942211552362,-1.00000001490114,17.7205749964925));
#7699=CARTESIAN_POINT('Ctrl Pts',(5.79641910771937,-1.00000001490114,17.6787796034794));
#7700=CARTESIAN_POINT('Ctrl Pts',(5.72333291759428,-1.00000001490117,17.6369495406586));
#7701=CARTESIAN_POINT('Ctrl Pts',(5.5772303050756,-1.00000001490117,17.5533583075087));
#7702=CARTESIAN_POINT('Ctrl Pts',(5.50405372821107,-1.00000001490111,17.5115055337784));
#7703=CARTESIAN_POINT('Ctrl Pts',(5.43095249773903,-1.00000001490111,17.4697121430479));
#7704=CARTESIAN_POINT('',(5.86942211552364,1.00000001490101,17.0108620801736));
#7705=CARTESIAN_POINT('Ctrl Pts',(5.8694221155236,1.00000001490122,17.0108620801736));
#7706=CARTESIAN_POINT('Ctrl Pts',(5.7042644179466,1.96938024316367,17.0305763278491));
#7707=CARTESIAN_POINT('Ctrl Pts',(5.29432541662295,2.89657337778466,17.0502905755247));
#7708=CARTESIAN_POINT('Ctrl Pts',(4.68842204417755,3.67061102293306,17.0700048232002));
#7709=CARTESIAN_POINT('Ctrl Pts',(4.08251867173215,4.44464866808147,17.0897190708757));
#7710=CARTESIAN_POINT('Ctrl Pts',(3.280650928165,5.0655308237573,17.1094333185512));
#7711=CARTESIAN_POINT('Ctrl Pts',(2.37946050540839,5.45841301689977,17.1291475662268));
#7712=CARTESIAN_POINT('Ctrl Pts',(1.47827008265179,5.85129521004224,17.1488618139023));
#7713=CARTESIAN_POINT('Ctrl Pts',(0.477756980705739,6.01617744065137,17.1685760615778));
#7714=CARTESIAN_POINT('Ctrl Pts',(-0.501827145298281,5.93331537186098,17.1882903092533));
#7715=CARTESIAN_POINT('Ctrl Pts',(-1.4814112713023,5.8504533030706,17.2080045569289));
#7716=CARTESIAN_POINT('Ctrl Pts',(-2.44006642136429,5.51984693488071,17.2277188046044));
#7717=CARTESIAN_POINT('Ctrl Pts',(-3.26247170090781,4.98121622023675,17.2474330522799));
#7718=CARTESIAN_POINT('Ctrl Pts',(-4.08487698045134,4.44258550559278,17.2671472999554));
#7719=CARTESIAN_POINT('Ctrl Pts',(-4.77103238947641,3.69593044449473,17.286861547631));
#7720=CARTESIAN_POINT('Ctrl Pts',(-5.23844061954514,2.83105701671293,17.3065757953065));
#7721=CARTESIAN_POINT('Ctrl Pts',(-5.70584884961388,1.96618358893112,17.326290042982));
#7722=CARTESIAN_POINT('Ctrl Pts',(-5.95450990072627,0.98309179446555,17.3460042906576));
#7723=CARTESIAN_POINT('Ctrl Pts',(-5.95450990072627,-1.88044024795888E-14,
17.3657185383331));
#7724=CARTESIAN_POINT('Ctrl Pts',(-5.95450990072627,-0.983091794465588,
17.3854327860086));
#7725=CARTESIAN_POINT('Ctrl Pts',(-5.70584884961386,-1.96618358893116,17.4051470336841));
#7726=CARTESIAN_POINT('Ctrl Pts',(-5.23844061954512,-2.83105701671296,17.4248612813597));
#7727=CARTESIAN_POINT('Ctrl Pts',(-4.77103238947638,-3.69593044449477,17.4445755290352));
#7728=CARTESIAN_POINT('Ctrl Pts',(-4.08487698045131,-4.44258550559281,17.4642897767107));
#7729=CARTESIAN_POINT('Ctrl Pts',(-3.26247170090778,-4.98121622023677,17.4840040243862));
#7730=CARTESIAN_POINT('Ctrl Pts',(-2.44006642136425,-5.51984693488073,17.5037182720618));
#7731=CARTESIAN_POINT('Ctrl Pts',(-1.48141127130226,-5.85045330307061,17.5234325197373));
#7732=CARTESIAN_POINT('Ctrl Pts',(-0.501827145298244,-5.93331537186098,
17.5431467674128));
#7733=CARTESIAN_POINT('Ctrl Pts',(0.477756980705776,-6.01617744065136,17.5628610150883));
#7734=CARTESIAN_POINT('Ctrl Pts',(1.47827008265183,-5.85129521004223,17.5825752627639));
#7735=CARTESIAN_POINT('Ctrl Pts',(2.37946050540843,-5.45841301689975,17.6022895104394));
#7736=CARTESIAN_POINT('Ctrl Pts',(3.28065092816503,-5.06553082375727,17.6220037581149));
#7737=CARTESIAN_POINT('Ctrl Pts',(4.08251867173217,-4.44464866808145,17.6417180057904));
#7738=CARTESIAN_POINT('Ctrl Pts',(4.68842204417757,-3.67061102293303,17.661432253466));
#7739=CARTESIAN_POINT('Ctrl Pts',(5.29432541662297,-2.89657337778461,17.6811465011415));
#7740=CARTESIAN_POINT('Ctrl Pts',(5.70426441794663,-1.96938024316361,17.700860748817));
#7741=CARTESIAN_POINT('Ctrl Pts',(5.86942211552361,-1.00000001490114,17.7205749964925));
#7742=CARTESIAN_POINT('Ctrl Pts',(5.43095249773903,1.0000000149011,16.763182976173));
#7743=CARTESIAN_POINT('Ctrl Pts',(5.50406309933466,1.0000000149011,16.8044093772717));
#7744=CARTESIAN_POINT('Ctrl Pts',(5.5772388968213,1.00000001490115,16.8457112091203));
#7745=CARTESIAN_POINT('Ctrl Pts',(5.72334127241063,1.00000001490115,16.928242983067));
#7746=CARTESIAN_POINT('Ctrl Pts',(5.79642679982118,1.00000001490118,16.9695626648122));
#7747=CARTESIAN_POINT('Ctrl Pts',(5.86942211552361,1.00000001490118,17.0108620801736));
#7748=CARTESIAN_POINT('Ctrl Pts',(5.44380521959192,0.927485737703689,17.511591101451));
#7749=CARTESIAN_POINT('Ctrl Pts',(5.29062381289986,1.82657206043169,17.5313053491265));
#7750=CARTESIAN_POINT('Ctrl Pts',(4.53019472620645,3.54648845223972,17.5707338444776));
#7751=CARTESIAN_POINT('Ctrl Pts',(2.29903591157463,5.27406705532788,17.6298765875042));
#7752=CARTESIAN_POINT('Ctrl Pts',(-0.484849556142223,5.73284486599558,17.6890193305307));
#7753=CARTESIAN_POINT('Ctrl Pts',(-3.15226578872632,4.81294676823817,17.7481620735573));
#7754=CARTESIAN_POINT('Ctrl Pts',(-5.06146417652497,2.73541096062908,17.8073048165839));
#7755=CARTESIAN_POINT('Ctrl Pts',(-5.75335271857626,-1.32371567875732E-14,
17.8664475596105));
#7756=CARTESIAN_POINT('Ctrl Pts',(-5.06146417652495,-2.73541096062912,17.925590302637));
#7757=CARTESIAN_POINT('Ctrl Pts',(-3.15226578872627,-4.81294676823822,17.9847330456636));
#7758=CARTESIAN_POINT('Ctrl Pts',(-0.484849556142128,-5.73284486599559,
18.0438757886902));
#7759=CARTESIAN_POINT('Ctrl Pts',(2.29903591157473,-5.27406705532784,18.1030185317168));
#7760=CARTESIAN_POINT('Ctrl Pts',(4.53019472620651,-3.54648845223965,18.1621612747433));
#7761=CARTESIAN_POINT('Ctrl Pts',(5.29062381289988,-1.82657206043161,18.2015897700944));
#7762=CARTESIAN_POINT('Ctrl Pts',(5.44380521959193,-0.927485737703625,18.2213040177699));
#7763=CARTESIAN_POINT('Ctrl Pts',(5.58567751823582,0.951657163436157,17.5946814276919));
#7764=CARTESIAN_POINT('Ctrl Pts',(5.42850401458212,1.87417478800898,17.6143956753674));
#7765=CARTESIAN_POINT('Ctrl Pts',(4.6482572051501,3.63891432872451,17.6538241707184));
#7766=CARTESIAN_POINT('Ctrl Pts',(2.35895163160557,5.41151576742517,17.712966913745));
#7767=CARTESIAN_POINT('Ctrl Pts',(-0.497485335390669,5.88224989540048,17.7721096567716));
#7768=CARTESIAN_POINT('Ctrl Pts',(-3.23441773490058,4.93837811519439,17.8312523997982));
#7769=CARTESIAN_POINT('Ctrl Pts',(-5.19337219458612,2.80669915428516,17.8903951428248));
#7770=CARTESIAN_POINT('Ctrl Pts',(-5.90329220799001,2.34285960842003E-16,
17.9495378858513));
#7771=CARTESIAN_POINT('Ctrl Pts',(-5.19337219458612,-2.80669915428518,18.0086806288779));
#7772=CARTESIAN_POINT('Ctrl Pts',(-3.23441773490055,-4.93837811519442,18.0678233719045));
#7773=CARTESIAN_POINT('Ctrl Pts',(-0.497485335390598,-5.88224989540049,
18.1269661149311));
#7774=CARTESIAN_POINT('Ctrl Pts',(2.35895163160565,-5.41151576742513,18.1861088579576));
#7775=CARTESIAN_POINT('Ctrl Pts',(4.64825720515014,-3.63891432872445,18.2452516009842));
#7776=CARTESIAN_POINT('Ctrl Pts',(5.42850401458214,-1.87417478800893,18.2846800963353));
#7777=CARTESIAN_POINT('Ctrl Pts',(5.58567751823583,-0.951657163436116,18.3043943440108));
#7778=CARTESIAN_POINT('Ctrl Pts',(5.72754981687972,0.975828589168624,17.6777717539327));
#7779=CARTESIAN_POINT('Ctrl Pts',(5.56638421626438,1.92177751558628,17.6974860016083));
#7780=CARTESIAN_POINT('Ctrl Pts',(4.76631968409376,3.73134020520929,17.7369144969593));
#7781=CARTESIAN_POINT('Ctrl Pts',(2.41886735163651,5.54896447952246,17.7960572399859));
#7782=CARTESIAN_POINT('Ctrl Pts',(-0.510121114639114,6.03165492480538,17.8551999830125));
#7783=CARTESIAN_POINT('Ctrl Pts',(-3.31656968107484,5.06380946215061,17.914342726039));
#7784=CARTESIAN_POINT('Ctrl Pts',(-5.32528021264727,2.87798734794124,17.9734854690656));
#7785=CARTESIAN_POINT('Ctrl Pts',(-6.05323169740377,1.40571576505202E-14,
18.0326282120922));
#7786=CARTESIAN_POINT('Ctrl Pts',(-5.32528021264728,-2.87798734794123,18.0917709551188));
#7787=CARTESIAN_POINT('Ctrl Pts',(-3.31656968107483,-5.06380946215063,18.1509136981454));
#7788=CARTESIAN_POINT('Ctrl Pts',(-0.510121114639069,-6.03165492480539,
18.210056441172));
#7789=CARTESIAN_POINT('Ctrl Pts',(2.41886735163656,-5.54896447952243,18.2691991841985));
#7790=CARTESIAN_POINT('Ctrl Pts',(4.76631968409379,-3.73134020520926,18.3283419272251));
#7791=CARTESIAN_POINT('Ctrl Pts',(5.56638421626439,-1.92177751558625,18.3677704225761));
#7792=CARTESIAN_POINT('Ctrl Pts',(5.72754981687973,-0.975828589168608,18.3874846702517));
#7793=CARTESIAN_POINT('Ctrl Pts',(5.86942211552363,1.00000001490109,17.7608620801736));
#7794=CARTESIAN_POINT('Ctrl Pts',(5.70426441794664,1.96938024316358,17.7805763278491));
#7795=CARTESIAN_POINT('Ctrl Pts',(4.88438216303741,3.82376608169408,17.8200048232002));
#7796=CARTESIAN_POINT('Ctrl Pts',(2.47878307166745,5.68641319161974,17.8791475662268));
#7797=CARTESIAN_POINT('Ctrl Pts',(-0.522756893887559,6.18105995421028,17.9382903092533));
#7798=CARTESIAN_POINT('Ctrl Pts',(-3.3987216272491,5.18924080910683,17.9974330522799));
#7799=CARTESIAN_POINT('Ctrl Pts',(-5.45718823070842,2.94927554159731,18.0565757953065));
#7800=CARTESIAN_POINT('Ctrl Pts',(-6.20317118681752,2.69428854968304E-14,
18.1157185383331));
#7801=CARTESIAN_POINT('Ctrl Pts',(-5.45718823070844,-2.94927554159728,18.1748612813597));
#7802=CARTESIAN_POINT('Ctrl Pts',(-3.39872162724911,-5.18924080910683,18.2340040243862));
#7803=CARTESIAN_POINT('Ctrl Pts',(-0.522756893887538,-6.18105995421029,
18.2931467674128));
#7804=CARTESIAN_POINT('Ctrl Pts',(2.47878307166748,-5.68641319161973,18.3522895104394));
#7805=CARTESIAN_POINT('Ctrl Pts',(4.88438216303742,-3.82376608169407,18.411432253466));
#7806=CARTESIAN_POINT('Ctrl Pts',(5.70426441794664,-1.96938024316357,18.450860748817));
#7807=CARTESIAN_POINT('Ctrl Pts',(5.86942211552362,-1.0000000149011,18.4705749964925));
#7808=CARTESIAN_POINT('',(5.86942211552358,-1.00000001490135,18.4705749964925));
#7809=CARTESIAN_POINT('Ctrl Pts',(5.86942211552361,-1.00000001490122,18.4705749964925));
#7810=CARTESIAN_POINT('Ctrl Pts',(5.79641910775316,-1.00000001490122,18.4287796034987));
#7811=CARTESIAN_POINT('Ctrl Pts',(5.72333291760952,-1.00000001490121,18.3869495406673));
#7812=CARTESIAN_POINT('Ctrl Pts',(5.57723030504429,-1.00000001490121,18.3033583074908));
#7813=CARTESIAN_POINT('Ctrl Pts',(5.504053728197,-1.00000001490119,18.2615055337704));
#7814=CARTESIAN_POINT('Ctrl Pts',(5.43095249773901,-1.00000001490119,18.2197121430479));
#7815=CARTESIAN_POINT('',(5.86942211552364,1.00000001490101,17.7608620801736));
#7816=CARTESIAN_POINT('Ctrl Pts',(5.86942211552362,1.00000001490109,17.7608620801736));
#7817=CARTESIAN_POINT('Ctrl Pts',(5.70426441794664,1.96938024316358,17.7805763278491));
#7818=CARTESIAN_POINT('Ctrl Pts',(5.29432329049202,2.89657316242884,17.8002905755247));
#7819=CARTESIAN_POINT('Ctrl Pts',(4.68841954486971,3.67061080704908,17.8200048232002));
#7820=CARTESIAN_POINT('Ctrl Pts',(4.08251579924741,4.44464845166931,17.8397190708757));
#7821=CARTESIAN_POINT('Ctrl Pts',(3.28064943545743,5.06553082164452,17.8594333185512));
#7822=CARTESIAN_POINT('Ctrl Pts',(2.3794595926366,5.45841313373056,17.8791475662268));
#7823=CARTESIAN_POINT('Ctrl Pts',(1.47826974981578,5.85129544581659,17.8988618139023));
#7824=CARTESIAN_POINT('Ctrl Pts',(0.47775642796411,6.01617770001343,17.9185760615778));
#7825=CARTESIAN_POINT('Ctrl Pts',(-0.50182768852198,5.93331563626128,17.9382903092533));
#7826=CARTESIAN_POINT('Ctrl Pts',(-1.48141180500807,5.85045357250913,17.9580045569289));
#7827=CARTESIAN_POINT('Ctrl Pts',(-2.44006671612858,5.51984719080798,17.9777188046044));
#7828=CARTESIAN_POINT('Ctrl Pts',(-3.26247193893206,4.98121645537249,17.9974330522799));
#7829=CARTESIAN_POINT('Ctrl Pts',(-4.08487716173553,4.44258571993699,18.0171472999554));
#7830=CARTESIAN_POINT('Ctrl Pts',(-4.771032696222,3.69593063076712,18.036861547631));
#7831=CARTESIAN_POINT('Ctrl Pts',(-5.23844095615007,2.83105716258265,18.0565757953065));
#7832=CARTESIAN_POINT('Ctrl Pts',(-5.70584921607813,1.96618369439818,18.076290042982));
#7833=CARTESIAN_POINT('Ctrl Pts',(-5.95451020144781,0.983091847199122,18.0960042906575));
#7834=CARTESIAN_POINT('Ctrl Pts',(-5.95451020144782,2.53269627492611E-14,
18.1157185383331));
#7835=CARTESIAN_POINT('Ctrl Pts',(-5.95451020144782,-0.983091847199072,
18.1354327860086));
#7836=CARTESIAN_POINT('Ctrl Pts',(-5.70584921607813,-1.96618369439817,18.1551470336841));
#7837=CARTESIAN_POINT('Ctrl Pts',(-5.23844095615007,-2.83105716258264,18.1748612813597));
#7838=CARTESIAN_POINT('Ctrl Pts',(-4.771032696222,-3.69593063076712,18.1945755290352));
#7839=CARTESIAN_POINT('Ctrl Pts',(-4.08487716173555,-4.44258571993698,18.2142897767107));
#7840=CARTESIAN_POINT('Ctrl Pts',(-3.26247193893207,-4.98121645537248,18.2340040243862));
#7841=CARTESIAN_POINT('Ctrl Pts',(-2.44006671612858,-5.51984719080798,18.2537182720618));
#7842=CARTESIAN_POINT('Ctrl Pts',(-1.48141180500805,-5.85045357250914,18.2734325197373));
#7843=CARTESIAN_POINT('Ctrl Pts',(-0.501827688521946,-5.93331563626128,
18.2931467674128));
#7844=CARTESIAN_POINT('Ctrl Pts',(0.477756427964144,-6.01617770001343,18.3128610150883));
#7845=CARTESIAN_POINT('Ctrl Pts',(1.47826974981581,-5.85129544581658,18.3325752627639));
#7846=CARTESIAN_POINT('Ctrl Pts',(2.37945959263664,-5.45841313373054,18.3522895104394));
#7847=CARTESIAN_POINT('Ctrl Pts',(3.28064943545746,-5.0655308216445,18.3720037581149));
#7848=CARTESIAN_POINT('Ctrl Pts',(4.08251579924744,-4.44464845166928,18.3917180057904));
#7849=CARTESIAN_POINT('Ctrl Pts',(4.68841954486973,-3.67061080704905,18.411432253466));
#7850=CARTESIAN_POINT('Ctrl Pts',(5.29432329049203,-2.89657316242882,18.4311465011415));
#7851=CARTESIAN_POINT('Ctrl Pts',(5.70426441794664,-1.96938024316357,18.450860748817));
#7852=CARTESIAN_POINT('Ctrl Pts',(5.86942211552362,-1.0000000149011,18.4705749964925));
#7853=CARTESIAN_POINT('Ctrl Pts',(5.43095249773902,1.00000001490118,17.513182976173));
#7854=CARTESIAN_POINT('Ctrl Pts',(5.50406309932038,1.00000001490118,17.5544093772637));
#7855=CARTESIAN_POINT('Ctrl Pts',(5.57723889678955,1.00000001490111,17.5957112091024));
#7856=CARTESIAN_POINT('Ctrl Pts',(5.72334127241276,1.00000001490111,17.6782429830682));
#7857=CARTESIAN_POINT('Ctrl Pts',(5.79642679982586,1.00000001490113,17.7195626648148));
#7858=CARTESIAN_POINT('Ctrl Pts',(5.86942211552362,1.00000001490113,17.7608620801736));
#7859=CARTESIAN_POINT('Ctrl Pts',(5.44380521959192,0.927485737703688,18.261591101451));
#7860=CARTESIAN_POINT('Ctrl Pts',(5.29062381289986,1.82657206043167,18.2813053491265));
#7861=CARTESIAN_POINT('Ctrl Pts',(4.53019089139872,3.54648806685607,18.3207338444776));
#7862=CARTESIAN_POINT('Ctrl Pts',(2.29903576991765,5.27406724683871,18.3798765875041));
#7863=CARTESIAN_POINT('Ctrl Pts',(-0.48485026461533,5.73284512565923,18.4390193305307));
#7864=CARTESIAN_POINT('Ctrl Pts',(-3.15226585283394,4.8129469916222,18.4981620735573));
#7865=CARTESIAN_POINT('Ctrl Pts',(-5.06146457254007,2.73541110608332,18.5573048165839));
#7866=CARTESIAN_POINT('Ctrl Pts',(-5.7533529403533,2.86342220947632E-14,
18.6164475596105));
#7867=CARTESIAN_POINT('Ctrl Pts',(-5.0614645725401,-2.73541110608327,18.675590302637));
#7868=CARTESIAN_POINT('Ctrl Pts',(-3.15226585283399,-4.81294699162217,18.7347330456636));
#7869=CARTESIAN_POINT('Ctrl Pts',(-0.484850264615388,-5.73284512565923,
18.7938757886902));
#7870=CARTESIAN_POINT('Ctrl Pts',(2.2990357699176,-5.27406724683873,18.8530185317168));
#7871=CARTESIAN_POINT('Ctrl Pts',(4.53019089139868,-3.54648806685611,18.9121612747433));
#7872=CARTESIAN_POINT('Ctrl Pts',(5.29062381289985,-1.82657206043173,18.9515897700944));
#7873=CARTESIAN_POINT('Ctrl Pts',(5.44380521959191,-0.927485737703742,18.9713040177699));
#7874=CARTESIAN_POINT('Ctrl Pts',(5.58567751823582,0.951657163436155,18.3446814276919));
#7875=CARTESIAN_POINT('Ctrl Pts',(5.42850401458212,1.87417478800897,18.3643956753674));
#7876=CARTESIAN_POINT('Ctrl Pts',(4.64825327040254,3.63891393329728,18.4038241707184));
#7877=CARTESIAN_POINT('Ctrl Pts',(2.35895148625683,5.411515963927,18.462966913745));
#7878=CARTESIAN_POINT('Ctrl Pts',(-0.49748606232746,5.88225016183129,18.5221096567716));
#7879=CARTESIAN_POINT('Ctrl Pts',(-3.23441780067892,4.93837834440008,18.5812523997982));
#7880=CARTESIAN_POINT('Ctrl Pts',(-5.19337260092187,2.80669930353012,18.6403951428248));
#7881=CARTESIAN_POINT('Ctrl Pts',(-5.90329243554684,4.09725454364091E-14,
18.6995378858513));
#7882=CARTESIAN_POINT('Ctrl Pts',(-5.19337260092191,-2.80669930353004,18.7586806288779));
#7883=CARTESIAN_POINT('Ctrl Pts',(-3.234417800679,-4.93837834440004,18.8178233719045));
#7884=CARTESIAN_POINT('Ctrl Pts',(-0.497486062327548,-5.88225016183129,
18.8769661149311));
#7885=CARTESIAN_POINT('Ctrl Pts',(2.35895148625676,-5.41151596392704,18.9361088579576));
#7886=CARTESIAN_POINT('Ctrl Pts',(4.64825327040249,-3.63891393329735,18.9952516009842));
#7887=CARTESIAN_POINT('Ctrl Pts',(5.4285040145821,-1.87417478800905,19.0346800963353));
#7888=CARTESIAN_POINT('Ctrl Pts',(5.58567751823581,-0.951657163436237,19.0543943440108));
#7889=CARTESIAN_POINT('Ctrl Pts',(5.72754981687972,0.975828589168623,18.4277717539327));
#7890=CARTESIAN_POINT('Ctrl Pts',(5.56638421626438,1.92177751558627,18.4474860016083));
#7891=CARTESIAN_POINT('Ctrl Pts',(4.76631564940636,3.73133979973849,18.4869144969593));
#7892=CARTESIAN_POINT('Ctrl Pts',(2.41886720259602,5.5489646810153,18.5460572399859));
#7893=CARTESIAN_POINT('Ctrl Pts',(-0.510121860039594,6.03165519800335,18.6051999830125));
#7894=CARTESIAN_POINT('Ctrl Pts',(-3.31656974852391,5.06380969717797,18.664342726039));
#7895=CARTESIAN_POINT('Ctrl Pts',(-5.32528062930366,2.8779875009769,18.7234854690656));
#7896=CARTESIAN_POINT('Ctrl Pts',(-6.05323193074037,5.936363117207E-14,
18.7826282120922));
#7897=CARTESIAN_POINT('Ctrl Pts',(-5.32528062930372,-2.87798750097681,18.8417709551188));
#7898=CARTESIAN_POINT('Ctrl Pts',(-3.316569748524,-5.06380969717791,18.9009136981454));
#7899=CARTESIAN_POINT('Ctrl Pts',(-0.510121860039706,-6.03165519800334,
18.9600564411719));
#7900=CARTESIAN_POINT('Ctrl Pts',(2.41886720259591,-5.54896468101535,19.0191991841985));
#7901=CARTESIAN_POINT('Ctrl Pts',(4.76631564940629,-3.73133979973858,19.0783419272251));
#7902=CARTESIAN_POINT('Ctrl Pts',(5.56638421626435,-1.92177751558637,19.1177704225761));
#7903=CARTESIAN_POINT('Ctrl Pts',(5.72754981687971,-0.975828589168731,19.1374846702517));
#7904=CARTESIAN_POINT('Ctrl Pts',(5.86942211552363,1.00000001490109,18.5108620801736));
#7905=CARTESIAN_POINT('Ctrl Pts',(5.70426441794664,1.96938024316356,18.5305763278491));
#7906=CARTESIAN_POINT('Ctrl Pts',(4.88437802841018,3.8237656661797,18.5700048232002));
#7907=CARTESIAN_POINT('Ctrl Pts',(2.4787829189352,5.68641339810359,18.6291475662268));
#7908=CARTESIAN_POINT('Ctrl Pts',(-0.522757657751722,6.1810602341754,18.6882903092533));
#7909=CARTESIAN_POINT('Ctrl Pts',(-3.39872169636889,5.18924104995586,18.7474330522799));
#7910=CARTESIAN_POINT('Ctrl Pts',(-5.45718865768545,2.9492756984237,18.8065757953065));
#7911=CARTESIAN_POINT('Ctrl Pts',(-6.20317142593391,7.18183537905239E-14,
18.8657185383331));
#7912=CARTESIAN_POINT('Ctrl Pts',(-5.45718865768552,-2.94927569842358,18.9248612813597));
#7913=CARTESIAN_POINT('Ctrl Pts',(-3.39872169636901,-5.18924104995578,18.9840040243862));
#7914=CARTESIAN_POINT('Ctrl Pts',(-0.522757657751867,-6.18106023417539,
19.0431467674128));
#7915=CARTESIAN_POINT('Ctrl Pts',(2.47878291893507,-5.68641339810365,19.1022895104394));
#7916=CARTESIAN_POINT('Ctrl Pts',(4.88437802841009,-3.82376566617981,19.161432253466));
#7917=CARTESIAN_POINT('Ctrl Pts',(5.7042644179466,-1.96938024316369,19.200860748817));
#7918=CARTESIAN_POINT('Ctrl Pts',(5.8694221155236,-1.00000001490123,19.2205749964925));
#7919=CARTESIAN_POINT('',(5.86942211552358,-1.00000001490135,19.2205749964925));
#7920=CARTESIAN_POINT('Ctrl Pts',(5.86942211552359,-1.00000001490131,19.2205749964925));
#7921=CARTESIAN_POINT('Ctrl Pts',(5.79641910779486,-1.00000001490131,19.1787796035226));
#7922=CARTESIAN_POINT('Ctrl Pts',(5.72333291762828,-1.00000001490117,19.136949540678));
#7923=CARTESIAN_POINT('Ctrl Pts',(5.57723030503935,-1.00000001490117,19.0533583074879));
#7924=CARTESIAN_POINT('Ctrl Pts',(5.50405372819481,-1.00000001490119,19.0115055337691));
#7925=CARTESIAN_POINT('Ctrl Pts',(5.43095249773901,-1.00000001490119,18.9697121430479));
#7926=CARTESIAN_POINT('',(5.86942211552364,1.000000014901,18.5108620801736));
#7927=CARTESIAN_POINT('Ctrl Pts',(5.86942211552361,1.00000001490117,18.5108620801736));
#7928=CARTESIAN_POINT('Ctrl Pts',(5.70426441794662,1.96938024316363,18.5305763278491));
#7929=CARTESIAN_POINT('Ctrl Pts',(5.29432122317838,2.89657295467168,18.5502905755247));
#7930=CARTESIAN_POINT('Ctrl Pts',(4.68841710754844,3.67061059907968,18.5700048232002));
#7931=CARTESIAN_POINT('Ctrl Pts',(4.0825129919185,4.44464824348768,18.5897190708757));
#7932=CARTESIAN_POINT('Ctrl Pts',(3.28064795542689,5.06553082079561,18.6094333185512));
#7933=CARTESIAN_POINT('Ctrl Pts',(2.37945867439992,5.4584132487949,18.6291475662268));
#7934=CARTESIAN_POINT('Ctrl Pts',(1.47826939337293,5.85129567679419,18.6488618139023));
#7935=CARTESIAN_POINT('Ctrl Pts',(0.477755867810586,6.0161779554848,18.6685760615778));
#7936=CARTESIAN_POINT('Ctrl Pts',(-0.501828234740097,5.93331589746017,18.6882903092533));
#7937=CARTESIAN_POINT('Ctrl Pts',(-1.48141233729078,5.85045383943555,18.7080045569289));
#7938=CARTESIAN_POINT('Ctrl Pts',(-2.44006701682983,5.5198474446957,18.7277188046044));
#7939=CARTESIAN_POINT('Ctrl Pts',(-3.26247218348546,4.98121668873709,18.7474330522799));
#7940=CARTESIAN_POINT('Ctrl Pts',(-4.08487735014108,4.44258593277847,18.7671472999555));
#7941=CARTESIAN_POINT('Ctrl Pts',(-4.77103300391326,3.69593081560108,18.786861547631));
#7942=CARTESIAN_POINT('Ctrl Pts',(-5.2384412921741,2.83105730727512,18.8065757953065));
#7943=CARTESIAN_POINT('Ctrl Pts',(-5.70584958043494,1.96618379894916,18.826290042982));
#7944=CARTESIAN_POINT('Ctrl Pts',(-5.95451050318442,0.983091899474615,18.8460042906575));
#7945=CARTESIAN_POINT('Ctrl Pts',(-5.95451050318443,6.90419943438767E-14,
18.8657185383331));
#7946=CARTESIAN_POINT('Ctrl Pts',(-5.95451050318444,-0.983091899474477,
18.8854327860086));
#7947=CARTESIAN_POINT('Ctrl Pts',(-5.70584958043498,-1.96618379894902,18.9051470336841));
#7948=CARTESIAN_POINT('Ctrl Pts',(-5.23844129217417,-2.831057307275,18.9248612813597));
#7949=CARTESIAN_POINT('Ctrl Pts',(-4.77103300391335,-3.69593081560097,18.9445755290352));
#7950=CARTESIAN_POINT('Ctrl Pts',(-4.08487735014118,-4.44258593277837,18.9642897767107));
#7951=CARTESIAN_POINT('Ctrl Pts',(-3.26247218348557,-4.98121668873701,18.9840040243862));
#7952=CARTESIAN_POINT('Ctrl Pts',(-2.44006701682996,-5.51984744469565,19.0037182720618));
#7953=CARTESIAN_POINT('Ctrl Pts',(-1.48141233729091,-5.85045383943552,19.0234325197373));
#7954=CARTESIAN_POINT('Ctrl Pts',(-0.501828234740234,-5.93331589746017,
19.0431467674128));
#7955=CARTESIAN_POINT('Ctrl Pts',(0.477755867810446,-6.01617795548481,19.0628610150883));
#7956=CARTESIAN_POINT('Ctrl Pts',(1.47826939337276,-5.85129567679423,19.0825752627639));
#7957=CARTESIAN_POINT('Ctrl Pts',(2.37945867439975,-5.45841324879497,19.1022895104394));
#7958=CARTESIAN_POINT('Ctrl Pts',(3.28064795542674,-5.0655308207957,19.1220037581149));
#7959=CARTESIAN_POINT('Ctrl Pts',(4.08251299191842,-4.44464824348776,19.1417180057904));
#7960=CARTESIAN_POINT('Ctrl Pts',(4.68841710754838,-3.67061059907976,19.161432253466));
#7961=CARTESIAN_POINT('Ctrl Pts',(5.29432122317834,-2.89657295467175,19.1811465011415));
#7962=CARTESIAN_POINT('Ctrl Pts',(5.7042644179466,-1.96938024316369,19.200860748817));
#7963=CARTESIAN_POINT('Ctrl Pts',(5.8694221155236,-1.00000001490123,19.2205749964925));
#7964=CARTESIAN_POINT('Ctrl Pts',(5.43095249773902,1.00000001490118,18.263182976173));
#7965=CARTESIAN_POINT('Ctrl Pts',(5.5040630993265,1.00000001490118,18.3044093772671));
#7966=CARTESIAN_POINT('Ctrl Pts',(5.57723889680314,1.00000001490114,18.34571120911));
#7967=CARTESIAN_POINT('Ctrl Pts',(5.72334127240601,1.00000001490114,18.4282429830644));
#7968=CARTESIAN_POINT('Ctrl Pts',(5.79642679981094,1.00000001490113,18.4695626648064));
#7969=CARTESIAN_POINT('Ctrl Pts',(5.86942211552362,1.00000001490113,18.5108620801736));
#7970=CARTESIAN_POINT('Ctrl Pts',(5.44380521959193,0.927485737703648,19.011591101451));
#7971=CARTESIAN_POINT('Ctrl Pts',(5.29062381289988,1.82657206043164,19.0313053491265));
#7972=CARTESIAN_POINT('Ctrl Pts',(4.5301871605505,3.54648769488448,19.0707338444776));
#7973=CARTESIAN_POINT('Ctrl Pts',(2.29903559415846,5.27406743338599,19.1298765875041));
#7974=CARTESIAN_POINT('Ctrl Pts',(-0.484850965682861,5.73284538259117,19.1890193305307));
#7975=CARTESIAN_POINT('Ctrl Pts',(-3.15226592865117,4.8129472135433,19.2481620735573));
#7976=CARTESIAN_POINT('Ctrl Pts',(-5.06146496412717,2.73541125028357,19.3073048165839));
#7977=CARTESIAN_POINT('Ctrl Pts',(-5.7533531657242,-1.08732282918387E-14,
19.3664475596105));
#7978=CARTESIAN_POINT('Ctrl Pts',(-5.06146496412716,-2.73541125028359,19.425590302637));
#7979=CARTESIAN_POINT('Ctrl Pts',(-3.15226592865115,-4.81294721354331,19.4847330456636));
#7980=CARTESIAN_POINT('Ctrl Pts',(-0.48485096568284,-5.73284538259117,19.5438757886902));
#7981=CARTESIAN_POINT('Ctrl Pts',(2.29903559415848,-5.27406743338598,19.6030185317168));
#7982=CARTESIAN_POINT('Ctrl Pts',(4.53018716055051,-3.54648769488446,19.6621612747433));
#7983=CARTESIAN_POINT('Ctrl Pts',(5.29062381289988,-1.82657206043162,19.7015897700944));
#7984=CARTESIAN_POINT('Ctrl Pts',(5.44380521959193,-0.927485737703627,19.7213040177699));
#7985=CARTESIAN_POINT('Ctrl Pts',(5.58567751823583,0.951657163436114,19.0946814276919));
#7986=CARTESIAN_POINT('Ctrl Pts',(5.42850401458214,1.87417478800893,19.1143956753674));
#7987=CARTESIAN_POINT('Ctrl Pts',(4.6482494423238,3.63891355163165,19.1538241707184));
#7988=CARTESIAN_POINT('Ctrl Pts',(2.35895130591714,5.41151615533594,19.212966913745));
#7989=CARTESIAN_POINT('Ctrl Pts',(-0.497486781665678,5.88225042545919,19.2721096567716));
#7990=CARTESIAN_POINT('Ctrl Pts',(-3.23441787847204,4.93837857210472,19.3312523997982));
#7991=CARTESIAN_POINT('Ctrl Pts',(-5.19337300271421,2.8066994514884,19.3903951428248));
#7992=CARTESIAN_POINT('Ctrl Pts',(-5.90329266679119,3.58585188347871E-15,
19.4495378858513));
#7993=CARTESIAN_POINT('Ctrl Pts',(-5.19337300271422,-2.8066994514884,19.5086806288779));
#7994=CARTESIAN_POINT('Ctrl Pts',(-3.23441787847204,-4.93837857210472,19.5678233719045));
#7995=CARTESIAN_POINT('Ctrl Pts',(-0.497486781665684,-5.88225042545919,
19.6269661149311));
#7996=CARTESIAN_POINT('Ctrl Pts',(2.35895130591714,-5.41151615533594,19.6861088579576));
#7997=CARTESIAN_POINT('Ctrl Pts',(4.6482494423238,-3.63891355163165,19.7452516009842));
#7998=CARTESIAN_POINT('Ctrl Pts',(5.42850401458213,-1.87417478800893,19.7846800963353));
#7999=CARTESIAN_POINT('Ctrl Pts',(5.58567751823583,-0.951657163436119,19.8043943440108));
#8000=CARTESIAN_POINT('Ctrl Pts',(5.72754981687973,0.975828589168581,19.1777717539327));
#8001=CARTESIAN_POINT('Ctrl Pts',(5.5663842162644,1.92177751558623,19.1974860016083));
#8002=CARTESIAN_POINT('Ctrl Pts',(4.7663117240971,3.73133940837882,19.2369144969593));
#8003=CARTESIAN_POINT('Ctrl Pts',(2.41886701767583,5.54896487728589,19.2960572399859));
#8004=CARTESIAN_POINT('Ctrl Pts',(-0.510122597648499,6.03165546832721,19.3551999830125));
#8005=CARTESIAN_POINT('Ctrl Pts',(-3.31656982829291,5.06380993066615,19.414342726039));
#8006=CARTESIAN_POINT('Ctrl Pts',(-5.32528104130125,2.87798765269323,19.4734854690656));
#8007=CARTESIAN_POINT('Ctrl Pts',(-6.05323216785817,1.49217707409275E-14,
19.5326282120922));
#8008=CARTESIAN_POINT('Ctrl Pts',(-5.32528104130126,-2.8779876526932,19.5917709551188));
#8009=CARTESIAN_POINT('Ctrl Pts',(-3.31656982829294,-5.06380993066613,19.6509136981454));
#8010=CARTESIAN_POINT('Ctrl Pts',(-0.510122597648528,-6.0316554683272,19.7100564411719));
#8011=CARTESIAN_POINT('Ctrl Pts',(2.41886701767579,-5.5489648772859,19.7691991841985));
#8012=CARTESIAN_POINT('Ctrl Pts',(4.76631172409708,-3.73133940837884,19.8283419272251));
#8013=CARTESIAN_POINT('Ctrl Pts',(5.56638421626439,-1.92177751558626,19.8677704225761));
#8014=CARTESIAN_POINT('Ctrl Pts',(5.72754981687973,-0.97582858916861,19.8874846702517));
#8015=CARTESIAN_POINT('Ctrl Pts',(5.86942211552363,1.00000001490105,19.2608620801736));
#8016=CARTESIAN_POINT('Ctrl Pts',(5.70426441794666,1.96938024316352,19.2805763278491));
#8017=CARTESIAN_POINT('Ctrl Pts',(4.8843740058704,3.82376526512599,19.3200048232002));
#8018=CARTESIAN_POINT('Ctrl Pts',(2.47878272943451,5.68641359923584,19.3791475662268));
#8019=CARTESIAN_POINT('Ctrl Pts',(-0.522758413631316,6.18106051119523,19.4382903092533));
#8020=CARTESIAN_POINT('Ctrl Pts',(-3.39872177811379,5.18924128922757,19.4974330522799));
#8021=CARTESIAN_POINT('Ctrl Pts',(-5.45718907988829,2.94927585389806,19.5565757953065));
#8022=CARTESIAN_POINT('Ctrl Pts',(-6.20317166892515,2.961219619905E-14,
19.6157185383331));
#8023=CARTESIAN_POINT('Ctrl Pts',(-5.45718907988832,-2.94927585389801,19.6748612813597));
#8024=CARTESIAN_POINT('Ctrl Pts',(-3.39872177811383,-5.18924128922753,19.7340040243862));
#8025=CARTESIAN_POINT('Ctrl Pts',(-0.522758413631373,-6.18106051119522,
19.7931467674128));
#8026=CARTESIAN_POINT('Ctrl Pts',(2.47878272943445,-5.68641359923586,19.8522895104394));
#8027=CARTESIAN_POINT('Ctrl Pts',(4.88437400587037,-3.82376526512604,19.911432253466));
#8028=CARTESIAN_POINT('Ctrl Pts',(5.70426441794664,-1.96938024316357,19.950860748817));
#8029=CARTESIAN_POINT('Ctrl Pts',(5.86942211552362,-1.0000000149011,19.9705749964925));
#8030=CARTESIAN_POINT('',(5.86942211552359,-1.00000001490131,19.9705749964925));
#8031=CARTESIAN_POINT('Ctrl Pts',(5.86942211552361,-1.00000001490119,19.9705749964925));
#8032=CARTESIAN_POINT('Ctrl Pts',(5.79641910774536,-1.00000001490119,19.9287796034943));
#8033=CARTESIAN_POINT('Ctrl Pts',(5.72333291760594,-1.00000001490113,19.8869495406652));
#8034=CARTESIAN_POINT('Ctrl Pts',(5.57723030501015,-1.00000001490113,19.8033583074712));
#8035=CARTESIAN_POINT('Ctrl Pts',(5.50405372818169,-1.00000001490123,19.7615055337616));
#8036=CARTESIAN_POINT('Ctrl Pts',(5.43095249773901,-1.00000001490123,19.7197121430479));
#8037=CARTESIAN_POINT('',(5.86942211552364,1.000000014901,19.2608620801736));
#8038=CARTESIAN_POINT('Ctrl Pts',(5.86942211552363,1.00000001490105,19.2608620801736));
#8039=CARTESIAN_POINT('Ctrl Pts',(5.70426441794666,1.96938024316352,19.2805763278491));
#8040=CARTESIAN_POINT('Ctrl Pts',(5.29431921190853,2.89657275414476,19.3002905755247));
#8041=CARTESIAN_POINT('Ctrl Pts',(4.68841472948348,3.67061039865368,19.3200048232002));
#8042=CARTESIAN_POINT('Ctrl Pts',(4.08251024705844,4.4446480431626,19.3397190708757));
#8043=CARTESIAN_POINT('Ctrl Pts',(3.28064648824647,5.06553082119922,19.3594333185512));
#8044=CARTESIAN_POINT('Ctrl Pts',(2.37945775166286,5.45841336221076,19.3791475662268));
#8045=CARTESIAN_POINT('Ctrl Pts',(1.47826901507924,5.8512959032223,19.3988618139023));
#8046=CARTESIAN_POINT('Ctrl Pts',(0.477755300723977,6.01617820720876,19.4185760615778));
#8047=CARTESIAN_POINT('Ctrl Pts',(-0.501828783867395,5.93331615554072,19.4382903092533));
#8048=CARTESIAN_POINT('Ctrl Pts',(-1.4814128684588,5.85045410387267,19.4580045569289));
#8049=CARTESIAN_POINT('Ctrl Pts',(-2.4400673232863,5.51984769655011,19.4777188046044));
#8050=CARTESIAN_POINT('Ctrl Pts',(-3.26247243432915,4.98121692033391,19.4974330522799));
#8051=CARTESIAN_POINT('Ctrl Pts',(-4.08487754537196,4.44258614411772,19.5171472999554));
#8052=CARTESIAN_POINT('Ctrl Pts',(-4.77103331263013,3.69593099900789,19.536861547631));
#8053=CARTESIAN_POINT('Ctrl Pts',(-5.23844162776535,2.8310574508033,19.5565757953065));
#8054=CARTESIAN_POINT('Ctrl Pts',(-5.70584994290057,1.96618390259872,19.576290042982));
#8055=CARTESIAN_POINT('Ctrl Pts',(-5.95451080591286,0.983091951299374,19.5960042906576));
#8056=CARTESIAN_POINT('Ctrl Pts',(-5.95451080591286,2.85188539450585E-14,
19.6157185383331));
#8057=CARTESIAN_POINT('Ctrl Pts',(-5.95451080591287,-0.983091951299317,
19.6354327860086));
#8058=CARTESIAN_POINT('Ctrl Pts',(-5.70584994290059,-1.96618390259866,19.6551470336841));
#8059=CARTESIAN_POINT('Ctrl Pts',(-5.23844162776538,-2.83105745080325,19.6748612813597));
#8060=CARTESIAN_POINT('Ctrl Pts',(-4.77103331263016,-3.69593099900784,19.6945755290352));
#8061=CARTESIAN_POINT('Ctrl Pts',(-4.08487754537201,-4.44258614411767,19.7142897767107));
#8062=CARTESIAN_POINT('Ctrl Pts',(-3.26247243432919,-4.98121692033387,19.7340040243862));
#8063=CARTESIAN_POINT('Ctrl Pts',(-2.44006732328636,-5.51984769655009,19.7537182720618));
#8064=CARTESIAN_POINT('Ctrl Pts',(-1.48141286845885,-5.85045410387266,19.7734325197373));
#8065=CARTESIAN_POINT('Ctrl Pts',(-0.501828783867452,-5.93331615554071,
19.7931467674128));
#8066=CARTESIAN_POINT('Ctrl Pts',(0.47775530072392,-6.01617820720876,19.8128610150883));
#8067=CARTESIAN_POINT('Ctrl Pts',(1.47826901507918,-5.85129590322231,19.8325752627639));
#8068=CARTESIAN_POINT('Ctrl Pts',(2.3794577516628,-5.45841336221078,19.8522895104394));
#8069=CARTESIAN_POINT('Ctrl Pts',(3.28064648824642,-5.06553082119925,19.8720037581149));
#8070=CARTESIAN_POINT('Ctrl Pts',(4.08251024705839,-4.44464804316264,19.8917180057904));
#8071=CARTESIAN_POINT('Ctrl Pts',(4.68841472948345,-3.67061039865372,19.911432253466));
#8072=CARTESIAN_POINT('Ctrl Pts',(5.2943192119085,-2.89657275414481,19.9311465011415));
#8073=CARTESIAN_POINT('Ctrl Pts',(5.70426441794664,-1.96938024316357,19.950860748817));
#8074=CARTESIAN_POINT('Ctrl Pts',(5.86942211552362,-1.0000000149011,19.9705749964925));
#8075=CARTESIAN_POINT('Ctrl Pts',(5.43095249773902,1.00000001490118,19.013182976173));
#8076=CARTESIAN_POINT('Ctrl Pts',(5.50406309932238,1.00000001490118,19.0544093772648));
#8077=CARTESIAN_POINT('Ctrl Pts',(5.577238896794,1.0000000149011,19.0957112091049));
#8078=CARTESIAN_POINT('Ctrl Pts',(5.72334127241211,1.0000000149011,19.1782429830678));
#8079=CARTESIAN_POINT('Ctrl Pts',(5.79642679982441,1.00000001490113,19.219562664814));
#8080=CARTESIAN_POINT('Ctrl Pts',(5.86942211552362,1.00000001490113,19.2608620801736));
#8081=CARTESIAN_POINT('Ctrl Pts',(5.44380521959194,0.927485737703608,19.761591101451));
#8082=CARTESIAN_POINT('Ctrl Pts',(5.29062381289989,1.8265720604316,19.7813053491265));
#8083=CARTESIAN_POINT('Ctrl Pts',(4.53018352885623,3.54648733568629,19.8207338444776));
#8084=CARTESIAN_POINT('Ctrl Pts',(2.29903538687609,5.27406761526912,19.8798765875041));
#8085=CARTESIAN_POINT('Ctrl Pts',(-0.484851660000926,5.73284563682994,19.9390193305307));
#8086=CARTESIAN_POINT('Ctrl Pts',(-3.15226601560256,4.81294743399406,19.9981620735573));
#8087=CARTESIAN_POINT('Ctrl Pts',(-5.06146535167155,2.73541139324985,20.0573048165839));
#8088=CARTESIAN_POINT('Ctrl Pts',(-5.75335339447141,8.64517067283555E-14,
20.1164475596104));
#8089=CARTESIAN_POINT('Ctrl Pts',(-5.06146535167163,-2.7354113932497,20.175590302637));
#8090=CARTESIAN_POINT('Ctrl Pts',(-3.15226601560268,-4.81294743399399,20.2347330456636));
#8091=CARTESIAN_POINT('Ctrl Pts',(-0.48485166000107,-5.73284563682993,20.2938757886902));
#8092=CARTESIAN_POINT('Ctrl Pts',(2.29903538687596,-5.27406761526918,20.3530185317168));
#8093=CARTESIAN_POINT('Ctrl Pts',(4.53018352885614,-3.54648733568641,20.4121612747433));
#8094=CARTESIAN_POINT('Ctrl Pts',(5.29062381289985,-1.82657206043173,20.4515897700944));
#8095=CARTESIAN_POINT('Ctrl Pts',(5.44380521959191,-0.927485737703745,20.4713040177699));
#8096=CARTESIAN_POINT('Ctrl Pts',(5.58567751823584,0.951657163436073,19.8446814276919));
#8097=CARTESIAN_POINT('Ctrl Pts',(5.42850401458215,1.87417478800889,19.8643956753674));
#8098=CARTESIAN_POINT('Ctrl Pts',(4.64824571598309,3.63891318307231,19.9038241707185));
#8099=CARTESIAN_POINT('Ctrl Pts',(2.35895109323273,5.41151634195916,19.962966913745));
#8100=CARTESIAN_POINT('Ctrl Pts',(-0.497487494078531,5.88225068632374,20.0221096567716));
#8101=CARTESIAN_POINT('Ctrl Pts',(-3.23441796768949,4.93837879830071,20.0812523997982));
#8102=CARTESIAN_POINT('Ctrl Pts',(-5.19337340035847,2.80669959818056,20.1403951428247));
#8103=CARTESIAN_POINT('Ctrl Pts',(-5.90329290149983,1.01741702732174E-13,
20.1995378858513));
#8104=CARTESIAN_POINT('Ctrl Pts',(-5.19337340035857,-2.80669959818039,20.2586806288779));
#8105=CARTESIAN_POINT('Ctrl Pts',(-3.23441796768964,-4.93837879830061,20.3178233719045));
#8106=CARTESIAN_POINT('Ctrl Pts',(-0.497487494078708,-5.88225068632372,
20.3769661149311));
#8107=CARTESIAN_POINT('Ctrl Pts',(2.35895109323258,-5.41151634195923,20.4361088579576));
#8108=CARTESIAN_POINT('Ctrl Pts',(4.64824571598297,-3.63891318307245,20.4952516009842));
#8109=CARTESIAN_POINT('Ctrl Pts',(5.4285040145821,-1.87417478800905,20.5346800963353));
#8110=CARTESIAN_POINT('Ctrl Pts',(5.58567751823581,-0.951657163436239,20.5543943440108));
#8111=CARTESIAN_POINT('Ctrl Pts',(5.72754981687974,0.975828589168539,19.9277717539327));
#8112=CARTESIAN_POINT('Ctrl Pts',(5.56638421626441,1.92177751558619,19.9474860016083));
#8113=CARTESIAN_POINT('Ctrl Pts',(4.76630790310994,3.73133903045834,19.9869144969593));
#8114=CARTESIAN_POINT('Ctrl Pts',(2.41886679958938,5.54896506864922,20.0460572399859));
#8115=CARTESIAN_POINT('Ctrl Pts',(-0.510123328156136,6.03165573581754,20.1051999830125));
#8116=CARTESIAN_POINT('Ctrl Pts',(-3.31656991977643,5.06381016260735,20.164342726039));
#8117=CARTESIAN_POINT('Ctrl Pts',(-5.32528144904539,2.87798780311127,20.2234854690656));
#8118=CARTESIAN_POINT('Ctrl Pts',(-6.05323240852825,1.18526209623583E-13,
20.2826282120922));
#8119=CARTESIAN_POINT('Ctrl Pts',(-5.32528144904551,-2.87798780311107,20.3417709551188));
#8120=CARTESIAN_POINT('Ctrl Pts',(-3.3165699197766,-5.06381016260724,20.4009136981454));
#8121=CARTESIAN_POINT('Ctrl Pts',(-0.510123328156342,-6.03165573581752,
20.4600564411719));
#8122=CARTESIAN_POINT('Ctrl Pts',(2.41886679958919,-5.5489650686493,20.5191991841985));
#8123=CARTESIAN_POINT('Ctrl Pts',(4.76630790310981,-3.7313390304585,20.5783419272251));
#8124=CARTESIAN_POINT('Ctrl Pts',(5.56638421626435,-1.92177751558638,20.6177704225762));
#8125=CARTESIAN_POINT('Ctrl Pts',(5.72754981687971,-0.975828589168734,20.6374846702517));
#8126=CARTESIAN_POINT('Ctrl Pts',(5.86942211552364,1.000000014901,20.0108620801736));
#8127=CARTESIAN_POINT('Ctrl Pts',(5.70426441794667,1.96938024316348,20.0305763278491));
#8128=CARTESIAN_POINT('Ctrl Pts',(4.8843700902368,3.82376487784436,20.0700048232002));
#8129=CARTESIAN_POINT('Ctrl Pts',(2.47878250594603,5.68641379533926,20.1291475662267));
#8130=CARTESIAN_POINT('Ctrl Pts',(-0.522759162233742,6.18106078531133,20.1882903092534));
#8131=CARTESIAN_POINT('Ctrl Pts',(-3.39872187186336,5.18924152691399,20.2474330522799));
#8132=CARTESIAN_POINT('Ctrl Pts',(-5.45718949773232,2.94927600804198,20.3065757953065));
#8133=CARTESIAN_POINT('Ctrl Pts',(-6.20317191555667,1.34620942259181E-13,
20.3657185383331));
#8134=CARTESIAN_POINT('Ctrl Pts',(-5.45718949773245,-2.94927600804175,20.4248612813597));
#8135=CARTESIAN_POINT('Ctrl Pts',(-3.39872187186356,-5.18924152691386,20.4840040243862));
#8136=CARTESIAN_POINT('Ctrl Pts',(-0.52275916223398,-6.18106078531131,20.5431467674128));
#8137=CARTESIAN_POINT('Ctrl Pts',(2.47878250594581,-5.68641379533936,20.6022895104394));
#8138=CARTESIAN_POINT('Ctrl Pts',(4.88437009023665,-3.82376487784454,20.661432253466));
#8139=CARTESIAN_POINT('Ctrl Pts',(5.7042644179466,-1.9693802431637,20.700860748817));
#8140=CARTESIAN_POINT('Ctrl Pts',(5.8694221155236,-1.00000001490123,20.7205749964925));
#8141=CARTESIAN_POINT('',(5.86942211552359,-1.00000001490127,20.7205749964925));
#8142=CARTESIAN_POINT('Ctrl Pts',(5.8694221155236,-1.00000001490123,20.7205749964925));
#8143=CARTESIAN_POINT('Ctrl Pts',(5.79641910773282,-1.00000001490123,20.6787796034871));
#8144=CARTESIAN_POINT('Ctrl Pts',(5.72333291760037,-1.00000001490125,20.6369495406621));
#8145=CARTESIAN_POINT('Ctrl Pts',(5.57723030507377,-1.00000001490125,20.5533583075076));
#8146=CARTESIAN_POINT('Ctrl Pts',(5.50405372821024,-1.0000000149012,20.511505533778));
#8147=CARTESIAN_POINT('Ctrl Pts',(5.43095249773901,-1.0000000149012,20.4697121430479));
#8148=CARTESIAN_POINT('',(5.86942211552364,1.00000001490104,20.0108620801736));
#8149=CARTESIAN_POINT('Ctrl Pts',(5.86942211552359,1.00000001490125,20.0108620801736));
#8150=CARTESIAN_POINT('Ctrl Pts',(5.7042644179466,1.96938024316364,20.0305763278491));
#8151=CARTESIAN_POINT('Ctrl Pts',(5.29431725409168,2.89657256050399,20.0502905755247));
#8152=CARTESIAN_POINT('Ctrl Pts',(4.6884124081158,3.67061020542329,20.0700048232002));
#8153=CARTESIAN_POINT('Ctrl Pts',(4.08250756213987,4.44464785034266,20.0897190708757));
#8154=CARTESIAN_POINT('Ctrl Pts',(3.28064503404295,5.06553082284096,20.1094333185512));
#8155=CARTESIAN_POINT('Ctrl Pts',(2.37945682529786,5.45841347408545,20.1291475662268));
#8156=CARTESIAN_POINT('Ctrl Pts',(1.47826861655277,5.85129612532995,20.1488618139023));
#8157=CARTESIAN_POINT('Ctrl Pts',(0.477754727159513,6.01617845532064,20.1685760615778));
#8158=CARTESIAN_POINT('Ctrl Pts',(-0.501829335808718,5.9333164105831,20.1882903092534));
#8159=CARTESIAN_POINT('Ctrl Pts',(-1.48141339877695,5.85045436584555,20.2080045569289));
#8160=CARTESIAN_POINT('Ctrl Pts',(-2.44006763532015,5.51984794637977,20.2277188046044));
#8161=CARTESIAN_POINT('Ctrl Pts',(-3.26247269123658,4.98121715016821,20.2474330522799));
#8162=CARTESIAN_POINT('Ctrl Pts',(-4.08487774715304,4.44258635395664,20.2671472999554));
#8163=CARTESIAN_POINT('Ctrl Pts',(-4.7710336224427,3.69593118099927,20.286861547631));
#8164=CARTESIAN_POINT('Ctrl Pts',(-5.23844196305825,2.83105759318027,20.3065757953065));
#8165=CARTESIAN_POINT('Ctrl Pts',(-5.70585030367378,1.96618400536132,20.326290042982));
#8166=CARTESIAN_POINT('Ctrl Pts',(-5.95451110961521,0.98309200268074,20.3460042906575));
#8167=CARTESIAN_POINT('Ctrl Pts',(-5.95451110961523,1.56055723898873E-13,
20.3657185383331));
#8168=CARTESIAN_POINT('Ctrl Pts',(-5.95451110961526,-0.983092002680484,
20.3854327860086));
#8169=CARTESIAN_POINT('Ctrl Pts',(-5.70585030367385,-1.96618400536113,20.4051470336841));
#8170=CARTESIAN_POINT('Ctrl Pts',(-5.23844196305832,-2.83105759318014,20.4248612813597));
#8171=CARTESIAN_POINT('Ctrl Pts',(-4.77103362244281,-3.69593118099913,20.4445755290352));
#8172=CARTESIAN_POINT('Ctrl Pts',(-4.08487774715318,-4.4425863539565,20.4642897767107));
#8173=CARTESIAN_POINT('Ctrl Pts',(-3.26247269123677,-4.98121715016809,20.4840040243862));
#8174=CARTESIAN_POINT('Ctrl Pts',(-2.44006763532037,-5.51984794637968,20.5037182720618));
#8175=CARTESIAN_POINT('Ctrl Pts',(-1.48141339877717,-5.85045436584549,20.5234325197373));
#8176=CARTESIAN_POINT('Ctrl Pts',(-0.501829335808945,-5.93331641058307,
20.5431467674128));
#8177=CARTESIAN_POINT('Ctrl Pts',(0.477754727159255,-6.01617845532066,20.5628610150883));
#8178=CARTESIAN_POINT('Ctrl Pts',(1.47826861655249,-5.85129612533002,20.5825752627639));
#8179=CARTESIAN_POINT('Ctrl Pts',(2.37945682529757,-5.45841347408558,20.6022895104394));
#8180=CARTESIAN_POINT('Ctrl Pts',(3.28064503404271,-5.06553082284112,20.6220037581149));
#8181=CARTESIAN_POINT('Ctrl Pts',(4.08250756213968,-4.44464785034284,20.6417180057904));
#8182=CARTESIAN_POINT('Ctrl Pts',(4.68841240811566,-3.67061020542347,20.661432253466));
#8183=CARTESIAN_POINT('Ctrl Pts',(5.2943172540916,-2.89657256050414,20.6811465011415));
#8184=CARTESIAN_POINT('Ctrl Pts',(5.70426441794657,-1.96938024316375,20.700860748817));
#8185=CARTESIAN_POINT('Ctrl Pts',(5.86942211552359,-1.00000001490131,20.7205749964925));
#8186=CARTESIAN_POINT('Ctrl Pts',(5.43095249773902,1.00000001490114,19.763182976173));
#8187=CARTESIAN_POINT('Ctrl Pts',(5.50406309932923,1.00000001490114,19.8044093772687));
#8188=CARTESIAN_POINT('Ctrl Pts',(5.57723889680928,1.00000001490114,19.8457112091135));
#8189=CARTESIAN_POINT('Ctrl Pts',(5.72334127239346,1.00000001490114,19.9282429830573));
#8190=CARTESIAN_POINT('Ctrl Pts',(5.79642679978309,1.000000014901,19.9695626647906));
#8191=CARTESIAN_POINT('Ctrl Pts',(5.86942211552364,1.000000014901,20.0108620801736));
#8192=CARTESIAN_POINT('Ctrl Pts',(5.44380521959192,0.927485737703723,20.511591101451));
#8193=CARTESIAN_POINT('Ctrl Pts',(5.29062381289985,1.82657206043171,20.5313053491265));
#8194=CARTESIAN_POINT('Ctrl Pts',(4.53017999182105,3.54648698866372,20.5707338444776));
#8195=CARTESIAN_POINT('Ctrl Pts',(2.29903515043784,5.27406779276375,20.6298765875041));
#8196=CARTESIAN_POINT('Ctrl Pts',(-0.484852348151854,5.73284588841569,20.6890193305307));
#8197=CARTESIAN_POINT('Ctrl Pts',(-3.15226611315597,4.81294765296876,20.7481620735573));
#8198=CARTESIAN_POINT('Ctrl Pts',(-5.06146573552542,2.73541153500074,20.8073048165839));
#8199=CARTESIAN_POINT('Ctrl Pts',(-5.75335362640026,-9.10714553117426E-14,
20.8664475596105));
#8200=CARTESIAN_POINT('Ctrl Pts',(-5.06146573552533,-2.73541153500089,20.925590302637));
#8201=CARTESIAN_POINT('Ctrl Pts',(-3.15226611315582,-4.81294765296886,20.9847330456636));
#8202=CARTESIAN_POINT('Ctrl Pts',(-0.484852348151674,-5.7328458884157,21.0438757886902));
#8203=CARTESIAN_POINT('Ctrl Pts',(2.29903515043801,-5.27406779276368,21.1030185317168));
#8204=CARTESIAN_POINT('Ctrl Pts',(4.53017999182116,-3.54648698866358,21.1621612747433));
#8205=CARTESIAN_POINT('Ctrl Pts',(5.29062381289991,-1.82657206043154,21.2015897700944));
#8206=CARTESIAN_POINT('Ctrl Pts',(5.44380521959194,-0.927485737703553,21.2213040177699));
#8207=CARTESIAN_POINT('Ctrl Pts',(5.58567751823582,0.951657163436191,20.5946814276919));
#8208=CARTESIAN_POINT('Ctrl Pts',(5.42850401458211,1.87417478800901,20.6143956753674));
#8209=CARTESIAN_POINT('Ctrl Pts',(4.64824208676839,3.6389128270059,20.6538241707185));
#8210=CARTESIAN_POINT('Ctrl Pts',(2.35895085063261,5.41151652407953,20.712966913745));
#8211=CARTESIAN_POINT('Ctrl Pts',(-0.497488200163524,5.88225094446612,20.7721096567716));
#8212=CARTESIAN_POINT('Ctrl Pts',(-3.23441806778526,4.93837902298216,20.8312523997982));
#8213=CARTESIAN_POINT('Ctrl Pts',(-5.19337379421605,2.80669974362565,20.8903951428248));
#8214=CARTESIAN_POINT('Ctrl Pts',(-5.90329313947304,-7.91876016700597E-14,
20.9495378858513));
#8215=CARTESIAN_POINT('Ctrl Pts',(-5.19337379421597,-2.80669974362578,21.0086806288779));
#8216=CARTESIAN_POINT('Ctrl Pts',(-3.23441806778513,-4.93837902298225,21.0678233719045));
#8217=CARTESIAN_POINT('Ctrl Pts',(-0.497488200163369,-5.88225094446613,
21.1269661149311));
#8218=CARTESIAN_POINT('Ctrl Pts',(2.35895085063276,-5.41151652407947,21.1861088579576));
#8219=CARTESIAN_POINT('Ctrl Pts',(4.64824208676848,-3.63891282700578,21.2452516009842));
#8220=CARTESIAN_POINT('Ctrl Pts',(5.42850401458216,-1.87417478800886,21.2846800963353));
#8221=CARTESIAN_POINT('Ctrl Pts',(5.58567751823584,-0.951657163436042,21.3043943440108));
#8222=CARTESIAN_POINT('Ctrl Pts',(5.72754981687972,0.975828589168659,20.6777717539327));
#8223=CARTESIAN_POINT('Ctrl Pts',(5.56638421626437,1.9217775155863,20.6974860016083));
#8224=CARTESIAN_POINT('Ctrl Pts',(4.76630418171573,3.73133866534809,20.7369144969593));
#8225=CARTESIAN_POINT('Ctrl Pts',(2.41886655082739,5.54896525539531,20.7960572399859));
#8226=CARTESIAN_POINT('Ctrl Pts',(-0.510124052175193,6.03165600051655,20.8551999830125));
#8227=CARTESIAN_POINT('Ctrl Pts',(-3.31657002241456,5.06381039299555,20.9143427260391));
#8228=CARTESIAN_POINT('Ctrl Pts',(-5.32528185290668,2.87798795225056,20.9734854690656));
#8229=CARTESIAN_POINT('Ctrl Pts',(-6.05323265254581,-6.74180158518546E-14,
21.0326282120922));
#8230=CARTESIAN_POINT('Ctrl Pts',(-5.32528185290662,-2.87798795225068,21.0917709551188));
#8231=CARTESIAN_POINT('Ctrl Pts',(-3.31657002241445,-5.06381039299562,21.1509136981454));
#8232=CARTESIAN_POINT('Ctrl Pts',(-0.510124052175058,-6.03165600051656,
21.2100564411719));
#8233=CARTESIAN_POINT('Ctrl Pts',(2.41886655082751,-5.54896525539526,21.2691991841985));
#8234=CARTESIAN_POINT('Ctrl Pts',(4.76630418171582,-3.73133866534798,21.3283419272251));
#8235=CARTESIAN_POINT('Ctrl Pts',(5.56638421626442,-1.92177751558618,21.3677704225762));
#8236=CARTESIAN_POINT('Ctrl Pts',(5.72754981687974,-0.975828589168532,21.3874846702517));
#8237=CARTESIAN_POINT('Ctrl Pts',(5.86942211552362,1.00000001490113,20.7608620801736));
#8238=CARTESIAN_POINT('Ctrl Pts',(5.70426441794663,1.9693802431636,20.7805763278491));
#8239=CARTESIAN_POINT('Ctrl Pts',(4.88436627666307,3.82376450369027,20.8200048232002));
#8240=CARTESIAN_POINT('Ctrl Pts',(2.47878225102216,5.68641398671109,20.8791475662268));
#8241=CARTESIAN_POINT('Ctrl Pts',(-0.522759904186864,6.18106105656699,20.9382903092533));
#8242=CARTESIAN_POINT('Ctrl Pts',(-3.39872197704386,5.18924176300894,20.9974330522799));
#8243=CARTESIAN_POINT('Ctrl Pts',(-5.45718991159731,2.94927616087547,21.0565757953065));
#8244=CARTESIAN_POINT('Ctrl Pts',(-6.20317216561858,-5.73624473858153E-14,
21.1157185383331));
#8245=CARTESIAN_POINT('Ctrl Pts',(-5.45718991159725,-2.94927616087557,21.1748612813597));
#8246=CARTESIAN_POINT('Ctrl Pts',(-3.39872197704377,-5.18924176300901,21.2340040243862));
#8247=CARTESIAN_POINT('Ctrl Pts',(-0.522759904186753,-6.18106105656699,
21.2931467674128));
#8248=CARTESIAN_POINT('Ctrl Pts',(2.47878225102226,-5.68641398671105,21.3522895104394));
#8249=CARTESIAN_POINT('Ctrl Pts',(4.88436627666314,-3.82376450369018,21.411432253466));
#8250=CARTESIAN_POINT('Ctrl Pts',(5.70426441794667,-1.9693802431635,21.450860748817));
#8251=CARTESIAN_POINT('Ctrl Pts',(5.86942211552364,-1.00000001490102,21.4705749964925));
#8252=CARTESIAN_POINT('',(5.8694221155236,-1.00000001490123,21.4705749964925));
#8253=CARTESIAN_POINT('Ctrl Pts',(5.86942211552361,-1.00000001490119,21.4705749964925));
#8254=CARTESIAN_POINT('Ctrl Pts',(5.79641910776948,-1.00000001490119,21.4287796035081));
#8255=CARTESIAN_POINT('Ctrl Pts',(5.72333291761689,-1.00000001490113,21.3869495406715));
#8256=CARTESIAN_POINT('Ctrl Pts',(5.57723030505975,-1.00000001490113,21.3033583074996));
#8257=CARTESIAN_POINT('Ctrl Pts',(5.50405372820394,-1.00000001490108,21.2615055337744));
#8258=CARTESIAN_POINT('Ctrl Pts',(5.43095249773903,-1.00000001490108,21.2197121430479));
#8259=CARTESIAN_POINT('',(5.86942211552363,1.00000001490108,20.7608620801736));
#8260=CARTESIAN_POINT('Ctrl Pts',(5.86942211552357,1.00000001490138,20.7608620801736));
#8261=CARTESIAN_POINT('Ctrl Pts',(5.70426441794655,1.96938024316379,20.7805763278491));
#8262=CARTESIAN_POINT('Ctrl Pts',(5.29431534730478,2.89657237342705,20.8002905755247));
#8263=CARTESIAN_POINT('Ctrl Pts',(4.68841014104376,3.67061001906214,20.8200048232002));
#8264=CARTESIAN_POINT('Ctrl Pts',(4.08250493478272,4.44464766469724,20.8397190708757));
#8265=CARTESIAN_POINT('Ctrl Pts',(3.28064359290244,5.06553082570416,20.8594333185512));
#8266=CARTESIAN_POINT('Ctrl Pts',(2.37945589609415,5.45841358451693,20.8791475662268));
#8267=CARTESIAN_POINT('Ctrl Pts',(1.47826819928583,5.85129634332972,20.8988618139023));
#8268=CARTESIAN_POINT('Ctrl Pts',(0.477754147549496,6.01617869994835,20.9185760615778));
#8269=CARTESIAN_POINT('Ctrl Pts',(-0.501829890461498,5.93331666266466,20.9382903092533));
#8270=CARTESIAN_POINT('Ctrl Pts',(-1.48141392847252,5.85045462538097,20.9580045569289));
#8271=CARTESIAN_POINT('Ctrl Pts',(-2.4400679527582,5.51984819419495,20.9777188046044));
#8272=CARTESIAN_POINT('Ctrl Pts',(-3.26247295399329,4.98121737824635,20.9974330522799));
#8273=CARTESIAN_POINT('Ctrl Pts',(-4.08487795522835,4.44258656229777,21.0171472999554));
#8274=CARTESIAN_POINT('Ctrl Pts',(-4.77103393341283,3.69593136158662,21.036861547631));
#8275=CARTESIAN_POINT('Ctrl Pts',(-5.23844229817528,2.83105773441846,21.0565757953065));
#8276=CARTESIAN_POINT('Ctrl Pts',(-5.70585066293773,1.9661841072503,21.076290042982));
#8277=CARTESIAN_POINT('Ctrl Pts',(-5.95451141427815,0.983092053625119,21.0960042906576));
#8278=CARTESIAN_POINT('Ctrl Pts',(-5.95451141427814,-5.45397060847109E-14,
21.1157185383331));
#8279=CARTESIAN_POINT('Ctrl Pts',(-5.95451141427813,-0.983092053625228,
21.1354327860086));
#8280=CARTESIAN_POINT('Ctrl Pts',(-5.70585066293769,-1.9661841072504,21.1551470336841));
#8281=CARTESIAN_POINT('Ctrl Pts',(-5.23844229817523,-2.83105773441855,21.1748612813597));
#8282=CARTESIAN_POINT('Ctrl Pts',(-4.77103393341276,-3.69593136158671,21.1945755290352));
#8283=CARTESIAN_POINT('Ctrl Pts',(-4.08487795522827,-4.44258656229785,21.2142897767107));
#8284=CARTESIAN_POINT('Ctrl Pts',(-3.2624729539932,-4.98121737824641,21.2340040243862));
#8285=CARTESIAN_POINT('Ctrl Pts',(-2.4400679527581,-5.519848194195,21.2537182720618));
#8286=CARTESIAN_POINT('Ctrl Pts',(-1.48141392847241,-5.850454625381,21.2734325197373));
#8287=CARTESIAN_POINT('Ctrl Pts',(-0.501829890461391,-5.93331666266467,
21.2931467674128));
#8288=CARTESIAN_POINT('Ctrl Pts',(0.477754147549605,-6.01617869994834,21.3128610150883));
#8289=CARTESIAN_POINT('Ctrl Pts',(1.47826819928593,-5.85129634332969,21.3325752627639));
#8290=CARTESIAN_POINT('Ctrl Pts',(2.37945589609424,-5.45841358451689,21.3522895104394));
#8291=CARTESIAN_POINT('Ctrl Pts',(3.28064359290253,-5.0655308257041,21.3720037581149));
#8292=CARTESIAN_POINT('Ctrl Pts',(4.0825049347828,-4.44464766469717,21.3917180057904));
#8293=CARTESIAN_POINT('Ctrl Pts',(4.68841014104382,-3.67061001906205,21.411432253466));
#8294=CARTESIAN_POINT('Ctrl Pts',(5.29431534730488,-2.89657237342689,21.4311465011415));
#8295=CARTESIAN_POINT('Ctrl Pts',(5.70426441794666,-1.96938024316352,21.450860748817));
#8296=CARTESIAN_POINT('Ctrl Pts',(5.86942211552364,-1.00000001490102,21.4705749964925));
#8297=CARTESIAN_POINT('Ctrl Pts',(5.43095249773903,1.0000000149011,20.513182976173));
#8298=CARTESIAN_POINT('Ctrl Pts',(5.50406309933873,1.0000000149011,20.554409377274));
#8299=CARTESIAN_POINT('Ctrl Pts',(5.57723889683039,1.00000001490118,20.5957112091254));
#8300=CARTESIAN_POINT('Ctrl Pts',(5.72334127240222,1.00000001490118,20.6782429830622));
#8301=CARTESIAN_POINT('Ctrl Pts',(5.79642679980252,1.00000001490113,20.7195626648016));
#8302=CARTESIAN_POINT('Ctrl Pts',(5.86942211552362,1.00000001490113,20.7608620801736));
#8303=CARTESIAN_POINT('Ctrl Pts',(5.44380521959192,0.927485737703682,21.261591101451));
#8304=CARTESIAN_POINT('Ctrl Pts',(5.29062381289986,1.82657206043167,21.2813053491265));
#8305=CARTESIAN_POINT('Ctrl Pts',(4.53017654523551,3.54648665325604,21.3207338444776));
#8306=CARTESIAN_POINT('Ctrl Pts',(2.29903488702012,5.27406796612383,21.3798765875041));
#8307=CARTESIAN_POINT('Ctrl Pts',(-0.484853030652048,5.73284613738966,21.4390193305307));
#8308=CARTESIAN_POINT('Ctrl Pts',(-3.15226622081676,4.81294787046388,21.4981620735573));
#8309=CARTESIAN_POINT('Ctrl Pts',(-5.0614661160105,2.73541167555507,21.5573048165839));
#8310=CARTESIAN_POINT('Ctrl Pts',(-5.75335386133625,8.06477391081008E-15,
21.6164475596105));
#8311=CARTESIAN_POINT('Ctrl Pts',(-5.06146611601052,-2.73541167555507,21.675590302637));
#8312=CARTESIAN_POINT('Ctrl Pts',(-3.15226622081675,-4.81294787046389,21.7347330456636));
#8313=CARTESIAN_POINT('Ctrl Pts',(-0.484853030652035,-5.73284613738966,
21.7938757886902));
#8314=CARTESIAN_POINT('Ctrl Pts',(2.29903488702014,-5.27406796612382,21.8530185317168));
#8315=CARTESIAN_POINT('Ctrl Pts',(4.53017654523552,-3.54648665325603,21.9121612747433));
#8316=CARTESIAN_POINT('Ctrl Pts',(5.29062381289987,-1.82657206043166,21.9515897700944));
#8317=CARTESIAN_POINT('Ctrl Pts',(5.44380521959193,-0.92748573770367,21.9713040177699));
#8318=CARTESIAN_POINT('Ctrl Pts',(5.58567751823582,0.95165716343615,21.3446814276919));
#8319=CARTESIAN_POINT('Ctrl Pts',(5.42850401458213,1.87417478800896,21.3643956753674));
#8320=CARTESIAN_POINT('Ctrl Pts',(4.64823855036057,3.63891248285709,21.4038241707184));
#8321=CARTESIAN_POINT('Ctrl Pts',(2.3589505803499,5.41151670195758,21.462966913745));
#8322=CARTESIAN_POINT('Ctrl Pts',(-0.497488900450517,5.88225119992866,21.5221096567716));
#8323=CARTESIAN_POINT('Ctrl Pts',(-3.23441817825183,4.93837924614546,21.5812523997982));
#8324=CARTESIAN_POINT('Ctrl Pts',(-5.19337418461704,2.80669988784301,21.6403951428248));
#8325=CARTESIAN_POINT('Ctrl Pts',(-5.90329338053174,2.02187289594957E-14,
21.6995378858513));
#8326=CARTESIAN_POINT('Ctrl Pts',(-5.19337418461707,-2.80669988784297,21.7586806288779));
#8327=CARTESIAN_POINT('Ctrl Pts',(-3.23441817825184,-4.93837924614546,21.8178233719045));
#8328=CARTESIAN_POINT('Ctrl Pts',(-0.497488900450531,-5.88225119992866,
21.8769661149311));
#8329=CARTESIAN_POINT('Ctrl Pts',(2.35895058034989,-5.41151670195759,21.9361088579576));
#8330=CARTESIAN_POINT('Ctrl Pts',(4.64823855036056,-3.6389124828571,21.9952516009842));
#8331=CARTESIAN_POINT('Ctrl Pts',(5.42850401458212,-1.87417478800898,22.0346800963353));
#8332=CARTESIAN_POINT('Ctrl Pts',(5.58567751823582,-0.951657163436163,22.0543943440108));
#8333=CARTESIAN_POINT('Ctrl Pts',(5.72754981687973,0.975828589168617,21.4277717539327));
#8334=CARTESIAN_POINT('Ctrl Pts',(5.56638421626439,1.92177751558626,21.4474860016083));
#8335=CARTESIAN_POINT('Ctrl Pts',(4.76630055548563,3.73133831245813,21.4869144969593));
#8336=CARTESIAN_POINT('Ctrl Pts',(2.41886627367969,5.54896543779134,21.5460572399859));
#8337=CARTESIAN_POINT('Ctrl Pts',(-0.510124770248988,6.03165626246767,21.6051999830125));
#8338=CARTESIAN_POINT('Ctrl Pts',(-3.3165701356869,5.06381062182705,21.664342726039));
#8339=CARTESIAN_POINT('Ctrl Pts',(-5.32528225322359,2.87798810013094,21.7234854690656));
#8340=CARTESIAN_POINT('Ctrl Pts',(-6.05323289972723,3.54395698615879E-14,
21.7826282120922));
#8341=CARTESIAN_POINT('Ctrl Pts',(-5.32528225322363,-2.87798810013088,21.8417709551188));
#8342=CARTESIAN_POINT('Ctrl Pts',(-3.31657013568693,-5.06381062182703,21.9009136981454));
#8343=CARTESIAN_POINT('Ctrl Pts',(-0.510124770249027,-6.03165626246767,
21.9600564411719));
#8344=CARTESIAN_POINT('Ctrl Pts',(2.41886627367965,-5.54896543779135,22.0191991841985));
#8345=CARTESIAN_POINT('Ctrl Pts',(4.76630055548561,-3.73133831245816,22.0783419272251));
#8346=CARTESIAN_POINT('Ctrl Pts',(5.56638421626437,-1.9217775155863,22.1177704225762));
#8347=CARTESIAN_POINT('Ctrl Pts',(5.72754981687972,-0.975828589168656,22.1374846702517));
#8348=CARTESIAN_POINT('Ctrl Pts',(5.86942211552363,1.00000001490108,21.5108620801736));
#8349=CARTESIAN_POINT('Ctrl Pts',(5.70426441794665,1.96938024316356,21.5305763278491));
#8350=CARTESIAN_POINT('Ctrl Pts',(4.88436256061069,3.82376414205918,21.5700048232002));
#8351=CARTESIAN_POINT('Ctrl Pts',(2.47878196700947,5.68641417362509,21.6291475662268));
#8352=CARTESIAN_POINT('Ctrl Pts',(-0.522760640047456,6.18106132500667,21.6882903092533));
#8353=CARTESIAN_POINT('Ctrl Pts',(-3.39872209312197,5.18924199750864,21.7474330522799));
#8354=CARTESIAN_POINT('Ctrl Pts',(-5.45719032183013,2.94927631241887,21.8065757953065));
#8355=CARTESIAN_POINT('Ctrl Pts',(-6.20317241892273,4.94109387493293E-14,
21.8657185383331));
#8356=CARTESIAN_POINT('Ctrl Pts',(-5.45719032183018,-2.94927631241879,21.9248612813597));
#8357=CARTESIAN_POINT('Ctrl Pts',(-3.39872209312203,-5.1892419975086,21.9840040243862));
#8358=CARTESIAN_POINT('Ctrl Pts',(-0.522760640047523,-6.18106132500666,
22.0431467674128));
#8359=CARTESIAN_POINT('Ctrl Pts',(2.47878196700941,-5.68641417362512,22.1022895104394));
#8360=CARTESIAN_POINT('Ctrl Pts',(4.88436256061065,-3.82376414205923,22.161432253466));
#8361=CARTESIAN_POINT('Ctrl Pts',(5.70426441794663,-1.96938024316362,22.200860748817));
#8362=CARTESIAN_POINT('Ctrl Pts',(5.86942211552362,-1.00000001490115,22.2205749964925));
#8363=CARTESIAN_POINT('',(5.86942211552361,-1.00000001490119,22.2205749964925));
#8364=CARTESIAN_POINT('Ctrl Pts',(5.8694221155236,-1.00000001490123,22.2205749964925));
#8365=CARTESIAN_POINT('Ctrl Pts',(5.79641910772949,-1.00000001490123,22.1787796034852));
#8366=CARTESIAN_POINT('Ctrl Pts',(5.72333291759883,-1.00000001490125,22.1369495406612));
#8367=CARTESIAN_POINT('Ctrl Pts',(5.57723030503764,-1.00000001490125,22.053358307487));
#8368=CARTESIAN_POINT('Ctrl Pts',(5.50405372819402,-1.00000001490128,22.0115055337687));
#8369=CARTESIAN_POINT('Ctrl Pts',(5.430952497739,-1.00000001490128,21.9697121430479));
#8370=CARTESIAN_POINT('',(5.86942211552362,1.00000001490112,21.5108620801736));
#8371=CARTESIAN_POINT('Ctrl Pts',(5.86942211552362,1.00000001490108,21.5108620801736));
#8372=CARTESIAN_POINT('Ctrl Pts',(5.70426441794664,1.96938024316356,21.5305763278491));
#8373=CARTESIAN_POINT('Ctrl Pts',(5.29431348927867,2.89657219261137,21.5502905755247));
#8374=CARTESIAN_POINT('Ctrl Pts',(4.68840792601114,3.67060983926292,21.5700048232002));
#8375=CARTESIAN_POINT('Ctrl Pts',(4.08250236274361,4.44464748591448,21.5897190708757));
#8376=CARTESIAN_POINT('Ctrl Pts',(3.28064216487654,5.06553082976979,21.6094333185512));
#8377=CARTESIAN_POINT('Ctrl Pts',(2.37945496476685,5.45841369359437,21.6291475662268));
#8378=CARTESIAN_POINT('Ctrl Pts',(1.47826776465716,5.85129655741895,21.6488618139023));
#8379=CARTESIAN_POINT('Ctrl Pts',(0.477753562304851,6.01617894121281,21.6685760615778));
#8380=CARTESIAN_POINT('Ctrl Pts',(-0.501830447717054,5.93331691186006,21.6882903092533));
#8381=CARTESIAN_POINT('Ctrl Pts',(-1.48141445773896,5.85045488250732,21.7080045569289));
#8382=CARTESIAN_POINT('Ctrl Pts',(-2.44006827543046,5.51984844000798,21.7277188046044));
#8383=CARTESIAN_POINT('Ctrl Pts',(-3.26247322239424,4.98121760457668,21.7474330522799));
#8384=CARTESIAN_POINT('Ctrl Pts',(-4.084878169358,4.44258676914539,21.7671472999554));
#8385=CARTESIAN_POINT('Ctrl Pts',(-4.77103424559403,3.69593154078217,21.786861547631));
#8386=CARTESIAN_POINT('Ctrl Pts',(-5.23844263322749,2.83105787453077,21.8065757953065));
#8387=CARTESIAN_POINT('Ctrl Pts',(-5.70585102086098,1.96618420827933,21.826290042982));
#8388=CARTESIAN_POINT('Ctrl Pts',(-5.95451171989185,0.983092104139703,21.8460042906575));
#8389=CARTESIAN_POINT('Ctrl Pts',(-5.95451171989187,7.43849426498853E-14,
21.8657185383331));
#8390=CARTESIAN_POINT('Ctrl Pts',(-5.95451171989188,-0.983092104139554,
21.8854327860086));
#8391=CARTESIAN_POINT('Ctrl Pts',(-5.70585102086103,-1.96618420827919,21.9051470336841));
#8392=CARTESIAN_POINT('Ctrl Pts',(-5.23844263322756,-2.83105787453064,21.9248612813597));
#8393=CARTESIAN_POINT('Ctrl Pts',(-4.7710342455941,-3.6959315407821,21.9445755290352));
#8394=CARTESIAN_POINT('Ctrl Pts',(-4.08487816935803,-4.44258676914538,21.9642897767107));
#8395=CARTESIAN_POINT('Ctrl Pts',(-3.26247322239423,-4.98121760457669,21.9840040243862));
#8396=CARTESIAN_POINT('Ctrl Pts',(-2.44006827543047,-5.51984844000797,22.0037182720618));
#8397=CARTESIAN_POINT('Ctrl Pts',(-1.481414457739,-5.85045488250731,22.0234325197373));
#8398=CARTESIAN_POINT('Ctrl Pts',(-0.501830447717119,-5.93331691186006,
22.0431467674128));
#8399=CARTESIAN_POINT('Ctrl Pts',(0.477753562304814,-6.01617894121282,22.0628610150883));
#8400=CARTESIAN_POINT('Ctrl Pts',(1.47826776465715,-5.85129655741896,22.0825752627639));
#8401=CARTESIAN_POINT('Ctrl Pts',(2.37945496476687,-5.45841369359436,22.1022895104394));
#8402=CARTESIAN_POINT('Ctrl Pts',(3.28064216487653,-5.06553082976979,22.1220037581149));
#8403=CARTESIAN_POINT('Ctrl Pts',(4.08250236274358,-4.4446474859145,22.1417180057904));
#8404=CARTESIAN_POINT('Ctrl Pts',(4.6884079260111,-3.67060983926297,22.161432253466));
#8405=CARTESIAN_POINT('Ctrl Pts',(5.29431348927864,-2.89657219261142,22.1811465011415));
#8406=CARTESIAN_POINT('Ctrl Pts',(5.70426441794662,-1.96938024316362,22.200860748817));
#8407=CARTESIAN_POINT('Ctrl Pts',(5.86942211552361,-1.00000001490115,22.2205749964925));
#8408=CARTESIAN_POINT('Ctrl Pts',(5.43095249773902,1.00000001490113,21.263182976173));
#8409=CARTESIAN_POINT('Ctrl Pts',(5.50406309933125,1.00000001490113,21.3044093772698));
#8410=CARTESIAN_POINT('Ctrl Pts',(5.57723889681374,1.00000001490114,21.345711209116));
#8411=CARTESIAN_POINT('Ctrl Pts',(5.72334127239743,1.00000001490114,21.4282429830595));
#8412=CARTESIAN_POINT('Ctrl Pts',(5.79642679979192,1.00000001490108,21.4695626647956));
#8413=CARTESIAN_POINT('Ctrl Pts',(5.86942211552363,1.00000001490108,21.5108620801736));
#8414=CARTESIAN_POINT('Ctrl Pts',(5.44380521959196,0.927485737703488,22.011591101451));
#8415=CARTESIAN_POINT('Ctrl Pts',(5.29062381289993,1.82657206043148,22.0313053491265));
#8416=CARTESIAN_POINT('Ctrl Pts',(4.53017318515197,3.54648632893728,22.0707338444776));
#8417=CARTESIAN_POINT('Ctrl Pts',(2.29903459862569,5.27406813558385,22.1298765875042));
#8418=CARTESIAN_POINT('Ctrl Pts',(-0.484853707960964,5.73284638379389,22.1890193305307));
#8419=CARTESIAN_POINT('Ctrl Pts',(-3.15226633812543,4.81294808647716,22.2481620735573));
#8420=CARTESIAN_POINT('Ctrl Pts',(-5.06146649342197,2.73541181493021,22.3073048165839));
#8421=CARTESIAN_POINT('Ctrl Pts',(-5.75335409912255,1.58318629987748E-13,
22.3664475596105));
#8422=CARTESIAN_POINT('Ctrl Pts',(-5.06146649342212,-2.73541181492993,22.425590302637));
#8423=CARTESIAN_POINT('Ctrl Pts',(-3.1522663381257,-4.81294808647698,22.4847330456636));
#8424=CARTESIAN_POINT('Ctrl Pts',(-0.484853707961278,-5.73284638379387,
22.5438757886902));
#8425=CARTESIAN_POINT('Ctrl Pts',(2.2990345986254,-5.27406813558398,22.6030185317168));
#8426=CARTESIAN_POINT('Ctrl Pts',(4.53017318515178,-3.54648632893753,22.6621612747433));
#8427=CARTESIAN_POINT('Ctrl Pts',(5.29062381289983,-1.82657206043177,22.7015897700944));
#8428=CARTESIAN_POINT('Ctrl Pts',(5.4438052195919,-0.927485737703788,22.7213040177699));
#8429=CARTESIAN_POINT('Ctrl Pts',(5.58567751823586,0.95165716343595,22.0946814276919));
#8430=CARTESIAN_POINT('Ctrl Pts',(5.42850401458219,1.87417478800877,22.1143956753674));
#8431=CARTESIAN_POINT('Ctrl Pts',(4.6482351027091,3.63891215008618,22.1538241707184));
#8432=CARTESIAN_POINT('Ctrl Pts',(2.35895028443955,5.41151687583394,22.212966913745));
#8433=CARTESIAN_POINT('Ctrl Pts',(-0.497489595410942,5.88225145275449,22.2721096567716));
#8434=CARTESIAN_POINT('Ctrl Pts',(-3.23441829861771,4.93837946778831,22.3312523997982));
#8435=CARTESIAN_POINT('Ctrl Pts',(-5.19337457186432,2.80670003085043,22.3903951428248));
#8436=CARTESIAN_POINT('Ctrl Pts',(-5.90329362451505,1.75370065885145E-13,
22.4495378858513));
#8437=CARTESIAN_POINT('Ctrl Pts',(-5.19337457186449,-2.80670003085012,22.5086806288779));
#8438=CARTESIAN_POINT('Ctrl Pts',(-3.23441829861801,-4.93837946778812,22.5678233719045));
#8439=CARTESIAN_POINT('Ctrl Pts',(-0.497489595411293,-5.88225145275446,
22.6269661149311));
#8440=CARTESIAN_POINT('Ctrl Pts',(2.35895028443923,-5.41151687583409,22.6861088579576));
#8441=CARTESIAN_POINT('Ctrl Pts',(4.64823510270888,-3.63891215008646,22.7452516009842));
#8442=CARTESIAN_POINT('Ctrl Pts',(5.42850401458208,-1.87417478800909,22.7846800963353));
#8443=CARTESIAN_POINT('Ctrl Pts',(5.5856775182358,-0.951657163436283,22.8043943440108));
#8444=CARTESIAN_POINT('Ctrl Pts',(5.72754981687976,0.975828589168413,22.1777717539327));
#8445=CARTESIAN_POINT('Ctrl Pts',(5.56638421626446,1.92177751558606,22.1974860016083));
#8446=CARTESIAN_POINT('Ctrl Pts',(4.76629702026622,3.73133797123508,22.2369144969593));
#8447=CARTESIAN_POINT('Ctrl Pts',(2.41886597025342,5.54896561608404,22.2960572399859));
#8448=CARTESIAN_POINT('Ctrl Pts',(-0.510125482860918,6.0316565217151,22.3551999830125));
#8449=CARTESIAN_POINT('Ctrl Pts',(-3.31657025910999,5.06381084909948,22.4143427260391));
#8450=CARTESIAN_POINT('Ctrl Pts',(-5.32528265030668,2.87798824677065,22.4734854690656));
#8451=CARTESIAN_POINT('Ctrl Pts',(-6.05323314990755,1.92647348615619E-13,
22.5326282120922));
#8452=CARTESIAN_POINT('Ctrl Pts',(-5.32528265030686,-2.8779882467703,22.5917709551188));
#8453=CARTESIAN_POINT('Ctrl Pts',(-3.31657025911032,-5.06381084909926,22.6509136981454));
#8454=CARTESIAN_POINT('Ctrl Pts',(-0.510125482861304,-6.03165652171506,
22.7100564411719));
#8455=CARTESIAN_POINT('Ctrl Pts',(2.41886597025306,-5.54896561608419,22.7691991841985));
#8456=CARTESIAN_POINT('Ctrl Pts',(4.76629702026599,-3.73133797123538,22.8283419272251));
#8457=CARTESIAN_POINT('Ctrl Pts',(5.56638421626433,-1.92177751558642,22.8677704225761));
#8458=CARTESIAN_POINT('Ctrl Pts',(5.7275498168797,-0.975828589168779,22.8874846702517));
#8459=CARTESIAN_POINT('Ctrl Pts',(5.86942211552366,1.00000001490087,22.2608620801736));
#8460=CARTESIAN_POINT('Ctrl Pts',(5.70426441794672,1.96938024316335,22.2805763278491));
#8461=CARTESIAN_POINT('Ctrl Pts',(4.88435893782335,3.82376379238398,22.3200048232002));
#8462=CARTESIAN_POINT('Ctrl Pts',(2.47878165606728,5.68641435633413,22.3791475662268));
#8463=CARTESIAN_POINT('Ctrl Pts',(-0.522761370310897,6.18106159067569,22.4382903092533));
#8464=CARTESIAN_POINT('Ctrl Pts',(-3.39872221960227,5.18924223041063,22.4974330522799));
#8465=CARTESIAN_POINT('Ctrl Pts',(-5.45719072874903,2.94927646269087,22.5565757953065));
#8466=CARTESIAN_POINT('Ctrl Pts',(-6.20317267530005,2.11957252843797E-13,
22.6157185383331));
#8467=CARTESIAN_POINT('Ctrl Pts',(-5.45719072874923,-2.9492764626905,22.6748612813596));
#8468=CARTESIAN_POINT('Ctrl Pts',(-3.39872221960263,-5.1892422304104,22.7340040243862));
#8469=CARTESIAN_POINT('Ctrl Pts',(-0.522761370311318,-6.18106159067566,
22.7931467674128));
#8470=CARTESIAN_POINT('Ctrl Pts',(2.47878165606689,-5.6864143563343,22.8522895104394));
#8471=CARTESIAN_POINT('Ctrl Pts',(4.88435893782309,-3.82376379238431,22.911432253466));
#8472=CARTESIAN_POINT('Ctrl Pts',(5.70426441794658,-1.96938024316374,22.950860748817));
#8473=CARTESIAN_POINT('Ctrl Pts',(5.86942211552359,-1.00000001490127,22.9705749964925));
#8474=CARTESIAN_POINT('',(5.86942211552362,-1.00000001490115,22.9705749964925));
#8475=CARTESIAN_POINT('Ctrl Pts',(5.86942211552359,-1.00000001490127,22.9705749964925));
#8476=CARTESIAN_POINT('Ctrl Pts',(5.79641910775364,-1.00000001490127,22.928779603499));
#8477=CARTESIAN_POINT('Ctrl Pts',(5.72333291760971,-1.00000001490122,22.8869495406674));
#8478=CARTESIAN_POINT('Ctrl Pts',(5.57723030507622,-1.00000001490122,22.803358307509));
#8479=CARTESIAN_POINT('Ctrl Pts',(5.50405372821134,-1.00000001490116,22.7615055337786));
#8480=CARTESIAN_POINT('Ctrl Pts',(5.43095249773902,-1.00000001490116,22.7197121430479));
#8481=CARTESIAN_POINT('',(5.86942211552361,1.00000001490116,22.2608620801736));
#8482=CARTESIAN_POINT('Ctrl Pts',(5.86942211552366,1.00000001490087,22.2608620801736));
#8483=CARTESIAN_POINT('Ctrl Pts',(5.70426441794672,1.96938024316335,22.2805763278491));
#8484=CARTESIAN_POINT('Ctrl Pts',(5.29431167788503,2.89657201777366,22.3002905755247));
#8485=CARTESIAN_POINT('Ctrl Pts',(4.68840576089485,3.67060966573718,22.3200048232002));
#8486=CARTESIAN_POINT('Ctrl Pts',(4.08249984390466,4.44464731370069,22.3397190708757));
#8487=CARTESIAN_POINT('Ctrl Pts',(3.28064074998597,5.06553083501741,22.3594333185512));
#8488=CARTESIAN_POINT('Ctrl Pts',(2.3794540319636,5.45841380139936,22.3791475662268));
#8489=CARTESIAN_POINT('Ctrl Pts',(1.47826731394123,5.85129676778132,22.3988618139023));
#8490=CARTESIAN_POINT('Ctrl Pts',(0.477752971815181,6.0161791792285,22.4185760615778));
#8491=CARTESIAN_POINT('Ctrl Pts',(-0.501831007463068,5.93331715824125,22.4382903092533));
#8492=CARTESIAN_POINT('Ctrl Pts',(-1.48141498674135,5.85045513725401,22.4580045569289));
#8493=CARTESIAN_POINT('Ctrl Pts',(-2.44006860317182,5.51984868383231,22.4777188046044));
#8494=CARTESIAN_POINT('Ctrl Pts',(-3.26247349624486,4.98121782916816,22.4974330522799));
#8495=CARTESIAN_POINT('Ctrl Pts',(-4.08487838931787,4.44258697450403,22.5171472999555));
#8496=CARTESIAN_POINT('Ctrl Pts',(-4.77103455903345,3.69593171859745,22.536861547631));
#8497=CARTESIAN_POINT('Ctrl Pts',(-5.23844296831641,2.83105801352905,22.5565757953065));
#8498=CARTESIAN_POINT('Ctrl Pts',(-5.70585137759936,1.96618430846065,22.576290042982));
#8499=CARTESIAN_POINT('Ctrl Pts',(-5.9545120264497,0.98309215423043,22.5960042906576));
#8500=CARTESIAN_POINT('Ctrl Pts',(-5.95451202644974,2.03240202445442E-13,
22.6157185383331));
#8501=CARTESIAN_POINT('Ctrl Pts',(-5.95451202644977,-0.983092154230023,
22.6354327860086));
#8502=CARTESIAN_POINT('Ctrl Pts',(-5.7058513775995,-1.96618430846026,22.6551470336841));
#8503=CARTESIAN_POINT('Ctrl Pts',(-5.2384429683166,-2.83105801352869,22.6748612813597));
#8504=CARTESIAN_POINT('Ctrl Pts',(-4.7710345590337,-3.69593171859712,22.6945755290352));
#8505=CARTESIAN_POINT('Ctrl Pts',(-4.08487838931817,-4.44258697450375,22.7142897767107));
#8506=CARTESIAN_POINT('Ctrl Pts',(-3.2624734962452,-4.98121782916794,22.7340040243862));
#8507=CARTESIAN_POINT('Ctrl Pts',(-2.4400686031722,-5.51984868383215,22.7537182720618));
#8508=CARTESIAN_POINT('Ctrl Pts',(-1.48141498674174,-5.85045513725391,22.7734325197373));
#8509=CARTESIAN_POINT('Ctrl Pts',(-0.501831007463473,-5.93331715824122,
22.7931467674128));
#8510=CARTESIAN_POINT('Ctrl Pts',(0.477752971814771,-6.01617917922853,22.8128610150883));
#8511=CARTESIAN_POINT('Ctrl Pts',(1.47826731394083,-5.85129676778142,22.8325752627639));
#8512=CARTESIAN_POINT('Ctrl Pts',(2.37945403196323,-5.45841380139953,22.8522895104394));
#8513=CARTESIAN_POINT('Ctrl Pts',(3.28064074998562,-5.06553083501763,22.8720037581149));
#8514=CARTESIAN_POINT('Ctrl Pts',(4.08249984390436,-4.44464731370097,22.8917180057904));
#8515=CARTESIAN_POINT('Ctrl Pts',(4.6884057608946,-3.6706096657375,22.911432253466));
#8516=CARTESIAN_POINT('Ctrl Pts',(5.29431167788483,-2.89657201777402,22.9311465011415));
#8517=CARTESIAN_POINT('Ctrl Pts',(5.70426441794658,-1.96938024316374,22.950860748817));
#8518=CARTESIAN_POINT('Ctrl Pts',(5.86942211552359,-1.00000001490127,22.9705749964925));
#8519=CARTESIAN_POINT('Ctrl Pts',(5.43095249773902,1.00000001490117,22.013182976173));
#8520=CARTESIAN_POINT('Ctrl Pts',(5.50406309933202,1.00000001490117,22.0544093772702));
#8521=CARTESIAN_POINT('Ctrl Pts',(5.57723889681543,1.00000001490118,22.095711209117));
#8522=CARTESIAN_POINT('Ctrl Pts',(5.72334127239761,1.00000001490118,22.1782429830596));
#8523=CARTESIAN_POINT('Ctrl Pts',(5.79642679979236,1.00000001490112,22.2195626647959));
#8524=CARTESIAN_POINT('Ctrl Pts',(5.86942211552362,1.00000001490112,22.2608620801736));
#8525=CARTESIAN_POINT('Ctrl Pts',(5.44380521959194,0.927485737703603,22.761591101451));
#8526=CARTESIAN_POINT('Ctrl Pts',(5.29092306209093,1.82481564063785,22.7812668361451));
#8527=CARTESIAN_POINT('Ctrl Pts',(4.53287304070995,3.54153313762698,22.8206183055333));
#8528=CARTESIAN_POINT('Ctrl Pts',(2.30887016665573,5.26876205812927,22.8796455096157));
#8529=CARTESIAN_POINT('Ctrl Pts',(-0.468130381891609,5.73331141944112,22.938672713698));
#8530=CARTESIAN_POINT('Ctrl Pts',(-3.13310590538878,4.82434318757854,22.9976999177803));
#8531=CARTESIAN_POINT('Ctrl Pts',(-5.04735979597368,2.75943331787498,23.0567271218627));
#8532=CARTESIAN_POINT('Ctrl Pts',(-5.7523349040495,0.0334077552908782,23.115754325945));
#8533=CARTESIAN_POINT('Ctrl Pts',(-5.07907008429925,-2.70062219212285,23.1747815300274));
#8534=CARTESIAN_POINT('Ctrl Pts',(-3.18892920954399,-4.78762679230898,23.2338087341097));
#8535=CARTESIAN_POINT('Ctrl Pts',(-0.534691103236278,-5.72748734707148,
23.292835938192));
#8536=CARTESIAN_POINT('Ctrl Pts',(2.24751785123351,-5.29522412934921,23.3518631422744));
#8537=CARTESIAN_POINT('Ctrl Pts',(4.49143243260997,-3.59394347081369,23.4108903463567));
#8538=CARTESIAN_POINT('Ctrl Pts',(5.26937095888514,-1.88614651311611,23.4502418157449));
#8539=CARTESIAN_POINT('Ctrl Pts',(5.4326652727557,-0.990652863870233,23.469917550439));
#8540=CARTESIAN_POINT('Ctrl Pts',(5.58567751823584,0.951657163436068,22.8446814276919));
#8541=CARTESIAN_POINT('Ctrl Pts',(5.42881106257731,1.87237259374242,22.864357162386));
#8542=CARTESIAN_POINT('Ctrl Pts',(4.65100531984295,3.63382987248265,22.9037086317742));
#8543=CARTESIAN_POINT('Ctrl Pts',(2.36904217954021,5.40607251543666,22.9627358358565));
#8544=CARTESIAN_POINT('Ctrl Pts',(-0.480330438775517,5.88272860780599,23.0217630399389));
#8545=CARTESIAN_POINT('Ctrl Pts',(-3.21475852130026,4.95007153932147,23.0807902440212));
#8546=CARTESIAN_POINT('Ctrl Pts',(-5.17890023642891,2.83134756387934,23.1398174481036));
#8547=CARTESIAN_POINT('Ctrl Pts',(-5.90224786795754,0.0342784027230578,
23.1988446521859));
#8548=CARTESIAN_POINT('Ctrl Pts',(-5.21143693409757,-2.77100374743387,23.2578718562682));
#8549=CARTESIAN_POINT('Ctrl Pts',(-3.2720366498217,-4.91239826936871,23.3168990603506));
#8550=CARTESIAN_POINT('Ctrl Pts',(-0.548625814861825,-5.87675275290534,
23.3759262644329));
#8551=CARTESIAN_POINT('Ctrl Pts',(2.30609094687809,-5.43322422096927,23.4349534685153));
#8552=CARTESIAN_POINT('Ctrl Pts',(4.60848471822901,-3.68760608378992,23.4939806725976));
#8553=CARTESIAN_POINT('Ctrl Pts',(5.40669728489951,-1.93530182463092,23.5333321419858));
#8554=CARTESIAN_POINT('Ctrl Pts',(5.57424725060363,-1.01647050305572,23.5530078766799));
#8555=CARTESIAN_POINT('Ctrl Pts',(5.72754981687974,0.975828589168533,22.9277717539327));
#8556=CARTESIAN_POINT('Ctrl Pts',(5.5666990630637,1.919929546847,22.9474474886269));
#8557=CARTESIAN_POINT('Ctrl Pts',(4.76913759897596,3.72612660733833,22.9867989580151));
#8558=CARTESIAN_POINT('Ctrl Pts',(2.42921419242468,5.54338297274405,23.0458261620974));
#8559=CARTESIAN_POINT('Ctrl Pts',(-0.492530495659427,6.03214579617086,23.1048533661797));
#8560=CARTESIAN_POINT('Ctrl Pts',(-3.29641113721173,5.0757998910644,23.1638805702621));
#8561=CARTESIAN_POINT('Ctrl Pts',(-5.31044067688413,2.90326180988369,23.2229077743444));
#8562=CARTESIAN_POINT('Ctrl Pts',(-6.05216083186557,0.0351490501552371,
23.2819349784268));
#8563=CARTESIAN_POINT('Ctrl Pts',(-5.34380378389589,-2.84138530274489,23.3409621825091));
#8564=CARTESIAN_POINT('Ctrl Pts',(-3.35514409009941,-5.03716974642844,23.3999893865914));
#8565=CARTESIAN_POINT('Ctrl Pts',(-0.562560526487366,-6.0260181587392,23.4590165906738));
#8566=CARTESIAN_POINT('Ctrl Pts',(2.36466404252267,-5.57122431258933,23.5180437947561));
#8567=CARTESIAN_POINT('Ctrl Pts',(4.72553700384805,-3.78126869676616,23.5770709988385));
#8568=CARTESIAN_POINT('Ctrl Pts',(5.54402361091388,-1.98445713614574,23.6164224682267));
#8569=CARTESIAN_POINT('Ctrl Pts',(5.71582922845156,-1.04228814224121,23.6360982029208));
#8570=CARTESIAN_POINT('Ctrl Pts',(5.86942211552364,1.000000014901,23.0108620801736));
#8571=CARTESIAN_POINT('Ctrl Pts',(5.70458706355009,1.96748649995157,23.0305378148677));
#8572=CARTESIAN_POINT('Ctrl Pts',(4.88726987810896,3.81842334219401,23.0698892842559));
#8573=CARTESIAN_POINT('Ctrl Pts',(2.48938620530915,5.68069343005145,23.1289164883383));
#8574=CARTESIAN_POINT('Ctrl Pts',(-0.504730552543333,6.18156298453573,23.1879436924206));
#8575=CARTESIAN_POINT('Ctrl Pts',(-3.37806375312321,5.20152824280733,23.246970896503));
#8576=CARTESIAN_POINT('Ctrl Pts',(-5.44198111733935,2.97517605588805,23.3059981005853));
#8577=CARTESIAN_POINT('Ctrl Pts',(-6.2020737957736,0.0360196975874166,23.3650253046676));
#8578=CARTESIAN_POINT('Ctrl Pts',(-5.47617063369421,-2.91176685805591,23.42405250875));
#8579=CARTESIAN_POINT('Ctrl Pts',(-3.43825153037713,-5.16194122348817,23.4830797128323));
#8580=CARTESIAN_POINT('Ctrl Pts',(-0.576495238112912,-6.17528356457306,
23.5421069169147));
#8581=CARTESIAN_POINT('Ctrl Pts',(2.42323713816726,-5.70922440420939,23.601134120997));
#8582=CARTESIAN_POINT('Ctrl Pts',(4.84258928946709,-3.87493130974239,23.6601613250793));
#8583=CARTESIAN_POINT('Ctrl Pts',(5.68134993692826,-2.03361244766056,23.6995127944676));
#8584=CARTESIAN_POINT('Ctrl Pts',(5.85741120629949,-1.0681057814267,23.7191885291617));
#8585=CARTESIAN_POINT('',(5.48392434104969,-1.00000001490116,23.5));
#8586=CARTESIAN_POINT('Ctrl Pts',(5.48392434104969,-1.00000001490116,23.5));
#8587=CARTESIAN_POINT('Ctrl Pts',(5.46626422017431,-1.00000001490115,23.4899014903168));
#8588=CARTESIAN_POINT('Ctrl Pts',(5.44860616183384,-1.00000001490112,23.479805085076));
#8589=CARTESIAN_POINT('Ctrl Pts',(5.43095249773903,-1.00000001490112,23.4697121430479));
#8590=CARTESIAN_POINT('Ctrl Pts',(5.55762086382901,-1.04599953480903,23.546));
#8591=CARTESIAN_POINT('Ctrl Pts',(5.53307150781932,-1.03065393100725,23.5306540695953));
#8592=CARTESIAN_POINT('Ctrl Pts',(5.50850451135101,-1.01531955634334,23.5153195330758));
#8593=CARTESIAN_POINT('Ctrl Pts',(5.48392434104969,-1.00000001490114,23.5));
#8594=CARTESIAN_POINT('',(5.86942211552362,1.00000001490112,23.0108620801736));
#8595=CARTESIAN_POINT('Ctrl Pts',(5.86942211552364,1.000000014901,23.0108620801736));
#8596=CARTESIAN_POINT('Ctrl Pts',(5.70458706355008,1.96748649995157,23.0305378148677));
#8597=CARTESIAN_POINT('Ctrl Pts',(5.29592847082952,2.89295492107279,23.0502135495618));
#8598=CARTESIAN_POINT('Ctrl Pts',(4.69195189566927,3.66606747960964,23.0698892842559));
#8599=CARTESIAN_POINT('Ctrl Pts',(4.08797532050901,4.43918003814649,23.0895650189501));
#8600=CARTESIAN_POINT('Ctrl Pts',(3.28868076290907,5.05993673409897,23.1092407536442));
#8601=CARTESIAN_POINT('Ctrl Pts',(2.39001402446701,5.45379334115593,23.1289164883383));
#8602=CARTESIAN_POINT('Ctrl Pts',(1.49134728602498,5.84764994821287,23.1485922230324));
#8603=CARTESIAN_POINT('Ctrl Pts',(0.493308366740837,6.0146064663743,23.1682679577265));
#8604=CARTESIAN_POINT('Ctrl Pts',(-0.484599959664536,5.93474560183362,23.1879436924206));
#8605=CARTESIAN_POINT('Ctrl Pts',(-1.46250828606994,5.85488473729293,23.2076194271147));
#8606=CARTESIAN_POINT('Ctrl Pts',(-2.42028601959657,5.52820649005013,23.2272951618089));
#8607=CARTESIAN_POINT('Ctrl Pts',(-3.24316111372924,4.99380866860885,23.246970896503));
#8608=CARTESIAN_POINT('Ctrl Pts',(-4.06603620786192,4.45941084716757,23.2666466311971));
#8609=CARTESIAN_POINT('Ctrl Pts',(-4.75400866260063,3.71729345152781,23.2863223658912));
#8610=CARTESIAN_POINT('Ctrl Pts',(-5.22467700304236,2.85637536065783,23.3059981005853));
#8611=CARTESIAN_POINT('Ctrl Pts',(-5.69534534348411,1.99545726978782,23.3256738352794));
#8612=CARTESIAN_POINT('Ctrl Pts',(-5.94870956962886,1.01573848368757,23.3453495699735));
#8613=CARTESIAN_POINT('Ctrl Pts',(-5.95440782235465,0.0345813313635507,
23.3650253046676));
#8614=CARTESIAN_POINT('Ctrl Pts',(-5.96010607508045,-0.946575820960415,
23.3847010393618));
#8615=CARTESIAN_POINT('Ctrl Pts',(-5.71813835438732,-1.92917133950816,23.4043767740559));
#8616=CARTESIAN_POINT('Ctrl Pts',(-5.25750131015459,-2.7954981596874,23.42405250875));
#8617=CARTESIAN_POINT('Ctrl Pts',(-4.79686426592183,-3.66182497986669,23.4437282434441));
#8618=CARTESIAN_POINT('Ctrl Pts',(-4.11755789814945,-4.41188310167746,23.4634039781382));
#8619=CARTESIAN_POINT('Ctrl Pts',(-3.30094533221919,-4.95580255276365,23.4830797128323));
#8620=CARTESIAN_POINT('Ctrl Pts',(-2.48433276628897,-5.49972200384983,23.5027554475264));
#8621=CARTESIAN_POINT('Ctrl Pts',(-1.53041400220088,-5.83750278421145,23.5224311822205));
#8622=CARTESIAN_POINT('Ctrl Pts',(-0.553499224110141,-5.92871664766497,
23.5421069169147));
#8623=CARTESIAN_POINT('Ctrl Pts',(-0.489067739381183,-5.93473257124601,
23.5434046112764));
#8624=CARTESIAN_POINT('Ctrl Pts',(-0.424536223451018,-5.93967594438967,
23.5447023056382));
#8625=CARTESIAN_POINT('Ctrl Pts',(-0.359939025235912,-5.94355208268298,
23.546));
#8626=CARTESIAN_POINT('Ctrl Pts',(5.43095249773902,1.00000001490113,22.763182976173));
#8627=CARTESIAN_POINT('Ctrl Pts',(5.50406309933127,1.00000001490113,22.8044093772698));
#8628=CARTESIAN_POINT('Ctrl Pts',(5.57723889681377,1.00000001490114,22.845711209116));
#8629=CARTESIAN_POINT('Ctrl Pts',(5.72334127240267,1.00000001490114,22.9282429830625));
#8630=CARTESIAN_POINT('Ctrl Pts',(5.79642679980348,1.00000001490108,22.9695626648022));
#8631=CARTESIAN_POINT('Ctrl Pts',(5.86942211552363,1.00000001490108,23.0108620801736));
#8632=CARTESIAN_POINT('Ctrl Pts',(-3.12426958074951,4.55348049839936,11.7507290212774));
#8633=CARTESIAN_POINT('Ctrl Pts',(-3.62291109507463,4.21134869055424,11.7638005489577));
#8634=CARTESIAN_POINT('Ctrl Pts',(-4.95519171566157,2.93984975254903,11.8030151319988));
#8635=CARTESIAN_POINT('Ctrl Pts',(-5.83422804530593,0.209457658689376,11.8618370065603));
#8636=CARTESIAN_POINT('Ctrl Pts',(-5.02072449306977,-2.80204781831319,11.9271946449621));
#8637=CARTESIAN_POINT('Ctrl Pts',(-3.09930083610578,-4.8449562081952,11.9860165195237));
#8638=CARTESIAN_POINT('Ctrl Pts',(-0.439063225106273,-5.73291984034173,
12.0448383940852));
#8639=CARTESIAN_POINT('Ctrl Pts',(2.6360656567336,-5.20895836504838,12.110196032487));
#8640=CARTESIAN_POINT('Ctrl Pts',(4.746408414905,-3.26622850784243,12.1690179070485));
#8641=CARTESIAN_POINT('Ctrl Pts',(5.34223832083702,-1.52362473057781,12.2082324900896));
#8642=CARTESIAN_POINT('Ctrl Pts',(5.44380521959194,-0.927485737703556,12.2213040177699));
#8643=CARTESIAN_POINT('Ctrl Pts',(-3.20569191110932,4.67214983337358,11.8338193475183));
#8644=CARTESIAN_POINT('Ctrl Pts',(-3.71732864017541,4.32110164735911,11.8468908751986));
#8645=CARTESIAN_POINT('Ctrl Pts',(-5.0843301419212,3.01646587403715,11.8861054582397));
#8646=CARTESIAN_POINT('Ctrl Pts',(-5.98627524578646,0.214916384398362,11.9449273328012));
#8647=CARTESIAN_POINT('Ctrl Pts',(-5.15157078458036,-2.87507265091805,12.010284971203));
#8648=CARTESIAN_POINT('Ctrl Pts',(-3.18007245009096,-4.9712217607561,12.0691068457645));
#8649=CARTESIAN_POINT('Ctrl Pts',(-0.450505755924923,-5.88232682367083,
12.1279287203261));
#8650=CARTESIAN_POINT('Ctrl Pts',(2.70476478886842,-5.34471026412996,12.1932863587278));
#8651=CARTESIAN_POINT('Ctrl Pts',(4.87010569005765,-3.35135046346204,12.2521082332894));
#8652=CARTESIAN_POINT('Ctrl Pts',(5.48146366044928,-1.563332275958,12.2913228163304));
#8653=CARTESIAN_POINT('Ctrl Pts',(5.58567751823584,-0.951657163436046,12.3043943440108));
#8654=CARTESIAN_POINT('Ctrl Pts',(-3.28711424146913,4.79081916834779,11.9169096737591));
#8655=CARTESIAN_POINT('Ctrl Pts',(-3.81174618527619,4.43085460416397,11.9299812014395));
#8656=CARTESIAN_POINT('Ctrl Pts',(-5.21346856818083,3.09308199552526,11.9691957844805));
#8657=CARTESIAN_POINT('Ctrl Pts',(-6.13832244626699,0.220375110107351,12.0280176590421));
#8658=CARTESIAN_POINT('Ctrl Pts',(-5.28241707609095,-2.94809748352291,12.0933752974438));
#8659=CARTESIAN_POINT('Ctrl Pts',(-3.26084406407613,-5.09748731331699,12.1521971720054));
#8660=CARTESIAN_POINT('Ctrl Pts',(-0.461948286743571,-6.03173380699995,
12.211019046567));
#8661=CARTESIAN_POINT('Ctrl Pts',(2.77346392100324,-5.48046216321154,12.2763766849687));
#8662=CARTESIAN_POINT('Ctrl Pts',(4.9938029652103,-3.43647241908165,12.3351985595303));
#8663=CARTESIAN_POINT('Ctrl Pts',(5.62068900006153,-1.60303982133818,12.3744131425713));
#8664=CARTESIAN_POINT('Ctrl Pts',(5.72754981687974,-0.975828589168536,12.3874846702517));
#8665=CARTESIAN_POINT('Ctrl Pts',(-3.36853657182895,4.909488503322,12.));
#8666=CARTESIAN_POINT('Ctrl Pts',(-3.90616373037697,4.54060756096883,12.0130715276803));
#8667=CARTESIAN_POINT('Ctrl Pts',(-5.34260699444047,3.16969811701338,12.0522861107214));
#8668=CARTESIAN_POINT('Ctrl Pts',(-6.29036964674752,0.225833835816338,12.111107985283));
#8669=CARTESIAN_POINT('Ctrl Pts',(-5.41326336760153,-3.02112231612777,12.1764656236847));
#8670=CARTESIAN_POINT('Ctrl Pts',(-3.3416156780613,-5.22375286587788,12.2352874982463));
#8671=CARTESIAN_POINT('Ctrl Pts',(-0.473390817562221,-6.18114079032906,
12.2941093728078));
#8672=CARTESIAN_POINT('Ctrl Pts',(2.84216305313806,-5.61621406229312,12.3594670112096));
#8673=CARTESIAN_POINT('Ctrl Pts',(5.11750024036294,-3.52159437470126,12.4182888857711));
#8674=CARTESIAN_POINT('Ctrl Pts',(5.75991433967379,-1.64274736671837,12.4575034688122));
#8675=CARTESIAN_POINT('Ctrl Pts',(5.86942211552364,-1.00000001490103,12.4705749964925));
#8676=CARTESIAN_POINT('',(5.86942211552358,-1.00000001490134,12.4705749964925));
#8677=CARTESIAN_POINT('Ctrl Pts',(5.86942211552361,-1.0000000149012,12.4705749964925));
#8678=CARTESIAN_POINT('Ctrl Pts',(5.79641910774572,-1.0000000149012,12.4287796034945));
#8679=CARTESIAN_POINT('Ctrl Pts',(5.72333291760612,-1.00000001490116,12.3869495406653));
#8680=CARTESIAN_POINT('Ctrl Pts',(5.57723030504511,-1.00000001490116,12.3033583074912));
#8681=CARTESIAN_POINT('Ctrl Pts',(5.50405372819736,-1.00000001490116,12.2615055337706));
#8682=CARTESIAN_POINT('Ctrl Pts',(5.43095249773902,-1.00000001490116,12.2197121430479));
#8683=CARTESIAN_POINT('',(-3.368536571829,4.90948850332196,12.));
#8684=CARTESIAN_POINT('Ctrl Pts',(-3.36853657182898,4.90948850332198,12.));
#8685=CARTESIAN_POINT('Ctrl Pts',(-3.90616373037699,4.54060756096881,12.0130715276803));
#8686=CARTESIAN_POINT('Ctrl Pts',(-4.38497815173147,4.083637746317,12.0261430553607));
#8687=CARTESIAN_POINT('Ctrl Pts',(-4.77439240687943,3.56092718238639,12.039214583041));
#8688=CARTESIAN_POINT('Ctrl Pts',(-5.55322091717536,2.51550605452515,12.0653576384017));
#8689=CARTESIAN_POINT('Ctrl Pts',(-5.97444876264517,1.20712192954868,12.0915006937624));
#8690=CARTESIAN_POINT('Ctrl Pts',(-5.95449354689886,-0.0957755301713098,
12.1176437491231));
#8691=CARTESIAN_POINT('Ctrl Pts',(-5.93952713508912,-1.0729486249613,12.1372510406437));
#8692=CARTESIAN_POINT('Ctrl Pts',(-5.67639525134533,-2.04703547054454,12.1568583321642));
#8693=CARTESIAN_POINT('Ctrl Pts',(-5.19955469455006,-2.90118398496117,12.1764656236847));
#8694=CARTESIAN_POINT('Ctrl Pts',(-4.72271413775479,-3.7553324993778,12.1960729152052));
#8695=CARTESIAN_POINT('Ctrl Pts',(-4.03216490790804,-4.48954268262784,12.2156802067258));
#8696=CARTESIAN_POINT('Ctrl Pts',(-3.20885281623482,-5.01621242832806,12.2352874982463));
#8697=CARTESIAN_POINT('Ctrl Pts',(-2.38554072456161,-5.54288217402827,12.2548947897668));
#8698=CARTESIAN_POINT('Ctrl Pts',(-1.42946577106191,-5.86201148217866,12.2745020812873));
#8699=CARTESIAN_POINT('Ctrl Pts',(-0.454095213707026,-5.93683712704847,
12.2941093728078));
#8700=CARTESIAN_POINT('Ctrl Pts',(0.521275343647861,-6.01166277191827,12.3137166643284));
#8701=CARTESIAN_POINT('Ctrl Pts',(1.51594150485794,-5.84218475350749,12.3333239558489));
#8702=CARTESIAN_POINT('Ctrl Pts',(2.40937033801012,-5.44610878761678,12.3529312473694));
#8703=CARTESIAN_POINT('Ctrl Pts',(3.60060878221302,-4.9180074997625,12.3790743027301));
#8704=CARTESIAN_POINT('Ctrl Pts',(4.61186975431297,-3.98706541638834,12.4052173580908));
#8705=CARTESIAN_POINT('Ctrl Pts',(5.23447412248444,-2.84170827393789,12.4313604134515));
#8706=CARTESIAN_POINT('Ctrl Pts',(5.54577630657017,-2.26902970271266,12.4444319411318));
#8707=CARTESIAN_POINT('Ctrl Pts',(5.75991433967378,-1.64274736671836,12.4575034688122));
#8708=CARTESIAN_POINT('Ctrl Pts',(5.86942211552364,-1.00000001490103,12.4705749964925));
#8709=CARTESIAN_POINT('Ctrl Pts',(-2.41211285429491,-4.96774432302098,12.));
#8710=CARTESIAN_POINT('Ctrl Pts',(-2.55920659406808,-4.90323149637712,12.));
#8711=CARTESIAN_POINT('Ctrl Pts',(-2.70315565730936,-4.83244840669605,12.));
#8712=CARTESIAN_POINT('Ctrl Pts',(-2.84354141541667,-4.7555793401133,12.));
#8713=CARTESIAN_POINT('Ctrl Pts',(-2.89254057857842,-4.72874955348565,12.));
#8714=CARTESIAN_POINT('Ctrl Pts',(-2.94110558966199,-4.7011778884964,12.));
#8715=CARTESIAN_POINT('Ctrl Pts',(-2.98921837356745,-4.672870715856,12.));
#8716=CARTESIAN_POINT('Ctrl Pts',(-3.12596299721743,-4.59241697040419,12.));
#8717=CARTESIAN_POINT('Ctrl Pts',(-3.25905616411414,-4.50602543466568,12.));
#8718=CARTESIAN_POINT('Ctrl Pts',(-3.38823035809701,-4.41405913399471,12.));
#8719=CARTESIAN_POINT('Ctrl Pts',(-3.51851955366292,-4.32129900161733,12.));
#8720=CARTESIAN_POINT('Ctrl Pts',(-3.64482240959019,-4.22286701230647,12.));
#8721=CARTESIAN_POINT('Ctrl Pts',(-3.76683803117789,-4.11908977641026,12.));
#8722=CARTESIAN_POINT('Ctrl Pts',(-3.88123019734976,-4.02179647364277,12.));
#8723=CARTESIAN_POINT('Ctrl Pts',(-3.99185426493519,-3.91980424822597,12.));
#8724=CARTESIAN_POINT('Ctrl Pts',(-4.09843459776154,-3.81335136293613,12.));
#8725=CARTESIAN_POINT('Ctrl Pts',(-4.12250620676655,-3.78930853848438,12.));
#8726=CARTESIAN_POINT('Ctrl Pts',(-4.14637142157257,-3.76503806791937,12.));
#8727=CARTESIAN_POINT('Ctrl Pts',(-4.17002684278462,-3.7405425156328,12.));
#8728=CARTESIAN_POINT('Ctrl Pts',(-4.18549636385312,-3.72452358877519,12.));
#8729=CARTESIAN_POINT('Ctrl Pts',(-4.20087026027014,-3.708414479714,12.));
#8730=CARTESIAN_POINT('Ctrl Pts',(-4.21614330246019,-3.69222095713865,12.));
#8731=CARTESIAN_POINT('Ctrl Pts',(-4.32712617560374,-3.57454933419915,12.));
#8732=CARTESIAN_POINT('Ctrl Pts',(-4.43286201485058,-3.45234526581758,12.));
#8733=CARTESIAN_POINT('Ctrl Pts',(-4.53308284394936,-3.32598268655142,12.));
#8734=CARTESIAN_POINT('Ctrl Pts',(-4.63386272680078,-3.19891522912004,12.));
#8735=CARTESIAN_POINT('Ctrl Pts',(-4.72906647504011,-3.06764224232514,12.));
#8736=CARTESIAN_POINT('Ctrl Pts',(-4.818390253071,-2.93250200325823,12.));
#8737=CARTESIAN_POINT('Ctrl Pts',(-4.85761610020602,-2.87315621117143,12.));
#8738=CARTESIAN_POINT('Ctrl Pts',(-4.89570756184304,-2.81306413770868,12.));
#8739=CARTESIAN_POINT('Ctrl Pts',(-4.93263657080233,-2.7522522722658,12.));
#8740=CARTESIAN_POINT('Ctrl Pts',(-5.01656072698095,-2.61405239534609,12.));
#8741=CARTESIAN_POINT('Ctrl Pts',(-5.09448436202876,-2.47213676031285,12.));
#8742=CARTESIAN_POINT('Ctrl Pts',(-5.16627910113007,-2.32694204348006,12.));
#8743=CARTESIAN_POINT('Ctrl Pts',(-5.20923256180158,-2.24007473764049,12.));
#8744=CARTESIAN_POINT('Ctrl Pts',(-5.24999138555229,-2.15203317550824,12.));
#8745=CARTESIAN_POINT('Ctrl Pts',(-5.28851996769565,-2.06290720556045,12.));
#8746=CARTESIAN_POINT('Ctrl Pts',(-5.30847489361022,-2.01674661442437,12.));
#8747=CARTESIAN_POINT('Ctrl Pts',(-5.32783146238255,-1.97029509741774,12.));
#8748=CARTESIAN_POINT('Ctrl Pts',(-5.34658404952851,-1.92356493896839,12.));
#8749=CARTESIAN_POINT('Ctrl Pts',(-5.35463397959959,-1.90350506643988,12.));
#8750=CARTESIAN_POINT('Ctrl Pts',(-5.36257292936253,-1.88339286868737,12.));
#8751=CARTESIAN_POINT('Ctrl Pts',(-5.37039441338672,-1.86324523820502,12.));
#8752=CARTESIAN_POINT('Ctrl Pts',(-5.42955634915361,-1.71084796720571,12.));
#8753=CARTESIAN_POINT('Ctrl Pts',(-5.48208588834645,-1.55621761030144,12.));
#8754=CARTESIAN_POINT('Ctrl Pts',(-5.52791520675759,-1.39982938537053,12.));
#8755=CARTESIAN_POINT('Ctrl Pts',(-5.57401149929678,-1.24253013641756,12.));
#8756=CARTESIAN_POINT('Ctrl Pts',(-5.61332957855623,-1.08345177641599,12.));
#8757=CARTESIAN_POINT('Ctrl Pts',(-5.645755153587,-0.923050294559379,12.));
#8758=CARTESIAN_POINT('Ctrl Pts',(-5.67798616067728,-0.76361129327396,12.));
#8759=CARTESIAN_POINT('Ctrl Pts',(-5.70340734744658,-0.602864268647118,
12.));
#8760=CARTESIAN_POINT('Ctrl Pts',(-5.72185815959098,-0.441240692005033,
12.));
#8761=CARTESIAN_POINT('Ctrl Pts',(-5.73508340621553,-0.325391500939379,
12.));
#8762=CARTESIAN_POINT('Ctrl Pts',(-5.74472642918627,-0.209091587867175,
12.));
#8763=CARTESIAN_POINT('Ctrl Pts',(-5.75071170546899,-0.0924977847596359,
12.));
#8764=CARTESIAN_POINT('Ctrl Pts',(-5.75479270975063,-0.012999397848528,
12.));
#8765=CARTESIAN_POINT('Ctrl Pts',(-5.75717289344814,0.0666356495644331,
12.));
#8766=CARTESIAN_POINT('Ctrl Pts',(-5.75786490317978,0.146359637000123,12.));
#8767=CARTESIAN_POINT('Ctrl Pts',(-5.75821425058882,0.186606713269733,12.));
#8768=CARTESIAN_POINT('Ctrl Pts',(-5.75813331484376,0.226876452689613,12.));
#8769=CARTESIAN_POINT('Ctrl Pts',(-5.75762344372824,0.267162680975545,12.));
#8770=CARTESIAN_POINT('Ctrl Pts',(-5.75733997889199,0.289559966792675,12.));
#8771=CARTESIAN_POINT('Ctrl Pts',(-5.75692398991738,0.311955306969305,12.));
#8772=CARTESIAN_POINT('Ctrl Pts',(-5.75637623427013,0.334339328672291,12.));
#8773=CARTESIAN_POINT('Ctrl Pts',(-5.75238665357819,0.497373450260511,12.));
#8774=CARTESIAN_POINT('Ctrl Pts',(-5.74140962945166,0.659942254042554,12.));
#8775=CARTESIAN_POINT('Ctrl Pts',(-5.72366981292823,0.821633432617072,12.));
#8776=CARTESIAN_POINT('Ctrl Pts',(-5.70567715721528,0.9856291370861,12.));
#8777=CARTESIAN_POINT('Ctrl Pts',(-5.68072750591992,1.14872270284382,12.));
#8778=CARTESIAN_POINT('Ctrl Pts',(-5.64900155094012,1.31049129047222,12.));
#8779=CARTESIAN_POINT('Ctrl Pts',(-5.6170826815348,1.47324353624955,12.));
#8780=CARTESIAN_POINT('Ctrl Pts',(-5.57830472888789,1.63465537512043,12.));
#8781=CARTESIAN_POINT('Ctrl Pts',(-5.53279915781455,1.79429285657508,12.));
#8782=CARTESIAN_POINT('Ctrl Pts',(-5.48910849614567,1.94756347877357,12.));
#8783=CARTESIAN_POINT('Ctrl Pts',(-5.43921571075439,2.09919901768063,12.));
#8784=CARTESIAN_POINT('Ctrl Pts',(-5.3831936019462,2.24880297215175,12.));
#8785=CARTESIAN_POINT('Ctrl Pts',(-5.36059230373562,2.30915849357742,12.));
#8786=CARTESIAN_POINT('Ctrl Pts',(-5.33699292316408,2.3691831635756,12.));
#8787=CARTESIAN_POINT('Ctrl Pts',(-5.31239834879115,2.4288500314052,12.));
#8788=CARTESIAN_POINT('Ctrl Pts',(-5.30058562360546,2.45750790942637,12.));
#8789=CARTESIAN_POINT('Ctrl Pts',(-5.28854121401431,2.48608788738872,12.));
#8790=CARTESIAN_POINT('Ctrl Pts',(-5.27627775469677,2.51455875080161,12.));
#8791=CARTESIAN_POINT('Ctrl Pts',(-5.20988607653436,2.66869375885852,12.));
#8792=CARTESIAN_POINT('Ctrl Pts',(-5.13702299445188,2.81977208958657,12.));
#8793=CARTESIAN_POINT('Ctrl Pts',(-5.05784040126415,2.9673567150659,12.));
#8794=CARTESIAN_POINT('Ctrl Pts',(-4.97918514563672,3.11395846144006,12.));
#8795=CARTESIAN_POINT('Ctrl Pts',(-4.89429403707842,3.25711359471546,12.));
#8796=CARTESIAN_POINT('Ctrl Pts',(-4.80326760241968,3.3963772018811,12.));
#8797=CARTESIAN_POINT('Ctrl Pts',(-4.77603630913751,3.43803903500109,12.));
#8798=CARTESIAN_POINT('Ctrl Pts',(-4.74825561410827,3.4793524410755,12.));
#8799=CARTESIAN_POINT('Ctrl Pts',(-4.71992740669544,3.52030507110694,12.));
#8800=CARTESIAN_POINT('Ctrl Pts',(-4.67382444778614,3.58695374364921,12.));
#8801=CARTESIAN_POINT('Ctrl Pts',(-4.62627145427006,3.65264695404597,12.));
#8802=CARTESIAN_POINT('Ctrl Pts',(-4.57731412881336,3.71735207869566,12.));
#8803=CARTESIAN_POINT('Ctrl Pts',(-4.55416201404914,3.74795139060145,12.));
#8804=CARTESIAN_POINT('Ctrl Pts',(-4.53069580299979,3.7783297030176,12.));
#8805=CARTESIAN_POINT('Ctrl Pts',(-4.50692015360359,3.80848342013602,12.));
#8806=CARTESIAN_POINT('Ctrl Pts',(-4.48972011802259,3.83029754595415,12.));
#8807=CARTESIAN_POINT('Ctrl Pts',(-4.47236329360516,3.85198753141967,12.));
#8808=CARTESIAN_POINT('Ctrl Pts',(-4.45485616465716,3.87354685670616,12.));
#8809=CARTESIAN_POINT('Ctrl Pts',(-4.34990716354593,4.00278733126769,12.));
#8810=CARTESIAN_POINT('Ctrl Pts',(-4.23951210220734,4.12739618056182,12.));
#8811=CARTESIAN_POINT('Ctrl Pts',(-4.12411541797431,4.247128734264,12.));
#8812=CARTESIAN_POINT('Ctrl Pts',(-4.00720715513687,4.36842966202848,12.));
#8813=CARTESIAN_POINT('Ctrl Pts',(-3.88516486761647,4.48472627424373,12.));
#8814=CARTESIAN_POINT('Ctrl Pts',(-3.75840646419969,4.59573375058425,12.));
#8815=CARTESIAN_POINT('Ctrl Pts',(-3.63294675791896,4.70560390515583,12.));
#8816=CARTESIAN_POINT('Ctrl Pts',(-3.50286642858698,4.81029318937102,12.));
#8817=CARTESIAN_POINT('Ctrl Pts',(-3.36853657182895,4.909488503322,12.));
#8818=CARTESIAN_POINT('Origin',(1.26377987262832E-15,2.82525377547347E-16,
23.546));
#8819=CARTESIAN_POINT('',(5.86139914771437,1.04600001490117,23.546));
#8820=CARTESIAN_POINT('',(2.95803989029043,1.04600001490117,23.546));
#8821=CARTESIAN_POINT('',(-4.7667430388879,-3.56767106124062,23.546));
#8822=CARTESIAN_POINT('Ctrl Pts',(-0.691222420999408,5.47674361373018,23.546));
#8823=CARTESIAN_POINT('Ctrl Pts',(-0.852400325978826,5.4636148570618,23.546));
#8824=CARTESIAN_POINT('Ctrl Pts',(-1.01267212954958,5.4435958650893,23.546));
#8825=CARTESIAN_POINT('Ctrl Pts',(-1.17155168709422,5.41667299942904,23.546));
#8826=CARTESIAN_POINT('Ctrl Pts',(-1.32932881762741,5.38993694505392,23.546));
#8827=CARTESIAN_POINT('Ctrl Pts',(-1.48573376291686,5.35639252583811,23.546));
#8828=CARTESIAN_POINT('Ctrl Pts',(-1.64029047370967,5.31597530510013,23.546));
#8829=CARTESIAN_POINT('Ctrl Pts',(-1.73595346062171,5.29095903735837,23.546));
#8830=CARTESIAN_POINT('Ctrl Pts',(-1.83090834327654,5.26330879261388,23.546));
#8831=CARTESIAN_POINT('Ctrl Pts',(-1.92504020229413,5.23299927206224,23.546));
#8832=CARTESIAN_POINT('Ctrl Pts',(-1.97870372143361,5.21572015367229,23.546));
#8833=CARTESIAN_POINT('Ctrl Pts',(-2.03209971873164,5.19757662604156,23.546));
#8834=CARTESIAN_POINT('Ctrl Pts',(-2.08520650598431,5.17856286454651,23.546));
#8835=CARTESIAN_POINT('Ctrl Pts',(-2.11611828482091,5.16749555619306,23.546));
#8836=CARTESIAN_POINT('Ctrl Pts',(-2.1469363246487,5.15613167481386,23.546));
#8837=CARTESIAN_POINT('Ctrl Pts',(-2.17762909296443,5.14448058111459,23.546));
#8838=CARTESIAN_POINT('Ctrl Pts',(-2.18670108158794,5.14103681910512,23.546));
#8839=CARTESIAN_POINT('Ctrl Pts',(-2.1957625497737,5.13756782078732,23.546));
#8840=CARTESIAN_POINT('Ctrl Pts',(-2.20481339371748,5.13407357914381,23.546));
#8841=CARTESIAN_POINT('Ctrl Pts',(-2.3503710594556,5.07787841543155,23.546));
#8842=CARTESIAN_POINT('Ctrl Pts',(-2.49318180555098,5.01515873690366,23.546));
#8843=CARTESIAN_POINT('Ctrl Pts',(-2.63301046087984,4.94632733508439,23.546));
#8844=CARTESIAN_POINT('Ctrl Pts',(-2.77577817329923,4.87604916672723,23.546));
#8845=CARTESIAN_POINT('Ctrl Pts',(-2.91543766353488,4.79939932146877,23.546));
#8846=CARTESIAN_POINT('Ctrl Pts',(-3.05172238581971,4.71676529578671,23.546));
#8847=CARTESIAN_POINT('Ctrl Pts',(-3.12623719799398,4.67158445086388,23.546));
#8848=CARTESIAN_POINT('Ctrl Pts',(-3.19974281120133,4.62461379683736,23.546));
#8849=CARTESIAN_POINT('Ctrl Pts',(-3.27219275495983,4.57591088843125,23.546));
#8850=CARTESIAN_POINT('Ctrl Pts',(-3.31300378498779,4.54847655578309,23.546));
#8851=CARTESIAN_POINT('Ctrl Pts',(-3.35347980336213,4.5204924975261,23.546));
#8852=CARTESIAN_POINT('Ctrl Pts',(-3.39361215787246,4.49196848858945,23.546));
#8853=CARTESIAN_POINT('Ctrl Pts',(-3.41020745445498,4.48017340719436,23.546));
#8854=CARTESIAN_POINT('Ctrl Pts',(-3.42674496650202,4.46828527794155,23.546));
#8855=CARTESIAN_POINT('Ctrl Pts',(-3.4432209924174,4.45630701317973,23.546));
#8856=CARTESIAN_POINT('Ctrl Pts',(-3.57383444170776,4.36134949823719,23.546));
#8857=CARTESIAN_POINT('Ctrl Pts',(-3.70025985218028,4.26096927612354,23.546));
#8858=CARTESIAN_POINT('Ctrl Pts',(-3.82224902893538,4.15559760198533,23.546));
#8859=CARTESIAN_POINT('Ctrl Pts',(-3.94599201021961,4.04871102853998,23.546));
#8860=CARTESIAN_POINT('Ctrl Pts',(-4.06517087059187,3.93668799665015,23.546));
#8861=CARTESIAN_POINT('Ctrl Pts',(-4.17950384533311,3.81992897588696,23.546));
#8862=CARTESIAN_POINT('Ctrl Pts',(-4.29437219441582,3.70262322060563,23.546));
#8863=CARTESIAN_POINT('Ctrl Pts',(-4.40434975576765,3.58053647135945,23.546));
#8864=CARTESIAN_POINT('Ctrl Pts',(-4.50911920078281,3.45403278251227,23.546));
#8865=CARTESIAN_POINT('Ctrl Pts',(-4.61320916572236,3.32834953073099,23.546));
#8866=CARTESIAN_POINT('Ctrl Pts',(-4.71215887603456,3.19830584331299,23.546));
#8867=CARTESIAN_POINT('Ctrl Pts',(-4.805617804148,3.06422602091081,23.546));
#8868=CARTESIAN_POINT('Ctrl Pts',(-4.82974012176581,3.02961920348403,23.546));
#8869=CARTESIAN_POINT('Ctrl Pts',(-4.85349642222712,2.99474335949932,23.546));
#8870=CARTESIAN_POINT('Ctrl Pts',(-4.87688018205174,2.95960378346001,23.546));
#8871=CARTESIAN_POINT('Ctrl Pts',(-4.89657684259438,2.93000493767774,23.546));
#8872=CARTESIAN_POINT('Ctrl Pts',(-4.91600917961547,2.90021897018598,23.546));
#8873=CARTESIAN_POINT('Ctrl Pts',(-4.93517317231266,2.87024899118192,23.546));
#8874=CARTESIAN_POINT('Ctrl Pts',(-4.94601432040002,2.85329485298682,23.546));
#8875=CARTESIAN_POINT('Ctrl Pts',(-4.95676898034892,2.83628269916847,23.546));
#8876=CARTESIAN_POINT('Ctrl Pts',(-4.96742981074564,2.81922395363782,23.546));
#8877=CARTESIAN_POINT('Ctrl Pts',(-5.05548684155934,2.67832100096573,23.546));
#8878=CARTESIAN_POINT('Ctrl Pts',(-5.13727008382944,2.53404825886709,23.546));
#8879=CARTESIAN_POINT('Ctrl Pts',(-5.21249017551547,2.38680156706461,23.546));
#8880=CARTESIAN_POINT('Ctrl Pts',(-5.28706848117517,2.24081120009641,23.546));
#8881=CARTESIAN_POINT('Ctrl Pts',(-5.35519564411787,2.09189678130531,23.546));
#8882=CARTESIAN_POINT('Ctrl Pts',(-5.41655168090149,1.94041069110326,23.546));
#8883=CARTESIAN_POINT('Ctrl Pts',(-5.47620848465153,1.79311995285175,23.546));
#8884=CARTESIAN_POINT('Ctrl Pts',(-5.52946431843159,1.64339738920238,23.546));
#8885=CARTESIAN_POINT('Ctrl Pts',(-5.57598343381179,1.49154451560664,23.546));
#8886=CARTESIAN_POINT('Ctrl Pts',(-5.62372007509973,1.33571725844285,23.546));
#8887=CARTESIAN_POINT('Ctrl Pts',(-5.66436306792603,1.17764613932894,23.546));
#8888=CARTESIAN_POINT('Ctrl Pts',(-5.69801053213173,1.01776091820388,23.546));
#8889=CARTESIAN_POINT('Ctrl Pts',(-5.70829516273946,0.968890654791073,23.546));
#8890=CARTESIAN_POINT('Ctrl Pts',(-5.7179258578807,0.919850835041956,23.546));
#8891=CARTESIAN_POINT('Ctrl Pts',(-5.72690446295494,0.870653595811186,23.546));
#8892=CARTESIAN_POINT('Ctrl Pts',(-5.73108483618725,0.847747718975781,23.546));
#8893=CARTESIAN_POINT('Ctrl Pts',(-5.73512384526013,0.824807716840527,23.546));
#8894=CARTESIAN_POINT('Ctrl Pts',(-5.73902164356498,0.801834812931101,23.546));
#8895=CARTESIAN_POINT('Ctrl Pts',(-5.74238114697677,0.782034519784427,23.546));
#8896=CARTESIAN_POINT('Ctrl Pts',(-5.74563547494926,0.762211142572521,23.546));
#8897=CARTESIAN_POINT('Ctrl Pts',(-5.74878297837644,0.742377507655589,23.546));
#8898=CARTESIAN_POINT('Ctrl Pts',(-5.7740628189584,0.583079467014444,23.546));
#8899=CARTESIAN_POINT('Ctrl Pts',(-5.79249158601254,0.422912187892323,23.546));
#8900=CARTESIAN_POINT('Ctrl Pts',(-5.80425202168912,0.262309417827607,23.546));
#8901=CARTESIAN_POINT('Ctrl Pts',(-5.81652578556237,0.0946965392427465,
23.546));
#8902=CARTESIAN_POINT('Ctrl Pts',(-5.82153666218828,-0.0733912961981424,
23.546));
#8903=CARTESIAN_POINT('Ctrl Pts',(-5.81943730704595,-0.241479773577818,
23.546));
#8904=CARTESIAN_POINT('Ctrl Pts',(-5.81735225526255,-0.408423027943996,
23.546));
#8905=CARTESIAN_POINT('Ctrl Pts',(-5.80825337166769,-0.575367701490294,
23.546));
#8906=CARTESIAN_POINT('Ctrl Pts',(-5.79223681899269,-0.741856299507789,
23.546));
#8907=CARTESIAN_POINT('Ctrl Pts',(-5.78012826577637,-0.867722089101364,
23.546));
#8908=CARTESIAN_POINT('Ctrl Pts',(-5.76406489753995,-0.993327440360702,
23.546));
#8909=CARTESIAN_POINT('Ctrl Pts',(-5.74406854647885,-1.11847331241218,23.546));
#8910=CARTESIAN_POINT('Ctrl Pts',(-5.7258429997675,-1.23253671977273,23.546));
#8911=CARTESIAN_POINT('Ctrl Pts',(-5.70435000015897,-1.34621851545978,23.546));
#8912=CARTESIAN_POINT('Ctrl Pts',(-5.67959401185236,-1.45936489932633,23.546));
#8913=CARTESIAN_POINT('Ctrl Pts',(-5.67535189562057,-1.47875334407852,23.546));
#8914=CARTESIAN_POINT('Ctrl Pts',(-5.67101483302603,-1.49812185652457,23.546));
#8915=CARTESIAN_POINT('Ctrl Pts',(-5.66658477809779,-1.51746198160045,23.546));
#8916=CARTESIAN_POINT('Ctrl Pts',(-5.62885184434393,-1.68219123893509,23.546));
#8917=CARTESIAN_POINT('Ctrl Pts',(-5.58434009543251,-1.84502948228461,23.546));
#8918=CARTESIAN_POINT('Ctrl Pts',(-5.53318963030507,-2.00552062576134,23.546));
#8919=CARTESIAN_POINT('Ctrl Pts',(-5.48187467480964,-2.16652787886062,23.546));
#8920=CARTESIAN_POINT('Ctrl Pts',(-5.42387815170817,-2.32517368867302,23.546));
#8921=CARTESIAN_POINT('Ctrl Pts',(-5.35928962892845,-2.48099505633359,23.546));
#8922=CARTESIAN_POINT('Ctrl Pts',(-5.29524821897268,-2.63549650112205,23.546));
#8923=CARTESIAN_POINT('Ctrl Pts',(-5.2247258486823,-2.78722189170614,23.546));
#8924=CARTESIAN_POINT('Ctrl Pts',(-5.14776092353344,-2.93570614513114,23.546));
#8925=CARTESIAN_POINT('Ctrl Pts',(-5.0726098019332,-3.08069112579971,23.546));
#8926=CARTESIAN_POINT('Ctrl Pts',(-4.99131595464994,-3.2225865445224,23.546));
#8927=CARTESIAN_POINT('Ctrl Pts',(-4.90387155414733,-3.36093644584331,23.546));
#8928=CARTESIAN_POINT('Ctrl Pts',(-4.85973158257058,-3.43077237217879,23.546));
#8929=CARTESIAN_POINT('Ctrl Pts',(-4.81402377335016,-3.49970447565985,23.546));
#8930=CARTESIAN_POINT('Ctrl Pts',(-4.7667430388879,-3.56767106124062,23.546));
#8931=CARTESIAN_POINT('Origin',(0.,0.,23.546));
#8932=CARTESIAN_POINT('Ctrl Pts',(5.86942211552364,1.00000001490104,23.1144497186276));
#8933=CARTESIAN_POINT('Ctrl Pts',(5.56814317911998,2.76833324082007,23.1504122420753));
#8934=CARTESIAN_POINT('Ctrl Pts',(3.26509753501771,5.99364433491451,23.2223372889707));
#8935=CARTESIAN_POINT('Ctrl Pts',(-2.69633606528554,6.27862103555806,23.3302248593138));
#8936=CARTESIAN_POINT('Ctrl Pts',(-6.5946264204244,1.75941373805935,23.4381124296569));
#8937=CARTESIAN_POINT('Ctrl Pts',(-5.84160716563997,-2.13155180977463,23.5100374765523));
#8938=CARTESIAN_POINT('Ctrl Pts',(-4.7667430388879,-3.56767106124062,23.546));
#8939=CARTESIAN_POINT('Ctrl Pts',(5.72754981687973,0.975828589168572,23.1975400448684));
#8940=CARTESIAN_POINT('Ctrl Pts',(5.43355322180361,2.70141868048394,23.2335025683161));
#8941=CARTESIAN_POINT('Ctrl Pts',(3.18617547361674,5.84876940816502,23.3054276152115));
#8942=CARTESIAN_POINT('Ctrl Pts',(-2.63116177930486,6.12685781575612,23.4133151855547));
#8943=CARTESIAN_POINT('Ctrl Pts',(-6.43522490004492,1.71688620019084,23.5212027558978));
#8944=CARTESIAN_POINT('Ctrl Pts',(-5.70040719398141,-2.08002916427749,23.5931278027932));
#8945=CARTESIAN_POINT('Ctrl Pts',(-4.65152406525449,-3.48143536643094,23.6290903262409));
#8946=CARTESIAN_POINT('Ctrl Pts',(5.58567751823583,0.951657163436106,23.2806303711093));
#8947=CARTESIAN_POINT('Ctrl Pts',(5.29896326448723,2.63450412014782,23.316592894557));
#8948=CARTESIAN_POINT('Ctrl Pts',(3.10725341221578,5.70389448141554,23.3885179414524));
#8949=CARTESIAN_POINT('Ctrl Pts',(-2.56598749332419,5.97509459595418,23.4964055117955));
#8950=CARTESIAN_POINT('Ctrl Pts',(-6.27582337966545,1.67435866232232,23.6042930821386));
#8951=CARTESIAN_POINT('Ctrl Pts',(-5.55920722232286,-2.02850651878035,23.6762181290341));
#8952=CARTESIAN_POINT('Ctrl Pts',(-4.53630509162108,-3.39519967162127,23.7121806524818));
#8953=CARTESIAN_POINT('Ctrl Pts',(5.44380521959193,0.92748573770364,23.3637206973502));
#8954=CARTESIAN_POINT('Ctrl Pts',(5.16437330717085,2.56758955981169,23.3996832207979));
#8955=CARTESIAN_POINT('Ctrl Pts',(3.0283313508148,5.55901955466606,23.4716082676933));
#8956=CARTESIAN_POINT('Ctrl Pts',(-2.50081320734352,5.82333137615224,23.5794958380364));
#8957=CARTESIAN_POINT('Ctrl Pts',(-6.11642185928598,1.63183112445381,23.6873834083795));
#8958=CARTESIAN_POINT('Ctrl Pts',(-5.4180072506643,-1.9769838732832,23.7593084552749));
#8959=CARTESIAN_POINT('Ctrl Pts',(-4.42108611798767,-3.30896397681159,23.7952709787226));
#8960=CARTESIAN_POINT('',(5.86942211552361,1.00000001490121,23.1144497186276));
#8961=CARTESIAN_POINT('Ctrl Pts',(5.86942211552362,1.00000001490112,23.1144497186276));
#8962=CARTESIAN_POINT('Ctrl Pts',(5.79641910773821,1.00000001490112,23.1562451116299));
#8963=CARTESIAN_POINT('Ctrl Pts',(5.7233329176028,1.0000000149011,23.1980751744567));
#8964=CARTESIAN_POINT('Ctrl Pts',(5.57723030502117,1.0000000149011,23.2816664076426));
#8965=CARTESIAN_POINT('Ctrl Pts',(5.50405372818664,1.00000001490117,23.3235191813556));
#8966=CARTESIAN_POINT('Ctrl Pts',(5.43095249773902,1.00000001490117,23.3653125720722));
#8967=CARTESIAN_POINT('Ctrl Pts',(-4.766743038888,-3.56767106124048,23.546));
#8968=CARTESIAN_POINT('Ctrl Pts',(-5.84160716563999,-2.13155180977451,23.5100374765523));
#8969=CARTESIAN_POINT('Ctrl Pts',(-6.21811679303216,-0.186069035857603,
23.4740749531046));
#8970=CARTESIAN_POINT('Ctrl Pts',(-5.75665654753849,1.53987356735061,23.4381124296569));
#8971=CARTESIAN_POINT('Ctrl Pts',(-5.29519630204478,3.26581617055893,23.4021499062092));
#8972=CARTESIAN_POINT('Ctrl Pts',(-3.99576618366512,4.77221860305853,23.3661873827615));
#8973=CARTESIAN_POINT('Ctrl Pts',(-2.35247885775806,5.47792370253438,23.3302248593138));
#8974=CARTESIAN_POINT('Ctrl Pts',(-0.709191531851048,6.1836288020102,23.2942623358661));
#8975=CARTESIAN_POINT('Ctrl Pts',(1.27795300158334,6.08863656846234,23.2582998124184));
#8976=CARTESIAN_POINT('Ctrl Pts',(2.8472866793261,5.23481267816481,23.2223372889707));
#8977=CARTESIAN_POINT('Ctrl Pts',(4.41662035706886,4.38098878786727,23.186374765523));
#8978=CARTESIAN_POINT('Ctrl Pts',(5.56814317911998,2.76833324082007,23.1504122420753));
#8979=CARTESIAN_POINT('Ctrl Pts',(5.86942211552363,1.00000001490104,23.1144497186276));
#8980=CARTESIAN_POINT('Origin',(5.91607978058086,1.00000001490116,23.5));
#8981=CARTESIAN_POINT('',(4.87852436156219,1.80000001490116,24.3));
#8982=CARTESIAN_POINT('Ctrl Pts',(5.86139914771436,1.04600001490118,23.546));
#8983=CARTESIAN_POINT('Ctrl Pts',(5.43069961110973,1.40664314224422,23.9066431273431));
#8984=CARTESIAN_POINT('Ctrl Pts',(5.00000007450511,1.71428567231967,24.2142856574185));
#8985=CARTESIAN_POINT('Ctrl Pts',(4.93926221803382,1.75766985606758,24.2576698411664));
#8986=CARTESIAN_POINT('Ctrl Pts',(4.87852436156166,1.80000001490153,24.3000000000004));
#8987=CARTESIAN_POINT('',(4.20000007450581,1.80000001490116,24.3));
#8988=CARTESIAN_POINT('',(5.00000007450581,1.80000001490116,24.3));
#8989=CARTESIAN_POINT('',(5.00000007450581,1.00000001490116,23.5));
#8990=CARTESIAN_POINT('',(5.15268002551832,0.847320063888652,23.3473200489875));
#8991=CARTESIAN_POINT('',(5.00000007450581,1.00000001490116,23.5));
#8992=CARTESIAN_POINT('Origin',(5.00000007450581,1.00000001490116,12.));
#8993=CARTESIAN_POINT('',(5.00000007450581,1.00000001490116,12.));
#8994=CARTESIAN_POINT('',(5.00000007450581,1.00000001490116,12.));
#8995=CARTESIAN_POINT('',(5.00000007450581,1.00000001490116,12.));
#8996=CARTESIAN_POINT('',(5.86942211552361,1.00000001490116,12.));
#8997=CARTESIAN_POINT('',(5.86942211552361,1.00000001490116,12.));
#8998=CARTESIAN_POINT('',(5.86942211552361,1.00000001490116,12.));
#8999=CARTESIAN_POINT('',(5.86942211552361,1.00000001490116,12.));
#9000=CARTESIAN_POINT('',(5.86942211552361,1.00000001490116,12.));
#9001=CARTESIAN_POINT('',(5.86942211552361,1.00000001490116,12.));
#9002=CARTESIAN_POINT('',(5.86942211552361,1.00000001490116,12.));
#9003=CARTESIAN_POINT('',(5.86942211552361,1.00000001490116,12.));
#9004=CARTESIAN_POINT('',(5.86942211552361,1.00000001490116,12.));
#9005=CARTESIAN_POINT('',(5.86942211552361,1.00000001490116,12.));
#9006=CARTESIAN_POINT('',(5.86942211552361,1.00000001490116,12.));
#9007=CARTESIAN_POINT('',(5.86942211552361,1.00000001490116,12.));
#9008=CARTESIAN_POINT('',(5.86942211552361,1.00000001490116,12.));
#9009=CARTESIAN_POINT('',(5.86942211552361,1.00000001490116,12.));
#9010=CARTESIAN_POINT('',(5.86942211552361,1.00000001490116,12.));
#9011=CARTESIAN_POINT('Origin',(0.,0.,12.));
#9012=CARTESIAN_POINT('',(5.86942211552361,-1.00000001490116,12.));
#9013=CARTESIAN_POINT('Origin',(0.,0.,12.));
#9014=CARTESIAN_POINT('',(5.86942211552361,-1.00000001490116,12.));
#9015=CARTESIAN_POINT('Origin',(0.,0.,12.));
#9016=CARTESIAN_POINT('',(5.86942211552361,-1.00000001490116,12.));
#9017=CARTESIAN_POINT('Origin',(0.,0.,12.));
#9018=CARTESIAN_POINT('',(5.86942211552361,-1.00000001490116,12.));
#9019=CARTESIAN_POINT('Origin',(0.,0.,12.));
#9020=CARTESIAN_POINT('',(5.86942211552361,-1.00000001490116,12.));
#9021=CARTESIAN_POINT('Origin',(0.,0.,12.));
#9022=CARTESIAN_POINT('',(5.86942211552361,-1.00000001490116,12.));
#9023=CARTESIAN_POINT('Origin',(0.,0.,12.));
#9024=CARTESIAN_POINT('',(5.86942211552361,-1.00000001490116,12.));
#9025=CARTESIAN_POINT('Origin',(0.,0.,12.));
#9026=CARTESIAN_POINT('',(5.86942211552361,-1.00000001490116,12.));
#9027=CARTESIAN_POINT('Origin',(0.,0.,12.));
#9028=CARTESIAN_POINT('',(5.86942211552361,-1.00000001490116,12.));
#9029=CARTESIAN_POINT('Origin',(0.,0.,12.));
#9030=CARTESIAN_POINT('',(5.86942211552361,-1.00000001490116,12.));
#9031=CARTESIAN_POINT('Origin',(0.,0.,12.));
#9032=CARTESIAN_POINT('',(5.86942211552361,-1.00000001490116,12.));
#9033=CARTESIAN_POINT('Origin',(0.,0.,12.));
#9034=CARTESIAN_POINT('',(5.86942211552361,-1.00000001490116,12.));
#9035=CARTESIAN_POINT('Origin',(0.,0.,12.));
#9036=CARTESIAN_POINT('',(5.86942211552361,-1.00000001490116,12.));
#9037=CARTESIAN_POINT('Origin',(0.,0.,12.));
#9038=CARTESIAN_POINT('',(5.86942211552361,-1.00000001490116,12.));
#9039=CARTESIAN_POINT('Origin',(0.,0.,12.));
#9040=CARTESIAN_POINT('',(5.86942211552361,-1.00000001490116,12.));
#9041=CARTESIAN_POINT('Origin',(0.,0.,12.));
#9042=CARTESIAN_POINT('Origin',(5.00000007450581,-1.00000001490116,23.5));
#9043=CARTESIAN_POINT('',(5.00000007450581,-1.00000001490116,23.5));
#9044=CARTESIAN_POINT('',(5.00000007450581,-1.00000001490116,23.5));
#9045=CARTESIAN_POINT('',(4.20000007450581,-1.80000001490116,24.3));
#9046=CARTESIAN_POINT('',(5.33333341280619,-0.666666676600774,23.1666666616996));
#9047=CARTESIAN_POINT('',(4.87852436156219,-1.80000001490117,24.3));
#9048=CARTESIAN_POINT('',(5.91607978058086,-1.80000001490116,24.3));
#9049=CARTESIAN_POINT('Ctrl Pts',(5.86139914771437,-1.04600001490117,23.546));
#9050=CARTESIAN_POINT('Ctrl Pts',(5.43069961110972,-1.40664314224423,23.9066431273431));
#9051=CARTESIAN_POINT('Ctrl Pts',(5.00000007450512,-1.71428567231967,24.2142856574185));
#9052=CARTESIAN_POINT('Ctrl Pts',(4.93926221803373,-1.75766985606764,24.2576698411665));
#9053=CARTESIAN_POINT('Ctrl Pts',(4.87852436156166,-1.80000001490153,24.3000000000004));
#9054=CARTESIAN_POINT('Origin',(0.,0.,23.5));
#9055=CARTESIAN_POINT('Origin',(0.,0.,23.546));
#9056=CARTESIAN_POINT('Origin',(0.,0.,24.3));
#9057=CARTESIAN_POINT('Origin',(5.00000007450581,1.00000001490116,23.5));
#9058=CARTESIAN_POINT('',(5.00000007450581,1.00000001490116,23.5));
#9059=CARTESIAN_POINT('',(4.20000007450581,-1.00000001490116,24.3));
#9060=CARTESIAN_POINT('Origin',(5.00000007450581,-1.00000001490116,24.3));
#9061=CARTESIAN_POINT('Origin',(5.00000007450581,-1.00000001490116,12.));
#9062=CARTESIAN_POINT('',(5.00000007450581,-1.00000001490116,12.));
#9063=CARTESIAN_POINT('',(5.00000007450581,1.00000001490116,12.));
#9064=CARTESIAN_POINT('',(5.00000007450581,-1.00000001490116,12.));
#9065=CARTESIAN_POINT('Origin',(5.91607978058086,-1.00000001490116,12.));
#9066=CARTESIAN_POINT('',(5.00000007450581,-1.00000001490116,12.));
#9067=CARTESIAN_POINT('Origin',(0.,0.,12.));
#9068=CARTESIAN_POINT('Origin',(-0.0419601097095701,0.,12.));
#9069=CARTESIAN_POINT('Origin',(3.6,2.,0.));
#9070=CARTESIAN_POINT('',(3.6,2.,-4.1));
#9071=CARTESIAN_POINT('',(3.6,3.,-4.1));
#9072=CARTESIAN_POINT('Origin',(3.6,2.5,-4.1));
#9073=CARTESIAN_POINT('',(3.6,2.,0.));
#9074=CARTESIAN_POINT('',(3.6,2.,0.));
#9075=CARTESIAN_POINT('',(3.6,3.,0.));
#9076=CARTESIAN_POINT('',(3.6,3.,0.));
#9077=CARTESIAN_POINT('',(3.6,3.,0.));
#9078=CARTESIAN_POINT('Origin',(4.2,2.5,-4.1));
#9079=CARTESIAN_POINT('',(4.4,3.,-4.1));
#9080=CARTESIAN_POINT('',(3.8,3.,-4.1));
#9081=CARTESIAN_POINT('',(4.4,2.,-4.1));
#9082=CARTESIAN_POINT('Origin',(4.4,2.5,-4.1));
#9083=CARTESIAN_POINT('',(4.2,2.,-4.1));
#9084=CARTESIAN_POINT('Origin',(3.6,3.,0.));
#9085=CARTESIAN_POINT('',(4.4,3.,0.));
#9086=CARTESIAN_POINT('',(4.4,3.,0.));
#9087=CARTESIAN_POINT('',(4.4,3.,0.));
#9088=CARTESIAN_POINT('Origin',(4.4,2.,0.));
#9089=CARTESIAN_POINT('',(4.4,2.,0.));
#9090=CARTESIAN_POINT('',(4.4,2.,0.));
#9091=CARTESIAN_POINT('',(3.6,2.,0.));
#9092=CARTESIAN_POINT('Origin',(4.4,3.,0.));
#9093=CARTESIAN_POINT('',(4.4,2.,0.));
#9094=CARTESIAN_POINT('Origin',(4.,2.5,0.));
#9095=CARTESIAN_POINT('Origin',(-3.6,-2.,0.));
#9096=CARTESIAN_POINT('',(-3.6,-2.,-4.1));
#9097=CARTESIAN_POINT('',(-3.6,-3.,-4.1));
#9098=CARTESIAN_POINT('Origin',(-3.6,-2.5,-4.1));
#9099=CARTESIAN_POINT('',(-3.6,-2.,0.));
#9100=CARTESIAN_POINT('',(-3.6,-2.,0.));
#9101=CARTESIAN_POINT('',(-3.6,-3.,0.));
#9102=CARTESIAN_POINT('',(-3.6,-3.,0.));
#9103=CARTESIAN_POINT('',(-3.6,-3.,0.));
#9104=CARTESIAN_POINT('Origin',(-4.2,-2.5,-4.1));
#9105=CARTESIAN_POINT('',(-4.4,-3.,-4.1));
#9106=CARTESIAN_POINT('',(-3.8,-3.,-4.1));
#9107=CARTESIAN_POINT('',(-4.4,-2.,-4.1));
#9108=CARTESIAN_POINT('Origin',(-4.4,-2.5,-4.1));
#9109=CARTESIAN_POINT('',(-4.2,-2.,-4.1));
#9110=CARTESIAN_POINT('Origin',(-4.4,-2.,0.));
#9111=CARTESIAN_POINT('',(-4.4,-2.,0.));
#9112=CARTESIAN_POINT('',(-4.4,-2.,0.));
#9113=CARTESIAN_POINT('',(-3.6,-2.,0.));
#9114=CARTESIAN_POINT('Origin',(-4.4,-3.,0.));
#9115=CARTESIAN_POINT('',(-4.4,-3.,0.));
#9116=CARTESIAN_POINT('',(-4.4,-3.,0.));
#9117=CARTESIAN_POINT('',(-4.4,-2.,0.));
#9118=CARTESIAN_POINT('Origin',(-3.6,-3.,0.));
#9119=CARTESIAN_POINT('',(-4.4,-3.,0.));
#9120=CARTESIAN_POINT('Origin',(-4.,-2.5,0.));
#9121=CARTESIAN_POINT('Origin',(0.4,3.,0.));
#9122=CARTESIAN_POINT('',(0.4,3.,-4.1));
#9123=CARTESIAN_POINT('',(0.4,2.,-4.1));
#9124=CARTESIAN_POINT('Origin',(0.4,2.5,-4.1));
#9125=CARTESIAN_POINT('',(0.4,3.,0.));
#9126=CARTESIAN_POINT('',(0.4,3.,0.));
#9127=CARTESIAN_POINT('',(0.4,2.,0.));
#9128=CARTESIAN_POINT('',(0.4,2.,0.));
#9129=CARTESIAN_POINT('',(0.4,2.,0.));
#9130=CARTESIAN_POINT('Origin',(-0.2,2.5,-4.1));
#9131=CARTESIAN_POINT('',(-0.4,2.,-4.1));
#9132=CARTESIAN_POINT('',(0.2,2.,-4.1));
#9133=CARTESIAN_POINT('',(-0.4,3.,-4.1));
#9134=CARTESIAN_POINT('Origin',(-0.4,2.5,-4.1));
#9135=CARTESIAN_POINT('',(-0.2,3.,-4.1));
#9136=CARTESIAN_POINT('Origin',(-0.4,3.,0.));
#9137=CARTESIAN_POINT('',(-0.4,3.,0.));
#9138=CARTESIAN_POINT('',(-0.4,3.,0.));
#9139=CARTESIAN_POINT('',(0.4,3.,0.));
#9140=CARTESIAN_POINT('Origin',(-0.4,2.,0.));
#9141=CARTESIAN_POINT('',(-0.4,2.,0.));
#9142=CARTESIAN_POINT('',(-0.4,2.,0.));
#9143=CARTESIAN_POINT('',(-0.4,3.,0.));
#9144=CARTESIAN_POINT('Origin',(0.4,2.,0.));
#9145=CARTESIAN_POINT('',(-0.4,2.,0.));
#9146=CARTESIAN_POINT('Origin',(0.,2.5,0.));
#9147=CARTESIAN_POINT('Origin',(4.4,-2.,0.));
#9148=CARTESIAN_POINT('',(4.4,-2.,-4.1));
#9149=CARTESIAN_POINT('',(4.4,-3.,-4.1));
#9150=CARTESIAN_POINT('Origin',(4.4,-2.5,-4.1));
#9151=CARTESIAN_POINT('',(4.4,-2.,0.));
#9152=CARTESIAN_POINT('',(4.4,-2.,0.));
#9153=CARTESIAN_POINT('',(4.4,-3.,0.));
#9154=CARTESIAN_POINT('',(4.4,-3.,0.));
#9155=CARTESIAN_POINT('',(4.4,-3.,0.));
#9156=CARTESIAN_POINT('Origin',(3.8,-2.5,-4.1));
#9157=CARTESIAN_POINT('',(3.6,-3.,-4.1));
#9158=CARTESIAN_POINT('',(4.2,-3.,-4.1));
#9159=CARTESIAN_POINT('',(3.6,-2.,-4.1));
#9160=CARTESIAN_POINT('Origin',(3.6,-2.5,-4.1));
#9161=CARTESIAN_POINT('',(3.8,-2.,-4.1));
#9162=CARTESIAN_POINT('Origin',(3.6,-2.,0.));
#9163=CARTESIAN_POINT('',(3.6,-2.,0.));
#9164=CARTESIAN_POINT('',(3.6,-2.,0.));
#9165=CARTESIAN_POINT('',(4.4,-2.,0.));
#9166=CARTESIAN_POINT('Origin',(3.6,-3.,0.));
#9167=CARTESIAN_POINT('',(3.6,-3.,0.));
#9168=CARTESIAN_POINT('',(3.6,-3.,0.));
#9169=CARTESIAN_POINT('',(3.6,-2.,0.));
#9170=CARTESIAN_POINT('Origin',(4.4,-3.,0.));
#9171=CARTESIAN_POINT('',(3.6,-3.,0.));
#9172=CARTESIAN_POINT('Origin',(4.,-2.5,0.));
#9173=CARTESIAN_POINT('Origin',(-0.4,-3.,0.));
#9174=CARTESIAN_POINT('',(-0.4,-3.,-4.1));
#9175=CARTESIAN_POINT('',(-0.4,-2.,-4.1));
#9176=CARTESIAN_POINT('Origin',(-0.4,-2.5,-4.1));
#9177=CARTESIAN_POINT('',(-0.4,-3.,0.));
#9178=CARTESIAN_POINT('',(-0.4,-3.,0.));
#9179=CARTESIAN_POINT('',(-0.4,-2.,0.));
#9180=CARTESIAN_POINT('',(-0.4,-2.,0.));
#9181=CARTESIAN_POINT('',(-0.4,-2.,0.));
#9182=CARTESIAN_POINT('Origin',(0.2,-2.5,-4.1));
#9183=CARTESIAN_POINT('',(0.4,-2.,-4.1));
#9184=CARTESIAN_POINT('',(-0.2,-2.,-4.1));
#9185=CARTESIAN_POINT('',(0.4,-3.,-4.1));
#9186=CARTESIAN_POINT('Origin',(0.4,-2.5,-4.1));
#9187=CARTESIAN_POINT('',(0.2,-3.,-4.1));
#9188=CARTESIAN_POINT('Origin',(0.4,-2.,0.));
#9189=CARTESIAN_POINT('',(0.4,-2.,0.));
#9190=CARTESIAN_POINT('',(0.4,-2.,0.));
#9191=CARTESIAN_POINT('',(0.4,-3.,0.));
#9192=CARTESIAN_POINT('',(0.4,-3.,0.));
#9193=CARTESIAN_POINT('',(0.4,-3.,0.));
#9194=CARTESIAN_POINT('Origin',(-0.4,-2.,0.));
#9195=CARTESIAN_POINT('',(0.4,-2.,0.));
#9196=CARTESIAN_POINT('Origin',(0.4,-3.,0.));
#9197=CARTESIAN_POINT('',(-0.4,-3.,0.));
#9198=CARTESIAN_POINT('Origin',(0.,-2.5,0.));
#9199=CARTESIAN_POINT('Origin',(-3.6,3.,0.));
#9200=CARTESIAN_POINT('',(-3.6,3.,-4.1));
#9201=CARTESIAN_POINT('',(-3.6,2.,-4.1));
#9202=CARTESIAN_POINT('Origin',(-3.6,2.5,-4.1));
#9203=CARTESIAN_POINT('',(-3.6,3.,0.));
#9204=CARTESIAN_POINT('',(-3.6,3.,0.));
#9205=CARTESIAN_POINT('',(-3.6,2.,0.));
#9206=CARTESIAN_POINT('',(-3.6,2.,0.));
#9207=CARTESIAN_POINT('',(-3.6,2.,0.));
#9208=CARTESIAN_POINT('Origin',(-4.2,2.5,-4.1));
#9209=CARTESIAN_POINT('',(-4.4,2.,-4.1));
#9210=CARTESIAN_POINT('',(-3.8,2.,-4.1));
#9211=CARTESIAN_POINT('',(-4.4,3.,-4.1));
#9212=CARTESIAN_POINT('Origin',(-4.4,2.5,-4.1));
#9213=CARTESIAN_POINT('',(-4.2,3.,-4.1));
#9214=CARTESIAN_POINT('Origin',(-4.4,3.,0.));
#9215=CARTESIAN_POINT('',(-4.4,3.,0.));
#9216=CARTESIAN_POINT('',(-4.4,3.,0.));
#9217=CARTESIAN_POINT('',(-3.6,3.,0.));
#9218=CARTESIAN_POINT('Origin',(-4.4,2.,0.));
#9219=CARTESIAN_POINT('',(-4.4,2.,0.));
#9220=CARTESIAN_POINT('',(-4.4,2.,0.));
#9221=CARTESIAN_POINT('',(-4.4,3.,0.));
#9222=CARTESIAN_POINT('Origin',(-3.6,2.,0.));
#9223=CARTESIAN_POINT('',(-4.4,2.,0.));
#9224=CARTESIAN_POINT('Origin',(-4.,2.5,0.));
#9225=UNCERTAINTY_MEASURE_WITH_UNIT(LENGTH_MEASURE(0.01),#9229,
'DISTANCE_ACCURACY_VALUE',
'Maximum model space distance between geometric entities at asserted c
onnectivities');
#9226=UNCERTAINTY_MEASURE_WITH_UNIT(LENGTH_MEASURE(0.01),#9229,
'DISTANCE_ACCURACY_VALUE',
'Maximum model space distance between geometric entities at asserted c
onnectivities');
#9227=(
GEOMETRIC_REPRESENTATION_CONTEXT(3)
GLOBAL_UNCERTAINTY_ASSIGNED_CONTEXT((#9225))
GLOBAL_UNIT_ASSIGNED_CONTEXT((#9229,#9231,#9232))
REPRESENTATION_CONTEXT('','3D')
);
#9228=(
GEOMETRIC_REPRESENTATION_CONTEXT(3)
GLOBAL_UNCERTAINTY_ASSIGNED_CONTEXT((#9226))
GLOBAL_UNIT_ASSIGNED_CONTEXT((#9229,#9231,#9232))
REPRESENTATION_CONTEXT('','3D')
);
#9229=(
LENGTH_UNIT()
NAMED_UNIT(*)
SI_UNIT(.MILLI.,.METRE.)
);
#9230=(
LENGTH_UNIT()
NAMED_UNIT(*)
SI_UNIT($,.METRE.)
);
#9231=(
NAMED_UNIT(*)
PLANE_ANGLE_UNIT()
SI_UNIT($,.RADIAN.)
);
#9232=(
NAMED_UNIT(*)
SI_UNIT($,.STERADIAN.)
SOLID_ANGLE_UNIT()
);
#9233=SHAPE_DEFINITION_REPRESENTATION(#9234,#9235);
#9234=PRODUCT_DEFINITION_SHAPE('',$,#9237);
#9235=SHAPE_REPRESENTATION('',(#3168),#9227);
#9236=PRODUCT_DEFINITION_CONTEXT('part definition',#9241,'design');
#9237=PRODUCT_DEFINITION('2026-03-31-18-04-26-967',
'SW_Foot_Alpha_DPDT',#9238,#9236);
#9238=PRODUCT_DEFINITION_FORMATION('',$,#9243);
#9239=PRODUCT_RELATED_PRODUCT_CATEGORY('SW_Foot_Alpha_DPDT',
'SW_Foot_Alpha_DPDT',(#9243));
#9240=APPLICATION_PROTOCOL_DEFINITION('international standard',
'automotive_design',2009,#9241);
#9241=APPLICATION_CONTEXT(
'Core Data for Automotive Mechanical Design Process');
#9242=PRODUCT_CONTEXT('part definition',#9241,'mechanical');
#9243=PRODUCT('2026-03-31-18-04-26-967',
'SW_Foot_Alpha_DPDT',$,(#9242));
#9244=PRESENTATION_STYLE_ASSIGNMENT((#9248));
#9245=PRESENTATION_STYLE_ASSIGNMENT((#9249));
#9246=PRESENTATION_STYLE_ASSIGNMENT((#9250));
#9247=PRESENTATION_STYLE_ASSIGNMENT((#9251));
#9248=SURFACE_STYLE_USAGE(.BOTH.,#9252);
#9249=SURFACE_STYLE_USAGE(.BOTH.,#9253);
#9250=SURFACE_STYLE_USAGE(.BOTH.,#9254);
#9251=SURFACE_STYLE_USAGE(.BOTH.,#9255);
#9252=SURFACE_SIDE_STYLE('',(#9256));
#9253=SURFACE_SIDE_STYLE('',(#9257));
#9254=SURFACE_SIDE_STYLE('',(#9258));
#9255=SURFACE_SIDE_STYLE('',(#9259));
#9256=SURFACE_STYLE_FILL_AREA(#9260);
#9257=SURFACE_STYLE_FILL_AREA(#9261);
#9258=SURFACE_STYLE_FILL_AREA(#9262);
#9259=SURFACE_STYLE_FILL_AREA(#9263);
#9260=FILL_AREA_STYLE('\X2\92FC\X0\ - \X2\30B530C630F3\X0\',(#9264));
#9261=FILL_AREA_STYLE('ABS(\X2\767D\X0\)',(#9265));
#9262=FILL_AREA_STYLE('\X2\30CB30C330B130EB\X0\ - \X2\3064308451FA3057\X0\',
(#9266));
#9263=FILL_AREA_STYLE('\X2\9280\X0\ - \X2\3064308451FA3057\X0\',(#9267));
#9264=FILL_AREA_STYLE_COLOUR('\X2\92FC\X0\ - \X2\30B530C630F3\X0\',#9268);
#9265=FILL_AREA_STYLE_COLOUR('ABS(\X2\767D\X0\)',#9269);
#9266=FILL_AREA_STYLE_COLOUR('\X2\30CB30C330B130EB\X0\ - \X2\3064308451FA3057\X0\',
#9270);
#9267=FILL_AREA_STYLE_COLOUR('\X2\9280\X0\ - \X2\3064308451FA3057\X0\',
#9271);
#9268=COLOUR_RGB('\X2\92FC\X0\ - \X2\30B530C630F3\X0\',0.627450980392157,
0.627450980392157,0.627450980392157);
#9269=COLOUR_RGB('ABS(\X2\767D\X0\)',0.180392156862745,0.180392156862745,
0.180392156862745);
#9270=COLOUR_RGB('\X2\30CB30C330B130EB\X0\ - \X2\3064308451FA3057\X0\',
0.819607843137255,0.8,0.752941176470588);
#9271=COLOUR_RGB('\X2\9280\X0\ - \X2\3064308451FA3057\X0\',0.984313725490196,
0.980392156862745,0.96078431372549);
ENDSEC;
END-ISO-10303-21;
